customer_id,created_at,country_code,acquisition_channel,customer_segment
C000001,2023-01-01,DE,organic,consumer
C000002,2023-01-01,US,paid_search,small_business
C000003,2023-01-01,US,paid_social,consumer
C000004,2023-01-01,US,affiliate,small_business
C000005,2023-01-01,GB,organic,consumer
C000006,2023-01-01,US,paid_search,consumer
C000007,2023-01-01,CA,referral,consumer
C000008,2023-01-01,US,organic,consumer
C000009,2023-01-01,US,organic,consumer
C000010,2023-01-01,US,paid_search,consumer
C000011,2023-01-01,US,paid_social,consumer
C000012,2023-01-01,US,referral,consumer
C000013,2023-01-01,US,paid_social,small_business
C000014,2023-01-01,CA,paid_social,consumer
C000015,2023-01-01,US,organic,consumer
C000016,2023-01-01,US,paid_social,small_business
C000017,2023-01-01,US,paid_search,consumer
C000018,2023-01-01,CA,paid_search,small_business
C000019,2023-01-01,US,organic,consumer
C000020,2023-01-01,US,referral,consumer
C000021,2023-01-01,US,paid_search,consumer
C000022,2023-01-01,US,paid_social,small_business
C000023,2023-01-01,CA,paid_search,small_business
C000024,2023-01-01,US,paid_social,consumer
C000025,2023-01-01,US,organic,consumer
C000026,2023-01-01,US,paid_search,consumer
C000027,2023-01-01,US,referral,consumer
C000028,2023-01-01,US,organic,consumer
C000029,2023-01-01,US,organic,consumer
C000030,2023-01-01,US,paid_social,consumer
C000031,2023-01-01,US,organic,consumer
C000032,2023-01-01,AU,referral,consumer
C000033,2023-01-01,US,paid_social,consumer
C000034,2023-01-01,CA,referral,consumer
C000035,2023-01-01,US,organic,consumer
C000036,2023-01-01,GB,organic,small_business
C000037,2023-01-01,CA,paid_social,consumer
C000038,2023-01-01,DE,organic,consumer
C000039,2023-01-01,DE,paid_search,consumer
C000040,2023-01-01,DE,referral,consumer
C000041,2023-01-01,AU,affiliate,consumer
C000042,2023-01-01,US,affiliate,consumer
C000043,2023-01-01,US,organic,consumer
C000044,2023-01-01,GB,paid_social,consumer
C000045,2023-01-01,CA,affiliate,consumer
C000046,2023-01-01,CA,affiliate,consumer
C000047,2023-01-01,CA,paid_search,consumer
C000048,2023-01-01,US,organic,consumer
C000049,2023-01-01,AU,organic,consumer
C000050,2023-01-01,CA,paid_search,consumer
C000051,2023-01-01,DE,paid_social,consumer
C000052,2023-01-01,US,organic,consumer
C000053,2023-01-01,GB,organic,small_business
C000054,2023-01-01,GB,paid_search,enterprise
C000055,2023-01-01,CA,paid_social,consumer
C000056,2023-01-01,GB,paid_search,consumer
C000057,2023-01-01,GB,paid_search,consumer
C000058,2023-01-01,US,paid_search,small_business
C000059,2023-01-01,US,paid_search,small_business
C000060,2023-01-01,US,organic,consumer
C000061,2023-01-01,US,organic,enterprise
C000062,2023-01-01,US,paid_search,consumer
C000063,2023-01-01,AU,paid_search,small_business
C000064,2023-01-01,US,affiliate,enterprise
C000065,2023-01-01,AU,paid_social,consumer
C000066,2023-01-01,GB,referral,consumer
C000067,2023-01-01,US,organic,consumer
C000068,2023-01-01,US,referral,consumer
C000069,2023-01-01,US,organic,consumer
C000070,2023-01-01,US,paid_search,consumer
C000071,2023-01-01,DE,affiliate,consumer
C000072,2023-01-01,US,paid_search,consumer
C000073,2023-01-01,US,referral,consumer
C000074,2023-01-01,US,paid_search,consumer
C000075,2023-01-01,US,referral,consumer
C000076,2023-01-01,AU,organic,consumer
C000077,2023-01-01,GB,organic,consumer
C000078,2023-01-01,US,affiliate,consumer
C000079,2023-01-01,US,referral,consumer
C000080,2023-01-01,US,paid_social,consumer
C000081,2023-01-01,DE,paid_search,enterprise
C000082,2023-01-01,AU,paid_search,consumer
C000083,2023-01-01,US,referral,consumer
C000084,2023-01-01,CA,referral,consumer
C000085,2023-01-01,AU,affiliate,consumer
C000086,2023-01-01,US,paid_social,consumer
C000087,2023-01-01,DE,paid_search,consumer
C000088,2023-01-01,US,paid_social,small_business
C000089,2023-01-01,US,organic,consumer
C000090,2023-01-01,US,affiliate,consumer
C000091,2023-01-01,US,paid_social,consumer
C000092,2023-01-01,GB,paid_search,consumer
C000093,2023-01-01,GB,paid_social,consumer
C000094,2023-01-01,US,paid_search,consumer
C000095,2023-01-01,US,paid_search,consumer
C000096,2023-01-01,US,paid_search,consumer
C000097,2023-01-01,US,organic,small_business
C000098,2023-01-01,DE,affiliate,consumer
C000099,2023-01-01,CA,paid_search,consumer
C000100,2023-01-01,DE,paid_social,consumer
C000101,2023-01-01,US,organic,small_business
C000102,2023-01-01,US,affiliate,consumer
C000103,2023-01-01,GB,organic,consumer
C000104,2023-01-01,US,paid_search,consumer
C000105,2023-01-01,US,organic,consumer
C000106,2023-01-01,AU,paid_social,consumer
C000107,2023-01-01,US,paid_social,enterprise
C000108,2023-01-01,US,paid_search,consumer
C000109,2023-01-01,US,organic,consumer
C000110,2023-01-01,US,paid_social,consumer
C000111,2023-01-01,US,paid_search,consumer
C000112,2023-01-01,US,paid_social,consumer
C000113,2023-01-01,US,organic,consumer
C000114,2023-01-01,US,organic,consumer
C000115,2023-01-01,DE,organic,consumer
C000116,2023-01-01,US,organic,consumer
C000117,2023-01-01,US,organic,enterprise
C000118,2023-01-01,US,paid_search,consumer
C000119,2023-01-01,US,paid_social,consumer
C000120,2023-01-01,US,paid_search,consumer
C000121,2023-01-01,DE,paid_search,consumer
C000122,2023-01-01,GB,organic,consumer
C000123,2023-01-01,CA,paid_social,consumer
C000124,2023-01-01,AU,organic,consumer
C000125,2023-01-01,US,paid_search,consumer
C000126,2023-01-01,US,affiliate,consumer
C000127,2023-01-01,US,affiliate,consumer
C000128,2023-01-01,GB,paid_social,consumer
C000129,2023-01-01,US,organic,consumer
C000130,2023-01-01,US,referral,consumer
C000131,2023-01-01,CA,referral,small_business
C000132,2023-01-01,US,paid_social,consumer
C000133,2023-01-01,US,referral,consumer
C000134,2023-01-01,US,paid_search,consumer
C000135,2023-01-01,CA,paid_search,consumer
C000136,2023-01-01,CA,paid_social,small_business
C000137,2023-01-01,AU,referral,consumer
C000138,2023-01-01,AU,organic,consumer
C000139,2023-01-01,US,affiliate,small_business
C000140,2023-01-01,US,paid_social,consumer
C000141,2023-01-01,US,affiliate,consumer
C000142,2023-01-01,GB,paid_social,consumer
C000143,2023-01-01,US,paid_search,small_business
C000144,2023-01-01,US,paid_social,small_business
C000145,2023-01-01,US,organic,consumer
C000146,2023-01-01,US,organic,small_business
C000147,2023-01-01,CA,paid_search,small_business
C000148,2023-01-01,US,paid_social,small_business
C000149,2023-01-01,CA,affiliate,consumer
C000150,2023-01-01,CA,referral,consumer
C000151,2023-01-01,US,paid_search,consumer
C000152,2023-01-01,US,organic,small_business
C000153,2023-01-01,AU,paid_social,consumer
C000154,2023-01-01,US,organic,consumer
C000155,2023-01-01,US,organic,small_business
C000156,2023-01-01,CA,referral,consumer
C000157,2023-01-01,US,affiliate,consumer
C000158,2023-01-01,US,paid_social,consumer
C000159,2023-01-01,DE,affiliate,consumer
C000160,2023-01-01,US,referral,consumer
C000161,2023-01-01,US,paid_social,consumer
C000162,2023-01-01,AU,paid_social,consumer
C000163,2023-01-01,US,paid_search,consumer
C000164,2023-01-01,US,paid_search,consumer
C000165,2023-01-01,US,paid_search,consumer
C000166,2023-01-01,US,paid_search,consumer
C000167,2023-01-01,US,paid_social,consumer
C000168,2023-01-01,US,paid_search,consumer
C000169,2023-01-01,US,paid_social,consumer
C000170,2023-01-01,US,paid_search,small_business
C000171,2023-01-01,US,paid_social,small_business
C000172,2023-01-01,US,paid_social,small_business
C000173,2023-01-01,US,organic,consumer
C000174,2023-01-01,US,referral,consumer
C000175,2023-01-01,CA,organic,consumer
C000176,2023-01-01,US,referral,consumer
C000177,2023-01-01,US,affiliate,consumer
C000178,2023-01-01,GB,organic,enterprise
C000179,2023-01-01,US,paid_social,consumer
C000180,2023-01-01,US,paid_social,consumer
C000181,2023-01-01,GB,referral,small_business
C000182,2023-01-01,DE,organic,consumer
C000183,2023-01-01,GB,paid_social,consumer
C000184,2023-01-01,GB,paid_search,consumer
C000185,2023-01-01,US,organic,consumer
C000186,2023-01-01,US,paid_social,consumer
C000187,2023-01-01,CA,affiliate,consumer
C000188,2023-01-01,US,referral,consumer
C000189,2023-01-01,CA,organic,consumer
C000190,2023-01-01,US,organic,consumer
C000191,2023-01-01,US,affiliate,consumer
C000192,2023-01-01,US,organic,consumer
C000193,2023-01-01,AU,paid_social,enterprise
C000194,2023-01-01,CA,paid_social,consumer
C000195,2023-01-01,US,paid_social,consumer
C000196,2023-01-01,US,organic,consumer
C000197,2023-01-01,GB,paid_search,consumer
C000198,2023-01-01,US,paid_search,small_business
C000199,2023-01-01,AU,referral,consumer
C000200,2023-01-01,US,affiliate,consumer
C000201,2023-01-01,US,paid_social,consumer
C000202,2023-01-01,US,paid_social,consumer
C000203,2023-01-01,US,affiliate,consumer
C000204,2023-01-01,US,organic,consumer
C000205,2023-01-01,CA,paid_search,consumer
C000206,2023-01-01,GB,paid_social,consumer
C000207,2023-01-01,US,organic,consumer
C000208,2023-01-01,DE,paid_social,enterprise
C000209,2023-01-01,DE,paid_search,consumer
C000210,2023-01-01,CA,affiliate,consumer
C000211,2023-01-01,US,paid_search,consumer
C000212,2023-01-01,AU,referral,consumer
C000213,2023-01-01,CA,paid_social,consumer
C000214,2023-01-01,US,organic,small_business
C000215,2023-01-01,US,affiliate,consumer
C000216,2023-01-01,US,paid_social,consumer
C000217,2023-01-01,AU,paid_search,consumer
C000218,2023-01-01,US,affiliate,consumer
C000219,2023-01-01,US,paid_social,small_business
C000220,2023-01-01,AU,affiliate,consumer
C000221,2023-01-02,US,paid_search,consumer
C000222,2023-01-02,US,organic,consumer
C000223,2023-01-02,AU,referral,consumer
C000224,2023-01-02,DE,organic,consumer
C000225,2023-01-02,US,organic,consumer
C000226,2023-01-02,US,organic,consumer
C000227,2023-01-02,US,organic,consumer
C000228,2023-01-02,DE,paid_search,consumer
C000229,2023-01-02,US,paid_social,consumer
C000230,2023-01-02,US,paid_search,consumer
C000231,2023-01-02,US,paid_search,consumer
C000232,2023-01-02,GB,paid_social,consumer
C000233,2023-01-02,CA,paid_social,small_business
C000234,2023-01-02,US,paid_search,enterprise
C000235,2023-01-02,US,affiliate,consumer
C000236,2023-01-02,US,organic,consumer
C000237,2023-01-02,US,paid_search,consumer
C000238,2023-01-02,US,organic,consumer
C000239,2023-01-02,US,affiliate,consumer
C000240,2023-01-02,AU,referral,consumer
C000241,2023-01-02,US,organic,consumer
C000242,2023-01-02,US,paid_search,consumer
C000243,2023-01-02,US,organic,consumer
C000244,2023-01-02,GB,paid_social,consumer
C000245,2023-01-02,US,paid_search,small_business
C000246,2023-01-02,GB,organic,consumer
C000247,2023-01-02,GB,affiliate,consumer
C000248,2023-01-02,CA,paid_search,small_business
C000249,2023-01-02,US,paid_search,consumer
C000250,2023-01-02,US,paid_search,consumer
C000251,2023-01-02,US,referral,small_business
C000252,2023-01-02,US,organic,consumer
C000253,2023-01-02,US,affiliate,consumer
C000254,2023-01-02,US,organic,small_business
C000255,2023-01-02,US,paid_search,small_business
C000256,2023-01-02,DE,paid_search,consumer
C000257,2023-01-02,CA,paid_search,consumer
C000258,2023-01-02,US,organic,consumer
C000259,2023-01-02,AU,paid_search,consumer
C000260,2023-01-02,CA,paid_search,consumer
C000261,2023-01-02,US,referral,small_business
C000262,2023-01-02,US,organic,small_business
C000263,2023-01-02,CA,organic,small_business
C000264,2023-01-02,CA,paid_search,consumer
C000265,2023-01-02,GB,paid_social,consumer
C000266,2023-01-02,CA,organic,consumer
C000267,2023-01-02,US,paid_search,consumer
C000268,2023-01-02,US,paid_search,consumer
C000269,2023-01-02,DE,paid_search,consumer
C000270,2023-01-02,US,organic,consumer
C000271,2023-01-02,US,paid_social,consumer
C000272,2023-01-02,US,paid_search,consumer
C000273,2023-01-02,DE,organic,consumer
C000274,2023-01-02,DE,referral,consumer
C000275,2023-01-02,GB,referral,consumer
C000276,2023-01-02,US,paid_social,consumer
C000277,2023-01-02,US,paid_search,small_business
C000278,2023-01-02,US,organic,small_business
C000279,2023-01-02,US,organic,consumer
C000280,2023-01-02,US,organic,consumer
C000281,2023-01-02,US,paid_search,consumer
C000282,2023-01-02,US,paid_social,small_business
C000283,2023-01-02,CA,organic,small_business
C000284,2023-01-02,US,organic,consumer
C000285,2023-01-02,US,paid_social,consumer
C000286,2023-01-02,US,organic,consumer
C000287,2023-01-02,AU,paid_search,consumer
C000288,2023-01-02,US,referral,consumer
C000289,2023-01-02,CA,referral,consumer
C000290,2023-01-02,CA,organic,small_business
C000291,2023-01-02,US,organic,consumer
C000292,2023-01-02,AU,paid_social,consumer
C000293,2023-01-02,AU,affiliate,consumer
C000294,2023-01-02,CA,referral,consumer
C000295,2023-01-02,AU,organic,consumer
C000296,2023-01-02,US,paid_search,consumer
C000297,2023-01-02,GB,organic,consumer
C000298,2023-01-02,AU,paid_search,consumer
C000299,2023-01-02,US,referral,consumer
C000300,2023-01-02,US,paid_search,consumer
C000301,2023-01-02,US,organic,consumer
C000302,2023-01-02,CA,organic,consumer
C000303,2023-01-02,US,paid_search,small_business
C000304,2023-01-02,US,paid_search,consumer
C000305,2023-01-02,CA,organic,consumer
C000306,2023-01-02,US,paid_social,small_business
C000307,2023-01-02,CA,organic,consumer
C000308,2023-01-02,US,paid_search,consumer
C000309,2023-01-02,US,paid_search,consumer
C000310,2023-01-02,DE,referral,consumer
C000311,2023-01-02,US,paid_search,consumer
C000312,2023-01-02,US,paid_social,small_business
C000313,2023-01-02,AU,organic,consumer
C000314,2023-01-02,US,referral,consumer
C000315,2023-01-02,CA,paid_search,consumer
C000316,2023-01-02,US,affiliate,small_business
C000317,2023-01-02,US,organic,consumer
C000318,2023-01-02,US,organic,consumer
C000319,2023-01-02,US,paid_search,consumer
C000320,2023-01-02,GB,organic,consumer
C000321,2023-01-02,AU,organic,consumer
C000322,2023-01-02,US,paid_social,consumer
C000323,2023-01-02,US,paid_search,enterprise
C000324,2023-01-02,GB,paid_social,consumer
C000325,2023-01-02,CA,organic,consumer
C000326,2023-01-02,US,paid_search,consumer
C000327,2023-01-02,US,paid_search,consumer
C000328,2023-01-02,US,paid_search,consumer
C000329,2023-01-02,US,organic,consumer
C000330,2023-01-02,US,organic,consumer
C000331,2023-01-02,US,affiliate,consumer
C000332,2023-01-02,AU,referral,consumer
C000333,2023-01-02,US,paid_search,consumer
C000334,2023-01-02,US,referral,consumer
C000335,2023-01-02,CA,affiliate,consumer
C000336,2023-01-02,AU,paid_social,small_business
C000337,2023-01-02,US,organic,consumer
C000338,2023-01-02,GB,paid_search,consumer
C000339,2023-01-02,GB,referral,consumer
C000340,2023-01-02,GB,organic,consumer
C000341,2023-01-02,US,organic,consumer
C000342,2023-01-02,AU,paid_search,consumer
C000343,2023-01-02,US,paid_search,small_business
C000344,2023-01-02,US,paid_social,consumer
C000345,2023-01-02,US,paid_social,enterprise
C000346,2023-01-02,US,paid_search,consumer
C000347,2023-01-02,CA,paid_search,consumer
C000348,2023-01-02,US,organic,consumer
C000349,2023-01-02,AU,organic,consumer
C000350,2023-01-02,US,paid_social,consumer
C000351,2023-01-02,US,organic,consumer
C000352,2023-01-02,GB,affiliate,consumer
C000353,2023-01-02,US,affiliate,consumer
C000354,2023-01-02,US,affiliate,consumer
C000355,2023-01-02,DE,paid_search,consumer
C000356,2023-01-02,US,referral,consumer
C000357,2023-01-02,US,paid_search,consumer
C000358,2023-01-02,US,paid_social,consumer
C000359,2023-01-02,US,organic,consumer
C000360,2023-01-02,US,affiliate,small_business
C000361,2023-01-02,US,organic,small_business
C000362,2023-01-02,DE,referral,enterprise
C000363,2023-01-02,GB,organic,consumer
C000364,2023-01-02,US,organic,consumer
C000365,2023-01-02,US,organic,consumer
C000366,2023-01-02,AU,paid_search,enterprise
C000367,2023-01-02,US,referral,small_business
C000368,2023-01-02,CA,paid_search,small_business
C000369,2023-01-02,US,paid_search,consumer
C000370,2023-01-02,US,paid_social,small_business
C000371,2023-01-02,GB,paid_search,consumer
C000372,2023-01-02,CA,paid_social,consumer
C000373,2023-01-02,US,paid_search,consumer
C000374,2023-01-02,AU,organic,consumer
C000375,2023-01-02,US,organic,consumer
C000376,2023-01-02,GB,organic,consumer
C000377,2023-01-02,US,paid_search,small_business
C000378,2023-01-02,GB,affiliate,consumer
C000379,2023-01-02,US,referral,consumer
C000380,2023-01-02,US,organic,consumer
C000381,2023-01-02,US,organic,consumer
C000382,2023-01-02,AU,affiliate,small_business
C000383,2023-01-02,CA,paid_search,small_business
C000384,2023-01-02,US,organic,consumer
C000385,2023-01-02,US,referral,consumer
C000386,2023-01-02,AU,organic,small_business
C000387,2023-01-02,CA,organic,consumer
C000388,2023-01-02,US,organic,consumer
C000389,2023-01-02,US,organic,consumer
C000390,2023-01-02,US,paid_search,consumer
C000391,2023-01-02,GB,paid_social,consumer
C000392,2023-01-02,DE,referral,small_business
C000393,2023-01-02,US,paid_search,consumer
C000394,2023-01-02,US,referral,small_business
C000395,2023-01-02,US,organic,consumer
C000396,2023-01-02,US,organic,consumer
C000397,2023-01-02,US,paid_social,consumer
C000398,2023-01-02,GB,referral,consumer
C000399,2023-01-02,US,referral,consumer
C000400,2023-01-02,US,affiliate,consumer
C000401,2023-01-02,US,paid_search,consumer
C000402,2023-01-02,DE,organic,consumer
C000403,2023-01-02,US,paid_search,small_business
C000404,2023-01-02,US,affiliate,consumer
C000405,2023-01-02,US,referral,consumer
C000406,2023-01-02,CA,paid_social,small_business
C000407,2023-01-02,US,organic,small_business
C000408,2023-01-02,US,paid_social,consumer
C000409,2023-01-02,US,organic,consumer
C000410,2023-01-02,US,affiliate,consumer
C000411,2023-01-02,US,referral,small_business
C000412,2023-01-02,AU,organic,consumer
C000413,2023-01-02,US,paid_social,consumer
C000414,2023-01-02,GB,paid_search,consumer
C000415,2023-01-02,CA,paid_social,small_business
C000416,2023-01-02,US,affiliate,enterprise
C000417,2023-01-02,US,referral,consumer
C000418,2023-01-02,GB,paid_search,consumer
C000419,2023-01-02,AU,paid_social,consumer
C000420,2023-01-02,US,organic,consumer
C000421,2023-01-02,US,organic,consumer
C000422,2023-01-02,US,paid_search,consumer
C000423,2023-01-02,DE,affiliate,consumer
C000424,2023-01-02,US,paid_search,consumer
C000425,2023-01-02,GB,organic,consumer
C000426,2023-01-02,AU,paid_social,consumer
C000427,2023-01-02,GB,paid_social,consumer
C000428,2023-01-02,US,affiliate,consumer
C000429,2023-01-02,DE,paid_search,consumer
C000430,2023-01-02,CA,paid_search,consumer
C000431,2023-01-02,US,affiliate,consumer
C000432,2023-01-02,US,paid_social,consumer
C000433,2023-01-02,US,organic,consumer
C000434,2023-01-02,US,paid_search,consumer
C000435,2023-01-02,US,affiliate,consumer
C000436,2023-01-02,AU,organic,consumer
C000437,2023-01-02,US,paid_search,consumer
C000438,2023-01-02,US,referral,consumer
C000439,2023-01-02,US,organic,consumer
C000440,2023-01-02,US,paid_search,consumer
C000441,2023-01-03,CA,paid_social,consumer
C000442,2023-01-03,GB,affiliate,consumer
C000443,2023-01-03,GB,paid_search,consumer
C000444,2023-01-03,US,organic,enterprise
C000445,2023-01-03,US,paid_search,consumer
C000446,2023-01-03,US,organic,consumer
C000447,2023-01-03,AU,paid_search,consumer
C000448,2023-01-03,DE,referral,consumer
C000449,2023-01-03,US,organic,consumer
C000450,2023-01-03,US,paid_search,consumer
C000451,2023-01-03,CA,paid_search,consumer
C000452,2023-01-03,US,organic,consumer
C000453,2023-01-03,GB,organic,consumer
C000454,2023-01-03,DE,affiliate,consumer
C000455,2023-01-03,CA,organic,small_business
C000456,2023-01-03,US,paid_social,consumer
C000457,2023-01-03,US,referral,consumer
C000458,2023-01-03,CA,referral,small_business
C000459,2023-01-03,AU,organic,consumer
C000460,2023-01-03,AU,organic,consumer
C000461,2023-01-03,AU,paid_search,consumer
C000462,2023-01-03,US,organic,consumer
C000463,2023-01-03,DE,paid_search,consumer
C000464,2023-01-03,US,organic,consumer
C000465,2023-01-03,US,paid_social,consumer
C000466,2023-01-03,CA,paid_search,consumer
C000467,2023-01-03,CA,organic,consumer
C000468,2023-01-03,US,referral,consumer
C000469,2023-01-03,AU,organic,small_business
C000470,2023-01-03,US,paid_social,consumer
C000471,2023-01-03,AU,organic,consumer
C000472,2023-01-03,CA,paid_search,small_business
C000473,2023-01-03,US,organic,consumer
C000474,2023-01-03,US,paid_search,consumer
C000475,2023-01-03,US,organic,small_business
C000476,2023-01-03,DE,referral,consumer
C000477,2023-01-03,US,paid_search,consumer
C000478,2023-01-03,US,paid_social,consumer
C000479,2023-01-03,US,paid_social,consumer
C000480,2023-01-03,US,organic,consumer
C000481,2023-01-03,CA,referral,enterprise
C000482,2023-01-03,US,paid_social,consumer
C000483,2023-01-03,US,paid_social,small_business
C000484,2023-01-03,US,referral,consumer
C000485,2023-01-03,US,affiliate,consumer
C000486,2023-01-03,GB,paid_social,small_business
C000487,2023-01-03,US,organic,enterprise
C000488,2023-01-03,US,organic,consumer
C000489,2023-01-03,US,organic,consumer
C000490,2023-01-03,US,organic,small_business
C000491,2023-01-03,CA,paid_search,consumer
C000492,2023-01-03,GB,referral,consumer
C000493,2023-01-03,DE,organic,consumer
C000494,2023-01-03,GB,paid_social,consumer
C000495,2023-01-03,US,paid_search,consumer
C000496,2023-01-03,AU,paid_search,consumer
C000497,2023-01-03,US,paid_search,consumer
C000498,2023-01-03,US,paid_social,consumer
C000499,2023-01-03,US,organic,consumer
C000500,2023-01-03,AU,paid_social,consumer
C000501,2023-01-03,US,organic,consumer
C000502,2023-01-03,US,organic,consumer
C000503,2023-01-03,US,organic,consumer
C000504,2023-01-03,US,paid_search,consumer
C000505,2023-01-03,US,paid_search,small_business
C000506,2023-01-03,AU,paid_search,small_business
C000507,2023-01-03,US,paid_social,consumer
C000508,2023-01-03,US,affiliate,consumer
C000509,2023-01-03,CA,paid_search,consumer
C000510,2023-01-03,US,organic,consumer
C000511,2023-01-03,US,organic,consumer
C000512,2023-01-03,US,organic,small_business
C000513,2023-01-03,US,paid_search,consumer
C000514,2023-01-03,US,paid_social,consumer
C000515,2023-01-03,AU,affiliate,consumer
C000516,2023-01-03,DE,referral,consumer
C000517,2023-01-03,GB,paid_search,consumer
C000518,2023-01-03,US,paid_social,consumer
C000519,2023-01-03,US,organic,consumer
C000520,2023-01-03,US,paid_search,consumer
C000521,2023-01-03,US,paid_search,consumer
C000522,2023-01-03,DE,paid_social,consumer
C000523,2023-01-03,US,organic,small_business
C000524,2023-01-03,US,referral,consumer
C000525,2023-01-03,US,paid_search,consumer
C000526,2023-01-03,US,referral,consumer
C000527,2023-01-03,US,affiliate,consumer
C000528,2023-01-03,US,paid_search,consumer
C000529,2023-01-03,CA,affiliate,consumer
C000530,2023-01-03,US,paid_search,consumer
C000531,2023-01-03,US,referral,consumer
C000532,2023-01-03,US,referral,consumer
C000533,2023-01-03,US,referral,consumer
C000534,2023-01-03,US,organic,consumer
C000535,2023-01-03,GB,affiliate,consumer
C000536,2023-01-03,CA,organic,consumer
C000537,2023-01-03,DE,organic,enterprise
C000538,2023-01-03,US,organic,consumer
C000539,2023-01-03,CA,paid_social,consumer
C000540,2023-01-03,CA,referral,consumer
C000541,2023-01-03,US,paid_social,consumer
C000542,2023-01-03,GB,paid_social,consumer
C000543,2023-01-03,US,paid_social,consumer
C000544,2023-01-03,US,affiliate,small_business
C000545,2023-01-03,AU,organic,consumer
C000546,2023-01-03,US,paid_social,consumer
C000547,2023-01-03,GB,organic,consumer
C000548,2023-01-03,CA,referral,consumer
C000549,2023-01-03,US,organic,consumer
C000550,2023-01-03,CA,paid_social,consumer
C000551,2023-01-03,GB,organic,small_business
C000552,2023-01-03,US,paid_social,enterprise
C000553,2023-01-03,US,paid_search,consumer
C000554,2023-01-03,US,paid_search,consumer
C000555,2023-01-03,AU,affiliate,consumer
C000556,2023-01-03,US,paid_search,consumer
C000557,2023-01-03,US,paid_social,consumer
C000558,2023-01-03,GB,organic,consumer
C000559,2023-01-03,US,organic,small_business
C000560,2023-01-03,US,organic,consumer
C000561,2023-01-03,US,paid_social,consumer
C000562,2023-01-03,DE,organic,consumer
C000563,2023-01-03,US,affiliate,consumer
C000564,2023-01-03,US,organic,consumer
C000565,2023-01-03,US,referral,consumer
C000566,2023-01-03,AU,organic,consumer
C000567,2023-01-03,GB,paid_search,consumer
C000568,2023-01-03,US,referral,consumer
C000569,2023-01-03,US,paid_social,consumer
C000570,2023-01-03,US,paid_social,small_business
C000571,2023-01-03,AU,referral,small_business
C000572,2023-01-03,US,affiliate,small_business
C000573,2023-01-03,CA,organic,small_business
C000574,2023-01-03,US,organic,small_business
C000575,2023-01-03,GB,organic,consumer
C000576,2023-01-03,US,organic,consumer
C000577,2023-01-03,US,organic,consumer
C000578,2023-01-03,US,organic,consumer
C000579,2023-01-03,US,referral,enterprise
C000580,2023-01-03,GB,paid_social,consumer
C000581,2023-01-03,US,organic,consumer
C000582,2023-01-03,US,paid_social,consumer
C000583,2023-01-03,US,paid_social,consumer
C000584,2023-01-03,US,referral,small_business
C000585,2023-01-03,US,organic,consumer
C000586,2023-01-03,US,organic,consumer
C000587,2023-01-03,US,organic,small_business
C000588,2023-01-03,GB,organic,small_business
C000589,2023-01-03,AU,organic,consumer
C000590,2023-01-03,US,organic,consumer
C000591,2023-01-03,US,paid_search,consumer
C000592,2023-01-03,US,affiliate,consumer
C000593,2023-01-03,GB,organic,consumer
C000594,2023-01-03,CA,paid_social,consumer
C000595,2023-01-03,US,paid_search,consumer
C000596,2023-01-03,US,affiliate,consumer
C000597,2023-01-03,US,paid_social,enterprise
C000598,2023-01-03,US,referral,consumer
C000599,2023-01-03,US,organic,consumer
C000600,2023-01-03,US,organic,consumer
C000601,2023-01-03,US,referral,consumer
C000602,2023-01-03,US,paid_search,small_business
C000603,2023-01-03,US,referral,consumer
C000604,2023-01-03,AU,organic,consumer
C000605,2023-01-03,US,paid_search,consumer
C000606,2023-01-03,US,paid_search,consumer
C000607,2023-01-03,US,paid_search,consumer
C000608,2023-01-03,US,paid_social,consumer
C000609,2023-01-03,US,paid_search,small_business
C000610,2023-01-03,US,paid_social,small_business
C000611,2023-01-03,US,paid_search,enterprise
C000612,2023-01-03,AU,organic,consumer
C000613,2023-01-03,DE,organic,consumer
C000614,2023-01-03,US,organic,consumer
C000615,2023-01-03,US,referral,consumer
C000616,2023-01-03,US,referral,consumer
C000617,2023-01-03,US,paid_search,consumer
C000618,2023-01-03,US,referral,consumer
C000619,2023-01-03,GB,affiliate,consumer
C000620,2023-01-03,US,referral,consumer
C000621,2023-01-03,US,paid_social,consumer
C000622,2023-01-03,US,paid_search,consumer
C000623,2023-01-03,US,organic,consumer
C000624,2023-01-03,CA,organic,consumer
C000625,2023-01-03,US,referral,consumer
C000626,2023-01-03,US,organic,consumer
C000627,2023-01-03,US,organic,consumer
C000628,2023-01-03,DE,paid_social,consumer
C000629,2023-01-03,GB,organic,consumer
C000630,2023-01-03,US,organic,consumer
C000631,2023-01-03,US,organic,consumer
C000632,2023-01-03,US,referral,consumer
C000633,2023-01-03,US,organic,consumer
C000634,2023-01-03,US,affiliate,enterprise
C000635,2023-01-03,CA,referral,consumer
C000636,2023-01-03,US,paid_social,enterprise
C000637,2023-01-03,US,paid_search,small_business
C000638,2023-01-03,GB,paid_social,consumer
C000639,2023-01-03,US,affiliate,consumer
C000640,2023-01-03,US,organic,consumer
C000641,2023-01-03,US,paid_search,small_business
C000642,2023-01-03,US,referral,consumer
C000643,2023-01-03,US,paid_social,consumer
C000644,2023-01-03,US,paid_search,consumer
C000645,2023-01-03,AU,paid_search,enterprise
C000646,2023-01-03,US,paid_social,consumer
C000647,2023-01-03,US,paid_social,consumer
C000648,2023-01-03,US,paid_search,consumer
C000649,2023-01-03,US,referral,consumer
C000650,2023-01-03,US,organic,consumer
C000651,2023-01-03,GB,organic,consumer
C000652,2023-01-03,US,organic,consumer
C000653,2023-01-03,GB,organic,consumer
C000654,2023-01-03,DE,organic,consumer
C000655,2023-01-03,US,organic,small_business
C000656,2023-01-03,US,organic,consumer
C000657,2023-01-03,US,affiliate,consumer
C000658,2023-01-03,CA,paid_search,consumer
C000659,2023-01-03,US,referral,consumer
C000660,2023-01-03,US,referral,consumer
C000661,2023-01-04,US,referral,consumer
C000662,2023-01-04,US,referral,consumer
C000663,2023-01-04,US,organic,consumer
C000664,2023-01-04,US,organic,consumer
C000665,2023-01-04,DE,organic,consumer
C000666,2023-01-04,GB,organic,consumer
C000667,2023-01-04,US,paid_search,consumer
C000668,2023-01-04,US,organic,consumer
C000669,2023-01-04,AU,organic,consumer
C000670,2023-01-04,US,organic,consumer
C000671,2023-01-04,AU,affiliate,small_business
C000672,2023-01-04,US,paid_social,consumer
C000673,2023-01-04,AU,organic,consumer
C000674,2023-01-04,US,paid_social,consumer
C000675,2023-01-04,GB,referral,consumer
C000676,2023-01-04,US,paid_social,consumer
C000677,2023-01-04,US,organic,consumer
C000678,2023-01-04,GB,paid_search,consumer
C000679,2023-01-04,GB,paid_search,consumer
C000680,2023-01-04,US,paid_search,consumer
C000681,2023-01-04,AU,paid_social,consumer
C000682,2023-01-04,US,paid_search,consumer
C000683,2023-01-04,GB,organic,consumer
C000684,2023-01-04,US,referral,consumer
C000685,2023-01-04,US,organic,consumer
C000686,2023-01-04,US,referral,small_business
C000687,2023-01-04,CA,paid_search,consumer
C000688,2023-01-04,US,organic,consumer
C000689,2023-01-04,DE,paid_search,consumer
C000690,2023-01-04,US,organic,consumer
C000691,2023-01-04,US,paid_search,consumer
C000692,2023-01-04,US,paid_social,consumer
C000693,2023-01-04,US,referral,consumer
C000694,2023-01-04,DE,organic,small_business
C000695,2023-01-04,GB,paid_search,consumer
C000696,2023-01-04,GB,paid_social,consumer
C000697,2023-01-04,US,affiliate,consumer
C000698,2023-01-04,US,organic,consumer
C000699,2023-01-04,US,paid_search,small_business
C000700,2023-01-04,US,paid_social,consumer
C000701,2023-01-04,US,paid_search,consumer
C000702,2023-01-04,US,paid_search,consumer
C000703,2023-01-04,US,paid_search,consumer
C000704,2023-01-04,US,organic,consumer
C000705,2023-01-04,US,paid_social,consumer
C000706,2023-01-04,US,paid_search,consumer
C000707,2023-01-04,US,paid_search,consumer
C000708,2023-01-04,US,affiliate,consumer
C000709,2023-01-04,US,referral,consumer
C000710,2023-01-04,CA,paid_social,small_business
C000711,2023-01-04,GB,paid_search,consumer
C000712,2023-01-04,US,referral,consumer
C000713,2023-01-04,US,affiliate,consumer
C000714,2023-01-04,US,organic,consumer
C000715,2023-01-04,US,paid_social,small_business
C000716,2023-01-04,US,paid_search,consumer
C000717,2023-01-04,US,paid_social,consumer
C000718,2023-01-04,US,affiliate,consumer
C000719,2023-01-04,US,referral,consumer
C000720,2023-01-04,DE,paid_social,consumer
C000721,2023-01-04,US,organic,consumer
C000722,2023-01-04,DE,paid_social,consumer
C000723,2023-01-04,US,paid_search,small_business
C000724,2023-01-04,CA,organic,consumer
C000725,2023-01-04,DE,referral,consumer
C000726,2023-01-04,GB,organic,consumer
C000727,2023-01-04,US,organic,consumer
C000728,2023-01-04,DE,paid_search,consumer
C000729,2023-01-04,US,organic,consumer
C000730,2023-01-04,GB,organic,consumer
C000731,2023-01-04,US,affiliate,small_business
C000732,2023-01-04,US,paid_search,consumer
C000733,2023-01-04,US,referral,consumer
C000734,2023-01-04,CA,referral,enterprise
C000735,2023-01-04,US,paid_search,consumer
C000736,2023-01-04,US,organic,consumer
C000737,2023-01-04,US,organic,consumer
C000738,2023-01-04,GB,organic,small_business
C000739,2023-01-04,DE,paid_search,consumer
C000740,2023-01-04,CA,paid_social,consumer
C000741,2023-01-04,US,paid_search,consumer
C000742,2023-01-04,US,referral,consumer
C000743,2023-01-04,US,organic,consumer
C000744,2023-01-04,US,paid_social,consumer
C000745,2023-01-04,GB,organic,consumer
C000746,2023-01-04,US,paid_search,consumer
C000747,2023-01-04,US,paid_social,consumer
C000748,2023-01-04,US,organic,consumer
C000749,2023-01-04,US,referral,consumer
C000750,2023-01-04,US,paid_search,consumer
C000751,2023-01-04,AU,paid_social,consumer
C000752,2023-01-04,US,referral,consumer
C000753,2023-01-04,CA,paid_search,small_business
C000754,2023-01-04,US,organic,consumer
C000755,2023-01-04,US,organic,consumer
C000756,2023-01-04,US,paid_social,consumer
C000757,2023-01-04,CA,paid_search,consumer
C000758,2023-01-04,US,organic,small_business
C000759,2023-01-04,CA,organic,consumer
C000760,2023-01-04,CA,organic,consumer
C000761,2023-01-04,US,paid_search,small_business
C000762,2023-01-04,CA,referral,small_business
C000763,2023-01-04,CA,paid_search,consumer
C000764,2023-01-04,GB,organic,consumer
C000765,2023-01-04,US,referral,consumer
C000766,2023-01-04,US,organic,consumer
C000767,2023-01-04,GB,organic,enterprise
C000768,2023-01-04,US,organic,consumer
C000769,2023-01-04,US,paid_social,consumer
C000770,2023-01-04,US,paid_search,small_business
C000771,2023-01-04,GB,paid_social,consumer
C000772,2023-01-04,GB,paid_search,consumer
C000773,2023-01-04,DE,paid_search,consumer
C000774,2023-01-04,US,paid_search,consumer
C000775,2023-01-04,US,paid_search,consumer
C000776,2023-01-04,US,organic,consumer
C000777,2023-01-04,US,paid_social,small_business
C000778,2023-01-04,US,organic,consumer
C000779,2023-01-04,AU,paid_social,small_business
C000780,2023-01-04,CA,paid_search,consumer
C000781,2023-01-04,US,affiliate,small_business
C000782,2023-01-04,US,affiliate,consumer
C000783,2023-01-04,US,referral,consumer
C000784,2023-01-04,US,organic,consumer
C000785,2023-01-04,GB,paid_search,consumer
C000786,2023-01-04,CA,organic,small_business
C000787,2023-01-04,GB,organic,consumer
C000788,2023-01-04,US,organic,small_business
C000789,2023-01-04,US,paid_search,consumer
C000790,2023-01-04,US,referral,consumer
C000791,2023-01-04,US,organic,consumer
C000792,2023-01-04,CA,organic,consumer
C000793,2023-01-04,DE,affiliate,small_business
C000794,2023-01-04,DE,organic,consumer
C000795,2023-01-04,US,paid_social,consumer
C000796,2023-01-04,US,paid_social,consumer
C000797,2023-01-04,US,paid_search,small_business
C000798,2023-01-04,GB,paid_social,small_business
C000799,2023-01-04,US,paid_search,consumer
C000800,2023-01-04,DE,paid_search,consumer
C000801,2023-01-04,AU,referral,consumer
C000802,2023-01-04,US,paid_search,consumer
C000803,2023-01-04,US,paid_search,enterprise
C000804,2023-01-04,DE,organic,consumer
C000805,2023-01-04,US,paid_search,consumer
C000806,2023-01-04,GB,affiliate,small_business
C000807,2023-01-04,GB,paid_search,small_business
C000808,2023-01-04,US,paid_social,consumer
C000809,2023-01-04,AU,organic,enterprise
C000810,2023-01-04,DE,paid_social,consumer
C000811,2023-01-04,US,referral,consumer
C000812,2023-01-04,GB,paid_search,consumer
C000813,2023-01-04,GB,paid_social,consumer
C000814,2023-01-04,CA,paid_search,consumer
C000815,2023-01-04,CA,affiliate,consumer
C000816,2023-01-04,US,affiliate,consumer
C000817,2023-01-04,CA,paid_search,consumer
C000818,2023-01-04,US,paid_social,consumer
C000819,2023-01-04,DE,paid_search,small_business
C000820,2023-01-04,US,paid_social,consumer
C000821,2023-01-04,GB,paid_search,consumer
C000822,2023-01-04,GB,paid_search,consumer
C000823,2023-01-04,GB,paid_social,consumer
C000824,2023-01-04,DE,paid_search,consumer
C000825,2023-01-04,US,affiliate,consumer
C000826,2023-01-04,US,organic,consumer
C000827,2023-01-04,CA,organic,consumer
C000828,2023-01-04,US,referral,consumer
C000829,2023-01-04,US,referral,enterprise
C000830,2023-01-04,US,paid_search,consumer
C000831,2023-01-04,US,referral,consumer
C000832,2023-01-04,US,paid_social,consumer
C000833,2023-01-04,CA,paid_social,consumer
C000834,2023-01-04,US,referral,consumer
C000835,2023-01-04,US,referral,consumer
C000836,2023-01-04,GB,affiliate,consumer
C000837,2023-01-04,US,paid_search,consumer
C000838,2023-01-04,CA,paid_search,consumer
C000839,2023-01-04,GB,paid_search,consumer
C000840,2023-01-04,CA,paid_search,consumer
C000841,2023-01-04,CA,organic,consumer
C000842,2023-01-04,GB,organic,consumer
C000843,2023-01-04,US,paid_social,consumer
C000844,2023-01-04,US,paid_social,consumer
C000845,2023-01-04,US,paid_search,consumer
C000846,2023-01-04,CA,referral,consumer
C000847,2023-01-04,US,referral,consumer
C000848,2023-01-04,US,paid_search,consumer
C000849,2023-01-04,US,paid_social,consumer
C000850,2023-01-04,US,paid_search,consumer
C000851,2023-01-04,GB,organic,consumer
C000852,2023-01-04,US,paid_search,consumer
C000853,2023-01-04,US,paid_search,consumer
C000854,2023-01-04,CA,paid_search,consumer
C000855,2023-01-04,GB,organic,consumer
C000856,2023-01-04,US,paid_search,consumer
C000857,2023-01-04,US,organic,small_business
C000858,2023-01-04,US,referral,consumer
C000859,2023-01-04,US,organic,small_business
C000860,2023-01-04,US,referral,consumer
C000861,2023-01-04,US,referral,consumer
C000862,2023-01-04,DE,referral,consumer
C000863,2023-01-04,US,referral,consumer
C000864,2023-01-04,US,organic,consumer
C000865,2023-01-04,US,referral,consumer
C000866,2023-01-04,US,paid_search,consumer
C000867,2023-01-04,AU,referral,consumer
C000868,2023-01-04,DE,referral,consumer
C000869,2023-01-04,US,referral,consumer
C000870,2023-01-04,DE,paid_search,small_business
C000871,2023-01-04,US,referral,consumer
C000872,2023-01-04,US,paid_social,consumer
C000873,2023-01-04,GB,referral,small_business
C000874,2023-01-04,US,organic,consumer
C000875,2023-01-04,US,organic,small_business
C000876,2023-01-04,US,organic,consumer
C000877,2023-01-04,US,referral,consumer
C000878,2023-01-04,GB,referral,consumer
C000879,2023-01-04,US,referral,consumer
C000880,2023-01-04,US,paid_search,consumer
C000881,2023-01-05,US,paid_social,consumer
C000882,2023-01-05,US,referral,consumer
C000883,2023-01-05,GB,affiliate,consumer
C000884,2023-01-05,US,organic,consumer
C000885,2023-01-05,DE,paid_search,consumer
C000886,2023-01-05,US,organic,consumer
C000887,2023-01-05,US,paid_social,consumer
C000888,2023-01-05,US,paid_search,consumer
C000889,2023-01-05,GB,referral,consumer
C000890,2023-01-05,GB,affiliate,consumer
C000891,2023-01-05,US,organic,consumer
C000892,2023-01-05,US,paid_search,consumer
C000893,2023-01-05,GB,paid_social,consumer
C000894,2023-01-05,US,paid_social,consumer
C000895,2023-01-05,US,organic,consumer
C000896,2023-01-05,AU,affiliate,consumer
C000897,2023-01-05,US,organic,consumer
C000898,2023-01-05,US,paid_social,consumer
C000899,2023-01-05,DE,organic,small_business
C000900,2023-01-05,US,affiliate,enterprise
C000901,2023-01-05,US,paid_search,small_business
C000902,2023-01-05,DE,paid_search,consumer
C000903,2023-01-05,US,paid_search,consumer
C000904,2023-01-05,US,organic,consumer
C000905,2023-01-05,US,organic,consumer
C000906,2023-01-05,US,referral,consumer
C000907,2023-01-05,US,organic,enterprise
C000908,2023-01-05,GB,referral,consumer
C000909,2023-01-05,US,organic,consumer
C000910,2023-01-05,AU,paid_social,small_business
C000911,2023-01-05,US,organic,consumer
C000912,2023-01-05,AU,referral,consumer
C000913,2023-01-05,US,paid_social,consumer
C000914,2023-01-05,DE,paid_search,consumer
C000915,2023-01-05,AU,referral,small_business
C000916,2023-01-05,US,paid_search,small_business
C000917,2023-01-05,US,paid_social,consumer
C000918,2023-01-05,US,paid_search,consumer
C000919,2023-01-05,US,organic,small_business
C000920,2023-01-05,DE,organic,enterprise
C000921,2023-01-05,AU,paid_search,consumer
C000922,2023-01-05,US,organic,consumer
C000923,2023-01-05,GB,affiliate,consumer
C000924,2023-01-05,DE,referral,consumer
C000925,2023-01-05,US,paid_search,enterprise
C000926,2023-01-05,US,affiliate,consumer
C000927,2023-01-05,US,organic,small_business
C000928,2023-01-05,US,organic,consumer
C000929,2023-01-05,CA,paid_search,consumer
C000930,2023-01-05,AU,organic,consumer
C000931,2023-01-05,CA,paid_social,consumer
C000932,2023-01-05,US,organic,consumer
C000933,2023-01-05,GB,affiliate,consumer
C000934,2023-01-05,US,referral,consumer
C000935,2023-01-05,US,paid_social,consumer
C000936,2023-01-05,US,paid_social,consumer
C000937,2023-01-05,US,referral,small_business
C000938,2023-01-05,US,organic,consumer
C000939,2023-01-05,US,affiliate,consumer
C000940,2023-01-05,CA,organic,consumer
C000941,2023-01-05,GB,paid_search,small_business
C000942,2023-01-05,US,paid_search,consumer
C000943,2023-01-05,DE,referral,consumer
C000944,2023-01-05,US,affiliate,consumer
C000945,2023-01-05,AU,paid_search,consumer
C000946,2023-01-05,CA,paid_social,consumer
C000947,2023-01-05,AU,affiliate,consumer
C000948,2023-01-05,AU,paid_social,enterprise
C000949,2023-01-05,US,paid_search,consumer
C000950,2023-01-05,US,paid_search,consumer
C000951,2023-01-05,US,paid_search,consumer
C000952,2023-01-05,GB,paid_social,consumer
C000953,2023-01-05,DE,paid_search,small_business
C000954,2023-01-05,US,organic,enterprise
C000955,2023-01-05,US,organic,consumer
C000956,2023-01-05,US,paid_social,small_business
C000957,2023-01-05,DE,paid_search,small_business
C000958,2023-01-05,DE,paid_social,consumer
C000959,2023-01-05,US,paid_social,consumer
C000960,2023-01-05,US,paid_social,consumer
C000961,2023-01-05,US,referral,small_business
C000962,2023-01-05,US,referral,consumer
C000963,2023-01-05,US,paid_social,consumer
C000964,2023-01-05,US,referral,small_business
C000965,2023-01-05,US,affiliate,consumer
C000966,2023-01-05,US,paid_social,consumer
C000967,2023-01-05,US,paid_search,consumer
C000968,2023-01-05,US,organic,small_business
C000969,2023-01-05,US,paid_search,consumer
C000970,2023-01-05,US,affiliate,consumer
C000971,2023-01-05,US,paid_search,consumer
C000972,2023-01-05,US,organic,consumer
C000973,2023-01-05,US,paid_social,consumer
C000974,2023-01-05,DE,referral,consumer
C000975,2023-01-05,US,paid_social,consumer
C000976,2023-01-05,GB,affiliate,consumer
C000977,2023-01-05,US,affiliate,consumer
C000978,2023-01-05,US,organic,consumer
C000979,2023-01-05,AU,organic,consumer
C000980,2023-01-05,US,paid_search,consumer
C000981,2023-01-05,US,paid_search,consumer
C000982,2023-01-05,GB,organic,consumer
C000983,2023-01-05,US,paid_search,consumer
C000984,2023-01-05,US,affiliate,consumer
C000985,2023-01-05,GB,organic,consumer
C000986,2023-01-05,US,paid_social,consumer
C000987,2023-01-05,US,paid_social,consumer
C000988,2023-01-05,GB,referral,consumer
C000989,2023-01-05,CA,organic,consumer
C000990,2023-01-05,US,paid_search,consumer
C000991,2023-01-05,DE,organic,small_business
C000992,2023-01-05,US,paid_social,consumer
C000993,2023-01-05,US,paid_social,consumer
C000994,2023-01-05,CA,organic,consumer
C000995,2023-01-05,US,referral,consumer
C000996,2023-01-05,US,paid_social,consumer
C000997,2023-01-05,US,organic,consumer
C000998,2023-01-05,US,paid_social,small_business
C000999,2023-01-05,AU,referral,consumer
C001000,2023-01-05,US,paid_search,consumer
C001001,2023-01-05,US,organic,consumer
C001002,2023-01-05,US,organic,consumer
C001003,2023-01-05,US,affiliate,consumer
C001004,2023-01-05,US,paid_social,consumer
C001005,2023-01-05,AU,organic,enterprise
C001006,2023-01-05,GB,organic,consumer
C001007,2023-01-05,GB,organic,consumer
C001008,2023-01-05,US,paid_social,consumer
C001009,2023-01-05,DE,referral,enterprise
C001010,2023-01-05,AU,paid_search,small_business
C001011,2023-01-05,US,organic,consumer
C001012,2023-01-05,US,paid_social,enterprise
C001013,2023-01-05,US,paid_search,consumer
C001014,2023-01-05,US,paid_search,consumer
C001015,2023-01-05,US,affiliate,consumer
C001016,2023-01-05,CA,organic,consumer
C001017,2023-01-05,US,paid_search,consumer
C001018,2023-01-05,CA,paid_search,consumer
C001019,2023-01-05,US,paid_social,consumer
C001020,2023-01-05,CA,paid_social,small_business
C001021,2023-01-05,US,paid_search,consumer
C001022,2023-01-05,US,paid_search,consumer
C001023,2023-01-05,CA,paid_social,consumer
C001024,2023-01-05,AU,paid_social,consumer
C001025,2023-01-05,AU,paid_search,consumer
C001026,2023-01-05,US,organic,consumer
C001027,2023-01-05,US,referral,consumer
C001028,2023-01-05,US,paid_search,small_business
C001029,2023-01-05,GB,paid_search,consumer
C001030,2023-01-05,DE,referral,consumer
C001031,2023-01-05,CA,referral,consumer
C001032,2023-01-05,US,organic,consumer
C001033,2023-01-05,US,organic,consumer
C001034,2023-01-05,US,paid_search,consumer
C001035,2023-01-05,US,paid_social,consumer
C001036,2023-01-05,AU,paid_search,enterprise
C001037,2023-01-05,GB,paid_search,consumer
C001038,2023-01-05,US,organic,consumer
C001039,2023-01-05,US,paid_search,small_business
C001040,2023-01-05,CA,organic,consumer
C001041,2023-01-05,US,affiliate,consumer
C001042,2023-01-05,GB,organic,small_business
C001043,2023-01-05,US,organic,consumer
C001044,2023-01-05,GB,paid_search,consumer
C001045,2023-01-05,DE,referral,small_business
C001046,2023-01-05,US,referral,consumer
C001047,2023-01-05,CA,organic,consumer
C001048,2023-01-05,US,organic,consumer
C001049,2023-01-05,US,affiliate,consumer
C001050,2023-01-05,GB,referral,consumer
C001051,2023-01-05,US,affiliate,consumer
C001052,2023-01-05,US,organic,consumer
C001053,2023-01-05,DE,paid_search,small_business
C001054,2023-01-05,CA,organic,consumer
C001055,2023-01-05,US,paid_social,consumer
C001056,2023-01-05,GB,paid_social,consumer
C001057,2023-01-05,US,paid_search,consumer
C001058,2023-01-05,DE,paid_search,consumer
C001059,2023-01-05,US,paid_social,consumer
C001060,2023-01-05,GB,referral,consumer
C001061,2023-01-05,US,paid_search,consumer
C001062,2023-01-05,US,paid_search,small_business
C001063,2023-01-05,AU,organic,small_business
C001064,2023-01-05,GB,paid_social,consumer
C001065,2023-01-05,US,paid_search,consumer
C001066,2023-01-05,US,affiliate,consumer
C001067,2023-01-05,AU,paid_social,consumer
C001068,2023-01-05,US,paid_search,consumer
C001069,2023-01-05,US,organic,consumer
C001070,2023-01-05,CA,paid_search,consumer
C001071,2023-01-05,US,paid_search,consumer
C001072,2023-01-05,US,organic,consumer
C001073,2023-01-05,US,organic,consumer
C001074,2023-01-05,CA,organic,consumer
C001075,2023-01-05,DE,referral,small_business
C001076,2023-01-05,US,affiliate,consumer
C001077,2023-01-05,US,paid_search,consumer
C001078,2023-01-05,US,paid_social,consumer
C001079,2023-01-05,US,affiliate,consumer
C001080,2023-01-05,GB,organic,consumer
C001081,2023-01-05,US,organic,consumer
C001082,2023-01-05,GB,affiliate,consumer
C001083,2023-01-05,DE,paid_social,consumer
C001084,2023-01-05,US,organic,small_business
C001085,2023-01-05,CA,affiliate,consumer
C001086,2023-01-05,US,paid_search,consumer
C001087,2023-01-05,US,organic,consumer
C001088,2023-01-05,US,paid_search,consumer
C001089,2023-01-05,AU,paid_search,small_business
C001090,2023-01-05,US,paid_search,consumer
C001091,2023-01-05,US,organic,small_business
C001092,2023-01-05,US,organic,consumer
C001093,2023-01-05,GB,paid_search,consumer
C001094,2023-01-05,US,organic,consumer
C001095,2023-01-05,US,paid_search,consumer
C001096,2023-01-05,US,paid_search,consumer
C001097,2023-01-05,US,affiliate,consumer
C001098,2023-01-05,US,paid_social,consumer
C001099,2023-01-05,US,affiliate,consumer
C001100,2023-01-06,US,organic,consumer
C001101,2023-01-06,US,organic,consumer
C001102,2023-01-06,US,paid_social,consumer
C001103,2023-01-06,US,affiliate,consumer
C001104,2023-01-06,GB,organic,consumer
C001105,2023-01-06,US,organic,consumer
C001106,2023-01-06,CA,paid_social,consumer
C001107,2023-01-06,US,paid_social,consumer
C001108,2023-01-06,US,organic,small_business
C001109,2023-01-06,US,paid_search,consumer
C001110,2023-01-06,US,paid_social,consumer
C001111,2023-01-06,US,organic,consumer
C001112,2023-01-06,US,paid_search,consumer
C001113,2023-01-06,US,paid_social,consumer
C001114,2023-01-06,DE,referral,consumer
C001115,2023-01-06,US,referral,consumer
C001116,2023-01-06,DE,organic,consumer
C001117,2023-01-06,AU,paid_social,consumer
C001118,2023-01-06,US,organic,consumer
C001119,2023-01-06,US,organic,small_business
C001120,2023-01-06,US,paid_search,small_business
C001121,2023-01-06,AU,organic,consumer
C001122,2023-01-06,US,paid_search,consumer
C001123,2023-01-06,US,organic,consumer
C001124,2023-01-06,US,organic,consumer
C001125,2023-01-06,AU,paid_social,consumer
C001126,2023-01-06,US,paid_search,consumer
C001127,2023-01-06,GB,paid_social,consumer
C001128,2023-01-06,US,paid_social,consumer
C001129,2023-01-06,AU,organic,consumer
C001130,2023-01-06,US,paid_search,small_business
C001131,2023-01-06,GB,organic,enterprise
C001132,2023-01-06,CA,organic,consumer
C001133,2023-01-06,CA,referral,consumer
C001134,2023-01-06,GB,organic,small_business
C001135,2023-01-06,US,paid_search,consumer
C001136,2023-01-06,US,paid_social,consumer
C001137,2023-01-06,AU,paid_search,consumer
C001138,2023-01-06,US,organic,enterprise
C001139,2023-01-06,US,paid_social,consumer
C001140,2023-01-06,US,organic,consumer
C001141,2023-01-06,DE,paid_search,consumer
C001142,2023-01-06,US,organic,consumer
C001143,2023-01-06,US,referral,small_business
C001144,2023-01-06,CA,referral,consumer
C001145,2023-01-06,US,organic,consumer
C001146,2023-01-06,GB,organic,consumer
C001147,2023-01-06,US,referral,consumer
C001148,2023-01-06,US,referral,consumer
C001149,2023-01-06,US,paid_social,consumer
C001150,2023-01-06,US,paid_search,consumer
C001151,2023-01-06,CA,organic,consumer
C001152,2023-01-06,DE,organic,consumer
C001153,2023-01-06,US,paid_social,consumer
C001154,2023-01-06,US,affiliate,consumer
C001155,2023-01-06,US,affiliate,consumer
C001156,2023-01-06,GB,paid_social,consumer
C001157,2023-01-06,GB,paid_search,consumer
C001158,2023-01-06,US,referral,small_business
C001159,2023-01-06,US,paid_search,consumer
C001160,2023-01-06,US,referral,consumer
C001161,2023-01-06,US,organic,consumer
C001162,2023-01-06,US,paid_social,enterprise
C001163,2023-01-06,AU,organic,small_business
C001164,2023-01-06,GB,paid_search,consumer
C001165,2023-01-06,AU,paid_search,consumer
C001166,2023-01-06,AU,paid_social,consumer
C001167,2023-01-06,GB,referral,consumer
C001168,2023-01-06,US,affiliate,consumer
C001169,2023-01-06,US,referral,consumer
C001170,2023-01-06,US,affiliate,consumer
C001171,2023-01-06,US,paid_search,consumer
C001172,2023-01-06,CA,referral,consumer
C001173,2023-01-06,GB,organic,consumer
C001174,2023-01-06,US,paid_social,consumer
C001175,2023-01-06,US,referral,consumer
C001176,2023-01-06,US,paid_social,consumer
C001177,2023-01-06,CA,paid_search,consumer
C001178,2023-01-06,GB,referral,consumer
C001179,2023-01-06,CA,paid_search,consumer
C001180,2023-01-06,US,paid_search,small_business
C001181,2023-01-06,DE,referral,consumer
C001182,2023-01-06,DE,paid_social,consumer
C001183,2023-01-06,US,paid_search,consumer
C001184,2023-01-06,CA,paid_social,consumer
C001185,2023-01-06,US,referral,consumer
C001186,2023-01-06,US,paid_search,consumer
C001187,2023-01-06,US,organic,consumer
C001188,2023-01-06,AU,affiliate,small_business
C001189,2023-01-06,GB,paid_social,enterprise
C001190,2023-01-06,CA,referral,consumer
C001191,2023-01-06,GB,paid_search,consumer
C001192,2023-01-06,US,affiliate,consumer
C001193,2023-01-06,US,paid_search,small_business
C001194,2023-01-06,CA,referral,consumer
C001195,2023-01-06,US,organic,consumer
C001196,2023-01-06,CA,organic,consumer
C001197,2023-01-06,US,affiliate,consumer
C001198,2023-01-06,US,organic,small_business
C001199,2023-01-06,US,organic,consumer
C001200,2023-01-06,US,organic,consumer
C001201,2023-01-06,US,organic,consumer
C001202,2023-01-06,AU,referral,consumer
C001203,2023-01-06,US,organic,consumer
C001204,2023-01-06,CA,referral,consumer
C001205,2023-01-06,US,paid_social,consumer
C001206,2023-01-06,US,organic,consumer
C001207,2023-01-06,US,paid_search,consumer
C001208,2023-01-06,US,organic,consumer
C001209,2023-01-06,CA,organic,consumer
C001210,2023-01-06,US,paid_search,consumer
C001211,2023-01-06,AU,paid_social,consumer
C001212,2023-01-06,US,paid_social,consumer
C001213,2023-01-06,US,paid_search,consumer
C001214,2023-01-06,GB,organic,small_business
C001215,2023-01-06,CA,organic,small_business
C001216,2023-01-06,AU,paid_search,consumer
C001217,2023-01-06,US,paid_search,consumer
C001218,2023-01-06,US,organic,consumer
C001219,2023-01-06,US,paid_social,consumer
C001220,2023-01-06,US,organic,consumer
C001221,2023-01-06,US,paid_social,consumer
C001222,2023-01-06,US,paid_search,consumer
C001223,2023-01-06,US,organic,consumer
C001224,2023-01-06,US,paid_social,consumer
C001225,2023-01-06,GB,referral,consumer
C001226,2023-01-06,US,referral,consumer
C001227,2023-01-06,US,organic,consumer
C001228,2023-01-06,AU,paid_social,consumer
C001229,2023-01-06,US,organic,consumer
C001230,2023-01-06,US,referral,consumer
C001231,2023-01-06,GB,organic,consumer
C001232,2023-01-06,CA,paid_social,consumer
C001233,2023-01-06,US,organic,consumer
C001234,2023-01-06,US,paid_social,consumer
C001235,2023-01-06,US,organic,consumer
C001236,2023-01-06,CA,organic,consumer
C001237,2023-01-06,US,paid_search,small_business
C001238,2023-01-06,US,paid_search,consumer
C001239,2023-01-06,AU,paid_social,consumer
C001240,2023-01-06,DE,organic,consumer
C001241,2023-01-06,US,paid_social,consumer
C001242,2023-01-06,US,referral,consumer
C001243,2023-01-06,CA,referral,consumer
C001244,2023-01-06,US,organic,consumer
C001245,2023-01-06,US,paid_search,consumer
C001246,2023-01-06,US,referral,small_business
C001247,2023-01-06,US,paid_social,consumer
C001248,2023-01-06,US,affiliate,small_business
C001249,2023-01-06,US,organic,consumer
C001250,2023-01-06,GB,paid_search,consumer
C001251,2023-01-06,AU,referral,consumer
C001252,2023-01-06,CA,referral,consumer
C001253,2023-01-06,GB,organic,consumer
C001254,2023-01-06,CA,organic,consumer
C001255,2023-01-06,GB,paid_search,consumer
C001256,2023-01-06,US,paid_search,consumer
C001257,2023-01-06,US,paid_search,consumer
C001258,2023-01-06,US,paid_search,consumer
C001259,2023-01-06,GB,paid_search,consumer
C001260,2023-01-06,CA,organic,consumer
C001261,2023-01-06,CA,organic,consumer
C001262,2023-01-06,US,paid_social,consumer
C001263,2023-01-06,US,referral,consumer
C001264,2023-01-06,AU,paid_social,consumer
C001265,2023-01-06,AU,paid_search,consumer
C001266,2023-01-06,GB,organic,enterprise
C001267,2023-01-06,GB,referral,consumer
C001268,2023-01-06,CA,referral,consumer
C001269,2023-01-06,US,organic,consumer
C001270,2023-01-06,US,organic,small_business
C001271,2023-01-06,GB,paid_search,consumer
C001272,2023-01-06,GB,organic,consumer
C001273,2023-01-06,US,paid_social,consumer
C001274,2023-01-06,US,organic,consumer
C001275,2023-01-06,US,paid_search,consumer
C001276,2023-01-06,US,organic,consumer
C001277,2023-01-06,US,referral,consumer
C001278,2023-01-06,CA,referral,consumer
C001279,2023-01-06,GB,referral,consumer
C001280,2023-01-06,AU,organic,consumer
C001281,2023-01-06,US,paid_search,consumer
C001282,2023-01-06,AU,organic,consumer
C001283,2023-01-06,US,paid_social,consumer
C001284,2023-01-06,GB,paid_social,consumer
C001285,2023-01-06,GB,organic,consumer
C001286,2023-01-06,US,organic,small_business
C001287,2023-01-06,US,paid_search,consumer
C001288,2023-01-06,US,referral,small_business
C001289,2023-01-06,US,paid_search,enterprise
C001290,2023-01-06,US,paid_search,consumer
C001291,2023-01-06,US,organic,consumer
C001292,2023-01-06,US,paid_social,consumer
C001293,2023-01-06,GB,affiliate,consumer
C001294,2023-01-06,US,paid_social,small_business
C001295,2023-01-06,US,paid_search,consumer
C001296,2023-01-06,US,paid_social,consumer
C001297,2023-01-06,AU,paid_social,consumer
C001298,2023-01-06,US,organic,consumer
C001299,2023-01-06,US,paid_social,consumer
C001300,2023-01-06,CA,referral,consumer
C001301,2023-01-06,US,affiliate,consumer
C001302,2023-01-06,US,paid_social,consumer
C001303,2023-01-06,CA,paid_social,consumer
C001304,2023-01-06,US,paid_search,small_business
C001305,2023-01-06,US,organic,consumer
C001306,2023-01-06,US,paid_search,consumer
C001307,2023-01-06,US,organic,consumer
C001308,2023-01-06,US,organic,consumer
C001309,2023-01-06,US,organic,consumer
C001310,2023-01-06,US,organic,consumer
C001311,2023-01-06,CA,paid_social,consumer
C001312,2023-01-06,US,referral,consumer
C001313,2023-01-06,CA,organic,consumer
C001314,2023-01-06,US,organic,consumer
C001315,2023-01-06,US,organic,consumer
C001316,2023-01-06,CA,organic,consumer
C001317,2023-01-06,US,paid_social,consumer
C001318,2023-01-06,AU,paid_search,consumer
C001319,2023-01-06,US,paid_search,consumer
C001320,2023-01-07,US,paid_search,consumer
C001321,2023-01-07,US,affiliate,small_business
C001322,2023-01-07,DE,paid_social,consumer
C001323,2023-01-07,GB,organic,consumer
C001324,2023-01-07,GB,organic,consumer
C001325,2023-01-07,US,organic,small_business
C001326,2023-01-07,US,referral,small_business
C001327,2023-01-07,US,paid_social,consumer
C001328,2023-01-07,US,referral,consumer
C001329,2023-01-07,US,paid_search,consumer
C001330,2023-01-07,US,organic,small_business
C001331,2023-01-07,US,organic,consumer
C001332,2023-01-07,US,paid_search,enterprise
C001333,2023-01-07,GB,organic,consumer
C001334,2023-01-07,US,referral,consumer
C001335,2023-01-07,US,paid_search,consumer
C001336,2023-01-07,CA,organic,small_business
C001337,2023-01-07,DE,paid_search,consumer
C001338,2023-01-07,US,paid_search,consumer
C001339,2023-01-07,US,paid_social,enterprise
C001340,2023-01-07,DE,paid_social,consumer
C001341,2023-01-07,US,paid_search,consumer
C001342,2023-01-07,GB,affiliate,consumer
C001343,2023-01-07,US,affiliate,consumer
C001344,2023-01-07,US,affiliate,consumer
C001345,2023-01-07,US,paid_search,consumer
C001346,2023-01-07,US,organic,consumer
C001347,2023-01-07,US,affiliate,consumer
C001348,2023-01-07,US,paid_social,consumer
C001349,2023-01-07,US,paid_social,consumer
C001350,2023-01-07,US,paid_social,small_business
C001351,2023-01-07,AU,referral,consumer
C001352,2023-01-07,CA,paid_search,consumer
C001353,2023-01-07,US,organic,consumer
C001354,2023-01-07,CA,paid_social,consumer
C001355,2023-01-07,CA,referral,consumer
C001356,2023-01-07,US,organic,consumer
C001357,2023-01-07,US,paid_search,small_business
C001358,2023-01-07,AU,affiliate,consumer
C001359,2023-01-07,US,organic,consumer
C001360,2023-01-07,US,organic,consumer
C001361,2023-01-07,AU,paid_search,consumer
C001362,2023-01-07,US,affiliate,consumer
C001363,2023-01-07,AU,affiliate,consumer
C001364,2023-01-07,US,paid_social,consumer
C001365,2023-01-07,DE,organic,consumer
C001366,2023-01-07,US,paid_search,consumer
C001367,2023-01-07,US,paid_social,consumer
C001368,2023-01-07,DE,organic,consumer
C001369,2023-01-07,US,affiliate,enterprise
C001370,2023-01-07,US,paid_social,consumer
C001371,2023-01-07,CA,affiliate,consumer
C001372,2023-01-07,US,referral,consumer
C001373,2023-01-07,US,organic,consumer
C001374,2023-01-07,US,paid_social,consumer
C001375,2023-01-07,GB,paid_social,consumer
C001376,2023-01-07,US,paid_search,consumer
C001377,2023-01-07,US,organic,consumer
C001378,2023-01-07,US,organic,consumer
C001379,2023-01-07,US,paid_search,consumer
C001380,2023-01-07,US,paid_social,consumer
C001381,2023-01-07,DE,paid_search,consumer
C001382,2023-01-07,US,paid_social,consumer
C001383,2023-01-07,US,affiliate,consumer
C001384,2023-01-07,US,organic,consumer
C001385,2023-01-07,CA,paid_search,consumer
C001386,2023-01-07,US,paid_social,consumer
C001387,2023-01-07,US,organic,consumer
C001388,2023-01-07,GB,paid_search,consumer
C001389,2023-01-07,GB,paid_social,consumer
C001390,2023-01-07,AU,paid_social,consumer
C001391,2023-01-07,US,paid_search,small_business
C001392,2023-01-07,US,organic,consumer
C001393,2023-01-07,US,organic,consumer
C001394,2023-01-07,AU,organic,consumer
C001395,2023-01-07,CA,paid_social,small_business
C001396,2023-01-07,CA,paid_search,consumer
C001397,2023-01-07,US,paid_search,consumer
C001398,2023-01-07,GB,referral,consumer
C001399,2023-01-07,US,organic,consumer
C001400,2023-01-07,US,paid_search,consumer
C001401,2023-01-07,US,paid_search,consumer
C001402,2023-01-07,CA,organic,consumer
C001403,2023-01-07,CA,paid_search,enterprise
C001404,2023-01-07,US,paid_search,consumer
C001405,2023-01-07,AU,organic,consumer
C001406,2023-01-07,US,paid_search,small_business
C001407,2023-01-07,US,organic,consumer
C001408,2023-01-07,CA,paid_social,consumer
C001409,2023-01-07,US,paid_search,consumer
C001410,2023-01-07,AU,paid_social,consumer
C001411,2023-01-07,US,organic,consumer
C001412,2023-01-07,US,organic,consumer
C001413,2023-01-07,DE,paid_social,consumer
C001414,2023-01-07,DE,paid_search,consumer
C001415,2023-01-07,GB,organic,consumer
C001416,2023-01-07,US,organic,small_business
C001417,2023-01-07,US,paid_search,consumer
C001418,2023-01-07,DE,paid_social,consumer
C001419,2023-01-07,AU,organic,consumer
C001420,2023-01-07,US,referral,consumer
C001421,2023-01-07,US,paid_search,consumer
C001422,2023-01-07,DE,paid_social,consumer
C001423,2023-01-07,AU,referral,enterprise
C001424,2023-01-07,CA,paid_search,consumer
C001425,2023-01-07,US,affiliate,consumer
C001426,2023-01-07,US,referral,consumer
C001427,2023-01-07,US,affiliate,consumer
C001428,2023-01-07,CA,affiliate,consumer
C001429,2023-01-07,US,paid_social,consumer
C001430,2023-01-07,US,paid_search,consumer
C001431,2023-01-07,US,referral,consumer
C001432,2023-01-07,GB,organic,consumer
C001433,2023-01-07,US,organic,small_business
C001434,2023-01-07,GB,paid_search,consumer
C001435,2023-01-07,US,organic,consumer
C001436,2023-01-07,DE,paid_social,consumer
C001437,2023-01-07,US,organic,consumer
C001438,2023-01-07,DE,paid_social,consumer
C001439,2023-01-07,US,organic,consumer
C001440,2023-01-07,US,referral,consumer
C001441,2023-01-07,US,organic,consumer
C001442,2023-01-07,CA,organic,enterprise
C001443,2023-01-07,US,referral,consumer
C001444,2023-01-07,CA,paid_social,consumer
C001445,2023-01-07,US,referral,consumer
C001446,2023-01-07,AU,affiliate,consumer
C001447,2023-01-07,CA,affiliate,consumer
C001448,2023-01-07,US,paid_search,consumer
C001449,2023-01-07,AU,paid_social,enterprise
C001450,2023-01-07,US,paid_social,consumer
C001451,2023-01-07,CA,organic,consumer
C001452,2023-01-07,US,organic,consumer
C001453,2023-01-07,US,paid_search,consumer
C001454,2023-01-07,GB,referral,small_business
C001455,2023-01-07,DE,referral,consumer
C001456,2023-01-07,AU,paid_search,consumer
C001457,2023-01-07,US,organic,consumer
C001458,2023-01-07,US,paid_social,consumer
C001459,2023-01-07,US,paid_search,consumer
C001460,2023-01-07,US,referral,consumer
C001461,2023-01-07,AU,organic,consumer
C001462,2023-01-07,AU,paid_search,consumer
C001463,2023-01-07,CA,paid_search,enterprise
C001464,2023-01-07,US,paid_social,consumer
C001465,2023-01-07,GB,organic,consumer
C001466,2023-01-07,US,paid_search,consumer
C001467,2023-01-07,DE,organic,consumer
C001468,2023-01-07,US,organic,consumer
C001469,2023-01-07,US,referral,consumer
C001470,2023-01-07,US,organic,consumer
C001471,2023-01-07,US,organic,consumer
C001472,2023-01-07,CA,referral,small_business
C001473,2023-01-07,US,organic,small_business
C001474,2023-01-07,AU,paid_search,consumer
C001475,2023-01-07,AU,paid_search,consumer
C001476,2023-01-07,CA,paid_search,consumer
C001477,2023-01-07,US,paid_social,small_business
C001478,2023-01-07,GB,organic,consumer
C001479,2023-01-07,US,affiliate,consumer
C001480,2023-01-07,CA,paid_search,small_business
C001481,2023-01-07,US,paid_social,consumer
C001482,2023-01-07,US,organic,consumer
C001483,2023-01-07,CA,referral,consumer
C001484,2023-01-07,US,paid_search,consumer
C001485,2023-01-07,US,paid_social,consumer
C001486,2023-01-07,DE,paid_search,consumer
C001487,2023-01-07,US,referral,small_business
C001488,2023-01-07,US,paid_social,enterprise
C001489,2023-01-07,US,paid_search,consumer
C001490,2023-01-07,GB,paid_social,consumer
C001491,2023-01-07,US,referral,consumer
C001492,2023-01-07,US,referral,consumer
C001493,2023-01-07,US,organic,consumer
C001494,2023-01-07,CA,paid_social,consumer
C001495,2023-01-07,US,paid_search,consumer
C001496,2023-01-07,US,organic,consumer
C001497,2023-01-07,US,referral,consumer
C001498,2023-01-07,US,paid_social,consumer
C001499,2023-01-07,AU,organic,consumer
C001500,2023-01-07,US,paid_search,enterprise
C001501,2023-01-07,DE,organic,consumer
C001502,2023-01-07,US,paid_search,consumer
C001503,2023-01-07,US,organic,consumer
C001504,2023-01-07,US,organic,consumer
C001505,2023-01-07,AU,organic,small_business
C001506,2023-01-07,US,organic,consumer
C001507,2023-01-07,CA,organic,small_business
C001508,2023-01-07,US,paid_search,consumer
C001509,2023-01-07,CA,organic,consumer
C001510,2023-01-07,US,organic,consumer
C001511,2023-01-07,US,paid_social,consumer
C001512,2023-01-07,US,organic,enterprise
C001513,2023-01-07,US,referral,consumer
C001514,2023-01-07,GB,paid_search,consumer
C001515,2023-01-07,US,paid_social,small_business
C001516,2023-01-07,US,paid_social,consumer
C001517,2023-01-07,US,paid_social,consumer
C001518,2023-01-07,US,organic,consumer
C001519,2023-01-07,US,affiliate,consumer
C001520,2023-01-07,US,paid_search,enterprise
C001521,2023-01-07,US,paid_social,consumer
C001522,2023-01-07,US,paid_search,consumer
C001523,2023-01-07,CA,referral,consumer
C001524,2023-01-07,AU,organic,small_business
C001525,2023-01-07,US,organic,small_business
C001526,2023-01-07,US,organic,consumer
C001527,2023-01-07,CA,affiliate,consumer
C001528,2023-01-07,US,referral,consumer
C001529,2023-01-07,AU,referral,consumer
C001530,2023-01-07,AU,referral,consumer
C001531,2023-01-07,US,paid_social,consumer
C001532,2023-01-07,US,paid_social,consumer
C001533,2023-01-07,US,organic,consumer
C001534,2023-01-07,US,organic,consumer
C001535,2023-01-07,US,organic,consumer
C001536,2023-01-07,US,paid_search,consumer
C001537,2023-01-07,US,paid_search,consumer
C001538,2023-01-07,US,affiliate,consumer
C001539,2023-01-07,GB,referral,consumer
C001540,2023-01-08,US,paid_search,consumer
C001541,2023-01-08,AU,paid_search,consumer
C001542,2023-01-08,CA,organic,consumer
C001543,2023-01-08,CA,paid_search,consumer
C001544,2023-01-08,US,organic,consumer
C001545,2023-01-08,US,organic,consumer
C001546,2023-01-08,US,paid_search,consumer
C001547,2023-01-08,US,organic,consumer
C001548,2023-01-08,US,organic,consumer
C001549,2023-01-08,US,organic,small_business
C001550,2023-01-08,DE,organic,consumer
C001551,2023-01-08,GB,organic,consumer
C001552,2023-01-08,US,paid_social,consumer
C001553,2023-01-08,GB,paid_search,consumer
C001554,2023-01-08,GB,affiliate,small_business
C001555,2023-01-08,US,referral,consumer
C001556,2023-01-08,US,organic,consumer
C001557,2023-01-08,US,organic,consumer
C001558,2023-01-08,US,paid_search,consumer
C001559,2023-01-08,US,organic,consumer
C001560,2023-01-08,CA,organic,consumer
C001561,2023-01-08,US,paid_search,consumer
C001562,2023-01-08,US,referral,consumer
C001563,2023-01-08,US,organic,consumer
C001564,2023-01-08,US,organic,consumer
C001565,2023-01-08,US,affiliate,consumer
C001566,2023-01-08,AU,organic,consumer
C001567,2023-01-08,US,paid_social,consumer
C001568,2023-01-08,US,referral,consumer
C001569,2023-01-08,US,organic,consumer
C001570,2023-01-08,US,paid_search,consumer
C001571,2023-01-08,CA,organic,consumer
C001572,2023-01-08,US,organic,consumer
C001573,2023-01-08,GB,organic,consumer
C001574,2023-01-08,US,paid_search,consumer
C001575,2023-01-08,US,organic,consumer
C001576,2023-01-08,US,paid_search,consumer
C001577,2023-01-08,US,organic,consumer
C001578,2023-01-08,US,organic,consumer
C001579,2023-01-08,US,organic,consumer
C001580,2023-01-08,GB,paid_search,small_business
C001581,2023-01-08,US,paid_search,consumer
C001582,2023-01-08,US,affiliate,consumer
C001583,2023-01-08,US,organic,consumer
C001584,2023-01-08,US,referral,consumer
C001585,2023-01-08,US,paid_search,consumer
C001586,2023-01-08,US,affiliate,consumer
C001587,2023-01-08,DE,paid_search,consumer
C001588,2023-01-08,DE,paid_search,consumer
C001589,2023-01-08,CA,paid_social,consumer
C001590,2023-01-08,CA,paid_search,consumer
C001591,2023-01-08,US,paid_search,consumer
C001592,2023-01-08,US,referral,consumer
C001593,2023-01-08,US,paid_search,consumer
C001594,2023-01-08,GB,referral,consumer
C001595,2023-01-08,US,referral,consumer
C001596,2023-01-08,AU,referral,small_business
C001597,2023-01-08,US,organic,small_business
C001598,2023-01-08,US,organic,consumer
C001599,2023-01-08,GB,affiliate,small_business
C001600,2023-01-08,US,paid_social,consumer
C001601,2023-01-08,GB,referral,consumer
C001602,2023-01-08,US,organic,small_business
C001603,2023-01-08,US,referral,consumer
C001604,2023-01-08,US,referral,consumer
C001605,2023-01-08,GB,organic,consumer
C001606,2023-01-08,US,organic,consumer
C001607,2023-01-08,DE,affiliate,consumer
C001608,2023-01-08,US,referral,consumer
C001609,2023-01-08,GB,paid_search,consumer
C001610,2023-01-08,US,paid_search,consumer
C001611,2023-01-08,GB,affiliate,consumer
C001612,2023-01-08,DE,paid_social,consumer
C001613,2023-01-08,US,paid_search,consumer
C001614,2023-01-08,GB,referral,consumer
C001615,2023-01-08,DE,paid_social,consumer
C001616,2023-01-08,US,paid_search,consumer
C001617,2023-01-08,US,paid_search,consumer
C001618,2023-01-08,US,organic,small_business
C001619,2023-01-08,US,organic,consumer
C001620,2023-01-08,US,organic,consumer
C001621,2023-01-08,US,organic,small_business
C001622,2023-01-08,US,organic,consumer
C001623,2023-01-08,US,paid_social,consumer
C001624,2023-01-08,US,organic,consumer
C001625,2023-01-08,AU,affiliate,consumer
C001626,2023-01-08,US,paid_search,consumer
C001627,2023-01-08,GB,paid_search,small_business
C001628,2023-01-08,US,affiliate,consumer
C001629,2023-01-08,US,referral,consumer
C001630,2023-01-08,US,paid_search,consumer
C001631,2023-01-08,US,referral,consumer
C001632,2023-01-08,US,paid_social,small_business
C001633,2023-01-08,US,paid_search,consumer
C001634,2023-01-08,US,referral,consumer
C001635,2023-01-08,AU,organic,consumer
C001636,2023-01-08,US,referral,consumer
C001637,2023-01-08,AU,referral,consumer
C001638,2023-01-08,CA,paid_search,consumer
C001639,2023-01-08,US,paid_social,consumer
C001640,2023-01-08,DE,referral,consumer
C001641,2023-01-08,GB,paid_search,consumer
C001642,2023-01-08,US,referral,consumer
C001643,2023-01-08,DE,paid_social,small_business
C001644,2023-01-08,US,paid_search,consumer
C001645,2023-01-08,US,organic,consumer
C001646,2023-01-08,US,organic,consumer
C001647,2023-01-08,US,affiliate,small_business
C001648,2023-01-08,US,affiliate,consumer
C001649,2023-01-08,US,paid_social,consumer
C001650,2023-01-08,US,organic,consumer
C001651,2023-01-08,US,paid_social,consumer
C001652,2023-01-08,GB,organic,consumer
C001653,2023-01-08,US,paid_search,consumer
C001654,2023-01-08,US,organic,consumer
C001655,2023-01-08,GB,paid_social,small_business
C001656,2023-01-08,US,paid_search,consumer
C001657,2023-01-08,US,paid_social,consumer
C001658,2023-01-08,CA,referral,consumer
C001659,2023-01-08,US,organic,enterprise
C001660,2023-01-08,US,paid_search,consumer
C001661,2023-01-08,US,paid_search,consumer
C001662,2023-01-08,US,paid_search,consumer
C001663,2023-01-08,AU,paid_search,consumer
C001664,2023-01-08,CA,organic,consumer
C001665,2023-01-08,US,paid_search,consumer
C001666,2023-01-08,GB,paid_social,consumer
C001667,2023-01-08,US,paid_social,enterprise
C001668,2023-01-08,CA,paid_social,consumer
C001669,2023-01-08,US,organic,consumer
C001670,2023-01-08,US,paid_social,consumer
C001671,2023-01-08,US,organic,consumer
C001672,2023-01-08,US,organic,consumer
C001673,2023-01-08,AU,organic,consumer
C001674,2023-01-08,US,paid_social,consumer
C001675,2023-01-08,US,paid_search,small_business
C001676,2023-01-08,US,paid_search,consumer
C001677,2023-01-08,US,organic,small_business
C001678,2023-01-08,GB,organic,consumer
C001679,2023-01-08,US,referral,enterprise
C001680,2023-01-08,CA,paid_social,consumer
C001681,2023-01-08,US,referral,consumer
C001682,2023-01-08,GB,organic,small_business
C001683,2023-01-08,US,affiliate,consumer
C001684,2023-01-08,US,paid_social,consumer
C001685,2023-01-08,CA,referral,small_business
C001686,2023-01-08,US,affiliate,consumer
C001687,2023-01-08,US,referral,small_business
C001688,2023-01-08,CA,paid_social,consumer
C001689,2023-01-08,GB,paid_search,consumer
C001690,2023-01-08,CA,paid_search,enterprise
C001691,2023-01-08,US,organic,consumer
C001692,2023-01-08,US,paid_search,small_business
C001693,2023-01-08,CA,referral,consumer
C001694,2023-01-08,US,organic,consumer
C001695,2023-01-08,US,affiliate,consumer
C001696,2023-01-08,US,organic,small_business
C001697,2023-01-08,US,organic,consumer
C001698,2023-01-08,AU,paid_social,consumer
C001699,2023-01-08,CA,paid_search,small_business
C001700,2023-01-08,US,organic,consumer
C001701,2023-01-08,US,affiliate,consumer
C001702,2023-01-08,US,paid_social,consumer
C001703,2023-01-08,US,paid_search,consumer
C001704,2023-01-08,DE,paid_social,consumer
C001705,2023-01-08,US,referral,consumer
C001706,2023-01-08,US,referral,consumer
C001707,2023-01-08,US,paid_search,consumer
C001708,2023-01-08,US,affiliate,consumer
C001709,2023-01-08,US,referral,small_business
C001710,2023-01-08,US,paid_social,small_business
C001711,2023-01-08,AU,paid_search,small_business
C001712,2023-01-08,AU,referral,consumer
C001713,2023-01-08,US,organic,small_business
C001714,2023-01-08,GB,paid_search,consumer
C001715,2023-01-08,US,organic,small_business
C001716,2023-01-08,US,affiliate,consumer
C001717,2023-01-08,US,paid_social,small_business
C001718,2023-01-08,DE,paid_social,small_business
C001719,2023-01-08,AU,referral,consumer
C001720,2023-01-08,US,organic,consumer
C001721,2023-01-08,AU,paid_search,enterprise
C001722,2023-01-08,US,paid_social,small_business
C001723,2023-01-08,US,paid_social,consumer
C001724,2023-01-08,US,organic,small_business
C001725,2023-01-08,GB,paid_search,small_business
C001726,2023-01-08,US,organic,enterprise
C001727,2023-01-08,DE,paid_social,consumer
C001728,2023-01-08,US,organic,small_business
C001729,2023-01-08,AU,paid_search,consumer
C001730,2023-01-08,US,organic,consumer
C001731,2023-01-08,US,affiliate,consumer
C001732,2023-01-08,US,organic,consumer
C001733,2023-01-08,GB,paid_search,consumer
C001734,2023-01-08,US,paid_social,consumer
C001735,2023-01-08,US,paid_search,consumer
C001736,2023-01-08,GB,organic,consumer
C001737,2023-01-08,DE,organic,small_business
C001738,2023-01-08,US,referral,consumer
C001739,2023-01-08,CA,paid_search,consumer
C001740,2023-01-08,US,organic,consumer
C001741,2023-01-08,GB,organic,consumer
C001742,2023-01-08,GB,referral,small_business
C001743,2023-01-08,GB,affiliate,small_business
C001744,2023-01-08,US,paid_search,consumer
C001745,2023-01-08,US,paid_search,consumer
C001746,2023-01-08,US,paid_search,consumer
C001747,2023-01-08,US,affiliate,consumer
C001748,2023-01-08,US,paid_search,consumer
C001749,2023-01-08,CA,paid_search,consumer
C001750,2023-01-08,GB,paid_search,consumer
C001751,2023-01-08,US,paid_search,consumer
C001752,2023-01-08,US,organic,consumer
C001753,2023-01-08,DE,paid_search,consumer
C001754,2023-01-08,US,paid_search,consumer
C001755,2023-01-08,AU,organic,consumer
C001756,2023-01-08,GB,paid_search,consumer
C001757,2023-01-08,AU,paid_search,consumer
C001758,2023-01-08,DE,paid_social,small_business
C001759,2023-01-08,US,paid_social,consumer
C001760,2023-01-09,US,paid_search,small_business
C001761,2023-01-09,US,paid_social,consumer
C001762,2023-01-09,GB,referral,consumer
C001763,2023-01-09,DE,paid_social,consumer
C001764,2023-01-09,AU,paid_search,consumer
C001765,2023-01-09,US,paid_social,consumer
C001766,2023-01-09,US,paid_social,consumer
C001767,2023-01-09,CA,organic,consumer
C001768,2023-01-09,US,paid_social,consumer
C001769,2023-01-09,US,paid_social,consumer
C001770,2023-01-09,AU,paid_search,enterprise
C001771,2023-01-09,CA,paid_search,consumer
C001772,2023-01-09,US,organic,consumer
C001773,2023-01-09,DE,affiliate,small_business
C001774,2023-01-09,DE,paid_search,consumer
C001775,2023-01-09,US,paid_social,consumer
C001776,2023-01-09,US,referral,consumer
C001777,2023-01-09,US,referral,consumer
C001778,2023-01-09,CA,organic,consumer
C001779,2023-01-09,US,organic,consumer
C001780,2023-01-09,US,organic,consumer
C001781,2023-01-09,US,paid_search,consumer
C001782,2023-01-09,US,paid_search,consumer
C001783,2023-01-09,US,paid_search,consumer
C001784,2023-01-09,AU,affiliate,consumer
C001785,2023-01-09,DE,referral,consumer
C001786,2023-01-09,US,paid_search,small_business
C001787,2023-01-09,US,organic,consumer
C001788,2023-01-09,US,paid_social,consumer
C001789,2023-01-09,US,referral,consumer
C001790,2023-01-09,US,organic,enterprise
C001791,2023-01-09,AU,affiliate,consumer
C001792,2023-01-09,US,organic,small_business
C001793,2023-01-09,GB,organic,consumer
C001794,2023-01-09,DE,organic,consumer
C001795,2023-01-09,US,affiliate,consumer
C001796,2023-01-09,US,paid_social,small_business
C001797,2023-01-09,GB,paid_social,consumer
C001798,2023-01-09,CA,organic,consumer
C001799,2023-01-09,US,paid_search,consumer
C001800,2023-01-09,US,referral,consumer
C001801,2023-01-09,US,paid_social,consumer
C001802,2023-01-09,US,paid_social,small_business
C001803,2023-01-09,US,paid_search,small_business
C001804,2023-01-09,US,paid_search,consumer
C001805,2023-01-09,GB,referral,small_business
C001806,2023-01-09,US,referral,consumer
C001807,2023-01-09,DE,organic,consumer
C001808,2023-01-09,CA,affiliate,consumer
C001809,2023-01-09,US,referral,consumer
C001810,2023-01-09,US,referral,consumer
C001811,2023-01-09,CA,affiliate,consumer
C001812,2023-01-09,US,paid_search,consumer
C001813,2023-01-09,US,affiliate,consumer
C001814,2023-01-09,US,organic,consumer
C001815,2023-01-09,GB,referral,consumer
C001816,2023-01-09,US,affiliate,consumer
C001817,2023-01-09,US,paid_search,consumer
C001818,2023-01-09,CA,paid_search,consumer
C001819,2023-01-09,GB,paid_search,consumer
C001820,2023-01-09,AU,paid_social,consumer
C001821,2023-01-09,US,paid_social,consumer
C001822,2023-01-09,DE,paid_search,consumer
C001823,2023-01-09,US,affiliate,consumer
C001824,2023-01-09,US,affiliate,consumer
C001825,2023-01-09,US,paid_social,consumer
C001826,2023-01-09,CA,paid_social,consumer
C001827,2023-01-09,GB,organic,consumer
C001828,2023-01-09,DE,paid_search,consumer
C001829,2023-01-09,GB,paid_search,enterprise
C001830,2023-01-09,US,paid_search,small_business
C001831,2023-01-09,US,paid_search,small_business
C001832,2023-01-09,US,referral,consumer
C001833,2023-01-09,US,organic,enterprise
C001834,2023-01-09,US,organic,consumer
C001835,2023-01-09,US,paid_social,consumer
C001836,2023-01-09,GB,organic,consumer
C001837,2023-01-09,GB,paid_search,consumer
C001838,2023-01-09,US,affiliate,consumer
C001839,2023-01-09,US,affiliate,enterprise
C001840,2023-01-09,US,paid_search,small_business
C001841,2023-01-09,US,paid_social,consumer
C001842,2023-01-09,DE,paid_social,consumer
C001843,2023-01-09,US,organic,consumer
C001844,2023-01-09,US,affiliate,small_business
C001845,2023-01-09,AU,organic,small_business
C001846,2023-01-09,US,referral,consumer
C001847,2023-01-09,US,paid_social,consumer
C001848,2023-01-09,US,organic,small_business
C001849,2023-01-09,CA,paid_social,consumer
C001850,2023-01-09,US,referral,consumer
C001851,2023-01-09,DE,organic,consumer
C001852,2023-01-09,US,organic,consumer
C001853,2023-01-09,US,affiliate,consumer
C001854,2023-01-09,US,organic,consumer
C001855,2023-01-09,US,affiliate,enterprise
C001856,2023-01-09,GB,organic,enterprise
C001857,2023-01-09,US,paid_search,small_business
C001858,2023-01-09,US,referral,consumer
C001859,2023-01-09,DE,referral,consumer
C001860,2023-01-09,US,referral,consumer
C001861,2023-01-09,GB,organic,consumer
C001862,2023-01-09,AU,referral,consumer
C001863,2023-01-09,GB,affiliate,consumer
C001864,2023-01-09,US,organic,consumer
C001865,2023-01-09,US,paid_search,consumer
C001866,2023-01-09,DE,paid_social,consumer
C001867,2023-01-09,GB,referral,consumer
C001868,2023-01-09,AU,organic,small_business
C001869,2023-01-09,US,organic,consumer
C001870,2023-01-09,US,paid_search,consumer
C001871,2023-01-09,US,referral,consumer
C001872,2023-01-09,US,organic,consumer
C001873,2023-01-09,AU,paid_social,consumer
C001874,2023-01-09,GB,organic,small_business
C001875,2023-01-09,US,referral,consumer
C001876,2023-01-09,US,paid_social,consumer
C001877,2023-01-09,AU,organic,enterprise
C001878,2023-01-09,GB,paid_social,consumer
C001879,2023-01-09,US,organic,consumer
C001880,2023-01-09,DE,paid_search,consumer
C001881,2023-01-09,US,paid_search,consumer
C001882,2023-01-09,US,referral,consumer
C001883,2023-01-09,US,organic,consumer
C001884,2023-01-09,US,organic,consumer
C001885,2023-01-09,DE,paid_search,consumer
C001886,2023-01-09,GB,paid_search,consumer
C001887,2023-01-09,GB,referral,small_business
C001888,2023-01-09,US,paid_social,consumer
C001889,2023-01-09,US,organic,consumer
C001890,2023-01-09,US,paid_social,consumer
C001891,2023-01-09,US,organic,small_business
C001892,2023-01-09,GB,paid_social,consumer
C001893,2023-01-09,US,paid_search,consumer
C001894,2023-01-09,AU,referral,consumer
C001895,2023-01-09,US,organic,consumer
C001896,2023-01-09,US,organic,consumer
C001897,2023-01-09,US,referral,consumer
C001898,2023-01-09,GB,paid_search,small_business
C001899,2023-01-09,US,referral,small_business
C001900,2023-01-09,US,paid_search,small_business
C001901,2023-01-09,GB,organic,consumer
C001902,2023-01-09,CA,paid_social,consumer
C001903,2023-01-09,AU,paid_search,consumer
C001904,2023-01-09,US,affiliate,consumer
C001905,2023-01-09,US,organic,consumer
C001906,2023-01-09,DE,paid_social,small_business
C001907,2023-01-09,US,organic,consumer
C001908,2023-01-09,DE,paid_search,consumer
C001909,2023-01-09,GB,organic,consumer
C001910,2023-01-09,US,referral,small_business
C001911,2023-01-09,GB,paid_social,small_business
C001912,2023-01-09,US,paid_social,consumer
C001913,2023-01-09,US,organic,consumer
C001914,2023-01-09,US,paid_search,consumer
C001915,2023-01-09,US,organic,small_business
C001916,2023-01-09,US,affiliate,consumer
C001917,2023-01-09,US,referral,small_business
C001918,2023-01-09,AU,affiliate,small_business
C001919,2023-01-09,GB,affiliate,consumer
C001920,2023-01-09,US,organic,consumer
C001921,2023-01-09,US,referral,small_business
C001922,2023-01-09,CA,paid_social,small_business
C001923,2023-01-09,GB,paid_social,small_business
C001924,2023-01-09,GB,paid_social,consumer
C001925,2023-01-09,GB,referral,consumer
C001926,2023-01-09,US,organic,consumer
C001927,2023-01-09,DE,paid_search,small_business
C001928,2023-01-09,CA,paid_social,consumer
C001929,2023-01-09,US,paid_search,consumer
C001930,2023-01-09,GB,paid_search,consumer
C001931,2023-01-09,US,paid_search,consumer
C001932,2023-01-09,US,organic,consumer
C001933,2023-01-09,GB,paid_search,small_business
C001934,2023-01-09,US,referral,consumer
C001935,2023-01-09,GB,paid_search,consumer
C001936,2023-01-09,CA,organic,consumer
C001937,2023-01-09,US,organic,consumer
C001938,2023-01-09,US,paid_search,consumer
C001939,2023-01-09,DE,affiliate,small_business
C001940,2023-01-09,AU,paid_social,consumer
C001941,2023-01-09,DE,affiliate,consumer
C001942,2023-01-09,US,organic,consumer
C001943,2023-01-09,CA,affiliate,small_business
C001944,2023-01-09,US,organic,consumer
C001945,2023-01-09,US,organic,consumer
C001946,2023-01-09,US,paid_search,consumer
C001947,2023-01-09,CA,paid_social,consumer
C001948,2023-01-09,GB,organic,consumer
C001949,2023-01-09,DE,paid_social,consumer
C001950,2023-01-09,US,paid_social,consumer
C001951,2023-01-09,US,organic,consumer
C001952,2023-01-09,US,paid_social,consumer
C001953,2023-01-09,US,paid_social,consumer
C001954,2023-01-09,CA,paid_search,consumer
C001955,2023-01-09,US,paid_social,small_business
C001956,2023-01-09,US,affiliate,consumer
C001957,2023-01-09,US,paid_social,consumer
C001958,2023-01-09,US,paid_social,small_business
C001959,2023-01-09,US,paid_search,consumer
C001960,2023-01-09,CA,affiliate,consumer
C001961,2023-01-09,US,affiliate,consumer
C001962,2023-01-09,GB,paid_search,consumer
C001963,2023-01-09,CA,paid_search,small_business
C001964,2023-01-09,GB,organic,small_business
C001965,2023-01-09,CA,organic,consumer
C001966,2023-01-09,US,paid_search,consumer
C001967,2023-01-09,US,organic,consumer
C001968,2023-01-09,US,referral,consumer
C001969,2023-01-09,US,referral,consumer
C001970,2023-01-09,US,organic,consumer
C001971,2023-01-09,US,organic,small_business
C001972,2023-01-09,US,referral,small_business
C001973,2023-01-09,DE,organic,consumer
C001974,2023-01-09,CA,referral,small_business
C001975,2023-01-09,US,paid_search,consumer
C001976,2023-01-09,US,organic,small_business
C001977,2023-01-09,US,referral,consumer
C001978,2023-01-09,US,organic,small_business
C001979,2023-01-09,US,affiliate,consumer
C001980,2023-01-10,US,organic,consumer
C001981,2023-01-10,US,referral,consumer
C001982,2023-01-10,GB,paid_search,consumer
C001983,2023-01-10,US,paid_search,consumer
C001984,2023-01-10,US,paid_social,consumer
C001985,2023-01-10,US,paid_search,consumer
C001986,2023-01-10,US,paid_search,enterprise
C001987,2023-01-10,US,referral,small_business
C001988,2023-01-10,US,paid_search,consumer
C001989,2023-01-10,US,paid_social,consumer
C001990,2023-01-10,US,paid_search,consumer
C001991,2023-01-10,US,affiliate,consumer
C001992,2023-01-10,US,organic,small_business
C001993,2023-01-10,US,paid_social,small_business
C001994,2023-01-10,US,paid_social,consumer
C001995,2023-01-10,US,referral,consumer
C001996,2023-01-10,DE,paid_social,small_business
C001997,2023-01-10,GB,referral,consumer
C001998,2023-01-10,US,organic,consumer
C001999,2023-01-10,US,referral,consumer
C002000,2023-01-10,US,organic,consumer
C002001,2023-01-10,CA,referral,consumer
C002002,2023-01-10,US,affiliate,consumer
C002003,2023-01-10,CA,paid_search,consumer
C002004,2023-01-10,US,paid_search,consumer
C002005,2023-01-10,US,paid_social,consumer
C002006,2023-01-10,CA,paid_social,consumer
C002007,2023-01-10,US,organic,small_business
C002008,2023-01-10,GB,paid_search,consumer
C002009,2023-01-10,US,organic,consumer
C002010,2023-01-10,CA,paid_search,consumer
C002011,2023-01-10,US,paid_search,consumer
C002012,2023-01-10,GB,paid_social,consumer
C002013,2023-01-10,US,organic,consumer
C002014,2023-01-10,CA,organic,consumer
C002015,2023-01-10,DE,paid_search,consumer
C002016,2023-01-10,US,paid_search,consumer
C002017,2023-01-10,CA,referral,consumer
C002018,2023-01-10,GB,affiliate,consumer
C002019,2023-01-10,US,paid_search,consumer
C002020,2023-01-10,US,paid_search,consumer
C002021,2023-01-10,US,affiliate,small_business
C002022,2023-01-10,US,paid_social,consumer
C002023,2023-01-10,US,paid_search,consumer
C002024,2023-01-10,US,referral,consumer
C002025,2023-01-10,US,paid_social,small_business
C002026,2023-01-10,US,paid_social,consumer
C002027,2023-01-10,US,paid_search,consumer
C002028,2023-01-10,GB,affiliate,consumer
C002029,2023-01-10,AU,organic,consumer
C002030,2023-01-10,US,referral,consumer
C002031,2023-01-10,AU,paid_search,consumer
C002032,2023-01-10,CA,paid_search,consumer
C002033,2023-01-10,US,referral,consumer
C002034,2023-01-10,US,referral,small_business
C002035,2023-01-10,CA,paid_search,consumer
C002036,2023-01-10,US,organic,consumer
C002037,2023-01-10,US,paid_social,consumer
C002038,2023-01-10,US,paid_social,consumer
C002039,2023-01-10,CA,organic,consumer
C002040,2023-01-10,US,referral,consumer
C002041,2023-01-10,US,paid_search,consumer
C002042,2023-01-10,US,organic,consumer
C002043,2023-01-10,US,affiliate,small_business
C002044,2023-01-10,DE,organic,consumer
C002045,2023-01-10,GB,organic,consumer
C002046,2023-01-10,GB,paid_social,small_business
C002047,2023-01-10,GB,paid_search,consumer
C002048,2023-01-10,US,referral,consumer
C002049,2023-01-10,GB,organic,consumer
C002050,2023-01-10,US,organic,consumer
C002051,2023-01-10,US,paid_social,consumer
C002052,2023-01-10,GB,affiliate,small_business
C002053,2023-01-10,US,organic,consumer
C002054,2023-01-10,US,referral,enterprise
C002055,2023-01-10,CA,paid_search,enterprise
C002056,2023-01-10,CA,organic,consumer
C002057,2023-01-10,DE,paid_search,consumer
C002058,2023-01-10,US,paid_search,consumer
C002059,2023-01-10,US,referral,consumer
C002060,2023-01-10,US,organic,consumer
C002061,2023-01-10,CA,paid_social,consumer
C002062,2023-01-10,DE,paid_social,consumer
C002063,2023-01-10,US,organic,consumer
C002064,2023-01-10,US,referral,consumer
C002065,2023-01-10,US,organic,consumer
C002066,2023-01-10,US,referral,consumer
C002067,2023-01-10,US,referral,consumer
C002068,2023-01-10,US,paid_search,consumer
C002069,2023-01-10,US,affiliate,enterprise
C002070,2023-01-10,US,paid_search,consumer
C002071,2023-01-10,AU,paid_search,consumer
C002072,2023-01-10,US,referral,consumer
C002073,2023-01-10,GB,referral,enterprise
C002074,2023-01-10,US,paid_search,consumer
C002075,2023-01-10,US,organic,small_business
C002076,2023-01-10,GB,paid_search,consumer
C002077,2023-01-10,US,paid_social,consumer
C002078,2023-01-10,US,paid_search,consumer
C002079,2023-01-10,DE,organic,consumer
C002080,2023-01-10,AU,paid_search,consumer
C002081,2023-01-10,US,affiliate,consumer
C002082,2023-01-10,GB,paid_social,consumer
C002083,2023-01-10,DE,paid_search,consumer
C002084,2023-01-10,GB,paid_social,consumer
C002085,2023-01-10,CA,organic,consumer
C002086,2023-01-10,DE,paid_search,consumer
C002087,2023-01-10,US,referral,consumer
C002088,2023-01-10,US,organic,consumer
C002089,2023-01-10,CA,referral,consumer
C002090,2023-01-10,US,organic,consumer
C002091,2023-01-10,US,paid_search,consumer
C002092,2023-01-10,US,paid_search,consumer
C002093,2023-01-10,US,paid_social,consumer
C002094,2023-01-10,GB,organic,small_business
C002095,2023-01-10,US,organic,consumer
C002096,2023-01-10,GB,paid_social,consumer
C002097,2023-01-10,AU,affiliate,consumer
C002098,2023-01-10,US,affiliate,consumer
C002099,2023-01-10,US,paid_search,consumer
C002100,2023-01-10,US,paid_search,consumer
C002101,2023-01-10,US,organic,small_business
C002102,2023-01-10,CA,paid_social,consumer
C002103,2023-01-10,US,organic,consumer
C002104,2023-01-10,US,organic,consumer
C002105,2023-01-10,AU,paid_social,small_business
C002106,2023-01-10,GB,paid_search,consumer
C002107,2023-01-10,DE,paid_search,consumer
C002108,2023-01-10,US,paid_search,enterprise
C002109,2023-01-10,GB,paid_search,consumer
C002110,2023-01-10,US,organic,consumer
C002111,2023-01-10,GB,paid_search,consumer
C002112,2023-01-10,AU,organic,consumer
C002113,2023-01-10,AU,organic,consumer
C002114,2023-01-10,US,paid_search,consumer
C002115,2023-01-10,US,paid_social,consumer
C002116,2023-01-10,US,paid_social,consumer
C002117,2023-01-10,CA,organic,consumer
C002118,2023-01-10,GB,paid_search,consumer
C002119,2023-01-10,US,paid_social,consumer
C002120,2023-01-10,CA,organic,consumer
C002121,2023-01-10,CA,paid_social,consumer
C002122,2023-01-10,GB,organic,consumer
C002123,2023-01-10,US,paid_social,consumer
C002124,2023-01-10,CA,paid_social,consumer
C002125,2023-01-10,US,paid_search,enterprise
C002126,2023-01-10,US,affiliate,consumer
C002127,2023-01-10,US,paid_social,consumer
C002128,2023-01-10,US,paid_social,enterprise
C002129,2023-01-10,GB,organic,small_business
C002130,2023-01-10,US,affiliate,consumer
C002131,2023-01-10,US,organic,consumer
C002132,2023-01-10,US,paid_search,small_business
C002133,2023-01-10,US,organic,consumer
C002134,2023-01-10,US,paid_search,consumer
C002135,2023-01-10,US,paid_search,consumer
C002136,2023-01-10,AU,organic,consumer
C002137,2023-01-10,AU,organic,small_business
C002138,2023-01-10,US,affiliate,consumer
C002139,2023-01-10,GB,organic,consumer
C002140,2023-01-10,US,paid_search,consumer
C002141,2023-01-10,US,affiliate,consumer
C002142,2023-01-10,US,paid_search,consumer
C002143,2023-01-10,US,paid_social,consumer
C002144,2023-01-10,US,paid_search,small_business
C002145,2023-01-10,US,paid_search,consumer
C002146,2023-01-10,US,paid_social,consumer
C002147,2023-01-10,US,paid_search,consumer
C002148,2023-01-10,GB,paid_search,consumer
C002149,2023-01-10,CA,paid_social,consumer
C002150,2023-01-10,DE,paid_search,consumer
C002151,2023-01-10,DE,affiliate,consumer
C002152,2023-01-10,US,organic,consumer
C002153,2023-01-10,DE,paid_social,enterprise
C002154,2023-01-10,US,organic,consumer
C002155,2023-01-10,CA,referral,consumer
C002156,2023-01-10,DE,organic,enterprise
C002157,2023-01-10,US,paid_search,consumer
C002158,2023-01-10,GB,organic,consumer
C002159,2023-01-10,DE,paid_search,consumer
C002160,2023-01-10,DE,paid_search,small_business
C002161,2023-01-10,US,organic,consumer
C002162,2023-01-10,US,referral,consumer
C002163,2023-01-10,US,organic,small_business
C002164,2023-01-10,US,paid_social,small_business
C002165,2023-01-10,AU,affiliate,consumer
C002166,2023-01-10,US,paid_search,consumer
C002167,2023-01-10,DE,paid_search,consumer
C002168,2023-01-10,US,paid_search,consumer
C002169,2023-01-10,AU,paid_social,consumer
C002170,2023-01-10,GB,paid_social,consumer
C002171,2023-01-10,DE,organic,small_business
C002172,2023-01-10,US,paid_search,small_business
C002173,2023-01-10,GB,paid_search,consumer
C002174,2023-01-10,GB,paid_social,consumer
C002175,2023-01-10,US,organic,consumer
C002176,2023-01-10,DE,organic,consumer
C002177,2023-01-10,AU,paid_search,consumer
C002178,2023-01-10,AU,referral,consumer
C002179,2023-01-10,US,affiliate,consumer
C002180,2023-01-10,US,referral,consumer
C002181,2023-01-10,GB,referral,consumer
C002182,2023-01-10,DE,organic,small_business
C002183,2023-01-10,GB,organic,small_business
C002184,2023-01-10,US,paid_search,consumer
C002185,2023-01-10,US,paid_social,consumer
C002186,2023-01-10,US,paid_search,consumer
C002187,2023-01-10,US,organic,consumer
C002188,2023-01-10,GB,organic,consumer
C002189,2023-01-10,GB,affiliate,consumer
C002190,2023-01-10,GB,referral,consumer
C002191,2023-01-10,US,referral,consumer
C002192,2023-01-10,GB,organic,consumer
C002193,2023-01-10,US,organic,consumer
C002194,2023-01-10,GB,paid_search,consumer
C002195,2023-01-10,US,referral,consumer
C002196,2023-01-10,US,paid_search,consumer
C002197,2023-01-10,US,referral,consumer
C002198,2023-01-10,GB,organic,small_business
C002199,2023-01-11,DE,referral,consumer
C002200,2023-01-11,CA,organic,consumer
C002201,2023-01-11,US,affiliate,consumer
C002202,2023-01-11,US,referral,consumer
C002203,2023-01-11,US,organic,consumer
C002204,2023-01-11,DE,affiliate,consumer
C002205,2023-01-11,US,paid_search,consumer
C002206,2023-01-11,GB,organic,consumer
C002207,2023-01-11,DE,referral,enterprise
C002208,2023-01-11,AU,paid_search,consumer
C002209,2023-01-11,US,organic,consumer
C002210,2023-01-11,US,paid_search,consumer
C002211,2023-01-11,US,organic,consumer
C002212,2023-01-11,GB,affiliate,consumer
C002213,2023-01-11,US,organic,consumer
C002214,2023-01-11,US,referral,consumer
C002215,2023-01-11,US,paid_social,consumer
C002216,2023-01-11,AU,referral,small_business
C002217,2023-01-11,US,paid_search,consumer
C002218,2023-01-11,US,referral,small_business
C002219,2023-01-11,US,paid_social,consumer
C002220,2023-01-11,US,organic,consumer
C002221,2023-01-11,US,organic,small_business
C002222,2023-01-11,DE,organic,consumer
C002223,2023-01-11,AU,referral,consumer
C002224,2023-01-11,US,referral,consumer
C002225,2023-01-11,US,referral,consumer
C002226,2023-01-11,US,paid_social,consumer
C002227,2023-01-11,US,referral,consumer
C002228,2023-01-11,US,organic,small_business
C002229,2023-01-11,AU,referral,small_business
C002230,2023-01-11,GB,paid_search,consumer
C002231,2023-01-11,US,paid_search,consumer
C002232,2023-01-11,US,organic,consumer
C002233,2023-01-11,US,referral,consumer
C002234,2023-01-11,GB,organic,consumer
C002235,2023-01-11,US,paid_search,consumer
C002236,2023-01-11,US,paid_search,consumer
C002237,2023-01-11,US,paid_search,consumer
C002238,2023-01-11,US,organic,consumer
C002239,2023-01-11,US,organic,consumer
C002240,2023-01-11,US,paid_social,consumer
C002241,2023-01-11,US,paid_search,consumer
C002242,2023-01-11,US,affiliate,consumer
C002243,2023-01-11,US,organic,consumer
C002244,2023-01-11,GB,paid_search,small_business
C002245,2023-01-11,US,paid_social,consumer
C002246,2023-01-11,US,affiliate,consumer
C002247,2023-01-11,US,paid_social,consumer
C002248,2023-01-11,US,affiliate,consumer
C002249,2023-01-11,US,referral,enterprise
C002250,2023-01-11,US,paid_search,consumer
C002251,2023-01-11,US,organic,enterprise
C002252,2023-01-11,CA,paid_search,consumer
C002253,2023-01-11,AU,organic,consumer
C002254,2023-01-11,US,referral,consumer
C002255,2023-01-11,US,organic,consumer
C002256,2023-01-11,US,paid_social,consumer
C002257,2023-01-11,US,organic,consumer
C002258,2023-01-11,CA,organic,consumer
C002259,2023-01-11,US,paid_social,consumer
C002260,2023-01-11,US,paid_social,consumer
C002261,2023-01-11,US,referral,consumer
C002262,2023-01-11,US,organic,small_business
C002263,2023-01-11,US,paid_social,enterprise
C002264,2023-01-11,US,referral,consumer
C002265,2023-01-11,AU,affiliate,consumer
C002266,2023-01-11,US,paid_search,small_business
C002267,2023-01-11,US,paid_social,consumer
C002268,2023-01-11,US,paid_search,consumer
C002269,2023-01-11,AU,referral,consumer
C002270,2023-01-11,US,affiliate,consumer
C002271,2023-01-11,US,paid_social,consumer
C002272,2023-01-11,US,affiliate,consumer
C002273,2023-01-11,US,paid_social,consumer
C002274,2023-01-11,AU,organic,small_business
C002275,2023-01-11,US,organic,consumer
C002276,2023-01-11,US,paid_search,consumer
C002277,2023-01-11,GB,organic,consumer
C002278,2023-01-11,US,paid_search,consumer
C002279,2023-01-11,US,organic,consumer
C002280,2023-01-11,US,paid_search,consumer
C002281,2023-01-11,AU,referral,consumer
C002282,2023-01-11,US,organic,consumer
C002283,2023-01-11,GB,organic,consumer
C002284,2023-01-11,GB,paid_social,consumer
C002285,2023-01-11,CA,paid_search,consumer
C002286,2023-01-11,GB,paid_search,consumer
C002287,2023-01-11,US,paid_search,small_business
C002288,2023-01-11,US,paid_social,consumer
C002289,2023-01-11,US,organic,consumer
C002290,2023-01-11,CA,organic,small_business
C002291,2023-01-11,US,paid_search,consumer
C002292,2023-01-11,US,referral,small_business
C002293,2023-01-11,US,paid_social,consumer
C002294,2023-01-11,US,paid_search,consumer
C002295,2023-01-11,US,paid_search,consumer
C002296,2023-01-11,US,organic,consumer
C002297,2023-01-11,US,referral,consumer
C002298,2023-01-11,CA,organic,small_business
C002299,2023-01-11,AU,referral,consumer
C002300,2023-01-11,DE,paid_search,consumer
C002301,2023-01-11,US,paid_social,consumer
C002302,2023-01-11,US,paid_search,consumer
C002303,2023-01-11,DE,paid_social,consumer
C002304,2023-01-11,US,organic,consumer
C002305,2023-01-11,US,paid_social,consumer
C002306,2023-01-11,CA,organic,consumer
C002307,2023-01-11,US,paid_search,consumer
C002308,2023-01-11,CA,paid_social,small_business
C002309,2023-01-11,AU,paid_social,consumer
C002310,2023-01-11,US,organic,small_business
C002311,2023-01-11,GB,organic,consumer
C002312,2023-01-11,GB,referral,consumer
C002313,2023-01-11,US,affiliate,consumer
C002314,2023-01-11,US,paid_social,consumer
C002315,2023-01-11,US,affiliate,consumer
C002316,2023-01-11,US,organic,consumer
C002317,2023-01-11,AU,referral,small_business
C002318,2023-01-11,GB,organic,consumer
C002319,2023-01-11,US,paid_social,consumer
C002320,2023-01-11,GB,paid_social,consumer
C002321,2023-01-11,DE,organic,consumer
C002322,2023-01-11,CA,paid_social,consumer
C002323,2023-01-11,CA,paid_social,consumer
C002324,2023-01-11,US,paid_search,consumer
C002325,2023-01-11,US,organic,consumer
C002326,2023-01-11,US,organic,small_business
C002327,2023-01-11,US,organic,consumer
C002328,2023-01-11,US,paid_social,consumer
C002329,2023-01-11,US,organic,consumer
C002330,2023-01-11,DE,organic,consumer
C002331,2023-01-11,US,paid_search,consumer
C002332,2023-01-11,US,paid_social,consumer
C002333,2023-01-11,US,paid_search,consumer
C002334,2023-01-11,US,paid_search,consumer
C002335,2023-01-11,DE,referral,consumer
C002336,2023-01-11,GB,affiliate,consumer
C002337,2023-01-11,AU,organic,consumer
C002338,2023-01-11,US,paid_social,consumer
C002339,2023-01-11,US,organic,consumer
C002340,2023-01-11,US,organic,consumer
C002341,2023-01-11,US,referral,consumer
C002342,2023-01-11,GB,paid_social,consumer
C002343,2023-01-11,US,paid_social,consumer
C002344,2023-01-11,CA,referral,consumer
C002345,2023-01-11,GB,paid_search,consumer
C002346,2023-01-11,US,referral,consumer
C002347,2023-01-11,US,organic,consumer
C002348,2023-01-11,US,paid_search,consumer
C002349,2023-01-11,US,organic,consumer
C002350,2023-01-11,US,paid_social,consumer
C002351,2023-01-11,US,paid_search,consumer
C002352,2023-01-11,CA,organic,enterprise
C002353,2023-01-11,GB,organic,consumer
C002354,2023-01-11,US,paid_search,consumer
C002355,2023-01-11,US,paid_social,consumer
C002356,2023-01-11,US,affiliate,consumer
C002357,2023-01-11,GB,organic,consumer
C002358,2023-01-11,US,affiliate,consumer
C002359,2023-01-11,GB,affiliate,consumer
C002360,2023-01-11,AU,organic,small_business
C002361,2023-01-11,DE,affiliate,consumer
C002362,2023-01-11,CA,paid_social,consumer
C002363,2023-01-11,DE,affiliate,consumer
C002364,2023-01-11,AU,paid_social,consumer
C002365,2023-01-11,US,organic,small_business
C002366,2023-01-11,US,referral,consumer
C002367,2023-01-11,US,paid_search,consumer
C002368,2023-01-11,CA,organic,consumer
C002369,2023-01-11,US,paid_social,consumer
C002370,2023-01-11,CA,organic,small_business
C002371,2023-01-11,US,affiliate,consumer
C002372,2023-01-11,US,paid_social,consumer
C002373,2023-01-11,AU,organic,consumer
C002374,2023-01-11,US,organic,consumer
C002375,2023-01-11,US,organic,consumer
C002376,2023-01-11,DE,paid_social,consumer
C002377,2023-01-11,DE,referral,consumer
C002378,2023-01-11,US,paid_search,small_business
C002379,2023-01-11,US,paid_social,small_business
C002380,2023-01-11,US,paid_search,consumer
C002381,2023-01-11,GB,affiliate,small_business
C002382,2023-01-11,GB,paid_search,consumer
C002383,2023-01-11,DE,organic,small_business
C002384,2023-01-11,AU,organic,consumer
C002385,2023-01-11,GB,paid_social,consumer
C002386,2023-01-11,US,organic,consumer
C002387,2023-01-11,US,paid_search,consumer
C002388,2023-01-11,US,affiliate,consumer
C002389,2023-01-11,GB,organic,consumer
C002390,2023-01-11,US,organic,consumer
C002391,2023-01-11,US,organic,consumer
C002392,2023-01-11,US,organic,consumer
C002393,2023-01-11,DE,paid_search,consumer
C002394,2023-01-11,GB,referral,consumer
C002395,2023-01-11,US,organic,consumer
C002396,2023-01-11,US,referral,consumer
C002397,2023-01-11,US,referral,consumer
C002398,2023-01-11,US,organic,consumer
C002399,2023-01-11,US,paid_search,consumer
C002400,2023-01-11,DE,paid_search,consumer
C002401,2023-01-11,DE,organic,enterprise
C002402,2023-01-11,GB,organic,small_business
C002403,2023-01-11,US,paid_search,consumer
C002404,2023-01-11,CA,paid_social,consumer
C002405,2023-01-11,US,paid_search,consumer
C002406,2023-01-11,US,affiliate,consumer
C002407,2023-01-11,US,paid_search,consumer
C002408,2023-01-11,US,organic,consumer
C002409,2023-01-11,US,organic,consumer
C002410,2023-01-11,US,paid_search,consumer
C002411,2023-01-11,US,paid_social,consumer
C002412,2023-01-11,US,organic,small_business
C002413,2023-01-11,US,organic,consumer
C002414,2023-01-11,US,paid_search,consumer
C002415,2023-01-11,CA,affiliate,small_business
C002416,2023-01-11,GB,affiliate,consumer
C002417,2023-01-11,US,referral,consumer
C002418,2023-01-11,GB,affiliate,consumer
C002419,2023-01-12,AU,affiliate,consumer
C002420,2023-01-12,US,paid_social,consumer
C002421,2023-01-12,US,organic,small_business
C002422,2023-01-12,CA,paid_social,small_business
C002423,2023-01-12,AU,paid_search,small_business
C002424,2023-01-12,US,paid_search,consumer
C002425,2023-01-12,CA,referral,consumer
C002426,2023-01-12,US,affiliate,small_business
C002427,2023-01-12,US,organic,consumer
C002428,2023-01-12,DE,paid_search,consumer
C002429,2023-01-12,AU,paid_search,small_business
C002430,2023-01-12,US,paid_search,enterprise
C002431,2023-01-12,US,organic,consumer
C002432,2023-01-12,US,paid_social,consumer
C002433,2023-01-12,US,paid_social,consumer
C002434,2023-01-12,US,paid_social,consumer
C002435,2023-01-12,US,paid_search,consumer
C002436,2023-01-12,US,paid_search,consumer
C002437,2023-01-12,AU,organic,enterprise
C002438,2023-01-12,GB,referral,consumer
C002439,2023-01-12,US,paid_search,consumer
C002440,2023-01-12,US,organic,consumer
C002441,2023-01-12,CA,paid_search,small_business
C002442,2023-01-12,US,paid_search,consumer
C002443,2023-01-12,CA,paid_search,small_business
C002444,2023-01-12,GB,organic,consumer
C002445,2023-01-12,US,paid_search,small_business
C002446,2023-01-12,AU,organic,consumer
C002447,2023-01-12,US,affiliate,consumer
C002448,2023-01-12,US,organic,consumer
C002449,2023-01-12,DE,paid_search,consumer
C002450,2023-01-12,US,organic,small_business
C002451,2023-01-12,GB,organic,consumer
C002452,2023-01-12,US,organic,consumer
C002453,2023-01-12,US,referral,consumer
C002454,2023-01-12,US,paid_search,consumer
C002455,2023-01-12,US,paid_search,consumer
C002456,2023-01-12,CA,referral,consumer
C002457,2023-01-12,US,referral,consumer
C002458,2023-01-12,CA,organic,consumer
C002459,2023-01-12,AU,organic,consumer
C002460,2023-01-12,US,referral,consumer
C002461,2023-01-12,AU,referral,consumer
C002462,2023-01-12,US,organic,consumer
C002463,2023-01-12,US,organic,small_business
C002464,2023-01-12,US,paid_search,consumer
C002465,2023-01-12,GB,paid_search,small_business
C002466,2023-01-12,AU,paid_search,consumer
C002467,2023-01-12,US,paid_search,consumer
C002468,2023-01-12,US,paid_search,consumer
C002469,2023-01-12,US,organic,consumer
C002470,2023-01-12,US,organic,consumer
C002471,2023-01-12,US,organic,small_business
C002472,2023-01-12,US,organic,small_business
C002473,2023-01-12,US,organic,consumer
C002474,2023-01-12,US,paid_search,consumer
C002475,2023-01-12,US,referral,consumer
C002476,2023-01-12,US,paid_search,small_business
C002477,2023-01-12,US,organic,consumer
C002478,2023-01-12,US,paid_search,consumer
C002479,2023-01-12,US,referral,small_business
C002480,2023-01-12,US,organic,consumer
C002481,2023-01-12,US,organic,consumer
C002482,2023-01-12,AU,paid_social,consumer
C002483,2023-01-12,GB,affiliate,consumer
C002484,2023-01-12,US,paid_search,consumer
C002485,2023-01-12,US,referral,consumer
C002486,2023-01-12,DE,referral,consumer
C002487,2023-01-12,GB,organic,consumer
C002488,2023-01-12,US,organic,consumer
C002489,2023-01-12,CA,organic,consumer
C002490,2023-01-12,US,paid_search,consumer
C002491,2023-01-12,US,paid_search,consumer
C002492,2023-01-12,CA,organic,consumer
C002493,2023-01-12,US,paid_social,consumer
C002494,2023-01-12,CA,paid_social,consumer
C002495,2023-01-12,GB,paid_search,consumer
C002496,2023-01-12,US,referral,consumer
C002497,2023-01-12,US,paid_social,consumer
C002498,2023-01-12,US,referral,small_business
C002499,2023-01-12,CA,paid_search,consumer
C002500,2023-01-12,CA,paid_search,consumer
C002501,2023-01-12,US,paid_social,consumer
C002502,2023-01-12,AU,organic,consumer
C002503,2023-01-12,AU,paid_search,small_business
C002504,2023-01-12,GB,paid_social,consumer
C002505,2023-01-12,AU,organic,small_business
C002506,2023-01-12,GB,paid_search,consumer
C002507,2023-01-12,US,organic,small_business
C002508,2023-01-12,US,paid_social,small_business
C002509,2023-01-12,US,affiliate,consumer
C002510,2023-01-12,DE,paid_search,consumer
C002511,2023-01-12,US,paid_search,small_business
C002512,2023-01-12,US,paid_search,consumer
C002513,2023-01-12,DE,organic,consumer
C002514,2023-01-12,DE,organic,consumer
C002515,2023-01-12,US,paid_search,consumer
C002516,2023-01-12,US,affiliate,consumer
C002517,2023-01-12,US,paid_social,small_business
C002518,2023-01-12,US,organic,consumer
C002519,2023-01-12,US,referral,consumer
C002520,2023-01-12,US,paid_social,consumer
C002521,2023-01-12,US,organic,consumer
C002522,2023-01-12,US,paid_search,consumer
C002523,2023-01-12,GB,organic,consumer
C002524,2023-01-12,US,affiliate,consumer
C002525,2023-01-12,US,paid_social,consumer
C002526,2023-01-12,US,organic,consumer
C002527,2023-01-12,US,organic,enterprise
C002528,2023-01-12,GB,affiliate,consumer
C002529,2023-01-12,US,paid_search,consumer
C002530,2023-01-12,DE,organic,consumer
C002531,2023-01-12,US,paid_social,consumer
C002532,2023-01-12,US,paid_social,consumer
C002533,2023-01-12,GB,paid_search,consumer
C002534,2023-01-12,US,paid_search,small_business
C002535,2023-01-12,AU,affiliate,small_business
C002536,2023-01-12,US,referral,consumer
C002537,2023-01-12,US,paid_social,consumer
C002538,2023-01-12,CA,referral,consumer
C002539,2023-01-12,AU,organic,consumer
C002540,2023-01-12,US,paid_search,consumer
C002541,2023-01-12,US,paid_search,consumer
C002542,2023-01-12,US,referral,consumer
C002543,2023-01-12,US,organic,small_business
C002544,2023-01-12,US,affiliate,consumer
C002545,2023-01-12,US,paid_search,consumer
C002546,2023-01-12,US,referral,consumer
C002547,2023-01-12,US,organic,small_business
C002548,2023-01-12,US,paid_social,consumer
C002549,2023-01-12,GB,paid_search,consumer
C002550,2023-01-12,US,organic,consumer
C002551,2023-01-12,US,organic,small_business
C002552,2023-01-12,DE,organic,consumer
C002553,2023-01-12,US,referral,consumer
C002554,2023-01-12,DE,affiliate,consumer
C002555,2023-01-12,US,organic,consumer
C002556,2023-01-12,US,referral,consumer
C002557,2023-01-12,GB,affiliate,small_business
C002558,2023-01-12,CA,organic,consumer
C002559,2023-01-12,US,paid_social,consumer
C002560,2023-01-12,US,paid_social,consumer
C002561,2023-01-12,AU,paid_search,consumer
C002562,2023-01-12,DE,paid_search,consumer
C002563,2023-01-12,GB,organic,consumer
C002564,2023-01-12,US,referral,consumer
C002565,2023-01-12,US,organic,consumer
C002566,2023-01-12,US,organic,consumer
C002567,2023-01-12,US,paid_search,consumer
C002568,2023-01-12,GB,affiliate,small_business
C002569,2023-01-12,GB,organic,consumer
C002570,2023-01-12,US,paid_social,consumer
C002571,2023-01-12,US,organic,consumer
C002572,2023-01-12,US,organic,consumer
C002573,2023-01-12,US,paid_social,consumer
C002574,2023-01-12,US,affiliate,consumer
C002575,2023-01-12,US,paid_social,consumer
C002576,2023-01-12,US,paid_search,consumer
C002577,2023-01-12,US,referral,consumer
C002578,2023-01-12,GB,paid_social,consumer
C002579,2023-01-12,US,paid_search,consumer
C002580,2023-01-12,US,organic,consumer
C002581,2023-01-12,US,organic,small_business
C002582,2023-01-12,US,organic,small_business
C002583,2023-01-12,AU,organic,consumer
C002584,2023-01-12,US,affiliate,consumer
C002585,2023-01-12,US,organic,small_business
C002586,2023-01-12,US,affiliate,consumer
C002587,2023-01-12,DE,paid_social,consumer
C002588,2023-01-12,US,paid_search,consumer
C002589,2023-01-12,US,paid_social,consumer
C002590,2023-01-12,US,paid_social,consumer
C002591,2023-01-12,US,organic,consumer
C002592,2023-01-12,US,paid_social,consumer
C002593,2023-01-12,US,referral,consumer
C002594,2023-01-12,US,organic,consumer
C002595,2023-01-12,US,paid_social,consumer
C002596,2023-01-12,DE,referral,consumer
C002597,2023-01-12,US,organic,consumer
C002598,2023-01-12,US,affiliate,consumer
C002599,2023-01-12,US,organic,consumer
C002600,2023-01-12,US,referral,consumer
C002601,2023-01-12,AU,paid_social,consumer
C002602,2023-01-12,CA,organic,consumer
C002603,2023-01-12,US,paid_search,consumer
C002604,2023-01-12,AU,paid_search,small_business
C002605,2023-01-12,AU,organic,small_business
C002606,2023-01-12,US,paid_search,consumer
C002607,2023-01-12,GB,paid_search,consumer
C002608,2023-01-12,US,organic,consumer
C002609,2023-01-12,US,paid_social,consumer
C002610,2023-01-12,US,organic,consumer
C002611,2023-01-12,DE,paid_search,consumer
C002612,2023-01-12,US,paid_search,consumer
C002613,2023-01-12,US,paid_social,enterprise
C002614,2023-01-12,GB,paid_search,consumer
C002615,2023-01-12,DE,organic,consumer
C002616,2023-01-12,AU,organic,consumer
C002617,2023-01-12,US,paid_social,consumer
C002618,2023-01-12,US,paid_search,consumer
C002619,2023-01-12,US,affiliate,consumer
C002620,2023-01-12,CA,organic,consumer
C002621,2023-01-12,CA,organic,consumer
C002622,2023-01-12,US,paid_search,consumer
C002623,2023-01-12,DE,paid_search,consumer
C002624,2023-01-12,AU,referral,consumer
C002625,2023-01-12,US,paid_social,consumer
C002626,2023-01-12,US,paid_search,consumer
C002627,2023-01-12,US,paid_social,consumer
C002628,2023-01-12,US,organic,consumer
C002629,2023-01-12,DE,organic,consumer
C002630,2023-01-12,US,referral,consumer
C002631,2023-01-12,US,referral,small_business
C002632,2023-01-12,CA,paid_social,consumer
C002633,2023-01-12,US,paid_social,consumer
C002634,2023-01-12,US,organic,consumer
C002635,2023-01-12,US,organic,consumer
C002636,2023-01-12,GB,organic,consumer
C002637,2023-01-12,DE,referral,consumer
C002638,2023-01-12,US,organic,consumer
C002639,2023-01-13,US,referral,consumer
C002640,2023-01-13,US,paid_search,consumer
C002641,2023-01-13,US,paid_search,consumer
C002642,2023-01-13,US,organic,consumer
C002643,2023-01-13,US,organic,consumer
C002644,2023-01-13,US,referral,consumer
C002645,2023-01-13,US,paid_search,small_business
C002646,2023-01-13,US,paid_search,enterprise
C002647,2023-01-13,CA,paid_search,consumer
C002648,2023-01-13,AU,paid_search,consumer
C002649,2023-01-13,US,organic,small_business
C002650,2023-01-13,US,affiliate,consumer
C002651,2023-01-13,US,affiliate,consumer
C002652,2023-01-13,US,paid_search,consumer
C002653,2023-01-13,DE,organic,consumer
C002654,2023-01-13,US,affiliate,small_business
C002655,2023-01-13,US,referral,small_business
C002656,2023-01-13,US,organic,consumer
C002657,2023-01-13,GB,paid_search,small_business
C002658,2023-01-13,US,paid_search,consumer
C002659,2023-01-13,US,organic,consumer
C002660,2023-01-13,US,organic,consumer
C002661,2023-01-13,US,organic,consumer
C002662,2023-01-13,US,organic,consumer
C002663,2023-01-13,US,referral,consumer
C002664,2023-01-13,US,referral,consumer
C002665,2023-01-13,CA,paid_search,small_business
C002666,2023-01-13,US,organic,consumer
C002667,2023-01-13,US,organic,consumer
C002668,2023-01-13,CA,paid_search,consumer
C002669,2023-01-13,GB,paid_social,small_business
C002670,2023-01-13,US,affiliate,consumer
C002671,2023-01-13,AU,organic,consumer
C002672,2023-01-13,US,organic,consumer
C002673,2023-01-13,US,paid_social,consumer
C002674,2023-01-13,US,organic,consumer
C002675,2023-01-13,CA,organic,consumer
C002676,2023-01-13,US,paid_social,small_business
C002677,2023-01-13,CA,affiliate,consumer
C002678,2023-01-13,CA,paid_search,consumer
C002679,2023-01-13,GB,referral,consumer
C002680,2023-01-13,CA,paid_search,consumer
C002681,2023-01-13,US,organic,consumer
C002682,2023-01-13,CA,organic,consumer
C002683,2023-01-13,CA,organic,enterprise
C002684,2023-01-13,US,affiliate,consumer
C002685,2023-01-13,GB,organic,consumer
C002686,2023-01-13,US,paid_search,consumer
C002687,2023-01-13,DE,organic,consumer
C002688,2023-01-13,US,organic,consumer
C002689,2023-01-13,US,affiliate,consumer
C002690,2023-01-13,AU,paid_social,consumer
C002691,2023-01-13,CA,paid_search,consumer
C002692,2023-01-13,US,affiliate,consumer
C002693,2023-01-13,DE,organic,consumer
C002694,2023-01-13,AU,paid_social,consumer
C002695,2023-01-13,US,organic,consumer
C002696,2023-01-13,US,organic,consumer
C002697,2023-01-13,US,organic,enterprise
C002698,2023-01-13,US,paid_social,consumer
C002699,2023-01-13,US,referral,consumer
C002700,2023-01-13,AU,paid_search,consumer
C002701,2023-01-13,DE,organic,small_business
C002702,2023-01-13,AU,organic,consumer
C002703,2023-01-13,US,paid_social,consumer
C002704,2023-01-13,US,referral,small_business
C002705,2023-01-13,GB,paid_social,consumer
C002706,2023-01-13,US,paid_social,consumer
C002707,2023-01-13,US,referral,consumer
C002708,2023-01-13,AU,organic,consumer
C002709,2023-01-13,US,paid_social,consumer
C002710,2023-01-13,US,organic,consumer
C002711,2023-01-13,DE,organic,consumer
C002712,2023-01-13,US,paid_social,consumer
C002713,2023-01-13,US,referral,consumer
C002714,2023-01-13,US,organic,consumer
C002715,2023-01-13,DE,organic,consumer
C002716,2023-01-13,GB,organic,consumer
C002717,2023-01-13,US,paid_search,consumer
C002718,2023-01-13,US,affiliate,small_business
C002719,2023-01-13,AU,paid_search,small_business
C002720,2023-01-13,US,organic,small_business
C002721,2023-01-13,US,organic,consumer
C002722,2023-01-13,US,paid_social,consumer
C002723,2023-01-13,US,affiliate,consumer
C002724,2023-01-13,AU,organic,consumer
C002725,2023-01-13,DE,organic,consumer
C002726,2023-01-13,US,organic,consumer
C002727,2023-01-13,US,referral,small_business
C002728,2023-01-13,US,paid_social,consumer
C002729,2023-01-13,US,referral,consumer
C002730,2023-01-13,US,referral,consumer
C002731,2023-01-13,GB,affiliate,consumer
C002732,2023-01-13,GB,paid_social,consumer
C002733,2023-01-13,US,paid_social,consumer
C002734,2023-01-13,AU,referral,consumer
C002735,2023-01-13,US,paid_search,consumer
C002736,2023-01-13,CA,organic,consumer
C002737,2023-01-13,US,referral,consumer
C002738,2023-01-13,CA,organic,consumer
C002739,2023-01-13,US,organic,consumer
C002740,2023-01-13,US,referral,consumer
C002741,2023-01-13,US,organic,consumer
C002742,2023-01-13,US,referral,consumer
C002743,2023-01-13,US,organic,consumer
C002744,2023-01-13,DE,paid_social,consumer
C002745,2023-01-13,US,organic,consumer
C002746,2023-01-13,DE,referral,consumer
C002747,2023-01-13,US,referral,consumer
C002748,2023-01-13,CA,affiliate,consumer
C002749,2023-01-13,US,paid_search,consumer
C002750,2023-01-13,AU,paid_search,consumer
C002751,2023-01-13,US,paid_search,consumer
C002752,2023-01-13,AU,organic,small_business
C002753,2023-01-13,AU,paid_social,consumer
C002754,2023-01-13,US,paid_search,consumer
C002755,2023-01-13,CA,paid_search,consumer
C002756,2023-01-13,US,paid_search,consumer
C002757,2023-01-13,US,affiliate,consumer
C002758,2023-01-13,US,organic,consumer
C002759,2023-01-13,US,paid_social,consumer
C002760,2023-01-13,US,paid_social,consumer
C002761,2023-01-13,US,referral,consumer
C002762,2023-01-13,US,organic,consumer
C002763,2023-01-13,GB,organic,small_business
C002764,2023-01-13,CA,affiliate,consumer
C002765,2023-01-13,US,organic,small_business
C002766,2023-01-13,US,paid_social,consumer
C002767,2023-01-13,CA,paid_social,consumer
C002768,2023-01-13,CA,referral,consumer
C002769,2023-01-13,US,paid_search,consumer
C002770,2023-01-13,DE,paid_search,consumer
C002771,2023-01-13,US,paid_social,consumer
C002772,2023-01-13,US,affiliate,consumer
C002773,2023-01-13,US,referral,consumer
C002774,2023-01-13,US,organic,consumer
C002775,2023-01-13,DE,referral,consumer
C002776,2023-01-13,DE,paid_search,small_business
C002777,2023-01-13,US,paid_social,small_business
C002778,2023-01-13,US,affiliate,consumer
C002779,2023-01-13,US,organic,consumer
C002780,2023-01-13,US,paid_social,consumer
C002781,2023-01-13,DE,referral,consumer
C002782,2023-01-13,DE,organic,consumer
C002783,2023-01-13,US,paid_search,consumer
C002784,2023-01-13,US,paid_search,consumer
C002785,2023-01-13,US,organic,small_business
C002786,2023-01-13,AU,paid_social,consumer
C002787,2023-01-13,US,paid_search,small_business
C002788,2023-01-13,US,organic,consumer
C002789,2023-01-13,GB,paid_search,consumer
C002790,2023-01-13,US,referral,consumer
C002791,2023-01-13,US,organic,consumer
C002792,2023-01-13,US,organic,consumer
C002793,2023-01-13,CA,paid_search,consumer
C002794,2023-01-13,US,referral,consumer
C002795,2023-01-13,US,organic,consumer
C002796,2023-01-13,US,affiliate,small_business
C002797,2023-01-13,US,referral,consumer
C002798,2023-01-13,US,organic,consumer
C002799,2023-01-13,US,affiliate,consumer
C002800,2023-01-13,US,paid_search,consumer
C002801,2023-01-13,US,organic,consumer
C002802,2023-01-13,AU,paid_search,enterprise
C002803,2023-01-13,AU,affiliate,consumer
C002804,2023-01-13,US,paid_social,consumer
C002805,2023-01-13,DE,paid_social,enterprise
C002806,2023-01-13,US,referral,consumer
C002807,2023-01-13,GB,referral,consumer
C002808,2023-01-13,US,organic,consumer
C002809,2023-01-13,US,affiliate,consumer
C002810,2023-01-13,US,paid_social,consumer
C002811,2023-01-13,US,organic,consumer
C002812,2023-01-13,US,paid_social,consumer
C002813,2023-01-13,AU,paid_social,consumer
C002814,2023-01-13,US,paid_social,consumer
C002815,2023-01-13,US,paid_social,consumer
C002816,2023-01-13,AU,paid_search,consumer
C002817,2023-01-13,US,referral,consumer
C002818,2023-01-13,US,paid_search,consumer
C002819,2023-01-13,US,paid_social,small_business
C002820,2023-01-13,US,organic,consumer
C002821,2023-01-13,US,referral,consumer
C002822,2023-01-13,US,organic,consumer
C002823,2023-01-13,CA,paid_search,consumer
C002824,2023-01-13,GB,paid_search,consumer
C002825,2023-01-13,GB,organic,small_business
C002826,2023-01-13,US,paid_search,consumer
C002827,2023-01-13,US,affiliate,consumer
C002828,2023-01-13,US,paid_social,consumer
C002829,2023-01-13,US,organic,consumer
C002830,2023-01-13,US,referral,consumer
C002831,2023-01-13,US,paid_social,consumer
C002832,2023-01-13,US,paid_search,consumer
C002833,2023-01-13,DE,paid_search,consumer
C002834,2023-01-13,CA,organic,consumer
C002835,2023-01-13,US,paid_social,consumer
C002836,2023-01-13,US,referral,consumer
C002837,2023-01-13,CA,organic,enterprise
C002838,2023-01-13,US,paid_search,consumer
C002839,2023-01-13,DE,organic,small_business
C002840,2023-01-13,US,organic,consumer
C002841,2023-01-13,US,paid_search,consumer
C002842,2023-01-13,DE,affiliate,small_business
C002843,2023-01-13,US,paid_search,consumer
C002844,2023-01-13,AU,paid_search,consumer
C002845,2023-01-13,US,organic,consumer
C002846,2023-01-13,DE,organic,consumer
C002847,2023-01-13,AU,paid_search,enterprise
C002848,2023-01-13,GB,organic,small_business
C002849,2023-01-13,US,paid_social,enterprise
C002850,2023-01-13,AU,paid_search,enterprise
C002851,2023-01-13,US,affiliate,small_business
C002852,2023-01-13,GB,organic,consumer
C002853,2023-01-13,US,organic,consumer
C002854,2023-01-13,DE,paid_search,small_business
C002855,2023-01-13,US,referral,consumer
C002856,2023-01-13,US,paid_search,consumer
C002857,2023-01-13,GB,paid_search,small_business
C002858,2023-01-13,CA,paid_search,consumer
C002859,2023-01-14,US,affiliate,consumer
C002860,2023-01-14,CA,paid_social,small_business
C002861,2023-01-14,US,referral,consumer
C002862,2023-01-14,US,paid_search,consumer
C002863,2023-01-14,US,organic,consumer
C002864,2023-01-14,US,paid_social,consumer
C002865,2023-01-14,CA,paid_search,consumer
C002866,2023-01-14,US,paid_search,consumer
C002867,2023-01-14,US,organic,consumer
C002868,2023-01-14,US,paid_social,consumer
C002869,2023-01-14,US,paid_social,enterprise
C002870,2023-01-14,US,referral,small_business
C002871,2023-01-14,US,referral,consumer
C002872,2023-01-14,US,organic,consumer
C002873,2023-01-14,US,paid_search,consumer
C002874,2023-01-14,US,referral,consumer
C002875,2023-01-14,US,paid_search,consumer
C002876,2023-01-14,DE,paid_search,consumer
C002877,2023-01-14,US,organic,consumer
C002878,2023-01-14,US,paid_search,enterprise
C002879,2023-01-14,AU,organic,small_business
C002880,2023-01-14,US,paid_search,consumer
C002881,2023-01-14,GB,paid_search,consumer
C002882,2023-01-14,CA,affiliate,consumer
C002883,2023-01-14,US,paid_social,consumer
C002884,2023-01-14,DE,paid_social,consumer
C002885,2023-01-14,US,paid_search,consumer
C002886,2023-01-14,CA,affiliate,consumer
C002887,2023-01-14,US,organic,consumer
C002888,2023-01-14,US,organic,consumer
C002889,2023-01-14,US,affiliate,consumer
C002890,2023-01-14,US,organic,consumer
C002891,2023-01-14,CA,affiliate,consumer
C002892,2023-01-14,AU,organic,consumer
C002893,2023-01-14,AU,paid_search,consumer
C002894,2023-01-14,US,paid_social,enterprise
C002895,2023-01-14,US,affiliate,consumer
C002896,2023-01-14,AU,paid_search,consumer
C002897,2023-01-14,US,paid_social,consumer
C002898,2023-01-14,US,organic,consumer
C002899,2023-01-14,AU,organic,consumer
C002900,2023-01-14,AU,affiliate,consumer
C002901,2023-01-14,US,organic,small_business
C002902,2023-01-14,US,organic,small_business
C002903,2023-01-14,AU,organic,consumer
C002904,2023-01-14,US,organic,consumer
C002905,2023-01-14,GB,organic,consumer
C002906,2023-01-14,US,paid_search,small_business
C002907,2023-01-14,GB,organic,consumer
C002908,2023-01-14,GB,organic,consumer
C002909,2023-01-14,DE,referral,consumer
C002910,2023-01-14,GB,paid_social,consumer
C002911,2023-01-14,US,paid_social,consumer
C002912,2023-01-14,DE,referral,consumer
C002913,2023-01-14,US,paid_social,consumer
C002914,2023-01-14,DE,organic,consumer
C002915,2023-01-14,US,paid_search,small_business
C002916,2023-01-14,US,paid_social,consumer
C002917,2023-01-14,US,referral,consumer
C002918,2023-01-14,AU,referral,consumer
C002919,2023-01-14,US,organic,consumer
C002920,2023-01-14,DE,organic,consumer
C002921,2023-01-14,US,organic,consumer
C002922,2023-01-14,GB,organic,consumer
C002923,2023-01-14,CA,referral,consumer
C002924,2023-01-14,US,referral,consumer
C002925,2023-01-14,US,referral,consumer
C002926,2023-01-14,US,paid_search,consumer
C002927,2023-01-14,US,paid_social,consumer
C002928,2023-01-14,US,referral,consumer
C002929,2023-01-14,GB,affiliate,consumer
C002930,2023-01-14,US,paid_social,consumer
C002931,2023-01-14,US,paid_social,consumer
C002932,2023-01-14,GB,affiliate,consumer
C002933,2023-01-14,GB,paid_search,consumer
C002934,2023-01-14,AU,paid_search,consumer
C002935,2023-01-14,US,paid_social,consumer
C002936,2023-01-14,US,paid_social,small_business
C002937,2023-01-14,US,paid_social,consumer
C002938,2023-01-14,US,organic,consumer
C002939,2023-01-14,CA,paid_social,consumer
C002940,2023-01-14,GB,paid_social,consumer
C002941,2023-01-14,US,paid_social,small_business
C002942,2023-01-14,AU,paid_search,consumer
C002943,2023-01-14,US,referral,small_business
C002944,2023-01-14,CA,organic,consumer
C002945,2023-01-14,US,paid_search,consumer
C002946,2023-01-14,US,organic,consumer
C002947,2023-01-14,GB,organic,consumer
C002948,2023-01-14,US,referral,consumer
C002949,2023-01-14,GB,referral,consumer
C002950,2023-01-14,CA,affiliate,consumer
C002951,2023-01-14,US,paid_search,consumer
C002952,2023-01-14,CA,organic,small_business
C002953,2023-01-14,CA,paid_search,consumer
C002954,2023-01-14,US,referral,consumer
C002955,2023-01-14,US,paid_search,consumer
C002956,2023-01-14,US,organic,consumer
C002957,2023-01-14,GB,paid_social,consumer
C002958,2023-01-14,AU,affiliate,consumer
C002959,2023-01-14,US,paid_search,consumer
C002960,2023-01-14,AU,organic,consumer
C002961,2023-01-14,GB,organic,consumer
C002962,2023-01-14,DE,paid_search,consumer
C002963,2023-01-14,US,affiliate,consumer
C002964,2023-01-14,US,paid_social,consumer
C002965,2023-01-14,GB,referral,consumer
C002966,2023-01-14,US,organic,consumer
C002967,2023-01-14,CA,organic,small_business
C002968,2023-01-14,GB,paid_search,consumer
C002969,2023-01-14,GB,referral,consumer
C002970,2023-01-14,GB,paid_search,consumer
C002971,2023-01-14,AU,paid_social,small_business
C002972,2023-01-14,US,referral,small_business
C002973,2023-01-14,US,paid_search,consumer
C002974,2023-01-14,US,paid_search,consumer
C002975,2023-01-14,US,paid_social,consumer
C002976,2023-01-14,US,organic,consumer
C002977,2023-01-14,AU,paid_social,consumer
C002978,2023-01-14,US,paid_social,consumer
C002979,2023-01-14,CA,paid_social,consumer
C002980,2023-01-14,CA,affiliate,consumer
C002981,2023-01-14,US,paid_social,consumer
C002982,2023-01-14,GB,paid_search,consumer
C002983,2023-01-14,GB,referral,consumer
C002984,2023-01-14,US,affiliate,consumer
C002985,2023-01-14,US,paid_social,small_business
C002986,2023-01-14,CA,paid_search,consumer
C002987,2023-01-14,US,paid_search,consumer
C002988,2023-01-14,US,affiliate,small_business
C002989,2023-01-14,US,paid_social,consumer
C002990,2023-01-14,US,paid_social,small_business
C002991,2023-01-14,US,referral,consumer
C002992,2023-01-14,DE,paid_search,consumer
C002993,2023-01-14,US,paid_social,small_business
C002994,2023-01-14,US,affiliate,consumer
C002995,2023-01-14,US,referral,consumer
C002996,2023-01-14,AU,paid_search,small_business
C002997,2023-01-14,CA,organic,consumer
C002998,2023-01-14,US,paid_social,consumer
C002999,2023-01-14,US,referral,consumer
C003000,2023-01-14,GB,organic,small_business
C003001,2023-01-14,US,organic,small_business
C003002,2023-01-14,US,affiliate,consumer
C003003,2023-01-14,AU,affiliate,consumer
C003004,2023-01-14,US,paid_social,small_business
C003005,2023-01-14,US,paid_search,consumer
C003006,2023-01-14,US,referral,consumer
C003007,2023-01-14,US,affiliate,small_business
C003008,2023-01-14,GB,affiliate,consumer
C003009,2023-01-14,CA,organic,consumer
C003010,2023-01-14,CA,paid_search,consumer
C003011,2023-01-14,US,organic,consumer
C003012,2023-01-14,US,paid_search,consumer
C003013,2023-01-14,US,paid_search,consumer
C003014,2023-01-14,AU,paid_search,consumer
C003015,2023-01-14,US,paid_social,consumer
C003016,2023-01-14,DE,organic,consumer
C003017,2023-01-14,US,referral,consumer
C003018,2023-01-14,AU,paid_social,consumer
C003019,2023-01-14,US,paid_search,consumer
C003020,2023-01-14,DE,paid_social,consumer
C003021,2023-01-14,CA,referral,small_business
C003022,2023-01-14,US,organic,consumer
C003023,2023-01-14,US,organic,small_business
C003024,2023-01-14,US,affiliate,consumer
C003025,2023-01-14,US,organic,consumer
C003026,2023-01-14,GB,paid_search,consumer
C003027,2023-01-14,US,affiliate,consumer
C003028,2023-01-14,US,organic,consumer
C003029,2023-01-14,AU,organic,consumer
C003030,2023-01-14,US,organic,consumer
C003031,2023-01-14,US,paid_search,consumer
C003032,2023-01-14,US,organic,consumer
C003033,2023-01-14,US,paid_search,consumer
C003034,2023-01-14,AU,organic,consumer
C003035,2023-01-14,CA,organic,consumer
C003036,2023-01-14,GB,paid_search,consumer
C003037,2023-01-14,DE,organic,small_business
C003038,2023-01-14,US,paid_search,small_business
C003039,2023-01-14,GB,referral,consumer
C003040,2023-01-14,GB,paid_search,consumer
C003041,2023-01-14,US,organic,consumer
C003042,2023-01-14,AU,organic,consumer
C003043,2023-01-14,US,affiliate,small_business
C003044,2023-01-14,GB,paid_search,consumer
C003045,2023-01-14,US,affiliate,small_business
C003046,2023-01-14,US,paid_social,consumer
C003047,2023-01-14,US,paid_search,enterprise
C003048,2023-01-14,US,referral,consumer
C003049,2023-01-14,CA,organic,consumer
C003050,2023-01-14,GB,organic,consumer
C003051,2023-01-14,CA,paid_search,consumer
C003052,2023-01-14,GB,paid_search,consumer
C003053,2023-01-14,GB,paid_search,consumer
C003054,2023-01-14,US,organic,consumer
C003055,2023-01-14,US,paid_search,consumer
C003056,2023-01-14,DE,affiliate,consumer
C003057,2023-01-14,CA,organic,consumer
C003058,2023-01-14,US,paid_search,consumer
C003059,2023-01-14,US,organic,consumer
C003060,2023-01-14,CA,organic,consumer
C003061,2023-01-14,CA,paid_search,consumer
C003062,2023-01-14,US,paid_search,consumer
C003063,2023-01-14,CA,affiliate,consumer
C003064,2023-01-14,GB,organic,consumer
C003065,2023-01-14,US,paid_social,consumer
C003066,2023-01-14,US,referral,consumer
C003067,2023-01-14,GB,paid_social,consumer
C003068,2023-01-14,AU,referral,consumer
C003069,2023-01-14,US,referral,consumer
C003070,2023-01-14,CA,referral,enterprise
C003071,2023-01-14,US,paid_search,consumer
C003072,2023-01-14,US,paid_search,enterprise
C003073,2023-01-14,US,paid_social,consumer
C003074,2023-01-14,US,organic,consumer
C003075,2023-01-14,DE,referral,consumer
C003076,2023-01-14,US,paid_search,consumer
C003077,2023-01-14,US,organic,consumer
C003078,2023-01-15,US,organic,consumer
C003079,2023-01-15,US,paid_search,small_business
C003080,2023-01-15,US,referral,small_business
C003081,2023-01-15,US,paid_social,consumer
C003082,2023-01-15,AU,affiliate,consumer
C003083,2023-01-15,CA,paid_search,consumer
C003084,2023-01-15,US,affiliate,consumer
C003085,2023-01-15,US,organic,consumer
C003086,2023-01-15,GB,paid_search,small_business
C003087,2023-01-15,CA,paid_search,consumer
C003088,2023-01-15,US,organic,consumer
C003089,2023-01-15,US,paid_social,consumer
C003090,2023-01-15,DE,paid_search,consumer
C003091,2023-01-15,US,organic,consumer
C003092,2023-01-15,US,paid_search,consumer
C003093,2023-01-15,CA,paid_search,small_business
C003094,2023-01-15,CA,paid_search,consumer
C003095,2023-01-15,GB,affiliate,consumer
C003096,2023-01-15,CA,affiliate,consumer
C003097,2023-01-15,US,paid_search,consumer
C003098,2023-01-15,US,paid_search,consumer
C003099,2023-01-15,GB,organic,small_business
C003100,2023-01-15,US,organic,consumer
C003101,2023-01-15,US,affiliate,small_business
C003102,2023-01-15,GB,affiliate,consumer
C003103,2023-01-15,GB,paid_search,consumer
C003104,2023-01-15,US,organic,consumer
C003105,2023-01-15,CA,organic,consumer
C003106,2023-01-15,US,paid_social,consumer
C003107,2023-01-15,GB,organic,consumer
C003108,2023-01-15,US,paid_social,consumer
C003109,2023-01-15,US,referral,consumer
C003110,2023-01-15,US,organic,consumer
C003111,2023-01-15,US,organic,consumer
C003112,2023-01-15,CA,paid_search,consumer
C003113,2023-01-15,DE,paid_search,consumer
C003114,2023-01-15,US,affiliate,consumer
C003115,2023-01-15,US,affiliate,consumer
C003116,2023-01-15,CA,paid_search,consumer
C003117,2023-01-15,GB,organic,consumer
C003118,2023-01-15,DE,organic,consumer
C003119,2023-01-15,CA,paid_search,consumer
C003120,2023-01-15,US,paid_social,consumer
C003121,2023-01-15,CA,organic,consumer
C003122,2023-01-15,US,paid_search,consumer
C003123,2023-01-15,CA,affiliate,consumer
C003124,2023-01-15,US,paid_search,consumer
C003125,2023-01-15,US,referral,small_business
C003126,2023-01-15,US,organic,consumer
C003127,2023-01-15,US,paid_search,small_business
C003128,2023-01-15,DE,organic,consumer
C003129,2023-01-15,US,paid_search,consumer
C003130,2023-01-15,US,organic,consumer
C003131,2023-01-15,US,paid_social,consumer
C003132,2023-01-15,US,organic,consumer
C003133,2023-01-15,US,referral,consumer
C003134,2023-01-15,US,paid_search,small_business
C003135,2023-01-15,DE,organic,consumer
C003136,2023-01-15,US,paid_search,consumer
C003137,2023-01-15,US,paid_social,consumer
C003138,2023-01-15,US,paid_social,consumer
C003139,2023-01-15,DE,affiliate,consumer
C003140,2023-01-15,US,paid_social,consumer
C003141,2023-01-15,DE,referral,consumer
C003142,2023-01-15,AU,affiliate,small_business
C003143,2023-01-15,GB,paid_search,consumer
C003144,2023-01-15,US,referral,consumer
C003145,2023-01-15,US,paid_search,consumer
C003146,2023-01-15,US,referral,small_business
C003147,2023-01-15,CA,organic,consumer
C003148,2023-01-15,US,paid_search,consumer
C003149,2023-01-15,GB,paid_social,consumer
C003150,2023-01-15,US,referral,consumer
C003151,2023-01-15,GB,affiliate,consumer
C003152,2023-01-15,CA,referral,consumer
C003153,2023-01-15,GB,organic,consumer
C003154,2023-01-15,US,affiliate,consumer
C003155,2023-01-15,AU,paid_search,consumer
C003156,2023-01-15,US,organic,consumer
C003157,2023-01-15,US,organic,consumer
C003158,2023-01-15,US,affiliate,consumer
C003159,2023-01-15,US,paid_social,consumer
C003160,2023-01-15,US,organic,consumer
C003161,2023-01-15,US,organic,consumer
C003162,2023-01-15,US,organic,consumer
C003163,2023-01-15,GB,paid_social,consumer
C003164,2023-01-15,DE,paid_search,consumer
C003165,2023-01-15,US,organic,consumer
C003166,2023-01-15,US,paid_search,consumer
C003167,2023-01-15,GB,paid_social,consumer
C003168,2023-01-15,US,paid_search,small_business
C003169,2023-01-15,GB,paid_search,consumer
C003170,2023-01-15,US,referral,consumer
C003171,2023-01-15,US,affiliate,consumer
C003172,2023-01-15,AU,affiliate,consumer
C003173,2023-01-15,US,referral,consumer
C003174,2023-01-15,AU,paid_social,consumer
C003175,2023-01-15,AU,referral,consumer
C003176,2023-01-15,US,affiliate,consumer
C003177,2023-01-15,US,referral,consumer
C003178,2023-01-15,US,organic,enterprise
C003179,2023-01-15,US,referral,consumer
C003180,2023-01-15,GB,paid_social,small_business
C003181,2023-01-15,US,paid_social,consumer
C003182,2023-01-15,GB,paid_social,small_business
C003183,2023-01-15,DE,affiliate,consumer
C003184,2023-01-15,US,paid_social,consumer
C003185,2023-01-15,DE,paid_search,consumer
C003186,2023-01-15,US,referral,consumer
C003187,2023-01-15,US,organic,consumer
C003188,2023-01-15,GB,referral,small_business
C003189,2023-01-15,GB,referral,consumer
C003190,2023-01-15,CA,paid_search,consumer
C003191,2023-01-15,US,paid_social,consumer
C003192,2023-01-15,US,organic,consumer
C003193,2023-01-15,US,affiliate,consumer
C003194,2023-01-15,DE,paid_search,consumer
C003195,2023-01-15,US,affiliate,consumer
C003196,2023-01-15,US,referral,small_business
C003197,2023-01-15,US,organic,consumer
C003198,2023-01-15,US,paid_search,consumer
C003199,2023-01-15,US,organic,consumer
C003200,2023-01-15,US,paid_social,consumer
C003201,2023-01-15,US,paid_social,small_business
C003202,2023-01-15,GB,referral,consumer
C003203,2023-01-15,DE,paid_social,consumer
C003204,2023-01-15,US,organic,enterprise
C003205,2023-01-15,US,affiliate,consumer
C003206,2023-01-15,US,paid_social,consumer
C003207,2023-01-15,US,organic,small_business
C003208,2023-01-15,US,affiliate,consumer
C003209,2023-01-15,US,paid_social,small_business
C003210,2023-01-15,DE,organic,consumer
C003211,2023-01-15,GB,affiliate,small_business
C003212,2023-01-15,GB,paid_social,enterprise
C003213,2023-01-15,US,organic,consumer
C003214,2023-01-15,US,referral,consumer
C003215,2023-01-15,DE,paid_search,consumer
C003216,2023-01-15,GB,organic,consumer
C003217,2023-01-15,US,paid_search,consumer
C003218,2023-01-15,US,paid_social,small_business
C003219,2023-01-15,CA,paid_search,consumer
C003220,2023-01-15,CA,paid_search,consumer
C003221,2023-01-15,US,organic,consumer
C003222,2023-01-15,GB,organic,consumer
C003223,2023-01-15,US,affiliate,consumer
C003224,2023-01-15,US,referral,consumer
C003225,2023-01-15,US,referral,consumer
C003226,2023-01-15,US,organic,consumer
C003227,2023-01-15,GB,organic,consumer
C003228,2023-01-15,US,paid_social,consumer
C003229,2023-01-15,AU,referral,consumer
C003230,2023-01-15,GB,organic,enterprise
C003231,2023-01-15,DE,organic,consumer
C003232,2023-01-15,CA,organic,consumer
C003233,2023-01-15,US,paid_social,small_business
C003234,2023-01-15,US,paid_search,consumer
C003235,2023-01-15,DE,referral,consumer
C003236,2023-01-15,US,referral,consumer
C003237,2023-01-15,AU,organic,consumer
C003238,2023-01-15,GB,paid_social,consumer
C003239,2023-01-15,US,paid_social,consumer
C003240,2023-01-15,US,affiliate,consumer
C003241,2023-01-15,US,paid_search,consumer
C003242,2023-01-15,US,affiliate,consumer
C003243,2023-01-15,US,referral,consumer
C003244,2023-01-15,US,paid_search,consumer
C003245,2023-01-15,CA,referral,consumer
C003246,2023-01-15,US,organic,consumer
C003247,2023-01-15,US,paid_search,small_business
C003248,2023-01-15,US,paid_social,consumer
C003249,2023-01-15,DE,referral,consumer
C003250,2023-01-15,US,paid_social,consumer
C003251,2023-01-15,AU,organic,consumer
C003252,2023-01-15,US,affiliate,consumer
C003253,2023-01-15,US,organic,consumer
C003254,2023-01-15,US,paid_search,consumer
C003255,2023-01-15,US,paid_search,consumer
C003256,2023-01-15,US,paid_search,consumer
C003257,2023-01-15,AU,affiliate,consumer
C003258,2023-01-15,US,paid_search,consumer
C003259,2023-01-15,US,paid_search,consumer
C003260,2023-01-15,US,affiliate,consumer
C003261,2023-01-15,US,paid_search,small_business
C003262,2023-01-15,US,referral,consumer
C003263,2023-01-15,GB,organic,consumer
C003264,2023-01-15,US,organic,consumer
C003265,2023-01-15,US,organic,consumer
C003266,2023-01-15,DE,organic,consumer
C003267,2023-01-15,US,affiliate,small_business
C003268,2023-01-15,CA,paid_social,consumer
C003269,2023-01-15,US,organic,consumer
C003270,2023-01-15,US,affiliate,consumer
C003271,2023-01-15,US,affiliate,small_business
C003272,2023-01-15,US,paid_search,consumer
C003273,2023-01-15,US,paid_social,small_business
C003274,2023-01-15,AU,affiliate,consumer
C003275,2023-01-15,US,paid_search,consumer
C003276,2023-01-15,GB,paid_search,consumer
C003277,2023-01-15,US,organic,consumer
C003278,2023-01-15,US,affiliate,small_business
C003279,2023-01-15,US,organic,consumer
C003280,2023-01-15,US,paid_social,consumer
C003281,2023-01-15,AU,organic,consumer
C003282,2023-01-15,CA,paid_search,consumer
C003283,2023-01-15,US,paid_search,consumer
C003284,2023-01-15,DE,organic,consumer
C003285,2023-01-15,AU,organic,small_business
C003286,2023-01-15,US,referral,consumer
C003287,2023-01-15,US,paid_social,consumer
C003288,2023-01-15,US,paid_social,consumer
C003289,2023-01-15,US,organic,consumer
C003290,2023-01-15,DE,paid_search,consumer
C003291,2023-01-15,US,paid_search,consumer
C003292,2023-01-15,GB,paid_search,consumer
C003293,2023-01-15,US,paid_search,consumer
C003294,2023-01-15,AU,paid_search,consumer
C003295,2023-01-15,US,organic,enterprise
C003296,2023-01-15,GB,organic,consumer
C003297,2023-01-15,US,paid_social,consumer
C003298,2023-01-16,CA,referral,consumer
C003299,2023-01-16,US,paid_search,consumer
C003300,2023-01-16,US,organic,consumer
C003301,2023-01-16,US,paid_social,consumer
C003302,2023-01-16,CA,organic,consumer
C003303,2023-01-16,GB,referral,consumer
C003304,2023-01-16,US,referral,consumer
C003305,2023-01-16,US,organic,consumer
C003306,2023-01-16,US,organic,small_business
C003307,2023-01-16,US,paid_social,consumer
C003308,2023-01-16,US,paid_social,enterprise
C003309,2023-01-16,US,affiliate,consumer
C003310,2023-01-16,US,organic,consumer
C003311,2023-01-16,US,paid_social,consumer
C003312,2023-01-16,US,paid_search,small_business
C003313,2023-01-16,AU,paid_search,enterprise
C003314,2023-01-16,US,paid_search,consumer
C003315,2023-01-16,CA,referral,consumer
C003316,2023-01-16,GB,paid_social,consumer
C003317,2023-01-16,US,affiliate,consumer
C003318,2023-01-16,AU,paid_search,enterprise
C003319,2023-01-16,GB,referral,consumer
C003320,2023-01-16,US,affiliate,consumer
C003321,2023-01-16,US,paid_social,consumer
C003322,2023-01-16,US,paid_search,consumer
C003323,2023-01-16,AU,paid_social,consumer
C003324,2023-01-16,GB,affiliate,consumer
C003325,2023-01-16,US,organic,consumer
C003326,2023-01-16,US,organic,consumer
C003327,2023-01-16,AU,affiliate,consumer
C003328,2023-01-16,US,paid_social,enterprise
C003329,2023-01-16,US,referral,small_business
C003330,2023-01-16,US,referral,consumer
C003331,2023-01-16,US,paid_search,consumer
C003332,2023-01-16,US,organic,consumer
C003333,2023-01-16,AU,affiliate,small_business
C003334,2023-01-16,US,paid_search,consumer
C003335,2023-01-16,US,paid_social,consumer
C003336,2023-01-16,US,organic,consumer
C003337,2023-01-16,US,organic,enterprise
C003338,2023-01-16,US,organic,consumer
C003339,2023-01-16,US,organic,consumer
C003340,2023-01-16,DE,organic,consumer
C003341,2023-01-16,US,paid_social,consumer
C003342,2023-01-16,US,paid_social,consumer
C003343,2023-01-16,US,referral,small_business
C003344,2023-01-16,DE,referral,consumer
C003345,2023-01-16,US,paid_search,consumer
C003346,2023-01-16,GB,referral,consumer
C003347,2023-01-16,CA,affiliate,consumer
C003348,2023-01-16,US,organic,consumer
C003349,2023-01-16,US,affiliate,consumer
C003350,2023-01-16,GB,paid_search,consumer
C003351,2023-01-16,US,paid_social,consumer
C003352,2023-01-16,GB,affiliate,consumer
C003353,2023-01-16,US,organic,small_business
C003354,2023-01-16,US,referral,consumer
C003355,2023-01-16,AU,referral,consumer
C003356,2023-01-16,US,paid_search,consumer
C003357,2023-01-16,US,referral,consumer
C003358,2023-01-16,US,organic,consumer
C003359,2023-01-16,US,referral,consumer
C003360,2023-01-16,GB,paid_search,consumer
C003361,2023-01-16,DE,organic,consumer
C003362,2023-01-16,AU,organic,consumer
C003363,2023-01-16,GB,affiliate,consumer
C003364,2023-01-16,AU,paid_search,consumer
C003365,2023-01-16,GB,paid_search,consumer
C003366,2023-01-16,US,affiliate,consumer
C003367,2023-01-16,US,paid_search,consumer
C003368,2023-01-16,US,referral,small_business
C003369,2023-01-16,DE,referral,small_business
C003370,2023-01-16,US,paid_social,consumer
C003371,2023-01-16,US,referral,consumer
C003372,2023-01-16,US,affiliate,consumer
C003373,2023-01-16,US,organic,consumer
C003374,2023-01-16,US,paid_social,consumer
C003375,2023-01-16,US,organic,consumer
C003376,2023-01-16,CA,organic,consumer
C003377,2023-01-16,AU,paid_social,consumer
C003378,2023-01-16,GB,affiliate,consumer
C003379,2023-01-16,US,referral,consumer
C003380,2023-01-16,US,paid_social,consumer
C003381,2023-01-16,US,affiliate,consumer
C003382,2023-01-16,US,paid_social,consumer
C003383,2023-01-16,CA,paid_search,consumer
C003384,2023-01-16,US,paid_search,consumer
C003385,2023-01-16,US,paid_social,consumer
C003386,2023-01-16,US,paid_search,consumer
C003387,2023-01-16,US,paid_social,consumer
C003388,2023-01-16,US,paid_search,consumer
C003389,2023-01-16,CA,organic,consumer
C003390,2023-01-16,US,organic,consumer
C003391,2023-01-16,AU,organic,consumer
C003392,2023-01-16,GB,paid_social,consumer
C003393,2023-01-16,GB,organic,consumer
C003394,2023-01-16,US,paid_social,consumer
C003395,2023-01-16,US,paid_social,consumer
C003396,2023-01-16,US,organic,consumer
C003397,2023-01-16,US,paid_social,consumer
C003398,2023-01-16,US,affiliate,consumer
C003399,2023-01-16,US,organic,consumer
C003400,2023-01-16,US,affiliate,consumer
C003401,2023-01-16,US,paid_search,small_business
C003402,2023-01-16,US,paid_search,consumer
C003403,2023-01-16,US,referral,consumer
C003404,2023-01-16,US,referral,consumer
C003405,2023-01-16,US,organic,consumer
C003406,2023-01-16,AU,paid_search,consumer
C003407,2023-01-16,US,paid_social,consumer
C003408,2023-01-16,US,organic,consumer
C003409,2023-01-16,US,referral,small_business
C003410,2023-01-16,US,affiliate,consumer
C003411,2023-01-16,CA,paid_social,small_business
C003412,2023-01-16,US,referral,consumer
C003413,2023-01-16,US,affiliate,consumer
C003414,2023-01-16,US,affiliate,consumer
C003415,2023-01-16,US,referral,small_business
C003416,2023-01-16,US,paid_search,consumer
C003417,2023-01-16,CA,organic,small_business
C003418,2023-01-16,US,paid_social,small_business
C003419,2023-01-16,GB,paid_social,consumer
C003420,2023-01-16,DE,organic,consumer
C003421,2023-01-16,US,paid_social,consumer
C003422,2023-01-16,US,paid_search,small_business
C003423,2023-01-16,US,referral,consumer
C003424,2023-01-16,US,paid_social,consumer
C003425,2023-01-16,US,paid_social,consumer
C003426,2023-01-16,GB,referral,consumer
C003427,2023-01-16,GB,organic,consumer
C003428,2023-01-16,US,paid_social,consumer
C003429,2023-01-16,US,paid_search,consumer
C003430,2023-01-16,US,paid_search,consumer
C003431,2023-01-16,AU,paid_search,consumer
C003432,2023-01-16,US,paid_social,small_business
C003433,2023-01-16,US,paid_search,consumer
C003434,2023-01-16,US,affiliate,consumer
C003435,2023-01-16,US,organic,consumer
C003436,2023-01-16,US,paid_search,small_business
C003437,2023-01-16,US,referral,consumer
C003438,2023-01-16,US,organic,consumer
C003439,2023-01-16,US,paid_search,consumer
C003440,2023-01-16,AU,organic,consumer
C003441,2023-01-16,US,organic,small_business
C003442,2023-01-16,US,referral,consumer
C003443,2023-01-16,US,organic,consumer
C003444,2023-01-16,US,paid_social,consumer
C003445,2023-01-16,US,paid_social,consumer
C003446,2023-01-16,US,organic,consumer
C003447,2023-01-16,US,organic,consumer
C003448,2023-01-16,US,paid_social,consumer
C003449,2023-01-16,US,affiliate,consumer
C003450,2023-01-16,US,referral,consumer
C003451,2023-01-16,US,paid_social,consumer
C003452,2023-01-16,US,organic,consumer
C003453,2023-01-16,US,organic,consumer
C003454,2023-01-16,US,paid_social,consumer
C003455,2023-01-16,AU,organic,consumer
C003456,2023-01-16,US,paid_social,consumer
C003457,2023-01-16,US,affiliate,small_business
C003458,2023-01-16,AU,affiliate,consumer
C003459,2023-01-16,DE,referral,consumer
C003460,2023-01-16,US,organic,small_business
C003461,2023-01-16,US,organic,consumer
C003462,2023-01-16,GB,paid_search,small_business
C003463,2023-01-16,CA,referral,consumer
C003464,2023-01-16,US,affiliate,consumer
C003465,2023-01-16,GB,paid_social,consumer
C003466,2023-01-16,US,referral,consumer
C003467,2023-01-16,US,organic,consumer
C003468,2023-01-16,US,paid_search,consumer
C003469,2023-01-16,US,organic,consumer
C003470,2023-01-16,US,organic,consumer
C003471,2023-01-16,DE,paid_search,consumer
C003472,2023-01-16,US,paid_social,consumer
C003473,2023-01-16,US,paid_social,small_business
C003474,2023-01-16,US,organic,consumer
C003475,2023-01-16,US,referral,consumer
C003476,2023-01-16,AU,organic,consumer
C003477,2023-01-16,DE,paid_search,small_business
C003478,2023-01-16,CA,paid_search,consumer
C003479,2023-01-16,US,referral,small_business
C003480,2023-01-16,US,organic,consumer
C003481,2023-01-16,CA,organic,consumer
C003482,2023-01-16,CA,affiliate,small_business
C003483,2023-01-16,US,paid_social,consumer
C003484,2023-01-16,US,referral,consumer
C003485,2023-01-16,CA,paid_social,enterprise
C003486,2023-01-16,US,referral,small_business
C003487,2023-01-16,US,referral,consumer
C003488,2023-01-16,US,referral,consumer
C003489,2023-01-16,US,organic,consumer
C003490,2023-01-16,US,paid_search,consumer
C003491,2023-01-16,US,referral,consumer
C003492,2023-01-16,GB,organic,consumer
C003493,2023-01-16,US,paid_social,consumer
C003494,2023-01-16,DE,referral,consumer
C003495,2023-01-16,US,referral,consumer
C003496,2023-01-16,US,affiliate,consumer
C003497,2023-01-16,US,organic,consumer
C003498,2023-01-16,US,organic,consumer
C003499,2023-01-16,US,paid_social,enterprise
C003500,2023-01-16,AU,referral,small_business
C003501,2023-01-16,US,paid_search,consumer
C003502,2023-01-16,US,organic,consumer
C003503,2023-01-16,US,affiliate,small_business
C003504,2023-01-16,CA,affiliate,consumer
C003505,2023-01-16,DE,affiliate,consumer
C003506,2023-01-16,US,organic,consumer
C003507,2023-01-16,DE,organic,consumer
C003508,2023-01-16,US,paid_search,consumer
C003509,2023-01-16,US,paid_search,consumer
C003510,2023-01-16,CA,organic,consumer
C003511,2023-01-16,DE,organic,consumer
C003512,2023-01-16,US,affiliate,small_business
C003513,2023-01-16,US,paid_search,small_business
C003514,2023-01-16,US,referral,small_business
C003515,2023-01-16,US,paid_search,consumer
C003516,2023-01-16,US,organic,small_business
C003517,2023-01-16,US,paid_social,consumer
C003518,2023-01-17,AU,organic,consumer
C003519,2023-01-17,US,organic,consumer
C003520,2023-01-17,US,organic,consumer
C003521,2023-01-17,US,referral,consumer
C003522,2023-01-17,US,paid_social,enterprise
C003523,2023-01-17,US,organic,consumer
C003524,2023-01-17,GB,paid_social,consumer
C003525,2023-01-17,GB,organic,consumer
C003526,2023-01-17,US,organic,consumer
C003527,2023-01-17,CA,paid_search,small_business
C003528,2023-01-17,GB,paid_social,small_business
C003529,2023-01-17,CA,referral,consumer
C003530,2023-01-17,US,paid_social,consumer
C003531,2023-01-17,US,referral,consumer
C003532,2023-01-17,US,organic,small_business
C003533,2023-01-17,CA,referral,consumer
C003534,2023-01-17,US,paid_search,small_business
C003535,2023-01-17,US,referral,small_business
C003536,2023-01-17,US,organic,consumer
C003537,2023-01-17,US,organic,consumer
C003538,2023-01-17,US,paid_social,enterprise
C003539,2023-01-17,CA,organic,consumer
C003540,2023-01-17,US,paid_social,consumer
C003541,2023-01-17,US,organic,small_business
C003542,2023-01-17,US,affiliate,small_business
C003543,2023-01-17,US,paid_search,consumer
C003544,2023-01-17,US,paid_search,consumer
C003545,2023-01-17,US,organic,small_business
C003546,2023-01-17,US,paid_search,consumer
C003547,2023-01-17,CA,paid_search,consumer
C003548,2023-01-17,US,paid_search,consumer
C003549,2023-01-17,US,paid_search,consumer
C003550,2023-01-17,US,organic,small_business
C003551,2023-01-17,DE,organic,consumer
C003552,2023-01-17,US,paid_social,consumer
C003553,2023-01-17,CA,paid_search,consumer
C003554,2023-01-17,CA,organic,small_business
C003555,2023-01-17,US,referral,consumer
C003556,2023-01-17,AU,paid_search,consumer
C003557,2023-01-17,US,organic,enterprise
C003558,2023-01-17,US,organic,consumer
C003559,2023-01-17,AU,affiliate,consumer
C003560,2023-01-17,US,referral,small_business
C003561,2023-01-17,DE,paid_search,consumer
C003562,2023-01-17,US,paid_social,consumer
C003563,2023-01-17,CA,affiliate,consumer
C003564,2023-01-17,AU,paid_social,small_business
C003565,2023-01-17,DE,referral,consumer
C003566,2023-01-17,US,organic,consumer
C003567,2023-01-17,GB,paid_social,consumer
C003568,2023-01-17,CA,paid_search,consumer
C003569,2023-01-17,US,referral,consumer
C003570,2023-01-17,DE,organic,consumer
C003571,2023-01-17,DE,organic,consumer
C003572,2023-01-17,US,paid_social,consumer
C003573,2023-01-17,GB,referral,small_business
C003574,2023-01-17,US,paid_search,consumer
C003575,2023-01-17,GB,paid_social,consumer
C003576,2023-01-17,US,paid_search,consumer
C003577,2023-01-17,US,paid_social,small_business
C003578,2023-01-17,US,organic,consumer
C003579,2023-01-17,US,affiliate,consumer
C003580,2023-01-17,US,paid_search,consumer
C003581,2023-01-17,US,referral,small_business
C003582,2023-01-17,US,paid_search,consumer
C003583,2023-01-17,US,affiliate,consumer
C003584,2023-01-17,US,affiliate,consumer
C003585,2023-01-17,US,organic,consumer
C003586,2023-01-17,CA,paid_search,consumer
C003587,2023-01-17,DE,referral,small_business
C003588,2023-01-17,US,organic,consumer
C003589,2023-01-17,US,referral,consumer
C003590,2023-01-17,US,referral,consumer
C003591,2023-01-17,DE,affiliate,consumer
C003592,2023-01-17,CA,organic,consumer
C003593,2023-01-17,US,paid_social,consumer
C003594,2023-01-17,GB,affiliate,small_business
C003595,2023-01-17,CA,paid_search,consumer
C003596,2023-01-17,US,organic,consumer
C003597,2023-01-17,US,affiliate,consumer
C003598,2023-01-17,US,affiliate,small_business
C003599,2023-01-17,US,paid_social,consumer
C003600,2023-01-17,AU,referral,consumer
C003601,2023-01-17,US,paid_search,consumer
C003602,2023-01-17,DE,referral,consumer
C003603,2023-01-17,GB,paid_social,consumer
C003604,2023-01-17,AU,referral,consumer
C003605,2023-01-17,AU,organic,consumer
C003606,2023-01-17,DE,paid_search,enterprise
C003607,2023-01-17,GB,organic,consumer
C003608,2023-01-17,US,paid_social,consumer
C003609,2023-01-17,DE,organic,consumer
C003610,2023-01-17,US,affiliate,consumer
C003611,2023-01-17,AU,paid_search,small_business
C003612,2023-01-17,CA,paid_search,consumer
C003613,2023-01-17,CA,paid_social,consumer
C003614,2023-01-17,AU,paid_search,consumer
C003615,2023-01-17,CA,paid_search,consumer
C003616,2023-01-17,AU,paid_search,small_business
C003617,2023-01-17,US,paid_search,consumer
C003618,2023-01-17,US,paid_social,consumer
C003619,2023-01-17,US,organic,consumer
C003620,2023-01-17,US,referral,consumer
C003621,2023-01-17,AU,affiliate,consumer
C003622,2023-01-17,US,organic,consumer
C003623,2023-01-17,US,affiliate,consumer
C003624,2023-01-17,US,paid_social,consumer
C003625,2023-01-17,GB,organic,consumer
C003626,2023-01-17,US,organic,small_business
C003627,2023-01-17,US,paid_search,consumer
C003628,2023-01-17,AU,paid_social,consumer
C003629,2023-01-17,US,organic,small_business
C003630,2023-01-17,DE,organic,consumer
C003631,2023-01-17,AU,paid_social,consumer
C003632,2023-01-17,US,affiliate,consumer
C003633,2023-01-17,CA,paid_search,consumer
C003634,2023-01-17,GB,referral,consumer
C003635,2023-01-17,AU,affiliate,consumer
C003636,2023-01-17,US,paid_social,consumer
C003637,2023-01-17,DE,referral,consumer
C003638,2023-01-17,US,paid_social,consumer
C003639,2023-01-17,US,paid_social,consumer
C003640,2023-01-17,US,paid_social,consumer
C003641,2023-01-17,US,paid_social,consumer
C003642,2023-01-17,US,organic,consumer
C003643,2023-01-17,US,referral,consumer
C003644,2023-01-17,DE,organic,consumer
C003645,2023-01-17,AU,affiliate,consumer
C003646,2023-01-17,US,affiliate,consumer
C003647,2023-01-17,US,paid_social,consumer
C003648,2023-01-17,AU,paid_social,consumer
C003649,2023-01-17,GB,affiliate,small_business
C003650,2023-01-17,DE,organic,consumer
C003651,2023-01-17,US,affiliate,consumer
C003652,2023-01-17,US,paid_search,consumer
C003653,2023-01-17,DE,paid_social,consumer
C003654,2023-01-17,US,paid_search,consumer
C003655,2023-01-17,DE,paid_search,consumer
C003656,2023-01-17,CA,paid_social,consumer
C003657,2023-01-17,GB,paid_search,consumer
C003658,2023-01-17,US,referral,consumer
C003659,2023-01-17,DE,organic,consumer
C003660,2023-01-17,GB,organic,small_business
C003661,2023-01-17,US,referral,consumer
C003662,2023-01-17,US,referral,consumer
C003663,2023-01-17,US,paid_search,consumer
C003664,2023-01-17,US,organic,consumer
C003665,2023-01-17,US,referral,small_business
C003666,2023-01-17,AU,paid_social,consumer
C003667,2023-01-17,US,affiliate,consumer
C003668,2023-01-17,US,organic,consumer
C003669,2023-01-17,CA,organic,consumer
C003670,2023-01-17,US,organic,consumer
C003671,2023-01-17,DE,paid_search,consumer
C003672,2023-01-17,US,organic,consumer
C003673,2023-01-17,US,paid_search,consumer
C003674,2023-01-17,DE,paid_search,consumer
C003675,2023-01-17,US,paid_social,small_business
C003676,2023-01-17,US,organic,consumer
C003677,2023-01-17,US,paid_social,consumer
C003678,2023-01-17,DE,paid_social,consumer
C003679,2023-01-17,DE,paid_search,consumer
C003680,2023-01-17,AU,organic,consumer
C003681,2023-01-17,US,paid_social,consumer
C003682,2023-01-17,US,organic,small_business
C003683,2023-01-17,US,paid_social,consumer
C003684,2023-01-17,US,referral,consumer
C003685,2023-01-17,GB,paid_search,consumer
C003686,2023-01-17,DE,paid_search,consumer
C003687,2023-01-17,US,paid_social,consumer
C003688,2023-01-17,US,organic,consumer
C003689,2023-01-17,US,paid_social,consumer
C003690,2023-01-17,US,organic,consumer
C003691,2023-01-17,US,affiliate,consumer
C003692,2023-01-17,CA,paid_search,consumer
C003693,2023-01-17,DE,referral,small_business
C003694,2023-01-17,US,affiliate,consumer
C003695,2023-01-17,US,referral,small_business
C003696,2023-01-17,CA,affiliate,small_business
C003697,2023-01-17,US,paid_search,consumer
C003698,2023-01-17,AU,organic,consumer
C003699,2023-01-17,US,referral,consumer
C003700,2023-01-17,US,affiliate,small_business
C003701,2023-01-17,US,organic,consumer
C003702,2023-01-17,CA,affiliate,consumer
C003703,2023-01-17,US,paid_social,consumer
C003704,2023-01-17,US,paid_search,consumer
C003705,2023-01-17,CA,referral,small_business
C003706,2023-01-17,CA,paid_search,consumer
C003707,2023-01-17,US,organic,consumer
C003708,2023-01-17,CA,paid_search,consumer
C003709,2023-01-17,US,referral,consumer
C003710,2023-01-17,CA,paid_search,consumer
C003711,2023-01-17,US,organic,consumer
C003712,2023-01-17,US,paid_search,consumer
C003713,2023-01-17,GB,paid_social,consumer
C003714,2023-01-17,US,paid_search,consumer
C003715,2023-01-17,DE,organic,consumer
C003716,2023-01-17,US,paid_search,small_business
C003717,2023-01-17,US,organic,consumer
C003718,2023-01-17,CA,paid_search,consumer
C003719,2023-01-17,US,organic,consumer
C003720,2023-01-17,DE,paid_search,consumer
C003721,2023-01-17,CA,referral,consumer
C003722,2023-01-17,US,paid_social,consumer
C003723,2023-01-17,US,affiliate,small_business
C003724,2023-01-17,CA,affiliate,consumer
C003725,2023-01-17,US,paid_search,small_business
C003726,2023-01-17,US,affiliate,consumer
C003727,2023-01-17,US,affiliate,consumer
C003728,2023-01-17,US,affiliate,consumer
C003729,2023-01-17,US,paid_search,consumer
C003730,2023-01-17,CA,affiliate,consumer
C003731,2023-01-17,US,paid_search,consumer
C003732,2023-01-17,AU,paid_search,consumer
C003733,2023-01-17,AU,paid_social,consumer
C003734,2023-01-17,US,paid_search,enterprise
C003735,2023-01-17,GB,paid_social,consumer
C003736,2023-01-17,CA,affiliate,consumer
C003737,2023-01-17,GB,paid_social,consumer
C003738,2023-01-18,GB,paid_search,consumer
C003739,2023-01-18,DE,paid_search,small_business
C003740,2023-01-18,DE,referral,consumer
C003741,2023-01-18,US,referral,consumer
C003742,2023-01-18,US,organic,consumer
C003743,2023-01-18,US,organic,consumer
C003744,2023-01-18,DE,paid_search,consumer
C003745,2023-01-18,CA,referral,consumer
C003746,2023-01-18,US,paid_search,consumer
C003747,2023-01-18,US,paid_social,consumer
C003748,2023-01-18,US,organic,consumer
C003749,2023-01-18,CA,referral,consumer
C003750,2023-01-18,US,paid_social,consumer
C003751,2023-01-18,US,organic,consumer
C003752,2023-01-18,US,referral,consumer
C003753,2023-01-18,CA,organic,consumer
C003754,2023-01-18,US,referral,consumer
C003755,2023-01-18,US,organic,small_business
C003756,2023-01-18,US,affiliate,consumer
C003757,2023-01-18,US,referral,consumer
C003758,2023-01-18,US,organic,small_business
C003759,2023-01-18,US,organic,consumer
C003760,2023-01-18,US,paid_search,consumer
C003761,2023-01-18,GB,paid_social,small_business
C003762,2023-01-18,CA,paid_social,consumer
C003763,2023-01-18,US,paid_search,consumer
C003764,2023-01-18,US,organic,consumer
C003765,2023-01-18,US,paid_search,consumer
C003766,2023-01-18,DE,paid_search,consumer
C003767,2023-01-18,CA,referral,consumer
C003768,2023-01-18,CA,paid_social,consumer
C003769,2023-01-18,US,paid_search,consumer
C003770,2023-01-18,US,referral,consumer
C003771,2023-01-18,CA,organic,consumer
C003772,2023-01-18,US,paid_search,small_business
C003773,2023-01-18,CA,paid_search,consumer
C003774,2023-01-18,US,organic,consumer
C003775,2023-01-18,DE,paid_social,enterprise
C003776,2023-01-18,US,organic,consumer
C003777,2023-01-18,DE,paid_social,consumer
C003778,2023-01-18,US,paid_search,consumer
C003779,2023-01-18,CA,paid_social,consumer
C003780,2023-01-18,US,paid_search,consumer
C003781,2023-01-18,US,organic,consumer
C003782,2023-01-18,US,paid_search,consumer
C003783,2023-01-18,US,affiliate,consumer
C003784,2023-01-18,US,paid_social,consumer
C003785,2023-01-18,DE,organic,consumer
C003786,2023-01-18,CA,organic,consumer
C003787,2023-01-18,DE,paid_search,small_business
C003788,2023-01-18,US,paid_search,consumer
C003789,2023-01-18,US,paid_search,small_business
C003790,2023-01-18,US,paid_search,consumer
C003791,2023-01-18,US,organic,consumer
C003792,2023-01-18,AU,affiliate,consumer
C003793,2023-01-18,CA,paid_social,consumer
C003794,2023-01-18,US,organic,consumer
C003795,2023-01-18,US,paid_search,small_business
C003796,2023-01-18,US,affiliate,consumer
C003797,2023-01-18,DE,referral,consumer
C003798,2023-01-18,AU,organic,small_business
C003799,2023-01-18,US,paid_social,small_business
C003800,2023-01-18,DE,affiliate,consumer
C003801,2023-01-18,CA,organic,consumer
C003802,2023-01-18,US,paid_social,consumer
C003803,2023-01-18,US,organic,consumer
C003804,2023-01-18,GB,affiliate,consumer
C003805,2023-01-18,AU,referral,consumer
C003806,2023-01-18,US,referral,consumer
C003807,2023-01-18,US,organic,consumer
C003808,2023-01-18,US,paid_search,consumer
C003809,2023-01-18,US,paid_search,consumer
C003810,2023-01-18,US,organic,consumer
C003811,2023-01-18,US,organic,consumer
C003812,2023-01-18,DE,paid_social,consumer
C003813,2023-01-18,US,paid_search,small_business
C003814,2023-01-18,GB,paid_search,consumer
C003815,2023-01-18,CA,organic,consumer
C003816,2023-01-18,AU,referral,consumer
C003817,2023-01-18,US,paid_search,consumer
C003818,2023-01-18,GB,organic,consumer
C003819,2023-01-18,US,paid_search,consumer
C003820,2023-01-18,US,paid_social,consumer
C003821,2023-01-18,US,paid_search,consumer
C003822,2023-01-18,CA,referral,consumer
C003823,2023-01-18,GB,paid_social,consumer
C003824,2023-01-18,US,affiliate,consumer
C003825,2023-01-18,US,paid_social,small_business
C003826,2023-01-18,US,paid_social,consumer
C003827,2023-01-18,GB,affiliate,consumer
C003828,2023-01-18,CA,organic,consumer
C003829,2023-01-18,US,paid_search,consumer
C003830,2023-01-18,AU,paid_search,consumer
C003831,2023-01-18,US,organic,consumer
C003832,2023-01-18,DE,affiliate,consumer
C003833,2023-01-18,US,organic,consumer
C003834,2023-01-18,US,affiliate,consumer
C003835,2023-01-18,CA,paid_search,consumer
C003836,2023-01-18,AU,paid_social,consumer
C003837,2023-01-18,US,organic,consumer
C003838,2023-01-18,US,organic,small_business
C003839,2023-01-18,US,organic,consumer
C003840,2023-01-18,GB,organic,consumer
C003841,2023-01-18,US,affiliate,consumer
C003842,2023-01-18,US,paid_search,consumer
C003843,2023-01-18,US,organic,consumer
C003844,2023-01-18,AU,organic,small_business
C003845,2023-01-18,US,paid_social,consumer
C003846,2023-01-18,AU,paid_search,consumer
C003847,2023-01-18,US,affiliate,consumer
C003848,2023-01-18,US,paid_search,consumer
C003849,2023-01-18,US,paid_search,consumer
C003850,2023-01-18,US,paid_search,consumer
C003851,2023-01-18,US,paid_search,consumer
C003852,2023-01-18,US,paid_search,consumer
C003853,2023-01-18,US,organic,consumer
C003854,2023-01-18,CA,organic,consumer
C003855,2023-01-18,US,affiliate,consumer
C003856,2023-01-18,GB,organic,consumer
C003857,2023-01-18,US,paid_social,enterprise
C003858,2023-01-18,US,referral,consumer
C003859,2023-01-18,AU,organic,consumer
C003860,2023-01-18,US,paid_social,small_business
C003861,2023-01-18,US,organic,consumer
C003862,2023-01-18,US,organic,consumer
C003863,2023-01-18,US,paid_social,consumer
C003864,2023-01-18,US,referral,consumer
C003865,2023-01-18,US,paid_social,small_business
C003866,2023-01-18,US,affiliate,consumer
C003867,2023-01-18,US,paid_search,consumer
C003868,2023-01-18,AU,affiliate,enterprise
C003869,2023-01-18,DE,organic,consumer
C003870,2023-01-18,AU,organic,consumer
C003871,2023-01-18,US,organic,consumer
C003872,2023-01-18,AU,affiliate,consumer
C003873,2023-01-18,US,referral,consumer
C003874,2023-01-18,US,organic,consumer
C003875,2023-01-18,GB,referral,consumer
C003876,2023-01-18,US,referral,consumer
C003877,2023-01-18,US,referral,consumer
C003878,2023-01-18,US,organic,consumer
C003879,2023-01-18,AU,paid_social,consumer
C003880,2023-01-18,US,paid_social,consumer
C003881,2023-01-18,US,paid_search,consumer
C003882,2023-01-18,CA,affiliate,small_business
C003883,2023-01-18,US,paid_search,consumer
C003884,2023-01-18,CA,organic,consumer
C003885,2023-01-18,AU,paid_social,consumer
C003886,2023-01-18,GB,organic,consumer
C003887,2023-01-18,US,organic,consumer
C003888,2023-01-18,US,organic,consumer
C003889,2023-01-18,US,affiliate,consumer
C003890,2023-01-18,US,paid_social,consumer
C003891,2023-01-18,US,paid_social,consumer
C003892,2023-01-18,US,organic,consumer
C003893,2023-01-18,GB,paid_social,consumer
C003894,2023-01-18,US,affiliate,enterprise
C003895,2023-01-18,US,organic,consumer
C003896,2023-01-18,AU,paid_search,consumer
C003897,2023-01-18,US,organic,consumer
C003898,2023-01-18,US,paid_search,consumer
C003899,2023-01-18,US,paid_search,consumer
C003900,2023-01-18,US,paid_social,small_business
C003901,2023-01-18,GB,paid_social,consumer
C003902,2023-01-18,GB,paid_search,consumer
C003903,2023-01-18,US,referral,consumer
C003904,2023-01-18,AU,paid_social,consumer
C003905,2023-01-18,US,referral,consumer
C003906,2023-01-18,US,organic,consumer
C003907,2023-01-18,DE,organic,consumer
C003908,2023-01-18,US,paid_search,consumer
C003909,2023-01-18,GB,organic,consumer
C003910,2023-01-18,AU,organic,consumer
C003911,2023-01-18,US,paid_search,consumer
C003912,2023-01-18,US,paid_search,consumer
C003913,2023-01-18,US,organic,consumer
C003914,2023-01-18,US,paid_search,small_business
C003915,2023-01-18,US,organic,small_business
C003916,2023-01-18,US,referral,consumer
C003917,2023-01-18,US,affiliate,consumer
C003918,2023-01-18,US,organic,consumer
C003919,2023-01-18,AU,paid_social,consumer
C003920,2023-01-18,US,organic,consumer
C003921,2023-01-18,US,paid_social,consumer
C003922,2023-01-18,US,referral,consumer
C003923,2023-01-18,US,organic,consumer
C003924,2023-01-18,US,referral,consumer
C003925,2023-01-18,US,affiliate,consumer
C003926,2023-01-18,AU,organic,consumer
C003927,2023-01-18,US,paid_social,consumer
C003928,2023-01-18,US,paid_social,small_business
C003929,2023-01-18,US,organic,consumer
C003930,2023-01-18,US,referral,consumer
C003931,2023-01-18,US,paid_social,consumer
C003932,2023-01-18,AU,paid_search,consumer
C003933,2023-01-18,DE,paid_search,small_business
C003934,2023-01-18,DE,organic,small_business
C003935,2023-01-18,DE,organic,consumer
C003936,2023-01-18,US,organic,small_business
C003937,2023-01-18,DE,paid_search,consumer
C003938,2023-01-18,US,referral,small_business
C003939,2023-01-18,US,referral,consumer
C003940,2023-01-18,DE,organic,consumer
C003941,2023-01-18,CA,paid_social,consumer
C003942,2023-01-18,US,referral,consumer
C003943,2023-01-18,DE,organic,consumer
C003944,2023-01-18,US,organic,small_business
C003945,2023-01-18,US,organic,consumer
C003946,2023-01-18,AU,affiliate,small_business
C003947,2023-01-18,US,referral,consumer
C003948,2023-01-18,US,paid_social,small_business
C003949,2023-01-18,DE,affiliate,consumer
C003950,2023-01-18,AU,paid_social,consumer
C003951,2023-01-18,US,referral,consumer
C003952,2023-01-18,US,paid_social,consumer
C003953,2023-01-18,US,affiliate,consumer
C003954,2023-01-18,DE,affiliate,consumer
C003955,2023-01-18,US,paid_search,consumer
C003956,2023-01-18,US,paid_search,consumer
C003957,2023-01-18,US,referral,consumer
C003958,2023-01-19,AU,organic,consumer
C003959,2023-01-19,US,paid_search,consumer
C003960,2023-01-19,US,paid_social,small_business
C003961,2023-01-19,US,affiliate,consumer
C003962,2023-01-19,US,organic,consumer
C003963,2023-01-19,US,referral,consumer
C003964,2023-01-19,AU,paid_social,consumer
C003965,2023-01-19,US,organic,consumer
C003966,2023-01-19,US,paid_social,consumer
C003967,2023-01-19,CA,paid_social,consumer
C003968,2023-01-19,US,affiliate,consumer
C003969,2023-01-19,US,paid_search,consumer
C003970,2023-01-19,US,paid_search,consumer
C003971,2023-01-19,US,affiliate,consumer
C003972,2023-01-19,US,paid_search,consumer
C003973,2023-01-19,US,organic,consumer
C003974,2023-01-19,GB,organic,consumer
C003975,2023-01-19,US,organic,consumer
C003976,2023-01-19,US,paid_social,consumer
C003977,2023-01-19,CA,organic,consumer
C003978,2023-01-19,US,organic,consumer
C003979,2023-01-19,US,paid_social,consumer
C003980,2023-01-19,DE,referral,consumer
C003981,2023-01-19,US,paid_search,consumer
C003982,2023-01-19,US,paid_social,consumer
C003983,2023-01-19,CA,paid_search,consumer
C003984,2023-01-19,US,affiliate,small_business
C003985,2023-01-19,AU,paid_search,small_business
C003986,2023-01-19,US,referral,consumer
C003987,2023-01-19,DE,paid_search,consumer
C003988,2023-01-19,US,organic,consumer
C003989,2023-01-19,US,referral,consumer
C003990,2023-01-19,US,organic,consumer
C003991,2023-01-19,GB,paid_social,small_business
C003992,2023-01-19,US,paid_social,consumer
C003993,2023-01-19,US,organic,consumer
C003994,2023-01-19,US,paid_social,consumer
C003995,2023-01-19,US,paid_social,small_business
C003996,2023-01-19,GB,organic,consumer
C003997,2023-01-19,GB,organic,small_business
C003998,2023-01-19,US,paid_search,consumer
C003999,2023-01-19,US,paid_social,small_business
C004000,2023-01-19,AU,paid_search,small_business
C004001,2023-01-19,GB,paid_search,consumer
C004002,2023-01-19,US,affiliate,consumer
C004003,2023-01-19,US,organic,small_business
C004004,2023-01-19,US,referral,enterprise
C004005,2023-01-19,AU,referral,small_business
C004006,2023-01-19,US,paid_search,consumer
C004007,2023-01-19,DE,paid_search,consumer
C004008,2023-01-19,US,paid_social,consumer
C004009,2023-01-19,US,paid_social,small_business
C004010,2023-01-19,US,referral,consumer
C004011,2023-01-19,US,referral,small_business
C004012,2023-01-19,US,paid_social,consumer
C004013,2023-01-19,DE,paid_search,consumer
C004014,2023-01-19,US,organic,consumer
C004015,2023-01-19,US,paid_search,consumer
C004016,2023-01-19,AU,paid_search,consumer
C004017,2023-01-19,US,paid_social,small_business
C004018,2023-01-19,US,referral,consumer
C004019,2023-01-19,US,paid_search,consumer
C004020,2023-01-19,CA,paid_social,consumer
C004021,2023-01-19,GB,organic,consumer
C004022,2023-01-19,AU,organic,small_business
C004023,2023-01-19,DE,paid_search,consumer
C004024,2023-01-19,US,organic,small_business
C004025,2023-01-19,US,paid_social,consumer
C004026,2023-01-19,US,paid_search,consumer
C004027,2023-01-19,CA,paid_social,consumer
C004028,2023-01-19,US,organic,small_business
C004029,2023-01-19,GB,paid_social,consumer
C004030,2023-01-19,US,organic,consumer
C004031,2023-01-19,GB,paid_search,consumer
C004032,2023-01-19,US,referral,consumer
C004033,2023-01-19,US,paid_social,consumer
C004034,2023-01-19,US,paid_search,consumer
C004035,2023-01-19,GB,affiliate,consumer
C004036,2023-01-19,GB,organic,consumer
C004037,2023-01-19,US,paid_search,small_business
C004038,2023-01-19,US,paid_social,consumer
C004039,2023-01-19,DE,paid_search,consumer
C004040,2023-01-19,US,organic,small_business
C004041,2023-01-19,US,referral,consumer
C004042,2023-01-19,CA,organic,small_business
C004043,2023-01-19,US,organic,consumer
C004044,2023-01-19,US,paid_social,consumer
C004045,2023-01-19,US,paid_social,consumer
C004046,2023-01-19,CA,paid_search,consumer
C004047,2023-01-19,CA,organic,consumer
C004048,2023-01-19,CA,referral,consumer
C004049,2023-01-19,CA,paid_search,consumer
C004050,2023-01-19,US,affiliate,consumer
C004051,2023-01-19,US,paid_social,consumer
C004052,2023-01-19,US,paid_search,enterprise
C004053,2023-01-19,US,organic,consumer
C004054,2023-01-19,US,affiliate,consumer
C004055,2023-01-19,US,organic,consumer
C004056,2023-01-19,US,organic,enterprise
C004057,2023-01-19,US,organic,consumer
C004058,2023-01-19,CA,paid_search,small_business
C004059,2023-01-19,AU,organic,consumer
C004060,2023-01-19,AU,organic,consumer
C004061,2023-01-19,CA,paid_social,consumer
C004062,2023-01-19,US,paid_social,consumer
C004063,2023-01-19,CA,paid_social,consumer
C004064,2023-01-19,AU,organic,consumer
C004065,2023-01-19,US,organic,consumer
C004066,2023-01-19,US,paid_social,consumer
C004067,2023-01-19,US,affiliate,consumer
C004068,2023-01-19,US,referral,small_business
C004069,2023-01-19,AU,affiliate,consumer
C004070,2023-01-19,CA,paid_search,small_business
C004071,2023-01-19,US,organic,consumer
C004072,2023-01-19,US,organic,consumer
C004073,2023-01-19,AU,paid_social,consumer
C004074,2023-01-19,US,paid_social,consumer
C004075,2023-01-19,US,organic,consumer
C004076,2023-01-19,US,referral,small_business
C004077,2023-01-19,US,organic,consumer
C004078,2023-01-19,US,paid_social,consumer
C004079,2023-01-19,US,referral,small_business
C004080,2023-01-19,GB,paid_search,consumer
C004081,2023-01-19,DE,referral,consumer
C004082,2023-01-19,CA,organic,consumer
C004083,2023-01-19,CA,referral,consumer
C004084,2023-01-19,GB,affiliate,consumer
C004085,2023-01-19,CA,organic,small_business
C004086,2023-01-19,US,paid_social,small_business
C004087,2023-01-19,US,paid_search,consumer
C004088,2023-01-19,US,affiliate,consumer
C004089,2023-01-19,US,organic,consumer
C004090,2023-01-19,US,organic,consumer
C004091,2023-01-19,US,organic,consumer
C004092,2023-01-19,US,paid_social,consumer
C004093,2023-01-19,US,paid_search,consumer
C004094,2023-01-19,US,paid_search,consumer
C004095,2023-01-19,US,organic,consumer
C004096,2023-01-19,CA,affiliate,small_business
C004097,2023-01-19,US,paid_search,consumer
C004098,2023-01-19,US,organic,consumer
C004099,2023-01-19,US,affiliate,consumer
C004100,2023-01-19,US,organic,consumer
C004101,2023-01-19,US,organic,consumer
C004102,2023-01-19,AU,paid_social,consumer
C004103,2023-01-19,US,paid_search,enterprise
C004104,2023-01-19,US,organic,consumer
C004105,2023-01-19,US,paid_search,consumer
C004106,2023-01-19,US,paid_social,consumer
C004107,2023-01-19,GB,organic,small_business
C004108,2023-01-19,GB,referral,consumer
C004109,2023-01-19,US,paid_search,consumer
C004110,2023-01-19,CA,referral,enterprise
C004111,2023-01-19,US,referral,consumer
C004112,2023-01-19,US,paid_search,consumer
C004113,2023-01-19,US,referral,consumer
C004114,2023-01-19,GB,paid_search,consumer
C004115,2023-01-19,CA,referral,consumer
C004116,2023-01-19,US,paid_social,consumer
C004117,2023-01-19,US,paid_search,consumer
C004118,2023-01-19,US,affiliate,consumer
C004119,2023-01-19,US,organic,consumer
C004120,2023-01-19,US,organic,consumer
C004121,2023-01-19,US,organic,consumer
C004122,2023-01-19,US,referral,consumer
C004123,2023-01-19,CA,referral,consumer
C004124,2023-01-19,US,paid_search,small_business
C004125,2023-01-19,AU,paid_search,consumer
C004126,2023-01-19,US,paid_search,consumer
C004127,2023-01-19,US,paid_search,consumer
C004128,2023-01-19,US,organic,consumer
C004129,2023-01-19,CA,organic,consumer
C004130,2023-01-19,US,referral,small_business
C004131,2023-01-19,CA,paid_social,consumer
C004132,2023-01-19,US,paid_search,consumer
C004133,2023-01-19,AU,organic,consumer
C004134,2023-01-19,US,paid_social,consumer
C004135,2023-01-19,US,paid_search,consumer
C004136,2023-01-19,US,referral,consumer
C004137,2023-01-19,CA,affiliate,small_business
C004138,2023-01-19,AU,paid_social,small_business
C004139,2023-01-19,GB,organic,consumer
C004140,2023-01-19,US,paid_search,enterprise
C004141,2023-01-19,US,organic,consumer
C004142,2023-01-19,US,organic,consumer
C004143,2023-01-19,US,paid_search,consumer
C004144,2023-01-19,DE,paid_search,consumer
C004145,2023-01-19,CA,organic,consumer
C004146,2023-01-19,US,paid_search,consumer
C004147,2023-01-19,CA,organic,small_business
C004148,2023-01-19,US,referral,consumer
C004149,2023-01-19,CA,paid_social,consumer
C004150,2023-01-19,US,paid_search,consumer
C004151,2023-01-19,AU,referral,consumer
C004152,2023-01-19,US,referral,consumer
C004153,2023-01-19,CA,organic,consumer
C004154,2023-01-19,US,organic,consumer
C004155,2023-01-19,GB,referral,consumer
C004156,2023-01-19,US,organic,consumer
C004157,2023-01-19,US,paid_social,consumer
C004158,2023-01-19,CA,organic,consumer
C004159,2023-01-19,US,paid_search,consumer
C004160,2023-01-19,GB,organic,enterprise
C004161,2023-01-19,DE,referral,consumer
C004162,2023-01-19,CA,affiliate,small_business
C004163,2023-01-19,US,referral,consumer
C004164,2023-01-19,US,affiliate,small_business
C004165,2023-01-19,US,paid_search,small_business
C004166,2023-01-19,US,paid_search,consumer
C004167,2023-01-19,US,paid_search,consumer
C004168,2023-01-19,US,referral,consumer
C004169,2023-01-19,US,paid_social,consumer
C004170,2023-01-19,AU,organic,consumer
C004171,2023-01-19,US,organic,consumer
C004172,2023-01-19,US,paid_search,consumer
C004173,2023-01-19,DE,organic,consumer
C004174,2023-01-19,US,paid_search,small_business
C004175,2023-01-19,US,affiliate,consumer
C004176,2023-01-19,US,paid_social,consumer
C004177,2023-01-20,GB,paid_social,consumer
C004178,2023-01-20,US,organic,consumer
C004179,2023-01-20,US,organic,consumer
C004180,2023-01-20,US,paid_search,consumer
C004181,2023-01-20,US,organic,consumer
C004182,2023-01-20,US,referral,consumer
C004183,2023-01-20,US,organic,consumer
C004184,2023-01-20,US,affiliate,consumer
C004185,2023-01-20,GB,affiliate,consumer
C004186,2023-01-20,AU,paid_search,consumer
C004187,2023-01-20,US,organic,consumer
C004188,2023-01-20,AU,paid_search,consumer
C004189,2023-01-20,US,organic,consumer
C004190,2023-01-20,US,paid_social,consumer
C004191,2023-01-20,GB,organic,consumer
C004192,2023-01-20,US,paid_social,consumer
C004193,2023-01-20,AU,paid_search,consumer
C004194,2023-01-20,AU,paid_search,consumer
C004195,2023-01-20,US,affiliate,consumer
C004196,2023-01-20,DE,paid_social,consumer
C004197,2023-01-20,AU,referral,consumer
C004198,2023-01-20,AU,organic,enterprise
C004199,2023-01-20,US,paid_search,consumer
C004200,2023-01-20,US,paid_social,consumer
C004201,2023-01-20,GB,paid_social,consumer
C004202,2023-01-20,US,referral,consumer
C004203,2023-01-20,GB,organic,small_business
C004204,2023-01-20,US,affiliate,small_business
C004205,2023-01-20,US,paid_search,consumer
C004206,2023-01-20,US,organic,consumer
C004207,2023-01-20,US,paid_search,consumer
C004208,2023-01-20,US,paid_search,small_business
C004209,2023-01-20,GB,affiliate,consumer
C004210,2023-01-20,AU,paid_social,consumer
C004211,2023-01-20,US,referral,small_business
C004212,2023-01-20,US,paid_social,consumer
C004213,2023-01-20,CA,paid_search,consumer
C004214,2023-01-20,US,paid_social,consumer
C004215,2023-01-20,US,organic,consumer
C004216,2023-01-20,US,organic,consumer
C004217,2023-01-20,US,paid_social,small_business
C004218,2023-01-20,US,organic,consumer
C004219,2023-01-20,US,organic,small_business
C004220,2023-01-20,US,organic,consumer
C004221,2023-01-20,US,referral,consumer
C004222,2023-01-20,US,organic,consumer
C004223,2023-01-20,GB,organic,consumer
C004224,2023-01-20,US,organic,consumer
C004225,2023-01-20,US,paid_search,small_business
C004226,2023-01-20,US,affiliate,small_business
C004227,2023-01-20,AU,paid_search,consumer
C004228,2023-01-20,US,paid_social,consumer
C004229,2023-01-20,DE,paid_search,consumer
C004230,2023-01-20,CA,organic,small_business
C004231,2023-01-20,US,affiliate,consumer
C004232,2023-01-20,US,paid_social,consumer
C004233,2023-01-20,US,paid_search,consumer
C004234,2023-01-20,US,organic,consumer
C004235,2023-01-20,AU,organic,consumer
C004236,2023-01-20,CA,organic,consumer
C004237,2023-01-20,DE,paid_search,consumer
C004238,2023-01-20,US,affiliate,consumer
C004239,2023-01-20,US,paid_search,enterprise
C004240,2023-01-20,US,affiliate,consumer
C004241,2023-01-20,AU,paid_search,consumer
C004242,2023-01-20,US,referral,consumer
C004243,2023-01-20,US,paid_social,consumer
C004244,2023-01-20,US,organic,consumer
C004245,2023-01-20,US,paid_social,consumer
C004246,2023-01-20,US,affiliate,consumer
C004247,2023-01-20,GB,organic,consumer
C004248,2023-01-20,GB,organic,consumer
C004249,2023-01-20,GB,paid_social,consumer
C004250,2023-01-20,CA,paid_search,small_business
C004251,2023-01-20,AU,organic,consumer
C004252,2023-01-20,US,affiliate,enterprise
C004253,2023-01-20,CA,paid_social,small_business
C004254,2023-01-20,US,paid_social,consumer
C004255,2023-01-20,GB,paid_social,small_business
C004256,2023-01-20,US,paid_search,consumer
C004257,2023-01-20,CA,organic,consumer
C004258,2023-01-20,AU,paid_search,enterprise
C004259,2023-01-20,US,organic,consumer
C004260,2023-01-20,US,organic,small_business
C004261,2023-01-20,GB,paid_social,consumer
C004262,2023-01-20,CA,referral,consumer
C004263,2023-01-20,US,paid_social,consumer
C004264,2023-01-20,US,affiliate,consumer
C004265,2023-01-20,US,organic,consumer
C004266,2023-01-20,US,organic,consumer
C004267,2023-01-20,US,organic,small_business
C004268,2023-01-20,DE,paid_search,consumer
C004269,2023-01-20,US,affiliate,consumer
C004270,2023-01-20,AU,organic,consumer
C004271,2023-01-20,US,paid_social,consumer
C004272,2023-01-20,US,organic,consumer
C004273,2023-01-20,US,organic,consumer
C004274,2023-01-20,US,paid_social,consumer
C004275,2023-01-20,US,paid_search,consumer
C004276,2023-01-20,US,organic,consumer
C004277,2023-01-20,CA,organic,consumer
C004278,2023-01-20,US,referral,consumer
C004279,2023-01-20,US,paid_search,consumer
C004280,2023-01-20,US,paid_social,consumer
C004281,2023-01-20,CA,paid_search,consumer
C004282,2023-01-20,US,paid_search,consumer
C004283,2023-01-20,US,paid_search,consumer
C004284,2023-01-20,US,paid_search,consumer
C004285,2023-01-20,AU,paid_social,consumer
C004286,2023-01-20,CA,paid_social,consumer
C004287,2023-01-20,DE,referral,small_business
C004288,2023-01-20,US,paid_search,small_business
C004289,2023-01-20,US,paid_social,consumer
C004290,2023-01-20,US,paid_social,consumer
C004291,2023-01-20,US,organic,consumer
C004292,2023-01-20,AU,referral,consumer
C004293,2023-01-20,US,referral,consumer
C004294,2023-01-20,US,referral,consumer
C004295,2023-01-20,GB,paid_search,consumer
C004296,2023-01-20,US,paid_search,consumer
C004297,2023-01-20,US,paid_search,consumer
C004298,2023-01-20,CA,organic,consumer
C004299,2023-01-20,GB,paid_social,consumer
C004300,2023-01-20,US,referral,consumer
C004301,2023-01-20,CA,organic,consumer
C004302,2023-01-20,US,paid_social,consumer
C004303,2023-01-20,US,paid_social,consumer
C004304,2023-01-20,US,paid_search,consumer
C004305,2023-01-20,US,affiliate,consumer
C004306,2023-01-20,AU,referral,consumer
C004307,2023-01-20,US,paid_social,consumer
C004308,2023-01-20,US,organic,consumer
C004309,2023-01-20,GB,paid_social,consumer
C004310,2023-01-20,US,organic,consumer
C004311,2023-01-20,US,referral,consumer
C004312,2023-01-20,US,paid_search,consumer
C004313,2023-01-20,US,paid_social,small_business
C004314,2023-01-20,US,referral,consumer
C004315,2023-01-20,US,organic,consumer
C004316,2023-01-20,US,paid_search,consumer
C004317,2023-01-20,US,paid_search,consumer
C004318,2023-01-20,GB,affiliate,consumer
C004319,2023-01-20,GB,organic,consumer
C004320,2023-01-20,US,organic,consumer
C004321,2023-01-20,DE,paid_search,consumer
C004322,2023-01-20,US,organic,small_business
C004323,2023-01-20,GB,organic,small_business
C004324,2023-01-20,US,paid_social,consumer
C004325,2023-01-20,GB,affiliate,consumer
C004326,2023-01-20,US,paid_social,consumer
C004327,2023-01-20,US,referral,consumer
C004328,2023-01-20,US,referral,consumer
C004329,2023-01-20,AU,organic,consumer
C004330,2023-01-20,US,paid_search,consumer
C004331,2023-01-20,US,organic,consumer
C004332,2023-01-20,GB,affiliate,consumer
C004333,2023-01-20,US,paid_social,small_business
C004334,2023-01-20,US,paid_social,consumer
C004335,2023-01-20,GB,affiliate,consumer
C004336,2023-01-20,US,organic,consumer
C004337,2023-01-20,CA,organic,consumer
C004338,2023-01-20,CA,paid_search,consumer
C004339,2023-01-20,US,paid_social,consumer
C004340,2023-01-20,US,paid_social,consumer
C004341,2023-01-20,US,affiliate,consumer
C004342,2023-01-20,US,paid_search,consumer
C004343,2023-01-20,US,paid_search,small_business
C004344,2023-01-20,US,organic,consumer
C004345,2023-01-20,US,affiliate,small_business
C004346,2023-01-20,US,organic,consumer
C004347,2023-01-20,US,paid_search,consumer
C004348,2023-01-20,AU,paid_social,consumer
C004349,2023-01-20,GB,paid_social,small_business
C004350,2023-01-20,CA,paid_search,consumer
C004351,2023-01-20,US,paid_search,consumer
C004352,2023-01-20,US,organic,consumer
C004353,2023-01-20,GB,affiliate,consumer
C004354,2023-01-20,US,paid_social,consumer
C004355,2023-01-20,CA,paid_search,consumer
C004356,2023-01-20,GB,paid_search,consumer
C004357,2023-01-20,DE,paid_search,consumer
C004358,2023-01-20,AU,paid_search,consumer
C004359,2023-01-20,US,paid_social,consumer
C004360,2023-01-20,US,organic,small_business
C004361,2023-01-20,CA,paid_search,small_business
C004362,2023-01-20,US,organic,consumer
C004363,2023-01-20,US,paid_social,small_business
C004364,2023-01-20,CA,referral,consumer
C004365,2023-01-20,US,paid_social,consumer
C004366,2023-01-20,US,organic,consumer
C004367,2023-01-20,AU,paid_search,consumer
C004368,2023-01-20,DE,organic,consumer
C004369,2023-01-20,US,paid_social,consumer
C004370,2023-01-20,DE,paid_social,consumer
C004371,2023-01-20,GB,paid_search,small_business
C004372,2023-01-20,CA,organic,consumer
C004373,2023-01-20,US,organic,consumer
C004374,2023-01-20,DE,paid_social,consumer
C004375,2023-01-20,AU,paid_search,consumer
C004376,2023-01-20,US,organic,consumer
C004377,2023-01-20,US,paid_social,consumer
C004378,2023-01-20,GB,paid_search,consumer
C004379,2023-01-20,US,referral,consumer
C004380,2023-01-20,GB,organic,consumer
C004381,2023-01-20,US,referral,consumer
C004382,2023-01-20,US,affiliate,small_business
C004383,2023-01-20,US,organic,consumer
C004384,2023-01-20,US,organic,consumer
C004385,2023-01-20,US,organic,consumer
C004386,2023-01-20,DE,organic,consumer
C004387,2023-01-20,US,referral,consumer
C004388,2023-01-20,DE,paid_search,consumer
C004389,2023-01-20,US,paid_search,consumer
C004390,2023-01-20,CA,affiliate,consumer
C004391,2023-01-20,US,organic,small_business
C004392,2023-01-20,US,organic,small_business
C004393,2023-01-20,GB,paid_search,consumer
C004394,2023-01-20,DE,paid_search,consumer
C004395,2023-01-20,AU,affiliate,consumer
C004396,2023-01-20,US,referral,consumer
C004397,2023-01-21,US,organic,consumer
C004398,2023-01-21,US,affiliate,small_business
C004399,2023-01-21,GB,referral,consumer
C004400,2023-01-21,US,paid_social,consumer
C004401,2023-01-21,GB,paid_search,consumer
C004402,2023-01-21,US,referral,small_business
C004403,2023-01-21,AU,organic,consumer
C004404,2023-01-21,DE,organic,consumer
C004405,2023-01-21,CA,organic,consumer
C004406,2023-01-21,GB,referral,small_business
C004407,2023-01-21,CA,paid_search,consumer
C004408,2023-01-21,US,paid_social,consumer
C004409,2023-01-21,US,paid_search,consumer
C004410,2023-01-21,US,paid_social,small_business
C004411,2023-01-21,US,paid_search,small_business
C004412,2023-01-21,GB,organic,consumer
C004413,2023-01-21,US,organic,consumer
C004414,2023-01-21,US,referral,consumer
C004415,2023-01-21,CA,organic,consumer
C004416,2023-01-21,CA,referral,consumer
C004417,2023-01-21,AU,referral,consumer
C004418,2023-01-21,US,organic,consumer
C004419,2023-01-21,GB,organic,small_business
C004420,2023-01-21,US,affiliate,small_business
C004421,2023-01-21,US,referral,enterprise
C004422,2023-01-21,DE,organic,consumer
C004423,2023-01-21,US,referral,small_business
C004424,2023-01-21,US,affiliate,consumer
C004425,2023-01-21,US,paid_search,consumer
C004426,2023-01-21,US,referral,consumer
C004427,2023-01-21,US,paid_search,enterprise
C004428,2023-01-21,AU,organic,consumer
C004429,2023-01-21,US,organic,consumer
C004430,2023-01-21,DE,paid_search,consumer
C004431,2023-01-21,US,paid_social,consumer
C004432,2023-01-21,DE,organic,consumer
C004433,2023-01-21,US,paid_social,consumer
C004434,2023-01-21,GB,paid_social,consumer
C004435,2023-01-21,US,paid_social,consumer
C004436,2023-01-21,US,affiliate,small_business
C004437,2023-01-21,CA,organic,consumer
C004438,2023-01-21,AU,paid_search,consumer
C004439,2023-01-21,US,referral,consumer
C004440,2023-01-21,US,organic,consumer
C004441,2023-01-21,GB,organic,consumer
C004442,2023-01-21,US,organic,consumer
C004443,2023-01-21,US,paid_social,consumer
C004444,2023-01-21,US,paid_social,consumer
C004445,2023-01-21,US,referral,consumer
C004446,2023-01-21,US,paid_social,consumer
C004447,2023-01-21,AU,organic,small_business
C004448,2023-01-21,AU,paid_social,consumer
C004449,2023-01-21,US,paid_search,consumer
C004450,2023-01-21,GB,paid_search,small_business
C004451,2023-01-21,DE,organic,enterprise
C004452,2023-01-21,US,paid_search,consumer
C004453,2023-01-21,GB,affiliate,consumer
C004454,2023-01-21,CA,referral,consumer
C004455,2023-01-21,US,affiliate,consumer
C004456,2023-01-21,US,paid_social,consumer
C004457,2023-01-21,US,paid_search,consumer
C004458,2023-01-21,AU,paid_social,enterprise
C004459,2023-01-21,US,paid_search,consumer
C004460,2023-01-21,US,affiliate,consumer
C004461,2023-01-21,US,paid_search,consumer
C004462,2023-01-21,GB,paid_search,consumer
C004463,2023-01-21,US,paid_search,consumer
C004464,2023-01-21,US,referral,consumer
C004465,2023-01-21,GB,affiliate,consumer
C004466,2023-01-21,US,paid_search,consumer
C004467,2023-01-21,US,referral,consumer
C004468,2023-01-21,CA,paid_search,consumer
C004469,2023-01-21,US,referral,consumer
C004470,2023-01-21,GB,organic,consumer
C004471,2023-01-21,US,paid_social,enterprise
C004472,2023-01-21,US,affiliate,consumer
C004473,2023-01-21,US,referral,consumer
C004474,2023-01-21,US,paid_social,consumer
C004475,2023-01-21,US,paid_social,consumer
C004476,2023-01-21,GB,affiliate,consumer
C004477,2023-01-21,US,paid_search,consumer
C004478,2023-01-21,CA,organic,consumer
C004479,2023-01-21,US,organic,consumer
C004480,2023-01-21,DE,paid_search,consumer
C004481,2023-01-21,US,organic,consumer
C004482,2023-01-21,US,organic,consumer
C004483,2023-01-21,AU,referral,consumer
C004484,2023-01-21,DE,paid_search,consumer
C004485,2023-01-21,CA,paid_search,small_business
C004486,2023-01-21,GB,organic,small_business
C004487,2023-01-21,US,paid_social,consumer
C004488,2023-01-21,GB,paid_social,consumer
C004489,2023-01-21,US,paid_social,consumer
C004490,2023-01-21,US,affiliate,consumer
C004491,2023-01-21,US,organic,consumer
C004492,2023-01-21,US,referral,consumer
C004493,2023-01-21,US,organic,consumer
C004494,2023-01-21,US,referral,small_business
C004495,2023-01-21,US,referral,consumer
C004496,2023-01-21,US,paid_search,consumer
C004497,2023-01-21,GB,referral,consumer
C004498,2023-01-21,DE,organic,consumer
C004499,2023-01-21,US,paid_social,small_business
C004500,2023-01-21,US,referral,consumer
C004501,2023-01-21,US,organic,consumer
C004502,2023-01-21,US,paid_social,consumer
C004503,2023-01-21,US,referral,small_business
C004504,2023-01-21,CA,referral,consumer
C004505,2023-01-21,US,paid_social,consumer
C004506,2023-01-21,US,paid_search,consumer
C004507,2023-01-21,US,organic,consumer
C004508,2023-01-21,GB,paid_search,consumer
C004509,2023-01-21,GB,organic,consumer
C004510,2023-01-21,AU,organic,enterprise
C004511,2023-01-21,US,organic,consumer
C004512,2023-01-21,GB,paid_social,enterprise
C004513,2023-01-21,US,organic,consumer
C004514,2023-01-21,AU,affiliate,consumer
C004515,2023-01-21,US,paid_search,consumer
C004516,2023-01-21,US,referral,consumer
C004517,2023-01-21,US,affiliate,consumer
C004518,2023-01-21,CA,referral,consumer
C004519,2023-01-21,AU,paid_social,consumer
C004520,2023-01-21,US,organic,small_business
C004521,2023-01-21,US,organic,small_business
C004522,2023-01-21,AU,affiliate,consumer
C004523,2023-01-21,US,paid_search,small_business
C004524,2023-01-21,US,referral,small_business
C004525,2023-01-21,US,paid_search,consumer
C004526,2023-01-21,DE,referral,small_business
C004527,2023-01-21,CA,paid_social,consumer
C004528,2023-01-21,US,referral,consumer
C004529,2023-01-21,US,referral,consumer
C004530,2023-01-21,US,paid_social,small_business
C004531,2023-01-21,US,referral,consumer
C004532,2023-01-21,US,organic,consumer
C004533,2023-01-21,US,paid_search,consumer
C004534,2023-01-21,US,paid_social,consumer
C004535,2023-01-21,US,organic,consumer
C004536,2023-01-21,US,organic,small_business
C004537,2023-01-21,US,organic,consumer
C004538,2023-01-21,AU,paid_social,small_business
C004539,2023-01-21,US,organic,consumer
C004540,2023-01-21,AU,paid_social,small_business
C004541,2023-01-21,US,paid_search,consumer
C004542,2023-01-21,DE,paid_social,consumer
C004543,2023-01-21,GB,affiliate,small_business
C004544,2023-01-21,AU,organic,consumer
C004545,2023-01-21,US,paid_search,consumer
C004546,2023-01-21,US,organic,consumer
C004547,2023-01-21,US,paid_search,consumer
C004548,2023-01-21,DE,organic,consumer
C004549,2023-01-21,DE,affiliate,consumer
C004550,2023-01-21,AU,organic,consumer
C004551,2023-01-21,DE,organic,consumer
C004552,2023-01-21,GB,organic,consumer
C004553,2023-01-21,US,referral,small_business
C004554,2023-01-21,US,affiliate,consumer
C004555,2023-01-21,GB,organic,consumer
C004556,2023-01-21,US,organic,consumer
C004557,2023-01-21,US,affiliate,consumer
C004558,2023-01-21,US,paid_search,enterprise
C004559,2023-01-21,US,paid_search,consumer
C004560,2023-01-21,CA,paid_search,consumer
C004561,2023-01-21,US,organic,consumer
C004562,2023-01-21,GB,paid_social,consumer
C004563,2023-01-21,GB,paid_search,consumer
C004564,2023-01-21,US,organic,consumer
C004565,2023-01-21,AU,organic,consumer
C004566,2023-01-21,US,paid_social,small_business
C004567,2023-01-21,US,paid_social,consumer
C004568,2023-01-21,US,organic,consumer
C004569,2023-01-21,US,affiliate,consumer
C004570,2023-01-21,CA,affiliate,consumer
C004571,2023-01-21,US,organic,small_business
C004572,2023-01-21,US,organic,consumer
C004573,2023-01-21,US,organic,consumer
C004574,2023-01-21,GB,paid_social,consumer
C004575,2023-01-21,US,paid_social,consumer
C004576,2023-01-21,US,paid_social,enterprise
C004577,2023-01-21,GB,paid_search,consumer
C004578,2023-01-21,GB,organic,consumer
C004579,2023-01-21,AU,paid_social,consumer
C004580,2023-01-21,US,referral,consumer
C004581,2023-01-21,US,paid_social,consumer
C004582,2023-01-21,US,organic,consumer
C004583,2023-01-21,US,organic,consumer
C004584,2023-01-21,US,referral,small_business
C004585,2023-01-21,US,organic,consumer
C004586,2023-01-21,US,organic,consumer
C004587,2023-01-21,CA,paid_social,consumer
C004588,2023-01-21,US,paid_social,consumer
C004589,2023-01-21,DE,organic,consumer
C004590,2023-01-21,US,paid_social,consumer
C004591,2023-01-21,US,paid_social,consumer
C004592,2023-01-21,US,paid_social,consumer
C004593,2023-01-21,US,paid_search,consumer
C004594,2023-01-21,US,organic,consumer
C004595,2023-01-21,AU,organic,consumer
C004596,2023-01-21,US,paid_search,consumer
C004597,2023-01-21,US,paid_search,small_business
C004598,2023-01-21,US,organic,consumer
C004599,2023-01-21,US,paid_search,small_business
C004600,2023-01-21,US,paid_social,consumer
C004601,2023-01-21,US,organic,consumer
C004602,2023-01-21,US,organic,consumer
C004603,2023-01-21,CA,referral,consumer
C004604,2023-01-21,US,organic,consumer
C004605,2023-01-21,AU,paid_social,consumer
C004606,2023-01-21,GB,referral,consumer
C004607,2023-01-21,CA,paid_search,consumer
C004608,2023-01-21,US,paid_social,consumer
C004609,2023-01-21,US,paid_search,consumer
C004610,2023-01-21,US,organic,consumer
C004611,2023-01-21,US,organic,consumer
C004612,2023-01-21,US,organic,small_business
C004613,2023-01-21,GB,paid_social,consumer
C004614,2023-01-21,US,paid_search,consumer
C004615,2023-01-21,DE,organic,small_business
C004616,2023-01-21,US,referral,consumer
C004617,2023-01-22,GB,paid_social,consumer
C004618,2023-01-22,AU,organic,consumer
C004619,2023-01-22,AU,organic,consumer
C004620,2023-01-22,AU,paid_social,consumer
C004621,2023-01-22,US,paid_search,consumer
C004622,2023-01-22,DE,referral,consumer
C004623,2023-01-22,CA,paid_search,consumer
C004624,2023-01-22,GB,organic,consumer
C004625,2023-01-22,US,referral,consumer
C004626,2023-01-22,US,organic,consumer
C004627,2023-01-22,US,organic,small_business
C004628,2023-01-22,AU,paid_search,small_business
C004629,2023-01-22,AU,paid_search,consumer
C004630,2023-01-22,US,paid_search,consumer
C004631,2023-01-22,AU,organic,consumer
C004632,2023-01-22,AU,paid_social,consumer
C004633,2023-01-22,DE,referral,consumer
C004634,2023-01-22,CA,referral,consumer
C004635,2023-01-22,US,organic,consumer
C004636,2023-01-22,US,paid_social,consumer
C004637,2023-01-22,US,paid_social,consumer
C004638,2023-01-22,US,paid_social,consumer
C004639,2023-01-22,US,paid_social,consumer
C004640,2023-01-22,US,affiliate,consumer
C004641,2023-01-22,AU,paid_social,consumer
C004642,2023-01-22,GB,paid_social,consumer
C004643,2023-01-22,US,paid_social,enterprise
C004644,2023-01-22,US,organic,consumer
C004645,2023-01-22,CA,organic,consumer
C004646,2023-01-22,CA,referral,consumer
C004647,2023-01-22,DE,referral,consumer
C004648,2023-01-22,US,paid_search,consumer
C004649,2023-01-22,DE,affiliate,consumer
C004650,2023-01-22,GB,affiliate,consumer
C004651,2023-01-22,DE,organic,consumer
C004652,2023-01-22,US,paid_search,small_business
C004653,2023-01-22,US,paid_search,consumer
C004654,2023-01-22,US,referral,consumer
C004655,2023-01-22,US,referral,consumer
C004656,2023-01-22,GB,paid_social,consumer
C004657,2023-01-22,GB,paid_social,consumer
C004658,2023-01-22,US,paid_search,consumer
C004659,2023-01-22,US,paid_social,consumer
C004660,2023-01-22,US,paid_search,consumer
C004661,2023-01-22,US,paid_search,consumer
C004662,2023-01-22,DE,paid_search,consumer
C004663,2023-01-22,CA,organic,consumer
C004664,2023-01-22,US,referral,consumer
C004665,2023-01-22,US,organic,consumer
C004666,2023-01-22,AU,affiliate,consumer
C004667,2023-01-22,US,paid_social,consumer
C004668,2023-01-22,US,paid_search,small_business
C004669,2023-01-22,US,organic,small_business
C004670,2023-01-22,US,organic,consumer
C004671,2023-01-22,US,paid_search,consumer
C004672,2023-01-22,US,organic,consumer
C004673,2023-01-22,DE,affiliate,consumer
C004674,2023-01-22,CA,paid_search,consumer
C004675,2023-01-22,DE,paid_social,consumer
C004676,2023-01-22,US,organic,small_business
C004677,2023-01-22,US,paid_social,consumer
C004678,2023-01-22,US,paid_social,consumer
C004679,2023-01-22,CA,paid_search,small_business
C004680,2023-01-22,US,organic,consumer
C004681,2023-01-22,GB,paid_search,consumer
C004682,2023-01-22,US,organic,consumer
C004683,2023-01-22,US,paid_search,consumer
C004684,2023-01-22,US,organic,consumer
C004685,2023-01-22,US,affiliate,consumer
C004686,2023-01-22,US,paid_social,consumer
C004687,2023-01-22,US,organic,enterprise
C004688,2023-01-22,US,paid_social,consumer
C004689,2023-01-22,US,referral,small_business
C004690,2023-01-22,US,paid_search,consumer
C004691,2023-01-22,US,paid_search,small_business
C004692,2023-01-22,US,organic,consumer
C004693,2023-01-22,US,paid_social,consumer
C004694,2023-01-22,DE,organic,consumer
C004695,2023-01-22,US,paid_search,consumer
C004696,2023-01-22,US,paid_social,small_business
C004697,2023-01-22,US,organic,small_business
C004698,2023-01-22,US,paid_social,consumer
C004699,2023-01-22,US,paid_search,consumer
C004700,2023-01-22,DE,paid_search,small_business
C004701,2023-01-22,AU,paid_social,consumer
C004702,2023-01-22,US,organic,consumer
C004703,2023-01-22,GB,paid_social,consumer
C004704,2023-01-22,US,referral,consumer
C004705,2023-01-22,DE,organic,consumer
C004706,2023-01-22,US,referral,consumer
C004707,2023-01-22,GB,paid_search,consumer
C004708,2023-01-22,CA,paid_social,consumer
C004709,2023-01-22,AU,paid_social,consumer
C004710,2023-01-22,US,organic,consumer
C004711,2023-01-22,US,organic,consumer
C004712,2023-01-22,US,paid_social,small_business
C004713,2023-01-22,US,paid_social,small_business
C004714,2023-01-22,US,paid_social,consumer
C004715,2023-01-22,US,paid_search,consumer
C004716,2023-01-22,US,paid_search,consumer
C004717,2023-01-22,US,paid_search,consumer
C004718,2023-01-22,US,affiliate,consumer
C004719,2023-01-22,GB,paid_social,consumer
C004720,2023-01-22,GB,paid_social,consumer
C004721,2023-01-22,GB,paid_social,consumer
C004722,2023-01-22,US,organic,consumer
C004723,2023-01-22,US,paid_search,consumer
C004724,2023-01-22,DE,paid_search,consumer
C004725,2023-01-22,US,paid_search,consumer
C004726,2023-01-22,US,organic,small_business
C004727,2023-01-22,US,paid_social,consumer
C004728,2023-01-22,GB,organic,consumer
C004729,2023-01-22,US,paid_search,consumer
C004730,2023-01-22,US,referral,consumer
C004731,2023-01-22,US,paid_search,consumer
C004732,2023-01-22,GB,paid_social,consumer
C004733,2023-01-22,CA,affiliate,consumer
C004734,2023-01-22,US,paid_social,enterprise
C004735,2023-01-22,US,affiliate,consumer
C004736,2023-01-22,US,referral,consumer
C004737,2023-01-22,DE,organic,consumer
C004738,2023-01-22,US,referral,consumer
C004739,2023-01-22,AU,organic,consumer
C004740,2023-01-22,GB,paid_search,consumer
C004741,2023-01-22,US,organic,consumer
C004742,2023-01-22,US,paid_social,consumer
C004743,2023-01-22,AU,organic,consumer
C004744,2023-01-22,US,referral,small_business
C004745,2023-01-22,US,paid_social,consumer
C004746,2023-01-22,US,affiliate,consumer
C004747,2023-01-22,AU,paid_search,consumer
C004748,2023-01-22,DE,affiliate,consumer
C004749,2023-01-22,US,paid_search,consumer
C004750,2023-01-22,DE,paid_social,small_business
C004751,2023-01-22,US,paid_search,consumer
C004752,2023-01-22,US,paid_search,consumer
C004753,2023-01-22,AU,organic,enterprise
C004754,2023-01-22,US,paid_search,consumer
C004755,2023-01-22,DE,affiliate,consumer
C004756,2023-01-22,US,paid_social,consumer
C004757,2023-01-22,US,paid_social,consumer
C004758,2023-01-22,US,referral,consumer
C004759,2023-01-22,DE,organic,consumer
C004760,2023-01-22,US,paid_social,consumer
C004761,2023-01-22,US,affiliate,consumer
C004762,2023-01-22,US,paid_search,small_business
C004763,2023-01-22,GB,organic,consumer
C004764,2023-01-22,US,referral,small_business
C004765,2023-01-22,GB,paid_social,consumer
C004766,2023-01-22,GB,referral,consumer
C004767,2023-01-22,AU,organic,consumer
C004768,2023-01-22,GB,organic,consumer
C004769,2023-01-22,US,organic,consumer
C004770,2023-01-22,US,organic,consumer
C004771,2023-01-22,US,paid_search,consumer
C004772,2023-01-22,GB,organic,consumer
C004773,2023-01-22,CA,organic,consumer
C004774,2023-01-22,US,organic,consumer
C004775,2023-01-22,US,paid_social,consumer
C004776,2023-01-22,AU,organic,consumer
C004777,2023-01-22,US,paid_search,consumer
C004778,2023-01-22,CA,organic,small_business
C004779,2023-01-22,US,organic,consumer
C004780,2023-01-22,CA,paid_search,consumer
C004781,2023-01-22,US,organic,consumer
C004782,2023-01-22,DE,paid_search,consumer
C004783,2023-01-22,GB,referral,consumer
C004784,2023-01-22,US,organic,small_business
C004785,2023-01-22,GB,affiliate,consumer
C004786,2023-01-22,US,paid_search,small_business
C004787,2023-01-22,DE,affiliate,consumer
C004788,2023-01-22,US,paid_search,consumer
C004789,2023-01-22,US,organic,consumer
C004790,2023-01-22,US,paid_search,consumer
C004791,2023-01-22,US,affiliate,small_business
C004792,2023-01-22,US,organic,consumer
C004793,2023-01-22,US,referral,small_business
C004794,2023-01-22,DE,referral,consumer
C004795,2023-01-22,CA,paid_social,consumer
C004796,2023-01-22,US,referral,consumer
C004797,2023-01-22,US,affiliate,small_business
C004798,2023-01-22,US,organic,consumer
C004799,2023-01-22,US,paid_search,consumer
C004800,2023-01-22,GB,affiliate,consumer
C004801,2023-01-22,CA,organic,small_business
C004802,2023-01-22,GB,organic,consumer
C004803,2023-01-22,AU,organic,small_business
C004804,2023-01-22,US,organic,consumer
C004805,2023-01-22,AU,paid_social,consumer
C004806,2023-01-22,DE,organic,small_business
C004807,2023-01-22,AU,organic,enterprise
C004808,2023-01-22,US,paid_social,consumer
C004809,2023-01-22,US,organic,consumer
C004810,2023-01-22,US,referral,consumer
C004811,2023-01-22,CA,paid_search,consumer
C004812,2023-01-22,GB,paid_search,small_business
C004813,2023-01-22,US,affiliate,consumer
C004814,2023-01-22,GB,paid_search,consumer
C004815,2023-01-22,US,referral,consumer
C004816,2023-01-22,DE,paid_social,consumer
C004817,2023-01-22,US,referral,consumer
C004818,2023-01-22,US,organic,consumer
C004819,2023-01-22,US,organic,consumer
C004820,2023-01-22,US,paid_social,consumer
C004821,2023-01-22,US,paid_social,small_business
C004822,2023-01-22,US,organic,small_business
C004823,2023-01-22,AU,paid_social,small_business
C004824,2023-01-22,US,referral,consumer
C004825,2023-01-22,AU,paid_search,small_business
C004826,2023-01-22,US,affiliate,consumer
C004827,2023-01-22,US,paid_social,small_business
C004828,2023-01-22,DE,organic,consumer
C004829,2023-01-22,CA,paid_search,consumer
C004830,2023-01-22,GB,paid_social,consumer
C004831,2023-01-22,US,organic,consumer
C004832,2023-01-22,US,paid_search,small_business
C004833,2023-01-22,US,paid_social,consumer
C004834,2023-01-22,US,paid_search,consumer
C004835,2023-01-22,US,organic,consumer
C004836,2023-01-22,US,organic,consumer
C004837,2023-01-23,US,paid_social,consumer
C004838,2023-01-23,GB,referral,consumer
C004839,2023-01-23,US,paid_social,consumer
C004840,2023-01-23,US,organic,small_business
C004841,2023-01-23,AU,organic,consumer
C004842,2023-01-23,US,referral,consumer
C004843,2023-01-23,US,paid_social,consumer
C004844,2023-01-23,US,paid_social,consumer
C004845,2023-01-23,DE,paid_search,consumer
C004846,2023-01-23,US,paid_social,consumer
C004847,2023-01-23,US,paid_social,consumer
C004848,2023-01-23,AU,organic,enterprise
C004849,2023-01-23,US,referral,consumer
C004850,2023-01-23,US,organic,small_business
C004851,2023-01-23,US,referral,consumer
C004852,2023-01-23,CA,affiliate,consumer
C004853,2023-01-23,US,organic,consumer
C004854,2023-01-23,US,organic,consumer
C004855,2023-01-23,AU,organic,consumer
C004856,2023-01-23,US,paid_search,consumer
C004857,2023-01-23,CA,organic,consumer
C004858,2023-01-23,AU,paid_social,consumer
C004859,2023-01-23,US,paid_social,consumer
C004860,2023-01-23,GB,affiliate,consumer
C004861,2023-01-23,GB,organic,consumer
C004862,2023-01-23,GB,organic,consumer
C004863,2023-01-23,US,organic,small_business
C004864,2023-01-23,CA,paid_social,consumer
C004865,2023-01-23,US,referral,consumer
C004866,2023-01-23,CA,paid_social,consumer
C004867,2023-01-23,US,organic,consumer
C004868,2023-01-23,DE,paid_search,consumer
C004869,2023-01-23,GB,affiliate,consumer
C004870,2023-01-23,GB,organic,small_business
C004871,2023-01-23,US,paid_search,consumer
C004872,2023-01-23,GB,paid_social,consumer
C004873,2023-01-23,US,paid_search,consumer
C004874,2023-01-23,US,paid_social,small_business
C004875,2023-01-23,US,paid_search,small_business
C004876,2023-01-23,CA,affiliate,consumer
C004877,2023-01-23,US,paid_social,consumer
C004878,2023-01-23,CA,organic,consumer
C004879,2023-01-23,GB,paid_social,consumer
C004880,2023-01-23,US,paid_social,consumer
C004881,2023-01-23,US,paid_search,consumer
C004882,2023-01-23,GB,organic,consumer
C004883,2023-01-23,US,organic,consumer
C004884,2023-01-23,US,affiliate,consumer
C004885,2023-01-23,US,paid_social,consumer
C004886,2023-01-23,US,organic,consumer
C004887,2023-01-23,DE,organic,consumer
C004888,2023-01-23,US,organic,consumer
C004889,2023-01-23,US,organic,consumer
C004890,2023-01-23,US,organic,consumer
C004891,2023-01-23,US,referral,consumer
C004892,2023-01-23,US,paid_social,small_business
C004893,2023-01-23,DE,affiliate,consumer
C004894,2023-01-23,CA,paid_social,small_business
C004895,2023-01-23,US,paid_social,consumer
C004896,2023-01-23,CA,organic,small_business
C004897,2023-01-23,CA,paid_social,consumer
C004898,2023-01-23,GB,paid_social,consumer
C004899,2023-01-23,US,organic,consumer
C004900,2023-01-23,US,paid_social,consumer
C004901,2023-01-23,US,organic,consumer
C004902,2023-01-23,DE,paid_search,consumer
C004903,2023-01-23,DE,referral,consumer
C004904,2023-01-23,US,paid_search,small_business
C004905,2023-01-23,US,organic,consumer
C004906,2023-01-23,AU,referral,consumer
C004907,2023-01-23,US,organic,consumer
C004908,2023-01-23,US,organic,consumer
C004909,2023-01-23,US,paid_social,consumer
C004910,2023-01-23,CA,referral,consumer
C004911,2023-01-23,US,referral,consumer
C004912,2023-01-23,US,referral,consumer
C004913,2023-01-23,US,organic,consumer
C004914,2023-01-23,US,paid_social,small_business
C004915,2023-01-23,US,referral,small_business
C004916,2023-01-23,GB,organic,consumer
C004917,2023-01-23,US,paid_social,consumer
C004918,2023-01-23,US,paid_social,consumer
C004919,2023-01-23,GB,organic,consumer
C004920,2023-01-23,US,paid_search,consumer
C004921,2023-01-23,US,organic,consumer
C004922,2023-01-23,DE,paid_social,consumer
C004923,2023-01-23,US,paid_social,consumer
C004924,2023-01-23,DE,paid_search,small_business
C004925,2023-01-23,CA,organic,consumer
C004926,2023-01-23,US,paid_search,consumer
C004927,2023-01-23,US,organic,consumer
C004928,2023-01-23,US,paid_search,consumer
C004929,2023-01-23,US,organic,consumer
C004930,2023-01-23,US,affiliate,consumer
C004931,2023-01-23,US,referral,consumer
C004932,2023-01-23,AU,affiliate,consumer
C004933,2023-01-23,US,affiliate,consumer
C004934,2023-01-23,AU,paid_social,small_business
C004935,2023-01-23,US,organic,enterprise
C004936,2023-01-23,DE,paid_search,consumer
C004937,2023-01-23,US,referral,small_business
C004938,2023-01-23,US,organic,consumer
C004939,2023-01-23,US,organic,consumer
C004940,2023-01-23,DE,organic,consumer
C004941,2023-01-23,AU,organic,consumer
C004942,2023-01-23,US,paid_search,consumer
C004943,2023-01-23,CA,paid_search,consumer
C004944,2023-01-23,CA,organic,consumer
C004945,2023-01-23,CA,paid_search,consumer
C004946,2023-01-23,US,referral,consumer
C004947,2023-01-23,GB,organic,consumer
C004948,2023-01-23,GB,organic,consumer
C004949,2023-01-23,US,paid_social,enterprise
C004950,2023-01-23,AU,paid_search,consumer
C004951,2023-01-23,US,paid_social,consumer
C004952,2023-01-23,US,paid_social,small_business
C004953,2023-01-23,CA,referral,consumer
C004954,2023-01-23,US,paid_search,consumer
C004955,2023-01-23,US,organic,small_business
C004956,2023-01-23,AU,paid_search,consumer
C004957,2023-01-23,US,organic,consumer
C004958,2023-01-23,US,paid_search,consumer
C004959,2023-01-23,US,paid_search,consumer
C004960,2023-01-23,US,paid_search,enterprise
C004961,2023-01-23,US,organic,small_business
C004962,2023-01-23,US,affiliate,small_business
C004963,2023-01-23,US,paid_search,consumer
C004964,2023-01-23,DE,organic,consumer
C004965,2023-01-23,US,paid_search,consumer
C004966,2023-01-23,DE,paid_search,consumer
C004967,2023-01-23,CA,organic,consumer
C004968,2023-01-23,US,paid_social,consumer
C004969,2023-01-23,US,organic,consumer
C004970,2023-01-23,US,affiliate,consumer
C004971,2023-01-23,US,referral,consumer
C004972,2023-01-23,CA,paid_social,consumer
C004973,2023-01-23,US,affiliate,consumer
C004974,2023-01-23,DE,organic,consumer
C004975,2023-01-23,US,organic,consumer
C004976,2023-01-23,AU,organic,consumer
C004977,2023-01-23,US,paid_social,consumer
C004978,2023-01-23,AU,paid_search,consumer
C004979,2023-01-23,US,paid_search,small_business
C004980,2023-01-23,AU,affiliate,small_business
C004981,2023-01-23,US,organic,consumer
C004982,2023-01-23,US,organic,consumer
C004983,2023-01-23,US,affiliate,consumer
C004984,2023-01-23,US,organic,consumer
C004985,2023-01-23,US,organic,consumer
C004986,2023-01-23,US,organic,enterprise
C004987,2023-01-23,US,paid_social,consumer
C004988,2023-01-23,US,affiliate,consumer
C004989,2023-01-23,DE,paid_social,consumer
C004990,2023-01-23,GB,paid_social,consumer
C004991,2023-01-23,US,paid_search,consumer
C004992,2023-01-23,US,organic,consumer
C004993,2023-01-23,GB,organic,consumer
C004994,2023-01-23,US,organic,small_business
C004995,2023-01-23,US,affiliate,consumer
C004996,2023-01-23,US,organic,consumer
C004997,2023-01-23,GB,paid_social,consumer
C004998,2023-01-23,US,paid_social,consumer
C004999,2023-01-23,US,paid_search,enterprise
C005000,2023-01-23,DE,paid_social,consumer
C005001,2023-01-23,US,organic,consumer
C005002,2023-01-23,AU,paid_search,consumer
C005003,2023-01-23,US,organic,consumer
C005004,2023-01-23,GB,affiliate,consumer
C005005,2023-01-23,US,paid_search,consumer
C005006,2023-01-23,US,affiliate,consumer
C005007,2023-01-23,DE,paid_search,small_business
C005008,2023-01-23,US,affiliate,consumer
C005009,2023-01-23,US,referral,consumer
C005010,2023-01-23,US,organic,enterprise
C005011,2023-01-23,US,organic,consumer
C005012,2023-01-23,GB,paid_search,consumer
C005013,2023-01-23,US,paid_search,consumer
C005014,2023-01-23,US,paid_search,consumer
C005015,2023-01-23,DE,paid_social,consumer
C005016,2023-01-23,AU,organic,small_business
C005017,2023-01-23,US,paid_social,consumer
C005018,2023-01-23,AU,organic,consumer
C005019,2023-01-23,US,organic,consumer
C005020,2023-01-23,US,paid_search,small_business
C005021,2023-01-23,GB,paid_social,consumer
C005022,2023-01-23,CA,organic,consumer
C005023,2023-01-23,DE,affiliate,consumer
C005024,2023-01-23,US,organic,small_business
C005025,2023-01-23,US,paid_social,consumer
C005026,2023-01-23,US,organic,consumer
C005027,2023-01-23,GB,affiliate,consumer
C005028,2023-01-23,AU,referral,small_business
C005029,2023-01-23,US,organic,enterprise
C005030,2023-01-23,US,organic,consumer
C005031,2023-01-23,DE,affiliate,consumer
C005032,2023-01-23,US,referral,consumer
C005033,2023-01-23,US,paid_social,consumer
C005034,2023-01-23,GB,paid_search,consumer
C005035,2023-01-23,US,organic,small_business
C005036,2023-01-23,US,paid_search,consumer
C005037,2023-01-23,US,paid_social,consumer
C005038,2023-01-23,US,referral,small_business
C005039,2023-01-23,US,referral,consumer
C005040,2023-01-23,US,paid_search,consumer
C005041,2023-01-23,US,affiliate,consumer
C005042,2023-01-23,AU,paid_social,consumer
C005043,2023-01-23,AU,paid_search,consumer
C005044,2023-01-23,DE,organic,small_business
C005045,2023-01-23,US,organic,consumer
C005046,2023-01-23,DE,paid_social,consumer
C005047,2023-01-23,CA,organic,small_business
C005048,2023-01-23,AU,paid_social,consumer
C005049,2023-01-23,US,referral,consumer
C005050,2023-01-23,US,affiliate,enterprise
C005051,2023-01-23,US,referral,consumer
C005052,2023-01-23,US,affiliate,consumer
C005053,2023-01-23,AU,paid_social,consumer
C005054,2023-01-23,US,organic,consumer
C005055,2023-01-23,US,paid_search,consumer
C005056,2023-01-24,AU,organic,consumer
C005057,2023-01-24,AU,paid_social,consumer
C005058,2023-01-24,US,paid_search,consumer
C005059,2023-01-24,AU,referral,consumer
C005060,2023-01-24,US,paid_social,consumer
C005061,2023-01-24,US,affiliate,consumer
C005062,2023-01-24,US,paid_social,consumer
C005063,2023-01-24,US,organic,consumer
C005064,2023-01-24,US,organic,consumer
C005065,2023-01-24,US,referral,consumer
C005066,2023-01-24,US,affiliate,consumer
C005067,2023-01-24,AU,organic,consumer
C005068,2023-01-24,CA,paid_search,consumer
C005069,2023-01-24,US,paid_search,consumer
C005070,2023-01-24,AU,paid_search,consumer
C005071,2023-01-24,GB,paid_social,consumer
C005072,2023-01-24,US,organic,consumer
C005073,2023-01-24,AU,organic,small_business
C005074,2023-01-24,US,paid_social,consumer
C005075,2023-01-24,US,paid_social,consumer
C005076,2023-01-24,GB,paid_social,enterprise
C005077,2023-01-24,US,referral,small_business
C005078,2023-01-24,US,affiliate,consumer
C005079,2023-01-24,US,affiliate,small_business
C005080,2023-01-24,CA,paid_social,consumer
C005081,2023-01-24,CA,paid_search,consumer
C005082,2023-01-24,US,paid_social,consumer
C005083,2023-01-24,US,organic,small_business
C005084,2023-01-24,US,affiliate,consumer
C005085,2023-01-24,DE,organic,consumer
C005086,2023-01-24,US,paid_search,consumer
C005087,2023-01-24,US,organic,consumer
C005088,2023-01-24,US,affiliate,consumer
C005089,2023-01-24,DE,organic,small_business
C005090,2023-01-24,GB,organic,consumer
C005091,2023-01-24,US,paid_search,small_business
C005092,2023-01-24,GB,affiliate,consumer
C005093,2023-01-24,US,paid_social,consumer
C005094,2023-01-24,GB,organic,consumer
C005095,2023-01-24,US,referral,consumer
C005096,2023-01-24,US,paid_search,consumer
C005097,2023-01-24,CA,organic,consumer
C005098,2023-01-24,US,organic,consumer
C005099,2023-01-24,US,referral,enterprise
C005100,2023-01-24,US,organic,consumer
C005101,2023-01-24,AU,referral,small_business
C005102,2023-01-24,US,organic,consumer
C005103,2023-01-24,CA,paid_search,consumer
C005104,2023-01-24,US,paid_search,small_business
C005105,2023-01-24,US,paid_search,consumer
C005106,2023-01-24,AU,paid_search,consumer
C005107,2023-01-24,CA,affiliate,small_business
C005108,2023-01-24,DE,paid_search,consumer
C005109,2023-01-24,DE,paid_search,consumer
C005110,2023-01-24,US,affiliate,consumer
C005111,2023-01-24,US,organic,consumer
C005112,2023-01-24,AU,referral,consumer
C005113,2023-01-24,US,organic,consumer
C005114,2023-01-24,GB,organic,small_business
C005115,2023-01-24,US,referral,consumer
C005116,2023-01-24,US,paid_search,small_business
C005117,2023-01-24,US,paid_social,small_business
C005118,2023-01-24,DE,affiliate,small_business
C005119,2023-01-24,CA,referral,consumer
C005120,2023-01-24,US,organic,consumer
C005121,2023-01-24,US,organic,consumer
C005122,2023-01-24,DE,referral,consumer
C005123,2023-01-24,US,organic,consumer
C005124,2023-01-24,US,organic,consumer
C005125,2023-01-24,US,paid_search,small_business
C005126,2023-01-24,US,paid_search,consumer
C005127,2023-01-24,US,organic,consumer
C005128,2023-01-24,US,referral,consumer
C005129,2023-01-24,CA,paid_social,consumer
C005130,2023-01-24,US,paid_search,consumer
C005131,2023-01-24,US,paid_social,consumer
C005132,2023-01-24,US,organic,small_business
C005133,2023-01-24,US,paid_social,consumer
C005134,2023-01-24,US,paid_search,consumer
C005135,2023-01-24,AU,paid_search,consumer
C005136,2023-01-24,AU,organic,consumer
C005137,2023-01-24,US,paid_search,consumer
C005138,2023-01-24,US,organic,consumer
C005139,2023-01-24,US,paid_search,consumer
C005140,2023-01-24,US,paid_search,consumer
C005141,2023-01-24,US,organic,consumer
C005142,2023-01-24,US,paid_social,consumer
C005143,2023-01-24,US,affiliate,consumer
C005144,2023-01-24,CA,organic,consumer
C005145,2023-01-24,GB,paid_social,consumer
C005146,2023-01-24,GB,organic,consumer
C005147,2023-01-24,GB,paid_search,consumer
C005148,2023-01-24,US,referral,consumer
C005149,2023-01-24,AU,affiliate,consumer
C005150,2023-01-24,US,affiliate,consumer
C005151,2023-01-24,US,affiliate,consumer
C005152,2023-01-24,US,affiliate,consumer
C005153,2023-01-24,US,paid_social,consumer
C005154,2023-01-24,DE,paid_social,small_business
C005155,2023-01-24,US,organic,consumer
C005156,2023-01-24,US,paid_search,consumer
C005157,2023-01-24,US,organic,consumer
C005158,2023-01-24,US,paid_social,consumer
C005159,2023-01-24,US,paid_social,small_business
C005160,2023-01-24,US,referral,small_business
C005161,2023-01-24,US,paid_search,consumer
C005162,2023-01-24,US,paid_search,consumer
C005163,2023-01-24,DE,paid_search,consumer
C005164,2023-01-24,US,paid_social,consumer
C005165,2023-01-24,US,organic,consumer
C005166,2023-01-24,US,organic,consumer
C005167,2023-01-24,US,paid_search,consumer
C005168,2023-01-24,US,referral,consumer
C005169,2023-01-24,CA,paid_search,consumer
C005170,2023-01-24,US,referral,consumer
C005171,2023-01-24,AU,paid_search,consumer
C005172,2023-01-24,GB,referral,consumer
C005173,2023-01-24,US,referral,consumer
C005174,2023-01-24,US,paid_search,consumer
C005175,2023-01-24,GB,paid_search,small_business
C005176,2023-01-24,US,organic,consumer
C005177,2023-01-24,US,organic,consumer
C005178,2023-01-24,US,organic,small_business
C005179,2023-01-24,DE,organic,consumer
C005180,2023-01-24,US,referral,consumer
C005181,2023-01-24,US,paid_social,consumer
C005182,2023-01-24,US,organic,consumer
C005183,2023-01-24,US,referral,small_business
C005184,2023-01-24,US,organic,consumer
C005185,2023-01-24,US,referral,consumer
C005186,2023-01-24,US,paid_search,consumer
C005187,2023-01-24,US,referral,consumer
C005188,2023-01-24,US,affiliate,consumer
C005189,2023-01-24,US,organic,consumer
C005190,2023-01-24,US,affiliate,consumer
C005191,2023-01-24,US,paid_search,consumer
C005192,2023-01-24,US,paid_social,consumer
C005193,2023-01-24,US,affiliate,consumer
C005194,2023-01-24,US,affiliate,consumer
C005195,2023-01-24,US,organic,consumer
C005196,2023-01-24,US,organic,consumer
C005197,2023-01-24,US,referral,small_business
C005198,2023-01-24,US,paid_social,consumer
C005199,2023-01-24,US,referral,consumer
C005200,2023-01-24,GB,organic,consumer
C005201,2023-01-24,CA,paid_search,small_business
C005202,2023-01-24,US,referral,consumer
C005203,2023-01-24,US,referral,consumer
C005204,2023-01-24,US,referral,small_business
C005205,2023-01-24,US,paid_search,enterprise
C005206,2023-01-24,AU,paid_search,small_business
C005207,2023-01-24,US,affiliate,consumer
C005208,2023-01-24,DE,paid_search,consumer
C005209,2023-01-24,US,organic,consumer
C005210,2023-01-24,DE,organic,small_business
C005211,2023-01-24,US,paid_search,consumer
C005212,2023-01-24,US,referral,consumer
C005213,2023-01-24,US,paid_social,consumer
C005214,2023-01-24,US,paid_search,consumer
C005215,2023-01-24,US,organic,consumer
C005216,2023-01-24,US,paid_search,consumer
C005217,2023-01-24,US,paid_search,small_business
C005218,2023-01-24,US,affiliate,consumer
C005219,2023-01-24,US,referral,small_business
C005220,2023-01-24,US,referral,consumer
C005221,2023-01-24,DE,paid_search,small_business
C005222,2023-01-24,US,paid_search,consumer
C005223,2023-01-24,US,paid_search,consumer
C005224,2023-01-24,US,paid_social,consumer
C005225,2023-01-24,US,paid_search,consumer
C005226,2023-01-24,US,paid_social,consumer
C005227,2023-01-24,GB,paid_social,consumer
C005228,2023-01-24,US,paid_search,consumer
C005229,2023-01-24,US,affiliate,consumer
C005230,2023-01-24,US,paid_search,consumer
C005231,2023-01-24,AU,organic,consumer
C005232,2023-01-24,US,organic,consumer
C005233,2023-01-24,US,affiliate,consumer
C005234,2023-01-24,US,paid_search,consumer
C005235,2023-01-24,US,paid_search,consumer
C005236,2023-01-24,US,paid_search,consumer
C005237,2023-01-24,CA,referral,consumer
C005238,2023-01-24,US,paid_social,consumer
C005239,2023-01-24,US,referral,consumer
C005240,2023-01-24,US,affiliate,consumer
C005241,2023-01-24,US,paid_social,consumer
C005242,2023-01-24,CA,organic,enterprise
C005243,2023-01-24,US,organic,consumer
C005244,2023-01-24,AU,organic,consumer
C005245,2023-01-24,DE,paid_social,small_business
C005246,2023-01-24,AU,paid_social,consumer
C005247,2023-01-24,CA,paid_social,consumer
C005248,2023-01-24,US,paid_social,consumer
C005249,2023-01-24,GB,paid_social,consumer
C005250,2023-01-24,US,paid_search,consumer
C005251,2023-01-24,US,affiliate,consumer
C005252,2023-01-24,US,organic,consumer
C005253,2023-01-24,US,organic,consumer
C005254,2023-01-24,US,paid_social,consumer
C005255,2023-01-24,US,organic,small_business
C005256,2023-01-24,AU,organic,consumer
C005257,2023-01-24,US,paid_search,small_business
C005258,2023-01-24,US,referral,consumer
C005259,2023-01-24,US,organic,small_business
C005260,2023-01-24,US,paid_search,consumer
C005261,2023-01-24,US,paid_search,consumer
C005262,2023-01-24,US,organic,consumer
C005263,2023-01-24,US,paid_social,consumer
C005264,2023-01-24,CA,paid_search,consumer
C005265,2023-01-24,DE,organic,enterprise
C005266,2023-01-24,US,affiliate,consumer
C005267,2023-01-24,US,organic,consumer
C005268,2023-01-24,US,referral,small_business
C005269,2023-01-24,GB,paid_search,consumer
C005270,2023-01-24,CA,paid_search,consumer
C005271,2023-01-24,US,affiliate,enterprise
C005272,2023-01-24,US,paid_search,consumer
C005273,2023-01-24,US,organic,consumer
C005274,2023-01-24,CA,paid_search,consumer
C005275,2023-01-24,US,referral,consumer
C005276,2023-01-25,US,organic,consumer
C005277,2023-01-25,GB,organic,consumer
C005278,2023-01-25,CA,organic,small_business
C005279,2023-01-25,DE,paid_search,small_business
C005280,2023-01-25,GB,paid_search,consumer
C005281,2023-01-25,US,organic,consumer
C005282,2023-01-25,US,organic,consumer
C005283,2023-01-25,DE,organic,consumer
C005284,2023-01-25,CA,organic,small_business
C005285,2023-01-25,US,affiliate,consumer
C005286,2023-01-25,US,paid_social,small_business
C005287,2023-01-25,US,paid_search,consumer
C005288,2023-01-25,US,organic,consumer
C005289,2023-01-25,GB,organic,consumer
C005290,2023-01-25,US,referral,consumer
C005291,2023-01-25,AU,paid_social,consumer
C005292,2023-01-25,CA,referral,consumer
C005293,2023-01-25,CA,paid_search,consumer
C005294,2023-01-25,DE,organic,consumer
C005295,2023-01-25,US,organic,consumer
C005296,2023-01-25,DE,paid_search,consumer
C005297,2023-01-25,AU,referral,consumer
C005298,2023-01-25,US,organic,consumer
C005299,2023-01-25,US,affiliate,small_business
C005300,2023-01-25,US,organic,consumer
C005301,2023-01-25,US,paid_social,consumer
C005302,2023-01-25,GB,referral,consumer
C005303,2023-01-25,US,paid_search,consumer
C005304,2023-01-25,US,paid_social,consumer
C005305,2023-01-25,CA,referral,consumer
C005306,2023-01-25,DE,organic,consumer
C005307,2023-01-25,US,paid_social,consumer
C005308,2023-01-25,CA,organic,consumer
C005309,2023-01-25,US,paid_social,consumer
C005310,2023-01-25,US,paid_search,consumer
C005311,2023-01-25,GB,organic,consumer
C005312,2023-01-25,US,organic,consumer
C005313,2023-01-25,GB,organic,consumer
C005314,2023-01-25,AU,paid_search,small_business
C005315,2023-01-25,DE,paid_social,consumer
C005316,2023-01-25,US,paid_search,consumer
C005317,2023-01-25,US,paid_social,consumer
C005318,2023-01-25,US,paid_search,consumer
C005319,2023-01-25,US,paid_search,consumer
C005320,2023-01-25,US,paid_social,small_business
C005321,2023-01-25,US,affiliate,consumer
C005322,2023-01-25,DE,paid_social,consumer
C005323,2023-01-25,US,affiliate,small_business
C005324,2023-01-25,US,referral,consumer
C005325,2023-01-25,US,paid_social,consumer
C005326,2023-01-25,US,affiliate,consumer
C005327,2023-01-25,US,paid_search,consumer
C005328,2023-01-25,US,organic,consumer
C005329,2023-01-25,CA,organic,consumer
C005330,2023-01-25,US,paid_search,consumer
C005331,2023-01-25,US,organic,consumer
C005332,2023-01-25,DE,paid_social,consumer
C005333,2023-01-25,GB,organic,small_business
C005334,2023-01-25,DE,affiliate,small_business
C005335,2023-01-25,US,paid_search,consumer
C005336,2023-01-25,GB,organic,consumer
C005337,2023-01-25,GB,organic,consumer
C005338,2023-01-25,US,referral,consumer
C005339,2023-01-25,US,referral,consumer
C005340,2023-01-25,US,referral,consumer
C005341,2023-01-25,US,organic,enterprise
C005342,2023-01-25,AU,paid_social,consumer
C005343,2023-01-25,GB,paid_search,small_business
C005344,2023-01-25,US,paid_social,consumer
C005345,2023-01-25,US,referral,consumer
C005346,2023-01-25,US,referral,small_business
C005347,2023-01-25,US,paid_search,consumer
C005348,2023-01-25,DE,organic,consumer
C005349,2023-01-25,US,paid_search,consumer
C005350,2023-01-25,US,organic,consumer
C005351,2023-01-25,US,paid_social,consumer
C005352,2023-01-25,AU,paid_search,consumer
C005353,2023-01-25,DE,paid_search,small_business
C005354,2023-01-25,US,referral,small_business
C005355,2023-01-25,US,affiliate,consumer
C005356,2023-01-25,AU,organic,consumer
C005357,2023-01-25,US,organic,consumer
C005358,2023-01-25,US,organic,consumer
C005359,2023-01-25,GB,paid_social,consumer
C005360,2023-01-25,US,paid_social,consumer
C005361,2023-01-25,GB,referral,consumer
C005362,2023-01-25,AU,organic,consumer
C005363,2023-01-25,US,organic,consumer
C005364,2023-01-25,US,organic,consumer
C005365,2023-01-25,US,organic,consumer
C005366,2023-01-25,AU,paid_social,consumer
C005367,2023-01-25,US,referral,consumer
C005368,2023-01-25,US,paid_social,consumer
C005369,2023-01-25,US,affiliate,consumer
C005370,2023-01-25,US,organic,small_business
C005371,2023-01-25,US,referral,consumer
C005372,2023-01-25,US,referral,consumer
C005373,2023-01-25,GB,referral,consumer
C005374,2023-01-25,US,paid_social,consumer
C005375,2023-01-25,US,paid_social,consumer
C005376,2023-01-25,AU,paid_social,consumer
C005377,2023-01-25,US,paid_social,small_business
C005378,2023-01-25,DE,paid_search,consumer
C005379,2023-01-25,US,organic,consumer
C005380,2023-01-25,US,paid_search,consumer
C005381,2023-01-25,GB,paid_social,consumer
C005382,2023-01-25,AU,paid_search,consumer
C005383,2023-01-25,US,paid_search,small_business
C005384,2023-01-25,US,paid_social,consumer
C005385,2023-01-25,US,organic,consumer
C005386,2023-01-25,US,paid_social,small_business
C005387,2023-01-25,GB,organic,consumer
C005388,2023-01-25,DE,organic,consumer
C005389,2023-01-25,GB,paid_search,consumer
C005390,2023-01-25,US,paid_social,consumer
C005391,2023-01-25,GB,referral,consumer
C005392,2023-01-25,DE,paid_social,consumer
C005393,2023-01-25,US,organic,consumer
C005394,2023-01-25,DE,organic,consumer
C005395,2023-01-25,US,paid_social,consumer
C005396,2023-01-25,CA,paid_search,consumer
C005397,2023-01-25,US,referral,consumer
C005398,2023-01-25,AU,organic,consumer
C005399,2023-01-25,US,referral,consumer
C005400,2023-01-25,CA,organic,small_business
C005401,2023-01-25,US,paid_social,enterprise
C005402,2023-01-25,US,referral,small_business
C005403,2023-01-25,US,organic,consumer
C005404,2023-01-25,CA,paid_search,small_business
C005405,2023-01-25,US,referral,consumer
C005406,2023-01-25,US,referral,consumer
C005407,2023-01-25,US,referral,consumer
C005408,2023-01-25,DE,organic,small_business
C005409,2023-01-25,US,referral,consumer
C005410,2023-01-25,DE,organic,consumer
C005411,2023-01-25,US,paid_search,consumer
C005412,2023-01-25,US,paid_search,consumer
C005413,2023-01-25,DE,affiliate,consumer
C005414,2023-01-25,CA,paid_search,consumer
C005415,2023-01-25,US,organic,consumer
C005416,2023-01-25,AU,referral,consumer
C005417,2023-01-25,US,affiliate,consumer
C005418,2023-01-25,US,organic,consumer
C005419,2023-01-25,US,paid_social,small_business
C005420,2023-01-25,US,referral,consumer
C005421,2023-01-25,US,organic,consumer
C005422,2023-01-25,US,affiliate,consumer
C005423,2023-01-25,US,referral,consumer
C005424,2023-01-25,GB,paid_social,consumer
C005425,2023-01-25,AU,referral,consumer
C005426,2023-01-25,US,affiliate,small_business
C005427,2023-01-25,AU,paid_search,small_business
C005428,2023-01-25,US,organic,consumer
C005429,2023-01-25,GB,organic,consumer
C005430,2023-01-25,CA,affiliate,consumer
C005431,2023-01-25,US,paid_search,consumer
C005432,2023-01-25,US,organic,consumer
C005433,2023-01-25,GB,paid_social,consumer
C005434,2023-01-25,US,organic,consumer
C005435,2023-01-25,US,paid_search,small_business
C005436,2023-01-25,GB,paid_social,consumer
C005437,2023-01-25,GB,paid_search,consumer
C005438,2023-01-25,US,paid_search,consumer
C005439,2023-01-25,US,organic,consumer
C005440,2023-01-25,US,organic,consumer
C005441,2023-01-25,US,organic,consumer
C005442,2023-01-25,US,referral,consumer
C005443,2023-01-25,US,paid_search,consumer
C005444,2023-01-25,US,referral,consumer
C005445,2023-01-25,DE,affiliate,consumer
C005446,2023-01-25,US,affiliate,consumer
C005447,2023-01-25,US,organic,enterprise
C005448,2023-01-25,AU,organic,consumer
C005449,2023-01-25,US,paid_social,consumer
C005450,2023-01-25,AU,paid_social,consumer
C005451,2023-01-25,US,referral,consumer
C005452,2023-01-25,AU,paid_search,consumer
C005453,2023-01-25,GB,paid_social,consumer
C005454,2023-01-25,CA,paid_search,small_business
C005455,2023-01-25,AU,organic,consumer
C005456,2023-01-25,GB,paid_social,consumer
C005457,2023-01-25,US,referral,consumer
C005458,2023-01-25,US,paid_social,consumer
C005459,2023-01-25,AU,paid_search,small_business
C005460,2023-01-25,DE,organic,consumer
C005461,2023-01-25,GB,paid_search,small_business
C005462,2023-01-25,US,organic,enterprise
C005463,2023-01-25,GB,paid_search,consumer
C005464,2023-01-25,DE,referral,consumer
C005465,2023-01-25,DE,affiliate,consumer
C005466,2023-01-25,US,organic,consumer
C005467,2023-01-25,US,referral,small_business
C005468,2023-01-25,US,organic,consumer
C005469,2023-01-25,US,organic,consumer
C005470,2023-01-25,AU,affiliate,consumer
C005471,2023-01-25,US,organic,small_business
C005472,2023-01-25,US,affiliate,consumer
C005473,2023-01-25,AU,paid_social,small_business
C005474,2023-01-25,US,referral,consumer
C005475,2023-01-25,AU,organic,consumer
C005476,2023-01-25,US,organic,consumer
C005477,2023-01-25,US,organic,consumer
C005478,2023-01-25,US,paid_search,consumer
C005479,2023-01-25,GB,organic,consumer
C005480,2023-01-25,DE,organic,consumer
C005481,2023-01-25,US,paid_search,consumer
C005482,2023-01-25,US,paid_social,consumer
C005483,2023-01-25,DE,affiliate,consumer
C005484,2023-01-25,CA,paid_search,consumer
C005485,2023-01-25,US,referral,consumer
C005486,2023-01-25,US,referral,small_business
C005487,2023-01-25,CA,paid_social,consumer
C005488,2023-01-25,US,paid_social,consumer
C005489,2023-01-25,DE,referral,consumer
C005490,2023-01-25,US,paid_social,consumer
C005491,2023-01-25,US,affiliate,consumer
C005492,2023-01-25,AU,referral,consumer
C005493,2023-01-25,US,affiliate,consumer
C005494,2023-01-25,GB,paid_search,small_business
C005495,2023-01-25,CA,paid_search,consumer
C005496,2023-01-26,GB,organic,consumer
C005497,2023-01-26,CA,paid_search,consumer
C005498,2023-01-26,US,referral,consumer
C005499,2023-01-26,DE,paid_search,consumer
C005500,2023-01-26,US,affiliate,consumer
C005501,2023-01-26,US,organic,consumer
C005502,2023-01-26,US,paid_social,consumer
C005503,2023-01-26,AU,organic,consumer
C005504,2023-01-26,US,paid_search,consumer
C005505,2023-01-26,AU,paid_social,small_business
C005506,2023-01-26,DE,affiliate,consumer
C005507,2023-01-26,CA,paid_search,consumer
C005508,2023-01-26,US,paid_search,consumer
C005509,2023-01-26,US,paid_social,consumer
C005510,2023-01-26,CA,organic,consumer
C005511,2023-01-26,US,organic,consumer
C005512,2023-01-26,US,referral,small_business
C005513,2023-01-26,US,affiliate,consumer
C005514,2023-01-26,US,paid_search,consumer
C005515,2023-01-26,US,paid_social,small_business
C005516,2023-01-26,AU,organic,consumer
C005517,2023-01-26,US,paid_social,consumer
C005518,2023-01-26,US,organic,small_business
C005519,2023-01-26,US,paid_search,small_business
C005520,2023-01-26,US,organic,consumer
C005521,2023-01-26,DE,affiliate,consumer
C005522,2023-01-26,US,referral,consumer
C005523,2023-01-26,US,paid_search,small_business
C005524,2023-01-26,CA,organic,consumer
C005525,2023-01-26,US,organic,consumer
C005526,2023-01-26,US,organic,consumer
C005527,2023-01-26,DE,organic,consumer
C005528,2023-01-26,US,affiliate,consumer
C005529,2023-01-26,US,paid_search,consumer
C005530,2023-01-26,US,paid_social,consumer
C005531,2023-01-26,US,paid_social,consumer
C005532,2023-01-26,US,paid_search,consumer
C005533,2023-01-26,US,referral,consumer
C005534,2023-01-26,GB,organic,small_business
C005535,2023-01-26,AU,organic,consumer
C005536,2023-01-26,US,paid_search,consumer
C005537,2023-01-26,US,paid_search,consumer
C005538,2023-01-26,US,referral,consumer
C005539,2023-01-26,US,paid_search,consumer
C005540,2023-01-26,US,referral,consumer
C005541,2023-01-26,US,referral,consumer
C005542,2023-01-26,US,organic,small_business
C005543,2023-01-26,US,organic,consumer
C005544,2023-01-26,US,affiliate,consumer
C005545,2023-01-26,GB,affiliate,consumer
C005546,2023-01-26,GB,organic,consumer
C005547,2023-01-26,GB,organic,consumer
C005548,2023-01-26,AU,paid_social,small_business
C005549,2023-01-26,US,referral,consumer
C005550,2023-01-26,CA,affiliate,small_business
C005551,2023-01-26,US,affiliate,consumer
C005552,2023-01-26,US,paid_social,consumer
C005553,2023-01-26,US,referral,consumer
C005554,2023-01-26,DE,paid_search,small_business
C005555,2023-01-26,CA,organic,small_business
C005556,2023-01-26,US,paid_search,consumer
C005557,2023-01-26,CA,organic,consumer
C005558,2023-01-26,US,organic,consumer
C005559,2023-01-26,DE,organic,consumer
C005560,2023-01-26,US,organic,consumer
C005561,2023-01-26,US,paid_social,small_business
C005562,2023-01-26,US,paid_search,consumer
C005563,2023-01-26,US,paid_search,consumer
C005564,2023-01-26,US,paid_social,consumer
C005565,2023-01-26,US,organic,small_business
C005566,2023-01-26,DE,affiliate,small_business
C005567,2023-01-26,AU,organic,consumer
C005568,2023-01-26,GB,paid_social,consumer
C005569,2023-01-26,AU,paid_search,consumer
C005570,2023-01-26,US,paid_search,consumer
C005571,2023-01-26,US,paid_social,consumer
C005572,2023-01-26,US,organic,consumer
C005573,2023-01-26,US,affiliate,consumer
C005574,2023-01-26,DE,paid_social,consumer
C005575,2023-01-26,DE,affiliate,consumer
C005576,2023-01-26,CA,paid_social,consumer
C005577,2023-01-26,DE,affiliate,consumer
C005578,2023-01-26,DE,paid_search,consumer
C005579,2023-01-26,US,paid_social,consumer
C005580,2023-01-26,CA,organic,small_business
C005581,2023-01-26,US,organic,consumer
C005582,2023-01-26,AU,organic,consumer
C005583,2023-01-26,CA,paid_social,consumer
C005584,2023-01-26,US,organic,small_business
C005585,2023-01-26,GB,organic,small_business
C005586,2023-01-26,US,referral,consumer
C005587,2023-01-26,AU,paid_social,consumer
C005588,2023-01-26,US,organic,consumer
C005589,2023-01-26,CA,organic,consumer
C005590,2023-01-26,US,affiliate,small_business
C005591,2023-01-26,US,referral,consumer
C005592,2023-01-26,CA,paid_search,consumer
C005593,2023-01-26,US,organic,consumer
C005594,2023-01-26,US,affiliate,consumer
C005595,2023-01-26,US,referral,consumer
C005596,2023-01-26,US,paid_search,consumer
C005597,2023-01-26,US,organic,consumer
C005598,2023-01-26,AU,organic,consumer
C005599,2023-01-26,GB,paid_search,small_business
C005600,2023-01-26,US,referral,consumer
C005601,2023-01-26,GB,paid_search,small_business
C005602,2023-01-26,US,organic,consumer
C005603,2023-01-26,DE,organic,consumer
C005604,2023-01-26,CA,paid_search,consumer
C005605,2023-01-26,DE,paid_search,consumer
C005606,2023-01-26,US,paid_social,consumer
C005607,2023-01-26,US,paid_search,small_business
C005608,2023-01-26,US,referral,consumer
C005609,2023-01-26,US,organic,enterprise
C005610,2023-01-26,US,paid_search,small_business
C005611,2023-01-26,US,paid_search,consumer
C005612,2023-01-26,GB,referral,consumer
C005613,2023-01-26,CA,organic,small_business
C005614,2023-01-26,US,organic,consumer
C005615,2023-01-26,US,organic,consumer
C005616,2023-01-26,US,organic,consumer
C005617,2023-01-26,AU,referral,small_business
C005618,2023-01-26,GB,affiliate,consumer
C005619,2023-01-26,AU,organic,consumer
C005620,2023-01-26,US,paid_search,consumer
C005621,2023-01-26,US,organic,consumer
C005622,2023-01-26,GB,referral,consumer
C005623,2023-01-26,US,organic,consumer
C005624,2023-01-26,US,organic,consumer
C005625,2023-01-26,US,affiliate,consumer
C005626,2023-01-26,US,organic,consumer
C005627,2023-01-26,AU,organic,consumer
C005628,2023-01-26,US,referral,consumer
C005629,2023-01-26,US,paid_social,small_business
C005630,2023-01-26,US,organic,consumer
C005631,2023-01-26,US,paid_search,consumer
C005632,2023-01-26,DE,organic,consumer
C005633,2023-01-26,US,paid_search,consumer
C005634,2023-01-26,US,referral,consumer
C005635,2023-01-26,CA,paid_search,consumer
C005636,2023-01-26,CA,paid_social,consumer
C005637,2023-01-26,DE,organic,consumer
C005638,2023-01-26,US,affiliate,consumer
C005639,2023-01-26,US,organic,consumer
C005640,2023-01-26,US,organic,consumer
C005641,2023-01-26,US,paid_social,consumer
C005642,2023-01-26,US,paid_search,consumer
C005643,2023-01-26,US,organic,consumer
C005644,2023-01-26,US,organic,consumer
C005645,2023-01-26,US,organic,consumer
C005646,2023-01-26,AU,organic,consumer
C005647,2023-01-26,CA,paid_social,consumer
C005648,2023-01-26,AU,organic,consumer
C005649,2023-01-26,US,referral,consumer
C005650,2023-01-26,CA,paid_search,consumer
C005651,2023-01-26,US,paid_social,small_business
C005652,2023-01-26,US,referral,consumer
C005653,2023-01-26,DE,affiliate,small_business
C005654,2023-01-26,US,paid_search,consumer
C005655,2023-01-26,US,organic,consumer
C005656,2023-01-26,US,paid_social,small_business
C005657,2023-01-26,US,referral,consumer
C005658,2023-01-26,AU,referral,consumer
C005659,2023-01-26,GB,paid_search,consumer
C005660,2023-01-26,US,paid_search,consumer
C005661,2023-01-26,US,paid_search,consumer
C005662,2023-01-26,US,affiliate,small_business
C005663,2023-01-26,US,paid_search,consumer
C005664,2023-01-26,DE,paid_search,consumer
C005665,2023-01-26,CA,organic,consumer
C005666,2023-01-26,AU,paid_social,consumer
C005667,2023-01-26,CA,paid_social,consumer
C005668,2023-01-26,US,paid_search,small_business
C005669,2023-01-26,GB,paid_search,consumer
C005670,2023-01-26,GB,paid_search,consumer
C005671,2023-01-26,US,organic,consumer
C005672,2023-01-26,US,paid_search,consumer
C005673,2023-01-26,US,organic,small_business
C005674,2023-01-26,GB,referral,consumer
C005675,2023-01-26,US,affiliate,consumer
C005676,2023-01-26,DE,paid_search,consumer
C005677,2023-01-26,US,paid_search,consumer
C005678,2023-01-26,US,organic,consumer
C005679,2023-01-26,AU,organic,consumer
C005680,2023-01-26,US,paid_search,consumer
C005681,2023-01-26,US,paid_social,consumer
C005682,2023-01-26,GB,paid_social,consumer
C005683,2023-01-26,US,organic,consumer
C005684,2023-01-26,US,affiliate,consumer
C005685,2023-01-26,GB,paid_search,small_business
C005686,2023-01-26,US,organic,consumer
C005687,2023-01-26,US,organic,small_business
C005688,2023-01-26,AU,referral,consumer
C005689,2023-01-26,US,organic,consumer
C005690,2023-01-26,US,paid_search,consumer
C005691,2023-01-26,US,paid_social,consumer
C005692,2023-01-26,US,referral,consumer
C005693,2023-01-26,DE,paid_search,consumer
C005694,2023-01-26,GB,affiliate,consumer
C005695,2023-01-26,US,organic,consumer
C005696,2023-01-26,US,organic,consumer
C005697,2023-01-26,DE,paid_search,consumer
C005698,2023-01-26,US,paid_search,consumer
C005699,2023-01-26,US,paid_search,consumer
C005700,2023-01-26,GB,paid_social,consumer
C005701,2023-01-26,US,paid_search,consumer
C005702,2023-01-26,US,referral,enterprise
C005703,2023-01-26,US,organic,consumer
C005704,2023-01-26,US,paid_search,small_business
C005705,2023-01-26,US,paid_social,small_business
C005706,2023-01-26,US,referral,consumer
C005707,2023-01-26,DE,paid_search,consumer
C005708,2023-01-26,GB,organic,consumer
C005709,2023-01-26,GB,affiliate,small_business
C005710,2023-01-26,CA,paid_social,small_business
C005711,2023-01-26,AU,affiliate,consumer
C005712,2023-01-26,US,affiliate,consumer
C005713,2023-01-26,US,referral,consumer
C005714,2023-01-26,US,organic,consumer
C005715,2023-01-26,CA,organic,small_business
C005716,2023-01-27,US,paid_search,consumer
C005717,2023-01-27,US,paid_search,small_business
C005718,2023-01-27,US,paid_social,consumer
C005719,2023-01-27,US,organic,consumer
C005720,2023-01-27,US,organic,consumer
C005721,2023-01-27,US,paid_search,consumer
C005722,2023-01-27,US,referral,consumer
C005723,2023-01-27,US,paid_search,small_business
C005724,2023-01-27,US,paid_search,consumer
C005725,2023-01-27,US,paid_social,consumer
C005726,2023-01-27,GB,organic,consumer
C005727,2023-01-27,US,organic,consumer
C005728,2023-01-27,GB,affiliate,consumer
C005729,2023-01-27,US,paid_search,consumer
C005730,2023-01-27,US,affiliate,consumer
C005731,2023-01-27,US,paid_search,consumer
C005732,2023-01-27,US,paid_social,consumer
C005733,2023-01-27,US,paid_search,consumer
C005734,2023-01-27,US,paid_social,consumer
C005735,2023-01-27,US,affiliate,small_business
C005736,2023-01-27,US,referral,consumer
C005737,2023-01-27,DE,paid_search,small_business
C005738,2023-01-27,DE,paid_social,consumer
C005739,2023-01-27,US,paid_social,consumer
C005740,2023-01-27,GB,affiliate,consumer
C005741,2023-01-27,US,referral,small_business
C005742,2023-01-27,US,affiliate,consumer
C005743,2023-01-27,DE,referral,consumer
C005744,2023-01-27,US,paid_search,small_business
C005745,2023-01-27,US,paid_social,small_business
C005746,2023-01-27,US,paid_social,small_business
C005747,2023-01-27,US,paid_social,enterprise
C005748,2023-01-27,US,referral,small_business
C005749,2023-01-27,GB,organic,consumer
C005750,2023-01-27,US,paid_search,consumer
C005751,2023-01-27,US,paid_search,consumer
C005752,2023-01-27,US,paid_social,consumer
C005753,2023-01-27,AU,paid_search,consumer
C005754,2023-01-27,US,referral,small_business
C005755,2023-01-27,US,paid_search,consumer
C005756,2023-01-27,CA,organic,consumer
C005757,2023-01-27,AU,paid_social,small_business
C005758,2023-01-27,CA,referral,consumer
C005759,2023-01-27,US,paid_search,consumer
C005760,2023-01-27,US,organic,consumer
C005761,2023-01-27,US,paid_search,consumer
C005762,2023-01-27,GB,organic,consumer
C005763,2023-01-27,US,paid_search,consumer
C005764,2023-01-27,CA,referral,consumer
C005765,2023-01-27,US,organic,small_business
C005766,2023-01-27,US,paid_search,small_business
C005767,2023-01-27,US,paid_social,consumer
C005768,2023-01-27,CA,paid_search,small_business
C005769,2023-01-27,CA,paid_social,consumer
C005770,2023-01-27,US,referral,small_business
C005771,2023-01-27,US,organic,consumer
C005772,2023-01-27,US,organic,small_business
C005773,2023-01-27,US,organic,small_business
C005774,2023-01-27,US,affiliate,consumer
C005775,2023-01-27,US,organic,small_business
C005776,2023-01-27,GB,paid_social,consumer
C005777,2023-01-27,CA,paid_search,consumer
C005778,2023-01-27,US,organic,consumer
C005779,2023-01-27,AU,paid_social,enterprise
C005780,2023-01-27,US,organic,consumer
C005781,2023-01-27,US,paid_search,consumer
C005782,2023-01-27,AU,organic,consumer
C005783,2023-01-27,US,referral,consumer
C005784,2023-01-27,CA,organic,consumer
C005785,2023-01-27,US,paid_social,consumer
C005786,2023-01-27,US,paid_search,consumer
C005787,2023-01-27,CA,paid_social,enterprise
C005788,2023-01-27,AU,referral,small_business
C005789,2023-01-27,AU,referral,consumer
C005790,2023-01-27,US,paid_social,consumer
C005791,2023-01-27,US,referral,consumer
C005792,2023-01-27,US,organic,consumer
C005793,2023-01-27,GB,referral,enterprise
C005794,2023-01-27,CA,paid_search,consumer
C005795,2023-01-27,GB,referral,small_business
C005796,2023-01-27,US,paid_search,small_business
C005797,2023-01-27,AU,organic,small_business
C005798,2023-01-27,US,paid_search,consumer
C005799,2023-01-27,US,paid_social,small_business
C005800,2023-01-27,US,paid_social,small_business
C005801,2023-01-27,US,paid_search,consumer
C005802,2023-01-27,US,paid_search,consumer
C005803,2023-01-27,CA,paid_social,small_business
C005804,2023-01-27,US,paid_search,consumer
C005805,2023-01-27,US,paid_search,consumer
C005806,2023-01-27,US,organic,consumer
C005807,2023-01-27,US,paid_search,consumer
C005808,2023-01-27,US,referral,consumer
C005809,2023-01-27,AU,organic,consumer
C005810,2023-01-27,DE,referral,consumer
C005811,2023-01-27,AU,paid_social,consumer
C005812,2023-01-27,US,paid_social,consumer
C005813,2023-01-27,US,organic,consumer
C005814,2023-01-27,AU,organic,consumer
C005815,2023-01-27,CA,paid_search,consumer
C005816,2023-01-27,GB,organic,consumer
C005817,2023-01-27,US,paid_social,consumer
C005818,2023-01-27,GB,referral,small_business
C005819,2023-01-27,US,paid_search,consumer
C005820,2023-01-27,US,organic,consumer
C005821,2023-01-27,DE,paid_social,consumer
C005822,2023-01-27,US,referral,consumer
C005823,2023-01-27,US,paid_search,consumer
C005824,2023-01-27,DE,referral,consumer
C005825,2023-01-27,US,referral,enterprise
C005826,2023-01-27,US,paid_search,consumer
C005827,2023-01-27,US,organic,consumer
C005828,2023-01-27,CA,organic,enterprise
C005829,2023-01-27,US,organic,consumer
C005830,2023-01-27,US,referral,consumer
C005831,2023-01-27,US,organic,consumer
C005832,2023-01-27,US,organic,consumer
C005833,2023-01-27,US,paid_social,consumer
C005834,2023-01-27,US,organic,consumer
C005835,2023-01-27,US,paid_search,consumer
C005836,2023-01-27,AU,paid_social,consumer
C005837,2023-01-27,US,paid_search,consumer
C005838,2023-01-27,US,paid_social,consumer
C005839,2023-01-27,US,referral,consumer
C005840,2023-01-27,US,paid_search,consumer
C005841,2023-01-27,US,organic,consumer
C005842,2023-01-27,US,paid_search,consumer
C005843,2023-01-27,US,paid_search,small_business
C005844,2023-01-27,AU,paid_social,consumer
C005845,2023-01-27,US,paid_search,consumer
C005846,2023-01-27,US,organic,consumer
C005847,2023-01-27,AU,organic,consumer
C005848,2023-01-27,US,paid_search,small_business
C005849,2023-01-27,US,organic,consumer
C005850,2023-01-27,US,organic,consumer
C005851,2023-01-27,US,organic,consumer
C005852,2023-01-27,DE,organic,small_business
C005853,2023-01-27,US,paid_search,consumer
C005854,2023-01-27,CA,paid_search,consumer
C005855,2023-01-27,DE,organic,small_business
C005856,2023-01-27,US,paid_search,consumer
C005857,2023-01-27,US,affiliate,small_business
C005858,2023-01-27,US,organic,consumer
C005859,2023-01-27,DE,paid_search,small_business
C005860,2023-01-27,US,referral,consumer
C005861,2023-01-27,US,referral,consumer
C005862,2023-01-27,US,paid_search,consumer
C005863,2023-01-27,US,organic,consumer
C005864,2023-01-27,US,paid_search,consumer
C005865,2023-01-27,US,organic,consumer
C005866,2023-01-27,DE,affiliate,consumer
C005867,2023-01-27,AU,referral,consumer
C005868,2023-01-27,US,paid_search,consumer
C005869,2023-01-27,US,referral,consumer
C005870,2023-01-27,US,organic,consumer
C005871,2023-01-27,US,paid_search,consumer
C005872,2023-01-27,US,referral,consumer
C005873,2023-01-27,US,organic,consumer
C005874,2023-01-27,DE,referral,consumer
C005875,2023-01-27,US,paid_search,small_business
C005876,2023-01-27,DE,organic,small_business
C005877,2023-01-27,DE,referral,consumer
C005878,2023-01-27,US,organic,consumer
C005879,2023-01-27,CA,organic,consumer
C005880,2023-01-27,US,paid_search,consumer
C005881,2023-01-27,CA,paid_social,consumer
C005882,2023-01-27,US,organic,consumer
C005883,2023-01-27,US,organic,small_business
C005884,2023-01-27,AU,organic,consumer
C005885,2023-01-27,US,referral,small_business
C005886,2023-01-27,DE,organic,consumer
C005887,2023-01-27,AU,affiliate,consumer
C005888,2023-01-27,US,organic,consumer
C005889,2023-01-27,US,organic,consumer
C005890,2023-01-27,US,paid_search,consumer
C005891,2023-01-27,AU,paid_social,consumer
C005892,2023-01-27,US,paid_search,consumer
C005893,2023-01-27,US,organic,consumer
C005894,2023-01-27,CA,organic,consumer
C005895,2023-01-27,US,referral,consumer
C005896,2023-01-27,US,paid_social,consumer
C005897,2023-01-27,US,organic,consumer
C005898,2023-01-27,CA,organic,consumer
C005899,2023-01-27,US,referral,consumer
C005900,2023-01-27,US,organic,consumer
C005901,2023-01-27,US,organic,consumer
C005902,2023-01-27,US,organic,consumer
C005903,2023-01-27,AU,affiliate,consumer
C005904,2023-01-27,DE,affiliate,consumer
C005905,2023-01-27,AU,paid_social,consumer
C005906,2023-01-27,US,paid_social,consumer
C005907,2023-01-27,CA,organic,consumer
C005908,2023-01-27,US,paid_search,small_business
C005909,2023-01-27,CA,paid_social,consumer
C005910,2023-01-27,US,affiliate,consumer
C005911,2023-01-27,US,paid_social,small_business
C005912,2023-01-27,CA,organic,small_business
C005913,2023-01-27,US,organic,consumer
C005914,2023-01-27,US,paid_search,consumer
C005915,2023-01-27,CA,paid_search,consumer
C005916,2023-01-27,US,organic,consumer
C005917,2023-01-27,GB,paid_social,consumer
C005918,2023-01-27,DE,paid_search,consumer
C005919,2023-01-27,US,organic,consumer
C005920,2023-01-27,CA,affiliate,consumer
C005921,2023-01-27,CA,paid_search,consumer
C005922,2023-01-27,DE,paid_search,small_business
C005923,2023-01-27,US,organic,consumer
C005924,2023-01-27,US,organic,consumer
C005925,2023-01-27,US,paid_search,small_business
C005926,2023-01-27,GB,paid_search,consumer
C005927,2023-01-27,AU,paid_search,consumer
C005928,2023-01-27,DE,paid_social,consumer
C005929,2023-01-27,US,paid_search,consumer
C005930,2023-01-27,US,paid_search,consumer
C005931,2023-01-27,DE,paid_social,consumer
C005932,2023-01-27,US,organic,consumer
C005933,2023-01-27,DE,referral,consumer
C005934,2023-01-27,GB,paid_social,consumer
C005935,2023-01-27,US,organic,consumer
C005936,2023-01-28,US,paid_search,consumer
C005937,2023-01-28,US,referral,consumer
C005938,2023-01-28,CA,organic,consumer
C005939,2023-01-28,US,paid_search,consumer
C005940,2023-01-28,CA,paid_search,consumer
C005941,2023-01-28,CA,paid_social,consumer
C005942,2023-01-28,US,organic,consumer
C005943,2023-01-28,US,paid_search,consumer
C005944,2023-01-28,DE,paid_search,consumer
C005945,2023-01-28,AU,paid_social,small_business
C005946,2023-01-28,US,affiliate,consumer
C005947,2023-01-28,CA,referral,consumer
C005948,2023-01-28,GB,referral,small_business
C005949,2023-01-28,US,paid_social,consumer
C005950,2023-01-28,US,referral,enterprise
C005951,2023-01-28,CA,paid_social,consumer
C005952,2023-01-28,US,paid_social,consumer
C005953,2023-01-28,DE,paid_social,small_business
C005954,2023-01-28,US,paid_social,consumer
C005955,2023-01-28,AU,paid_social,small_business
C005956,2023-01-28,US,paid_search,enterprise
C005957,2023-01-28,AU,affiliate,consumer
C005958,2023-01-28,GB,referral,consumer
C005959,2023-01-28,GB,affiliate,consumer
C005960,2023-01-28,US,organic,consumer
C005961,2023-01-28,US,referral,consumer
C005962,2023-01-28,AU,paid_social,consumer
C005963,2023-01-28,US,paid_social,consumer
C005964,2023-01-28,US,referral,consumer
C005965,2023-01-28,DE,paid_social,small_business
C005966,2023-01-28,CA,paid_social,small_business
C005967,2023-01-28,US,paid_search,enterprise
C005968,2023-01-28,US,referral,consumer
C005969,2023-01-28,US,paid_social,enterprise
C005970,2023-01-28,US,paid_search,enterprise
C005971,2023-01-28,US,organic,consumer
C005972,2023-01-28,DE,paid_search,consumer
C005973,2023-01-28,AU,paid_social,enterprise
C005974,2023-01-28,CA,paid_social,consumer
C005975,2023-01-28,US,referral,consumer
C005976,2023-01-28,US,referral,consumer
C005977,2023-01-28,US,organic,consumer
C005978,2023-01-28,DE,organic,consumer
C005979,2023-01-28,US,organic,consumer
C005980,2023-01-28,US,organic,consumer
C005981,2023-01-28,US,referral,consumer
C005982,2023-01-28,GB,paid_search,consumer
C005983,2023-01-28,US,organic,consumer
C005984,2023-01-28,DE,paid_search,consumer
C005985,2023-01-28,US,referral,consumer
C005986,2023-01-28,US,paid_social,consumer
C005987,2023-01-28,GB,organic,consumer
C005988,2023-01-28,US,paid_social,consumer
C005989,2023-01-28,US,organic,consumer
C005990,2023-01-28,US,paid_search,consumer
C005991,2023-01-28,US,paid_search,consumer
C005992,2023-01-28,US,paid_search,consumer
C005993,2023-01-28,US,referral,consumer
C005994,2023-01-28,US,affiliate,consumer
C005995,2023-01-28,DE,referral,small_business
C005996,2023-01-28,AU,paid_search,consumer
C005997,2023-01-28,US,paid_search,consumer
C005998,2023-01-28,US,organic,consumer
C005999,2023-01-28,AU,organic,consumer
C006000,2023-01-28,US,referral,consumer
C006001,2023-01-28,GB,organic,consumer
C006002,2023-01-28,US,paid_search,consumer
C006003,2023-01-28,US,paid_social,consumer
C006004,2023-01-28,US,referral,consumer
C006005,2023-01-28,GB,organic,enterprise
C006006,2023-01-28,CA,paid_social,consumer
C006007,2023-01-28,US,paid_search,consumer
C006008,2023-01-28,US,paid_social,consumer
C006009,2023-01-28,CA,paid_social,small_business
C006010,2023-01-28,GB,organic,consumer
C006011,2023-01-28,US,paid_search,consumer
C006012,2023-01-28,US,paid_social,consumer
C006013,2023-01-28,US,organic,consumer
C006014,2023-01-28,GB,affiliate,consumer
C006015,2023-01-28,US,paid_search,consumer
C006016,2023-01-28,DE,referral,consumer
C006017,2023-01-28,GB,paid_social,consumer
C006018,2023-01-28,US,referral,small_business
C006019,2023-01-28,US,affiliate,consumer
C006020,2023-01-28,DE,paid_search,consumer
C006021,2023-01-28,US,organic,small_business
C006022,2023-01-28,AU,affiliate,consumer
C006023,2023-01-28,US,paid_search,consumer
C006024,2023-01-28,US,affiliate,consumer
C006025,2023-01-28,US,organic,consumer
C006026,2023-01-28,DE,organic,consumer
C006027,2023-01-28,AU,paid_social,consumer
C006028,2023-01-28,US,paid_social,consumer
C006029,2023-01-28,US,paid_search,consumer
C006030,2023-01-28,CA,organic,small_business
C006031,2023-01-28,CA,paid_social,consumer
C006032,2023-01-28,US,affiliate,consumer
C006033,2023-01-28,DE,paid_search,consumer
C006034,2023-01-28,CA,organic,consumer
C006035,2023-01-28,GB,paid_social,enterprise
C006036,2023-01-28,US,paid_social,consumer
C006037,2023-01-28,US,organic,small_business
C006038,2023-01-28,DE,referral,consumer
C006039,2023-01-28,US,organic,consumer
C006040,2023-01-28,US,affiliate,enterprise
C006041,2023-01-28,US,paid_social,consumer
C006042,2023-01-28,CA,organic,consumer
C006043,2023-01-28,US,organic,consumer
C006044,2023-01-28,US,organic,consumer
C006045,2023-01-28,CA,affiliate,consumer
C006046,2023-01-28,US,paid_search,small_business
C006047,2023-01-28,US,referral,consumer
C006048,2023-01-28,US,referral,consumer
C006049,2023-01-28,GB,affiliate,small_business
C006050,2023-01-28,US,affiliate,small_business
C006051,2023-01-28,US,paid_search,small_business
C006052,2023-01-28,DE,paid_social,consumer
C006053,2023-01-28,US,paid_search,consumer
C006054,2023-01-28,US,organic,consumer
C006055,2023-01-28,DE,paid_search,consumer
C006056,2023-01-28,US,organic,consumer
C006057,2023-01-28,AU,organic,consumer
C006058,2023-01-28,GB,paid_search,consumer
C006059,2023-01-28,US,organic,consumer
C006060,2023-01-28,DE,organic,consumer
C006061,2023-01-28,US,paid_social,consumer
C006062,2023-01-28,US,organic,consumer
C006063,2023-01-28,US,paid_search,small_business
C006064,2023-01-28,US,paid_search,consumer
C006065,2023-01-28,GB,paid_social,consumer
C006066,2023-01-28,US,organic,consumer
C006067,2023-01-28,US,organic,enterprise
C006068,2023-01-28,US,referral,consumer
C006069,2023-01-28,DE,paid_search,consumer
C006070,2023-01-28,US,referral,consumer
C006071,2023-01-28,US,paid_search,consumer
C006072,2023-01-28,US,organic,consumer
C006073,2023-01-28,US,referral,consumer
C006074,2023-01-28,GB,organic,small_business
C006075,2023-01-28,CA,referral,small_business
C006076,2023-01-28,US,paid_search,consumer
C006077,2023-01-28,US,paid_social,consumer
C006078,2023-01-28,US,paid_search,small_business
C006079,2023-01-28,US,paid_social,consumer
C006080,2023-01-28,US,paid_social,consumer
C006081,2023-01-28,US,paid_social,consumer
C006082,2023-01-28,GB,organic,consumer
C006083,2023-01-28,US,paid_search,consumer
C006084,2023-01-28,US,paid_social,small_business
C006085,2023-01-28,DE,organic,consumer
C006086,2023-01-28,US,organic,consumer
C006087,2023-01-28,US,referral,consumer
C006088,2023-01-28,GB,organic,consumer
C006089,2023-01-28,AU,organic,consumer
C006090,2023-01-28,GB,referral,enterprise
C006091,2023-01-28,US,referral,consumer
C006092,2023-01-28,US,organic,small_business
C006093,2023-01-28,US,organic,consumer
C006094,2023-01-28,AU,organic,consumer
C006095,2023-01-28,US,paid_social,consumer
C006096,2023-01-28,GB,organic,small_business
C006097,2023-01-28,US,paid_social,consumer
C006098,2023-01-28,US,referral,consumer
C006099,2023-01-28,GB,paid_search,consumer
C006100,2023-01-28,GB,referral,consumer
C006101,2023-01-28,US,organic,consumer
C006102,2023-01-28,US,referral,consumer
C006103,2023-01-28,DE,affiliate,consumer
C006104,2023-01-28,US,organic,small_business
C006105,2023-01-28,AU,organic,small_business
C006106,2023-01-28,US,referral,consumer
C006107,2023-01-28,US,affiliate,consumer
C006108,2023-01-28,US,organic,consumer
C006109,2023-01-28,US,paid_search,consumer
C006110,2023-01-28,GB,affiliate,consumer
C006111,2023-01-28,US,organic,consumer
C006112,2023-01-28,US,referral,consumer
C006113,2023-01-28,CA,referral,consumer
C006114,2023-01-28,US,referral,consumer
C006115,2023-01-28,US,paid_search,consumer
C006116,2023-01-28,CA,paid_search,consumer
C006117,2023-01-28,AU,paid_social,consumer
C006118,2023-01-28,GB,organic,small_business
C006119,2023-01-28,US,paid_social,consumer
C006120,2023-01-28,DE,paid_search,small_business
C006121,2023-01-28,GB,paid_search,consumer
C006122,2023-01-28,GB,organic,consumer
C006123,2023-01-28,AU,referral,consumer
C006124,2023-01-28,US,organic,consumer
C006125,2023-01-28,GB,affiliate,consumer
C006126,2023-01-28,US,paid_social,consumer
C006127,2023-01-28,CA,paid_social,consumer
C006128,2023-01-28,CA,paid_search,consumer
C006129,2023-01-28,DE,organic,consumer
C006130,2023-01-28,US,affiliate,small_business
C006131,2023-01-28,US,paid_search,consumer
C006132,2023-01-28,US,organic,consumer
C006133,2023-01-28,US,referral,small_business
C006134,2023-01-28,US,organic,consumer
C006135,2023-01-28,US,organic,consumer
C006136,2023-01-28,US,referral,small_business
C006137,2023-01-28,US,paid_social,consumer
C006138,2023-01-28,DE,paid_social,consumer
C006139,2023-01-28,AU,organic,consumer
C006140,2023-01-28,US,paid_search,small_business
C006141,2023-01-28,US,organic,consumer
C006142,2023-01-28,US,referral,consumer
C006143,2023-01-28,US,paid_social,consumer
C006144,2023-01-28,GB,paid_search,consumer
C006145,2023-01-28,AU,paid_social,consumer
C006146,2023-01-28,GB,organic,small_business
C006147,2023-01-28,US,paid_social,consumer
C006148,2023-01-28,AU,referral,consumer
C006149,2023-01-28,CA,referral,consumer
C006150,2023-01-28,DE,paid_social,enterprise
C006151,2023-01-28,US,paid_search,consumer
C006152,2023-01-28,US,affiliate,consumer
C006153,2023-01-28,US,paid_search,small_business
C006154,2023-01-28,CA,paid_search,consumer
C006155,2023-01-29,US,paid_search,consumer
C006156,2023-01-29,US,paid_search,small_business
C006157,2023-01-29,DE,affiliate,enterprise
C006158,2023-01-29,US,referral,consumer
C006159,2023-01-29,GB,paid_social,consumer
C006160,2023-01-29,US,paid_social,consumer
C006161,2023-01-29,US,organic,consumer
C006162,2023-01-29,US,organic,small_business
C006163,2023-01-29,US,organic,consumer
C006164,2023-01-29,US,paid_search,consumer
C006165,2023-01-29,GB,affiliate,small_business
C006166,2023-01-29,DE,organic,consumer
C006167,2023-01-29,GB,organic,small_business
C006168,2023-01-29,US,paid_social,consumer
C006169,2023-01-29,AU,organic,consumer
C006170,2023-01-29,GB,paid_search,consumer
C006171,2023-01-29,US,referral,small_business
C006172,2023-01-29,US,organic,consumer
C006173,2023-01-29,US,organic,consumer
C006174,2023-01-29,US,referral,consumer
C006175,2023-01-29,US,organic,consumer
C006176,2023-01-29,US,organic,consumer
C006177,2023-01-29,US,organic,consumer
C006178,2023-01-29,US,paid_search,consumer
C006179,2023-01-29,CA,paid_social,consumer
C006180,2023-01-29,US,referral,small_business
C006181,2023-01-29,DE,organic,consumer
C006182,2023-01-29,US,paid_search,small_business
C006183,2023-01-29,US,organic,consumer
C006184,2023-01-29,US,organic,consumer
C006185,2023-01-29,CA,paid_social,consumer
C006186,2023-01-29,US,paid_search,consumer
C006187,2023-01-29,US,referral,consumer
C006188,2023-01-29,GB,organic,consumer
C006189,2023-01-29,US,affiliate,consumer
C006190,2023-01-29,US,affiliate,consumer
C006191,2023-01-29,DE,referral,consumer
C006192,2023-01-29,US,organic,consumer
C006193,2023-01-29,US,organic,consumer
C006194,2023-01-29,US,organic,small_business
C006195,2023-01-29,US,referral,consumer
C006196,2023-01-29,US,affiliate,consumer
C006197,2023-01-29,US,referral,consumer
C006198,2023-01-29,US,paid_search,consumer
C006199,2023-01-29,GB,paid_social,consumer
C006200,2023-01-29,AU,referral,consumer
C006201,2023-01-29,GB,referral,consumer
C006202,2023-01-29,US,paid_social,consumer
C006203,2023-01-29,US,affiliate,consumer
C006204,2023-01-29,US,organic,consumer
C006205,2023-01-29,US,paid_search,consumer
C006206,2023-01-29,US,organic,consumer
C006207,2023-01-29,US,paid_search,consumer
C006208,2023-01-29,US,paid_social,consumer
C006209,2023-01-29,AU,paid_search,consumer
C006210,2023-01-29,US,referral,consumer
C006211,2023-01-29,AU,paid_social,consumer
C006212,2023-01-29,US,paid_social,consumer
C006213,2023-01-29,US,paid_social,consumer
C006214,2023-01-29,US,paid_search,consumer
C006215,2023-01-29,US,paid_social,consumer
C006216,2023-01-29,US,paid_search,consumer
C006217,2023-01-29,US,referral,consumer
C006218,2023-01-29,US,organic,consumer
C006219,2023-01-29,US,organic,small_business
C006220,2023-01-29,US,paid_search,consumer
C006221,2023-01-29,US,organic,consumer
C006222,2023-01-29,DE,paid_social,consumer
C006223,2023-01-29,US,paid_search,consumer
C006224,2023-01-29,US,referral,consumer
C006225,2023-01-29,US,organic,consumer
C006226,2023-01-29,US,referral,consumer
C006227,2023-01-29,US,organic,consumer
C006228,2023-01-29,AU,paid_search,consumer
C006229,2023-01-29,US,organic,consumer
C006230,2023-01-29,US,organic,consumer
C006231,2023-01-29,US,referral,consumer
C006232,2023-01-29,US,paid_search,consumer
C006233,2023-01-29,US,organic,consumer
C006234,2023-01-29,US,affiliate,consumer
C006235,2023-01-29,US,paid_search,consumer
C006236,2023-01-29,US,paid_search,small_business
C006237,2023-01-29,US,organic,consumer
C006238,2023-01-29,US,organic,consumer
C006239,2023-01-29,US,organic,consumer
C006240,2023-01-29,AU,paid_social,consumer
C006241,2023-01-29,US,paid_social,consumer
C006242,2023-01-29,US,referral,small_business
C006243,2023-01-29,CA,paid_social,consumer
C006244,2023-01-29,US,affiliate,consumer
C006245,2023-01-29,CA,paid_social,small_business
C006246,2023-01-29,US,organic,consumer
C006247,2023-01-29,US,paid_search,consumer
C006248,2023-01-29,US,paid_search,consumer
C006249,2023-01-29,GB,organic,consumer
C006250,2023-01-29,US,affiliate,consumer
C006251,2023-01-29,US,paid_social,consumer
C006252,2023-01-29,US,affiliate,small_business
C006253,2023-01-29,CA,referral,consumer
C006254,2023-01-29,US,affiliate,consumer
C006255,2023-01-29,CA,organic,consumer
C006256,2023-01-29,US,paid_social,consumer
C006257,2023-01-29,US,organic,consumer
C006258,2023-01-29,US,affiliate,consumer
C006259,2023-01-29,DE,paid_search,consumer
C006260,2023-01-29,GB,organic,consumer
C006261,2023-01-29,US,affiliate,small_business
C006262,2023-01-29,US,paid_social,consumer
C006263,2023-01-29,US,referral,consumer
C006264,2023-01-29,US,organic,consumer
C006265,2023-01-29,US,paid_search,consumer
C006266,2023-01-29,US,organic,consumer
C006267,2023-01-29,US,referral,consumer
C006268,2023-01-29,AU,organic,consumer
C006269,2023-01-29,US,paid_search,consumer
C006270,2023-01-29,CA,organic,consumer
C006271,2023-01-29,US,organic,consumer
C006272,2023-01-29,GB,paid_search,consumer
C006273,2023-01-29,US,paid_search,consumer
C006274,2023-01-29,US,paid_search,consumer
C006275,2023-01-29,CA,organic,consumer
C006276,2023-01-29,US,organic,consumer
C006277,2023-01-29,US,organic,consumer
C006278,2023-01-29,GB,paid_search,consumer
C006279,2023-01-29,US,referral,consumer
C006280,2023-01-29,GB,paid_search,consumer
C006281,2023-01-29,US,paid_search,consumer
C006282,2023-01-29,US,organic,consumer
C006283,2023-01-29,US,referral,consumer
C006284,2023-01-29,US,organic,consumer
C006285,2023-01-29,US,referral,consumer
C006286,2023-01-29,DE,organic,enterprise
C006287,2023-01-29,GB,paid_search,consumer
C006288,2023-01-29,GB,affiliate,consumer
C006289,2023-01-29,CA,paid_search,consumer
C006290,2023-01-29,US,paid_social,consumer
C006291,2023-01-29,US,organic,consumer
C006292,2023-01-29,US,paid_social,consumer
C006293,2023-01-29,US,paid_social,consumer
C006294,2023-01-29,US,referral,consumer
C006295,2023-01-29,CA,paid_social,consumer
C006296,2023-01-29,US,organic,consumer
C006297,2023-01-29,US,affiliate,consumer
C006298,2023-01-29,CA,paid_search,consumer
C006299,2023-01-29,US,organic,consumer
C006300,2023-01-29,US,referral,consumer
C006301,2023-01-29,US,referral,enterprise
C006302,2023-01-29,US,paid_search,small_business
C006303,2023-01-29,US,organic,consumer
C006304,2023-01-29,US,organic,consumer
C006305,2023-01-29,US,paid_search,consumer
C006306,2023-01-29,AU,paid_search,consumer
C006307,2023-01-29,CA,paid_search,small_business
C006308,2023-01-29,CA,paid_search,small_business
C006309,2023-01-29,CA,paid_social,consumer
C006310,2023-01-29,US,organic,small_business
C006311,2023-01-29,CA,organic,consumer
C006312,2023-01-29,US,affiliate,consumer
C006313,2023-01-29,US,affiliate,consumer
C006314,2023-01-29,US,paid_social,consumer
C006315,2023-01-29,CA,organic,consumer
C006316,2023-01-29,US,organic,small_business
C006317,2023-01-29,GB,paid_search,consumer
C006318,2023-01-29,GB,organic,consumer
C006319,2023-01-29,GB,organic,small_business
C006320,2023-01-29,US,paid_search,small_business
C006321,2023-01-29,US,organic,consumer
C006322,2023-01-29,US,organic,consumer
C006323,2023-01-29,AU,referral,consumer
C006324,2023-01-29,US,organic,consumer
C006325,2023-01-29,US,paid_search,consumer
C006326,2023-01-29,AU,organic,consumer
C006327,2023-01-29,US,paid_search,consumer
C006328,2023-01-29,US,affiliate,consumer
C006329,2023-01-29,US,paid_search,consumer
C006330,2023-01-29,US,referral,small_business
C006331,2023-01-29,AU,referral,small_business
C006332,2023-01-29,US,referral,consumer
C006333,2023-01-29,US,organic,consumer
C006334,2023-01-29,US,paid_search,consumer
C006335,2023-01-29,US,organic,consumer
C006336,2023-01-29,AU,paid_search,consumer
C006337,2023-01-29,GB,paid_search,consumer
C006338,2023-01-29,US,paid_search,small_business
C006339,2023-01-29,GB,paid_search,small_business
C006340,2023-01-29,AU,paid_social,consumer
C006341,2023-01-29,US,paid_search,enterprise
C006342,2023-01-29,US,paid_search,consumer
C006343,2023-01-29,DE,organic,consumer
C006344,2023-01-29,US,paid_social,consumer
C006345,2023-01-29,GB,organic,consumer
C006346,2023-01-29,US,paid_search,small_business
C006347,2023-01-29,US,paid_search,small_business
C006348,2023-01-29,CA,organic,consumer
C006349,2023-01-29,US,paid_social,consumer
C006350,2023-01-29,AU,paid_social,small_business
C006351,2023-01-29,US,referral,consumer
C006352,2023-01-29,US,paid_search,enterprise
C006353,2023-01-29,GB,paid_social,consumer
C006354,2023-01-29,US,paid_search,small_business
C006355,2023-01-29,CA,paid_search,consumer
C006356,2023-01-29,US,affiliate,consumer
C006357,2023-01-29,CA,paid_search,small_business
C006358,2023-01-29,US,paid_social,consumer
C006359,2023-01-29,US,referral,consumer
C006360,2023-01-29,DE,organic,consumer
C006361,2023-01-29,US,paid_search,consumer
C006362,2023-01-29,US,organic,consumer
C006363,2023-01-29,US,organic,consumer
C006364,2023-01-29,CA,paid_social,consumer
C006365,2023-01-29,US,paid_social,consumer
C006366,2023-01-29,US,organic,small_business
C006367,2023-01-29,US,organic,small_business
C006368,2023-01-29,US,paid_search,consumer
C006369,2023-01-29,US,paid_search,consumer
C006370,2023-01-29,GB,referral,consumer
C006371,2023-01-29,US,referral,consumer
C006372,2023-01-29,US,organic,consumer
C006373,2023-01-29,GB,organic,consumer
C006374,2023-01-29,US,paid_search,consumer
C006375,2023-01-30,US,affiliate,consumer
C006376,2023-01-30,US,paid_social,consumer
C006377,2023-01-30,DE,organic,consumer
C006378,2023-01-30,CA,organic,consumer
C006379,2023-01-30,US,paid_social,enterprise
C006380,2023-01-30,US,paid_search,consumer
C006381,2023-01-30,GB,organic,consumer
C006382,2023-01-30,US,paid_social,consumer
C006383,2023-01-30,US,paid_search,consumer
C006384,2023-01-30,US,affiliate,consumer
C006385,2023-01-30,US,paid_search,consumer
C006386,2023-01-30,DE,organic,consumer
C006387,2023-01-30,CA,organic,enterprise
C006388,2023-01-30,CA,paid_social,consumer
C006389,2023-01-30,US,organic,consumer
C006390,2023-01-30,AU,paid_social,small_business
C006391,2023-01-30,US,paid_social,consumer
C006392,2023-01-30,US,organic,consumer
C006393,2023-01-30,AU,organic,consumer
C006394,2023-01-30,GB,paid_search,consumer
C006395,2023-01-30,DE,paid_search,consumer
C006396,2023-01-30,US,organic,consumer
C006397,2023-01-30,US,paid_search,small_business
C006398,2023-01-30,DE,organic,consumer
C006399,2023-01-30,US,organic,consumer
C006400,2023-01-30,DE,referral,consumer
C006401,2023-01-30,US,organic,consumer
C006402,2023-01-30,US,organic,consumer
C006403,2023-01-30,US,paid_search,consumer
C006404,2023-01-30,GB,referral,consumer
C006405,2023-01-30,US,affiliate,consumer
C006406,2023-01-30,AU,paid_social,small_business
C006407,2023-01-30,US,paid_social,consumer
C006408,2023-01-30,AU,paid_social,consumer
C006409,2023-01-30,US,paid_search,consumer
C006410,2023-01-30,CA,organic,consumer
C006411,2023-01-30,US,referral,consumer
C006412,2023-01-30,GB,referral,consumer
C006413,2023-01-30,US,organic,consumer
C006414,2023-01-30,US,organic,consumer
C006415,2023-01-30,CA,paid_social,consumer
C006416,2023-01-30,US,affiliate,small_business
C006417,2023-01-30,US,paid_search,small_business
C006418,2023-01-30,US,paid_social,consumer
C006419,2023-01-30,GB,organic,consumer
C006420,2023-01-30,US,organic,consumer
C006421,2023-01-30,US,paid_social,consumer
C006422,2023-01-30,DE,organic,consumer
C006423,2023-01-30,US,organic,consumer
C006424,2023-01-30,CA,organic,consumer
C006425,2023-01-30,US,paid_social,consumer
C006426,2023-01-30,US,referral,consumer
C006427,2023-01-30,CA,referral,consumer
C006428,2023-01-30,US,organic,consumer
C006429,2023-01-30,US,paid_search,small_business
C006430,2023-01-30,US,paid_search,consumer
C006431,2023-01-30,US,organic,consumer
C006432,2023-01-30,DE,organic,consumer
C006433,2023-01-30,CA,paid_search,consumer
C006434,2023-01-30,US,organic,consumer
C006435,2023-01-30,US,paid_search,consumer
C006436,2023-01-30,DE,paid_search,consumer
C006437,2023-01-30,US,organic,consumer
C006438,2023-01-30,US,organic,consumer
C006439,2023-01-30,GB,organic,consumer
C006440,2023-01-30,US,paid_search,small_business
C006441,2023-01-30,US,organic,small_business
C006442,2023-01-30,GB,referral,enterprise
C006443,2023-01-30,US,affiliate,enterprise
C006444,2023-01-30,US,affiliate,consumer
C006445,2023-01-30,GB,paid_social,consumer
C006446,2023-01-30,DE,organic,small_business
C006447,2023-01-30,DE,affiliate,consumer
C006448,2023-01-30,US,paid_social,consumer
C006449,2023-01-30,US,paid_social,consumer
C006450,2023-01-30,US,paid_search,consumer
C006451,2023-01-30,CA,paid_search,consumer
C006452,2023-01-30,GB,paid_search,consumer
C006453,2023-01-30,AU,referral,consumer
C006454,2023-01-30,AU,paid_search,consumer
C006455,2023-01-30,US,organic,consumer
C006456,2023-01-30,US,organic,consumer
C006457,2023-01-30,US,paid_search,small_business
C006458,2023-01-30,US,referral,consumer
C006459,2023-01-30,CA,organic,consumer
C006460,2023-01-30,US,organic,consumer
C006461,2023-01-30,US,paid_search,consumer
C006462,2023-01-30,US,organic,consumer
C006463,2023-01-30,US,paid_social,consumer
C006464,2023-01-30,CA,organic,consumer
C006465,2023-01-30,GB,referral,consumer
C006466,2023-01-30,US,referral,consumer
C006467,2023-01-30,US,organic,small_business
C006468,2023-01-30,CA,paid_search,consumer
C006469,2023-01-30,GB,paid_social,small_business
C006470,2023-01-30,US,organic,small_business
C006471,2023-01-30,US,affiliate,consumer
C006472,2023-01-30,US,paid_search,small_business
C006473,2023-01-30,US,paid_search,small_business
C006474,2023-01-30,US,organic,consumer
C006475,2023-01-30,AU,paid_search,consumer
C006476,2023-01-30,US,organic,consumer
C006477,2023-01-30,US,paid_search,small_business
C006478,2023-01-30,US,paid_search,consumer
C006479,2023-01-30,GB,referral,consumer
C006480,2023-01-30,GB,organic,small_business
C006481,2023-01-30,US,referral,consumer
C006482,2023-01-30,US,organic,consumer
C006483,2023-01-30,US,affiliate,consumer
C006484,2023-01-30,CA,paid_search,consumer
C006485,2023-01-30,US,organic,small_business
C006486,2023-01-30,US,affiliate,consumer
C006487,2023-01-30,US,paid_search,consumer
C006488,2023-01-30,US,paid_search,consumer
C006489,2023-01-30,US,affiliate,consumer
C006490,2023-01-30,US,paid_social,consumer
C006491,2023-01-30,US,referral,consumer
C006492,2023-01-30,US,referral,consumer
C006493,2023-01-30,GB,referral,consumer
C006494,2023-01-30,CA,paid_search,consumer
C006495,2023-01-30,GB,paid_social,consumer
C006496,2023-01-30,US,organic,small_business
C006497,2023-01-30,US,paid_social,consumer
C006498,2023-01-30,US,organic,consumer
C006499,2023-01-30,CA,organic,consumer
C006500,2023-01-30,DE,paid_search,enterprise
C006501,2023-01-30,US,paid_social,consumer
C006502,2023-01-30,US,affiliate,small_business
C006503,2023-01-30,US,paid_search,consumer
C006504,2023-01-30,GB,organic,consumer
C006505,2023-01-30,DE,paid_social,consumer
C006506,2023-01-30,US,affiliate,enterprise
C006507,2023-01-30,GB,referral,consumer
C006508,2023-01-30,US,paid_social,consumer
C006509,2023-01-30,GB,organic,consumer
C006510,2023-01-30,CA,paid_search,consumer
C006511,2023-01-30,US,referral,consumer
C006512,2023-01-30,US,organic,consumer
C006513,2023-01-30,GB,paid_social,consumer
C006514,2023-01-30,US,affiliate,consumer
C006515,2023-01-30,GB,paid_social,consumer
C006516,2023-01-30,US,referral,small_business
C006517,2023-01-30,US,organic,small_business
C006518,2023-01-30,US,organic,consumer
C006519,2023-01-30,US,paid_social,consumer
C006520,2023-01-30,US,paid_social,consumer
C006521,2023-01-30,US,referral,consumer
C006522,2023-01-30,US,paid_social,small_business
C006523,2023-01-30,US,paid_search,consumer
C006524,2023-01-30,GB,affiliate,small_business
C006525,2023-01-30,US,paid_search,consumer
C006526,2023-01-30,US,paid_social,consumer
C006527,2023-01-30,CA,organic,consumer
C006528,2023-01-30,US,organic,consumer
C006529,2023-01-30,US,affiliate,enterprise
C006530,2023-01-30,DE,paid_search,consumer
C006531,2023-01-30,US,paid_search,small_business
C006532,2023-01-30,CA,paid_search,consumer
C006533,2023-01-30,US,organic,consumer
C006534,2023-01-30,US,paid_search,consumer
C006535,2023-01-30,US,referral,consumer
C006536,2023-01-30,CA,referral,consumer
C006537,2023-01-30,GB,paid_search,small_business
C006538,2023-01-30,US,paid_social,consumer
C006539,2023-01-30,GB,organic,consumer
C006540,2023-01-30,US,organic,consumer
C006541,2023-01-30,US,referral,consumer
C006542,2023-01-30,US,organic,enterprise
C006543,2023-01-30,US,organic,consumer
C006544,2023-01-30,US,paid_social,consumer
C006545,2023-01-30,AU,paid_social,consumer
C006546,2023-01-30,US,organic,consumer
C006547,2023-01-30,US,affiliate,consumer
C006548,2023-01-30,GB,paid_social,small_business
C006549,2023-01-30,GB,organic,consumer
C006550,2023-01-30,US,referral,consumer
C006551,2023-01-30,AU,referral,consumer
C006552,2023-01-30,US,organic,enterprise
C006553,2023-01-30,GB,organic,consumer
C006554,2023-01-30,US,paid_search,consumer
C006555,2023-01-30,US,referral,consumer
C006556,2023-01-30,US,organic,consumer
C006557,2023-01-30,CA,paid_search,consumer
C006558,2023-01-30,AU,referral,consumer
C006559,2023-01-30,GB,affiliate,small_business
C006560,2023-01-30,AU,referral,small_business
C006561,2023-01-30,US,paid_search,consumer
C006562,2023-01-30,US,paid_social,consumer
C006563,2023-01-30,AU,paid_social,consumer
C006564,2023-01-30,US,paid_social,consumer
C006565,2023-01-30,CA,organic,small_business
C006566,2023-01-30,US,paid_search,consumer
C006567,2023-01-30,DE,paid_search,small_business
C006568,2023-01-30,US,paid_social,small_business
C006569,2023-01-30,DE,affiliate,small_business
C006570,2023-01-30,AU,referral,consumer
C006571,2023-01-30,US,organic,consumer
C006572,2023-01-30,US,organic,consumer
C006573,2023-01-30,US,paid_search,consumer
C006574,2023-01-30,DE,affiliate,small_business
C006575,2023-01-30,GB,affiliate,consumer
C006576,2023-01-30,GB,referral,consumer
C006577,2023-01-30,US,paid_search,enterprise
C006578,2023-01-30,US,affiliate,consumer
C006579,2023-01-30,US,paid_search,consumer
C006580,2023-01-30,AU,paid_search,consumer
C006581,2023-01-30,DE,paid_social,small_business
C006582,2023-01-30,GB,referral,consumer
C006583,2023-01-30,DE,organic,consumer
C006584,2023-01-30,US,affiliate,consumer
C006585,2023-01-30,DE,paid_social,consumer
C006586,2023-01-30,US,affiliate,consumer
C006587,2023-01-30,AU,paid_search,small_business
C006588,2023-01-30,US,referral,consumer
C006589,2023-01-30,US,paid_social,consumer
C006590,2023-01-30,CA,paid_search,consumer
C006591,2023-01-30,US,affiliate,consumer
C006592,2023-01-30,US,paid_search,consumer
C006593,2023-01-30,US,paid_search,consumer
C006594,2023-01-30,DE,paid_search,small_business
C006595,2023-01-31,US,referral,consumer
C006596,2023-01-31,US,paid_search,consumer
C006597,2023-01-31,US,paid_social,consumer
C006598,2023-01-31,CA,affiliate,consumer
C006599,2023-01-31,US,organic,consumer
C006600,2023-01-31,GB,organic,consumer
C006601,2023-01-31,US,organic,consumer
C006602,2023-01-31,US,organic,consumer
C006603,2023-01-31,US,paid_search,consumer
C006604,2023-01-31,AU,affiliate,consumer
C006605,2023-01-31,US,paid_social,consumer
C006606,2023-01-31,US,organic,consumer
C006607,2023-01-31,US,paid_social,consumer
C006608,2023-01-31,AU,paid_search,enterprise
C006609,2023-01-31,US,paid_social,consumer
C006610,2023-01-31,GB,organic,consumer
C006611,2023-01-31,US,organic,small_business
C006612,2023-01-31,US,referral,consumer
C006613,2023-01-31,GB,paid_search,consumer
C006614,2023-01-31,US,organic,enterprise
C006615,2023-01-31,AU,paid_search,small_business
C006616,2023-01-31,US,referral,small_business
C006617,2023-01-31,US,paid_social,consumer
C006618,2023-01-31,US,referral,consumer
C006619,2023-01-31,US,referral,consumer
C006620,2023-01-31,US,organic,consumer
C006621,2023-01-31,US,paid_search,consumer
C006622,2023-01-31,US,paid_search,consumer
C006623,2023-01-31,US,paid_social,consumer
C006624,2023-01-31,US,paid_social,consumer
C006625,2023-01-31,US,affiliate,consumer
C006626,2023-01-31,US,paid_search,small_business
C006627,2023-01-31,US,referral,consumer
C006628,2023-01-31,US,affiliate,consumer
C006629,2023-01-31,US,organic,consumer
C006630,2023-01-31,CA,organic,consumer
C006631,2023-01-31,US,organic,consumer
C006632,2023-01-31,US,referral,small_business
C006633,2023-01-31,GB,organic,consumer
C006634,2023-01-31,US,organic,small_business
C006635,2023-01-31,US,organic,consumer
C006636,2023-01-31,AU,paid_social,small_business
C006637,2023-01-31,DE,referral,consumer
C006638,2023-01-31,US,organic,consumer
C006639,2023-01-31,CA,organic,consumer
C006640,2023-01-31,US,organic,consumer
C006641,2023-01-31,CA,organic,consumer
C006642,2023-01-31,GB,organic,consumer
C006643,2023-01-31,DE,affiliate,consumer
C006644,2023-01-31,AU,paid_search,consumer
C006645,2023-01-31,US,referral,consumer
C006646,2023-01-31,US,paid_social,consumer
C006647,2023-01-31,US,paid_social,consumer
C006648,2023-01-31,US,referral,consumer
C006649,2023-01-31,GB,paid_social,consumer
C006650,2023-01-31,US,referral,consumer
C006651,2023-01-31,US,paid_search,consumer
C006652,2023-01-31,US,organic,consumer
C006653,2023-01-31,DE,organic,consumer
C006654,2023-01-31,US,organic,consumer
C006655,2023-01-31,US,organic,consumer
C006656,2023-01-31,US,affiliate,consumer
C006657,2023-01-31,DE,paid_social,consumer
C006658,2023-01-31,US,affiliate,consumer
C006659,2023-01-31,GB,paid_search,consumer
C006660,2023-01-31,US,referral,small_business
C006661,2023-01-31,GB,referral,consumer
C006662,2023-01-31,DE,paid_search,consumer
C006663,2023-01-31,US,paid_search,consumer
C006664,2023-01-31,US,paid_search,consumer
C006665,2023-01-31,US,referral,small_business
C006666,2023-01-31,US,referral,consumer
C006667,2023-01-31,US,organic,consumer
C006668,2023-01-31,US,paid_social,consumer
C006669,2023-01-31,AU,referral,consumer
C006670,2023-01-31,US,referral,consumer
C006671,2023-01-31,US,organic,consumer
C006672,2023-01-31,US,paid_social,consumer
C006673,2023-01-31,US,referral,consumer
C006674,2023-01-31,US,paid_search,consumer
C006675,2023-01-31,US,organic,consumer
C006676,2023-01-31,GB,paid_search,small_business
C006677,2023-01-31,GB,organic,consumer
C006678,2023-01-31,GB,paid_search,consumer
C006679,2023-01-31,US,organic,consumer
C006680,2023-01-31,US,paid_social,small_business
C006681,2023-01-31,US,organic,consumer
C006682,2023-01-31,US,paid_social,consumer
C006683,2023-01-31,US,paid_social,consumer
C006684,2023-01-31,GB,organic,consumer
C006685,2023-01-31,US,paid_social,consumer
C006686,2023-01-31,US,referral,consumer
C006687,2023-01-31,AU,paid_search,consumer
C006688,2023-01-31,US,paid_social,consumer
C006689,2023-01-31,US,paid_search,consumer
C006690,2023-01-31,CA,paid_search,consumer
C006691,2023-01-31,DE,paid_social,consumer
C006692,2023-01-31,AU,organic,consumer
C006693,2023-01-31,US,paid_social,consumer
C006694,2023-01-31,GB,paid_social,small_business
C006695,2023-01-31,US,paid_search,enterprise
C006696,2023-01-31,US,organic,consumer
C006697,2023-01-31,US,affiliate,small_business
C006698,2023-01-31,CA,paid_social,consumer
C006699,2023-01-31,GB,paid_social,enterprise
C006700,2023-01-31,AU,paid_search,consumer
C006701,2023-01-31,US,organic,consumer
C006702,2023-01-31,US,affiliate,consumer
C006703,2023-01-31,AU,paid_search,consumer
C006704,2023-01-31,CA,paid_social,consumer
C006705,2023-01-31,US,affiliate,consumer
C006706,2023-01-31,US,paid_social,consumer
C006707,2023-01-31,US,affiliate,consumer
C006708,2023-01-31,US,paid_search,consumer
C006709,2023-01-31,AU,paid_social,consumer
C006710,2023-01-31,US,organic,enterprise
C006711,2023-01-31,US,paid_social,consumer
C006712,2023-01-31,GB,organic,consumer
C006713,2023-01-31,US,organic,consumer
C006714,2023-01-31,US,paid_social,consumer
C006715,2023-01-31,GB,organic,consumer
C006716,2023-01-31,GB,organic,consumer
C006717,2023-01-31,AU,referral,consumer
C006718,2023-01-31,US,paid_search,consumer
C006719,2023-01-31,US,affiliate,consumer
C006720,2023-01-31,US,affiliate,consumer
C006721,2023-01-31,GB,paid_social,small_business
C006722,2023-01-31,GB,referral,consumer
C006723,2023-01-31,US,referral,consumer
C006724,2023-01-31,US,paid_search,consumer
C006725,2023-01-31,AU,referral,consumer
C006726,2023-01-31,US,organic,small_business
C006727,2023-01-31,US,paid_search,consumer
C006728,2023-01-31,US,organic,consumer
C006729,2023-01-31,DE,paid_search,consumer
C006730,2023-01-31,US,affiliate,small_business
C006731,2023-01-31,US,organic,consumer
C006732,2023-01-31,US,organic,consumer
C006733,2023-01-31,GB,organic,small_business
C006734,2023-01-31,AU,paid_social,consumer
C006735,2023-01-31,AU,affiliate,consumer
C006736,2023-01-31,US,paid_search,small_business
C006737,2023-01-31,US,paid_search,consumer
C006738,2023-01-31,AU,paid_social,consumer
C006739,2023-01-31,US,referral,consumer
C006740,2023-01-31,DE,referral,consumer
C006741,2023-01-31,GB,affiliate,consumer
C006742,2023-01-31,US,organic,consumer
C006743,2023-01-31,CA,referral,consumer
C006744,2023-01-31,GB,paid_social,consumer
C006745,2023-01-31,US,affiliate,consumer
C006746,2023-01-31,US,paid_social,consumer
C006747,2023-01-31,US,organic,consumer
C006748,2023-01-31,DE,affiliate,consumer
C006749,2023-01-31,US,affiliate,consumer
C006750,2023-01-31,US,organic,consumer
C006751,2023-01-31,CA,organic,small_business
C006752,2023-01-31,US,paid_search,consumer
C006753,2023-01-31,US,affiliate,consumer
C006754,2023-01-31,US,organic,consumer
C006755,2023-01-31,AU,referral,consumer
C006756,2023-01-31,US,paid_search,small_business
C006757,2023-01-31,US,organic,consumer
C006758,2023-01-31,CA,organic,consumer
C006759,2023-01-31,US,affiliate,consumer
C006760,2023-01-31,US,paid_social,small_business
C006761,2023-01-31,US,paid_search,consumer
C006762,2023-01-31,US,referral,consumer
C006763,2023-01-31,US,paid_social,consumer
C006764,2023-01-31,DE,organic,consumer
C006765,2023-01-31,GB,organic,consumer
C006766,2023-01-31,US,paid_search,consumer
C006767,2023-01-31,US,organic,consumer
C006768,2023-01-31,US,paid_social,consumer
C006769,2023-01-31,US,paid_search,small_business
C006770,2023-01-31,US,organic,consumer
C006771,2023-01-31,US,paid_social,consumer
C006772,2023-01-31,US,organic,consumer
C006773,2023-01-31,US,affiliate,consumer
C006774,2023-01-31,US,paid_search,consumer
C006775,2023-01-31,US,referral,consumer
C006776,2023-01-31,US,paid_search,consumer
C006777,2023-01-31,US,paid_search,consumer
C006778,2023-01-31,DE,paid_search,consumer
C006779,2023-01-31,US,paid_search,consumer
C006780,2023-01-31,AU,organic,consumer
C006781,2023-01-31,US,paid_search,small_business
C006782,2023-01-31,US,paid_search,consumer
C006783,2023-01-31,US,organic,consumer
C006784,2023-01-31,CA,paid_social,consumer
C006785,2023-01-31,US,paid_search,consumer
C006786,2023-01-31,CA,organic,consumer
C006787,2023-01-31,US,organic,consumer
C006788,2023-01-31,US,organic,small_business
C006789,2023-01-31,CA,affiliate,small_business
C006790,2023-01-31,US,paid_search,consumer
C006791,2023-01-31,US,organic,consumer
C006792,2023-01-31,US,organic,consumer
C006793,2023-01-31,US,affiliate,consumer
C006794,2023-01-31,GB,organic,consumer
C006795,2023-01-31,US,paid_search,consumer
C006796,2023-01-31,US,referral,enterprise
C006797,2023-01-31,CA,referral,consumer
C006798,2023-01-31,US,paid_social,consumer
C006799,2023-01-31,US,paid_search,consumer
C006800,2023-01-31,US,paid_social,consumer
C006801,2023-01-31,US,paid_search,consumer
C006802,2023-01-31,US,organic,consumer
C006803,2023-01-31,US,referral,consumer
C006804,2023-01-31,AU,paid_search,consumer
C006805,2023-01-31,US,paid_search,small_business
C006806,2023-01-31,AU,paid_search,consumer
C006807,2023-01-31,AU,referral,consumer
C006808,2023-01-31,US,organic,consumer
C006809,2023-01-31,US,paid_search,consumer
C006810,2023-01-31,AU,organic,consumer
C006811,2023-01-31,GB,affiliate,consumer
C006812,2023-01-31,US,paid_search,consumer
C006813,2023-01-31,GB,organic,consumer
C006814,2023-01-31,US,affiliate,consumer
C006815,2023-02-01,US,paid_search,consumer
C006816,2023-02-01,US,organic,consumer
C006817,2023-02-01,US,referral,consumer
C006818,2023-02-01,AU,paid_social,consumer
C006819,2023-02-01,US,paid_social,small_business
C006820,2023-02-01,CA,referral,consumer
C006821,2023-02-01,US,referral,small_business
C006822,2023-02-01,US,referral,consumer
C006823,2023-02-01,DE,organic,consumer
C006824,2023-02-01,DE,paid_search,consumer
C006825,2023-02-01,GB,paid_social,consumer
C006826,2023-02-01,US,organic,consumer
C006827,2023-02-01,US,paid_search,consumer
C006828,2023-02-01,US,organic,consumer
C006829,2023-02-01,US,organic,consumer
C006830,2023-02-01,US,organic,consumer
C006831,2023-02-01,US,referral,consumer
C006832,2023-02-01,DE,paid_search,consumer
C006833,2023-02-01,AU,paid_social,consumer
C006834,2023-02-01,AU,paid_search,consumer
C006835,2023-02-01,US,referral,consumer
C006836,2023-02-01,US,referral,consumer
C006837,2023-02-01,US,paid_search,consumer
C006838,2023-02-01,US,referral,small_business
C006839,2023-02-01,US,affiliate,consumer
C006840,2023-02-01,US,paid_social,consumer
C006841,2023-02-01,US,referral,consumer
C006842,2023-02-01,US,organic,consumer
C006843,2023-02-01,US,affiliate,consumer
C006844,2023-02-01,US,referral,small_business
C006845,2023-02-01,US,paid_social,consumer
C006846,2023-02-01,GB,organic,small_business
C006847,2023-02-01,US,paid_social,consumer
C006848,2023-02-01,US,organic,small_business
C006849,2023-02-01,GB,referral,small_business
C006850,2023-02-01,US,paid_social,consumer
C006851,2023-02-01,US,paid_search,consumer
C006852,2023-02-01,CA,affiliate,consumer
C006853,2023-02-01,US,paid_social,consumer
C006854,2023-02-01,GB,paid_social,small_business
C006855,2023-02-01,US,organic,small_business
C006856,2023-02-01,GB,paid_search,consumer
C006857,2023-02-01,DE,affiliate,consumer
C006858,2023-02-01,AU,paid_social,consumer
C006859,2023-02-01,US,affiliate,consumer
C006860,2023-02-01,US,organic,small_business
C006861,2023-02-01,AU,affiliate,consumer
C006862,2023-02-01,AU,affiliate,small_business
C006863,2023-02-01,US,paid_search,consumer
C006864,2023-02-01,CA,paid_social,consumer
C006865,2023-02-01,AU,organic,consumer
C006866,2023-02-01,CA,paid_search,consumer
C006867,2023-02-01,US,organic,consumer
C006868,2023-02-01,GB,organic,consumer
C006869,2023-02-01,US,paid_social,consumer
C006870,2023-02-01,US,affiliate,small_business
C006871,2023-02-01,DE,affiliate,consumer
C006872,2023-02-01,US,paid_social,consumer
C006873,2023-02-01,US,paid_social,consumer
C006874,2023-02-01,US,affiliate,consumer
C006875,2023-02-01,US,referral,consumer
C006876,2023-02-01,US,organic,consumer
C006877,2023-02-01,US,referral,consumer
C006878,2023-02-01,DE,organic,consumer
C006879,2023-02-01,US,paid_search,consumer
C006880,2023-02-01,US,organic,consumer
C006881,2023-02-01,US,paid_social,consumer
C006882,2023-02-01,US,referral,consumer
C006883,2023-02-01,US,organic,consumer
C006884,2023-02-01,GB,paid_search,small_business
C006885,2023-02-01,DE,paid_social,small_business
C006886,2023-02-01,AU,paid_search,consumer
C006887,2023-02-01,US,organic,consumer
C006888,2023-02-01,DE,organic,small_business
C006889,2023-02-01,US,paid_social,small_business
C006890,2023-02-01,CA,affiliate,consumer
C006891,2023-02-01,US,paid_social,consumer
C006892,2023-02-01,US,organic,consumer
C006893,2023-02-01,GB,paid_social,consumer
C006894,2023-02-01,US,paid_search,consumer
C006895,2023-02-01,US,organic,consumer
C006896,2023-02-01,US,paid_search,consumer
C006897,2023-02-01,GB,affiliate,consumer
C006898,2023-02-01,US,paid_search,consumer
C006899,2023-02-01,US,paid_search,consumer
C006900,2023-02-01,US,affiliate,consumer
C006901,2023-02-01,US,organic,consumer
C006902,2023-02-01,CA,organic,consumer
C006903,2023-02-01,US,paid_search,consumer
C006904,2023-02-01,US,paid_search,consumer
C006905,2023-02-01,DE,referral,consumer
C006906,2023-02-01,US,affiliate,consumer
C006907,2023-02-01,CA,affiliate,consumer
C006908,2023-02-01,US,paid_search,consumer
C006909,2023-02-01,US,organic,consumer
C006910,2023-02-01,GB,referral,consumer
C006911,2023-02-01,US,paid_search,consumer
C006912,2023-02-01,US,organic,enterprise
C006913,2023-02-01,US,referral,consumer
C006914,2023-02-01,US,paid_social,consumer
C006915,2023-02-01,US,paid_search,consumer
C006916,2023-02-01,CA,organic,consumer
C006917,2023-02-01,AU,organic,consumer
C006918,2023-02-01,CA,organic,consumer
C006919,2023-02-01,CA,organic,consumer
C006920,2023-02-01,US,paid_social,consumer
C006921,2023-02-01,US,affiliate,small_business
C006922,2023-02-01,US,organic,consumer
C006923,2023-02-01,AU,organic,consumer
C006924,2023-02-01,US,paid_social,consumer
C006925,2023-02-01,US,paid_social,consumer
C006926,2023-02-01,US,paid_social,consumer
C006927,2023-02-01,US,paid_social,consumer
C006928,2023-02-01,US,affiliate,consumer
C006929,2023-02-01,GB,affiliate,consumer
C006930,2023-02-01,US,paid_social,consumer
C006931,2023-02-01,GB,paid_social,consumer
C006932,2023-02-01,US,paid_social,consumer
C006933,2023-02-01,US,paid_social,consumer
C006934,2023-02-01,US,organic,small_business
C006935,2023-02-01,US,paid_search,enterprise
C006936,2023-02-01,US,paid_social,consumer
C006937,2023-02-01,US,referral,consumer
C006938,2023-02-01,US,referral,enterprise
C006939,2023-02-01,US,paid_search,consumer
C006940,2023-02-01,US,paid_social,consumer
C006941,2023-02-01,US,paid_social,small_business
C006942,2023-02-01,US,organic,consumer
C006943,2023-02-01,CA,referral,consumer
C006944,2023-02-01,US,organic,consumer
C006945,2023-02-01,US,affiliate,small_business
C006946,2023-02-01,US,organic,consumer
C006947,2023-02-01,US,affiliate,consumer
C006948,2023-02-01,US,paid_search,consumer
C006949,2023-02-01,US,organic,consumer
C006950,2023-02-01,US,paid_search,consumer
C006951,2023-02-01,US,organic,consumer
C006952,2023-02-01,US,organic,consumer
C006953,2023-02-01,US,organic,consumer
C006954,2023-02-01,US,organic,consumer
C006955,2023-02-01,US,referral,consumer
C006956,2023-02-01,US,referral,consumer
C006957,2023-02-01,US,paid_search,consumer
C006958,2023-02-01,US,paid_search,consumer
C006959,2023-02-01,US,organic,enterprise
C006960,2023-02-01,US,organic,consumer
C006961,2023-02-01,US,organic,consumer
C006962,2023-02-01,DE,organic,consumer
C006963,2023-02-01,US,affiliate,consumer
C006964,2023-02-01,US,paid_social,consumer
C006965,2023-02-01,US,organic,small_business
C006966,2023-02-01,GB,organic,consumer
C006967,2023-02-01,US,organic,consumer
C006968,2023-02-01,US,paid_search,consumer
C006969,2023-02-01,GB,paid_search,consumer
C006970,2023-02-01,DE,organic,consumer
C006971,2023-02-01,US,referral,consumer
C006972,2023-02-01,DE,organic,consumer
C006973,2023-02-01,US,paid_social,consumer
C006974,2023-02-01,US,paid_search,consumer
C006975,2023-02-01,US,paid_search,consumer
C006976,2023-02-01,US,paid_search,consumer
C006977,2023-02-01,DE,organic,small_business
C006978,2023-02-01,US,organic,consumer
C006979,2023-02-01,US,paid_search,consumer
C006980,2023-02-01,US,affiliate,consumer
C006981,2023-02-01,US,referral,consumer
C006982,2023-02-01,US,paid_social,enterprise
C006983,2023-02-01,CA,organic,consumer
C006984,2023-02-01,AU,paid_social,consumer
C006985,2023-02-01,US,organic,small_business
C006986,2023-02-01,US,paid_search,consumer
C006987,2023-02-01,DE,organic,consumer
C006988,2023-02-01,US,paid_social,consumer
C006989,2023-02-01,US,referral,consumer
C006990,2023-02-01,US,organic,consumer
C006991,2023-02-01,CA,referral,consumer
C006992,2023-02-01,US,paid_search,consumer
C006993,2023-02-01,CA,organic,consumer
C006994,2023-02-01,US,paid_social,consumer
C006995,2023-02-01,US,paid_social,consumer
C006996,2023-02-01,DE,affiliate,consumer
C006997,2023-02-01,GB,paid_social,consumer
C006998,2023-02-01,US,paid_search,consumer
C006999,2023-02-01,US,organic,consumer
C007000,2023-02-01,US,organic,consumer
C007001,2023-02-01,DE,referral,small_business
C007002,2023-02-01,CA,referral,consumer
C007003,2023-02-01,US,paid_search,consumer
C007004,2023-02-01,US,referral,consumer
C007005,2023-02-01,CA,referral,consumer
C007006,2023-02-01,US,organic,small_business
C007007,2023-02-01,US,paid_social,consumer
C007008,2023-02-01,AU,organic,consumer
C007009,2023-02-01,US,paid_search,enterprise
C007010,2023-02-01,US,organic,consumer
C007011,2023-02-01,US,referral,consumer
C007012,2023-02-01,US,organic,consumer
C007013,2023-02-01,US,paid_search,consumer
C007014,2023-02-01,GB,paid_search,consumer
C007015,2023-02-01,US,paid_search,consumer
C007016,2023-02-01,DE,paid_search,small_business
C007017,2023-02-01,DE,referral,consumer
C007018,2023-02-01,US,paid_search,consumer
C007019,2023-02-01,US,referral,consumer
C007020,2023-02-01,US,organic,small_business
C007021,2023-02-01,US,paid_search,consumer
C007022,2023-02-01,US,referral,consumer
C007023,2023-02-01,GB,affiliate,consumer
C007024,2023-02-01,AU,referral,consumer
C007025,2023-02-01,US,organic,consumer
C007026,2023-02-01,DE,organic,consumer
C007027,2023-02-01,US,referral,consumer
C007028,2023-02-01,DE,paid_social,enterprise
C007029,2023-02-01,US,referral,consumer
C007030,2023-02-01,US,paid_search,consumer
C007031,2023-02-01,US,paid_search,consumer
C007032,2023-02-01,US,paid_search,consumer
C007033,2023-02-01,US,paid_search,consumer
C007034,2023-02-02,US,paid_social,consumer
C007035,2023-02-02,US,referral,consumer
C007036,2023-02-02,US,organic,small_business
C007037,2023-02-02,US,paid_social,consumer
C007038,2023-02-02,US,paid_social,consumer
C007039,2023-02-02,GB,organic,small_business
C007040,2023-02-02,US,paid_social,consumer
C007041,2023-02-02,GB,paid_search,consumer
C007042,2023-02-02,US,organic,consumer
C007043,2023-02-02,US,paid_search,small_business
C007044,2023-02-02,DE,organic,consumer
C007045,2023-02-02,US,organic,enterprise
C007046,2023-02-02,CA,paid_social,consumer
C007047,2023-02-02,US,paid_search,small_business
C007048,2023-02-02,DE,organic,consumer
C007049,2023-02-02,DE,organic,consumer
C007050,2023-02-02,GB,affiliate,small_business
C007051,2023-02-02,US,paid_social,consumer
C007052,2023-02-02,US,affiliate,consumer
C007053,2023-02-02,US,paid_social,consumer
C007054,2023-02-02,CA,organic,consumer
C007055,2023-02-02,US,paid_social,consumer
C007056,2023-02-02,US,organic,consumer
C007057,2023-02-02,US,organic,consumer
C007058,2023-02-02,US,organic,consumer
C007059,2023-02-02,US,paid_search,small_business
C007060,2023-02-02,CA,referral,consumer
C007061,2023-02-02,GB,organic,consumer
C007062,2023-02-02,DE,referral,consumer
C007063,2023-02-02,GB,referral,consumer
C007064,2023-02-02,AU,paid_search,consumer
C007065,2023-02-02,US,paid_search,small_business
C007066,2023-02-02,US,paid_search,small_business
C007067,2023-02-02,US,paid_social,consumer
C007068,2023-02-02,US,paid_search,enterprise
C007069,2023-02-02,CA,affiliate,consumer
C007070,2023-02-02,US,paid_social,consumer
C007071,2023-02-02,CA,organic,consumer
C007072,2023-02-02,DE,paid_search,consumer
C007073,2023-02-02,US,paid_social,consumer
C007074,2023-02-02,US,organic,consumer
C007075,2023-02-02,US,organic,small_business
C007076,2023-02-02,AU,affiliate,consumer
C007077,2023-02-02,GB,paid_social,consumer
C007078,2023-02-02,US,paid_search,small_business
C007079,2023-02-02,US,paid_search,consumer
C007080,2023-02-02,AU,paid_search,consumer
C007081,2023-02-02,US,organic,consumer
C007082,2023-02-02,AU,paid_social,consumer
C007083,2023-02-02,US,paid_social,consumer
C007084,2023-02-02,US,paid_search,consumer
C007085,2023-02-02,US,paid_search,consumer
C007086,2023-02-02,US,paid_social,small_business
C007087,2023-02-02,US,paid_search,consumer
C007088,2023-02-02,US,paid_social,small_business
C007089,2023-02-02,AU,affiliate,enterprise
C007090,2023-02-02,US,organic,consumer
C007091,2023-02-02,GB,organic,small_business
C007092,2023-02-02,US,organic,consumer
C007093,2023-02-02,US,organic,consumer
C007094,2023-02-02,US,organic,enterprise
C007095,2023-02-02,DE,organic,consumer
C007096,2023-02-02,US,referral,consumer
C007097,2023-02-02,AU,paid_search,consumer
C007098,2023-02-02,US,affiliate,small_business
C007099,2023-02-02,AU,organic,consumer
C007100,2023-02-02,US,paid_social,small_business
C007101,2023-02-02,US,affiliate,consumer
C007102,2023-02-02,US,paid_social,consumer
C007103,2023-02-02,US,paid_social,consumer
C007104,2023-02-02,CA,paid_search,small_business
C007105,2023-02-02,US,organic,consumer
C007106,2023-02-02,US,paid_social,small_business
C007107,2023-02-02,US,paid_social,consumer
C007108,2023-02-02,US,paid_search,small_business
C007109,2023-02-02,US,paid_social,small_business
C007110,2023-02-02,DE,referral,consumer
C007111,2023-02-02,AU,paid_search,consumer
C007112,2023-02-02,US,paid_social,small_business
C007113,2023-02-02,US,organic,consumer
C007114,2023-02-02,US,paid_social,consumer
C007115,2023-02-02,US,paid_search,consumer
C007116,2023-02-02,CA,paid_search,consumer
C007117,2023-02-02,US,paid_search,consumer
C007118,2023-02-02,US,organic,consumer
C007119,2023-02-02,DE,referral,consumer
C007120,2023-02-02,GB,organic,consumer
C007121,2023-02-02,US,paid_social,consumer
C007122,2023-02-02,US,referral,consumer
C007123,2023-02-02,US,paid_social,small_business
C007124,2023-02-02,US,referral,small_business
C007125,2023-02-02,AU,affiliate,small_business
C007126,2023-02-02,US,referral,consumer
C007127,2023-02-02,DE,organic,small_business
C007128,2023-02-02,CA,paid_search,consumer
C007129,2023-02-02,US,organic,consumer
C007130,2023-02-02,US,paid_search,consumer
C007131,2023-02-02,US,paid_social,consumer
C007132,2023-02-02,US,paid_search,consumer
C007133,2023-02-02,GB,paid_search,consumer
C007134,2023-02-02,US,organic,consumer
C007135,2023-02-02,US,organic,consumer
C007136,2023-02-02,CA,paid_social,consumer
C007137,2023-02-02,AU,referral,consumer
C007138,2023-02-02,US,paid_social,consumer
C007139,2023-02-02,GB,referral,consumer
C007140,2023-02-02,CA,referral,consumer
C007141,2023-02-02,US,paid_search,consumer
C007142,2023-02-02,US,paid_search,consumer
C007143,2023-02-02,DE,paid_search,consumer
C007144,2023-02-02,US,paid_social,consumer
C007145,2023-02-02,US,referral,consumer
C007146,2023-02-02,DE,organic,consumer
C007147,2023-02-02,US,organic,consumer
C007148,2023-02-02,US,referral,consumer
C007149,2023-02-02,US,organic,consumer
C007150,2023-02-02,AU,referral,consumer
C007151,2023-02-02,US,paid_search,consumer
C007152,2023-02-02,US,affiliate,enterprise
C007153,2023-02-02,US,organic,consumer
C007154,2023-02-02,US,paid_search,consumer
C007155,2023-02-02,US,organic,consumer
C007156,2023-02-02,US,paid_search,enterprise
C007157,2023-02-02,AU,paid_search,consumer
C007158,2023-02-02,US,referral,consumer
C007159,2023-02-02,US,organic,consumer
C007160,2023-02-02,US,referral,consumer
C007161,2023-02-02,US,paid_search,consumer
C007162,2023-02-02,AU,paid_search,consumer
C007163,2023-02-02,DE,paid_search,consumer
C007164,2023-02-02,US,paid_search,consumer
C007165,2023-02-02,US,organic,consumer
C007166,2023-02-02,GB,affiliate,consumer
C007167,2023-02-02,CA,organic,consumer
C007168,2023-02-02,US,paid_search,consumer
C007169,2023-02-02,DE,referral,consumer
C007170,2023-02-02,CA,paid_social,consumer
C007171,2023-02-02,CA,paid_search,consumer
C007172,2023-02-02,US,organic,consumer
C007173,2023-02-02,US,paid_social,consumer
C007174,2023-02-02,AU,paid_search,consumer
C007175,2023-02-02,US,paid_social,consumer
C007176,2023-02-02,US,paid_search,consumer
C007177,2023-02-02,US,paid_social,consumer
C007178,2023-02-02,AU,organic,consumer
C007179,2023-02-02,US,affiliate,consumer
C007180,2023-02-02,AU,organic,consumer
C007181,2023-02-02,CA,organic,consumer
C007182,2023-02-02,US,organic,consumer
C007183,2023-02-02,US,organic,consumer
C007184,2023-02-02,US,organic,consumer
C007185,2023-02-02,US,organic,enterprise
C007186,2023-02-02,US,organic,consumer
C007187,2023-02-02,US,organic,consumer
C007188,2023-02-02,AU,paid_search,small_business
C007189,2023-02-02,US,affiliate,small_business
C007190,2023-02-02,US,paid_social,consumer
C007191,2023-02-02,US,organic,consumer
C007192,2023-02-02,US,organic,consumer
C007193,2023-02-02,GB,paid_search,consumer
C007194,2023-02-02,US,organic,consumer
C007195,2023-02-02,US,affiliate,small_business
C007196,2023-02-02,US,affiliate,consumer
C007197,2023-02-02,US,organic,consumer
C007198,2023-02-02,US,paid_social,small_business
C007199,2023-02-02,GB,paid_search,consumer
C007200,2023-02-02,DE,organic,small_business
C007201,2023-02-02,AU,organic,consumer
C007202,2023-02-02,US,referral,small_business
C007203,2023-02-02,US,organic,small_business
C007204,2023-02-02,US,paid_social,consumer
C007205,2023-02-02,CA,organic,consumer
C007206,2023-02-02,US,organic,enterprise
C007207,2023-02-02,US,referral,consumer
C007208,2023-02-02,US,paid_search,enterprise
C007209,2023-02-02,US,affiliate,consumer
C007210,2023-02-02,US,affiliate,consumer
C007211,2023-02-02,US,organic,consumer
C007212,2023-02-02,DE,paid_search,consumer
C007213,2023-02-02,US,organic,consumer
C007214,2023-02-02,US,organic,consumer
C007215,2023-02-02,US,referral,consumer
C007216,2023-02-02,US,paid_social,consumer
C007217,2023-02-02,US,organic,consumer
C007218,2023-02-02,US,referral,consumer
C007219,2023-02-02,US,affiliate,consumer
C007220,2023-02-02,US,organic,consumer
C007221,2023-02-02,US,affiliate,consumer
C007222,2023-02-02,AU,paid_social,consumer
C007223,2023-02-02,US,affiliate,consumer
C007224,2023-02-02,US,paid_search,small_business
C007225,2023-02-02,US,paid_search,consumer
C007226,2023-02-02,US,referral,consumer
C007227,2023-02-02,US,organic,consumer
C007228,2023-02-02,US,organic,consumer
C007229,2023-02-02,CA,organic,consumer
C007230,2023-02-02,US,referral,consumer
C007231,2023-02-02,GB,organic,consumer
C007232,2023-02-02,US,paid_social,small_business
C007233,2023-02-02,AU,paid_search,consumer
C007234,2023-02-02,US,organic,consumer
C007235,2023-02-02,US,organic,consumer
C007236,2023-02-02,GB,paid_search,consumer
C007237,2023-02-02,CA,organic,small_business
C007238,2023-02-02,US,organic,consumer
C007239,2023-02-02,US,organic,consumer
C007240,2023-02-02,US,paid_search,consumer
C007241,2023-02-02,US,paid_social,consumer
C007242,2023-02-02,CA,paid_search,consumer
C007243,2023-02-02,GB,organic,consumer
C007244,2023-02-02,DE,organic,consumer
C007245,2023-02-02,US,organic,consumer
C007246,2023-02-02,US,organic,consumer
C007247,2023-02-02,US,paid_social,consumer
C007248,2023-02-02,US,affiliate,consumer
C007249,2023-02-02,US,paid_search,consumer
C007250,2023-02-02,US,paid_search,consumer
C007251,2023-02-02,GB,paid_search,consumer
C007252,2023-02-02,US,organic,small_business
C007253,2023-02-02,GB,paid_search,consumer
C007254,2023-02-03,US,paid_search,consumer
C007255,2023-02-03,US,organic,consumer
C007256,2023-02-03,US,paid_search,small_business
C007257,2023-02-03,US,paid_search,consumer
C007258,2023-02-03,US,organic,consumer
C007259,2023-02-03,US,referral,consumer
C007260,2023-02-03,CA,organic,consumer
C007261,2023-02-03,US,paid_search,small_business
C007262,2023-02-03,US,organic,consumer
C007263,2023-02-03,US,paid_search,small_business
C007264,2023-02-03,US,affiliate,consumer
C007265,2023-02-03,DE,referral,consumer
C007266,2023-02-03,US,paid_search,consumer
C007267,2023-02-03,AU,paid_search,small_business
C007268,2023-02-03,US,affiliate,consumer
C007269,2023-02-03,US,referral,consumer
C007270,2023-02-03,AU,paid_search,consumer
C007271,2023-02-03,US,affiliate,consumer
C007272,2023-02-03,US,organic,consumer
C007273,2023-02-03,US,affiliate,consumer
C007274,2023-02-03,US,organic,consumer
C007275,2023-02-03,CA,organic,consumer
C007276,2023-02-03,US,organic,consumer
C007277,2023-02-03,US,organic,consumer
C007278,2023-02-03,US,paid_social,consumer
C007279,2023-02-03,CA,paid_search,consumer
C007280,2023-02-03,US,organic,consumer
C007281,2023-02-03,US,paid_search,consumer
C007282,2023-02-03,AU,referral,consumer
C007283,2023-02-03,GB,organic,small_business
C007284,2023-02-03,US,paid_search,consumer
C007285,2023-02-03,US,organic,consumer
C007286,2023-02-03,US,paid_search,consumer
C007287,2023-02-03,US,organic,consumer
C007288,2023-02-03,US,paid_search,consumer
C007289,2023-02-03,US,organic,small_business
C007290,2023-02-03,US,paid_search,consumer
C007291,2023-02-03,US,organic,consumer
C007292,2023-02-03,DE,referral,small_business
C007293,2023-02-03,US,organic,small_business
C007294,2023-02-03,DE,paid_search,consumer
C007295,2023-02-03,US,paid_social,consumer
C007296,2023-02-03,US,organic,consumer
C007297,2023-02-03,DE,organic,consumer
C007298,2023-02-03,AU,paid_social,consumer
C007299,2023-02-03,CA,paid_search,consumer
C007300,2023-02-03,US,affiliate,consumer
C007301,2023-02-03,US,organic,consumer
C007302,2023-02-03,US,paid_search,consumer
C007303,2023-02-03,GB,organic,consumer
C007304,2023-02-03,US,referral,small_business
C007305,2023-02-03,GB,paid_social,consumer
C007306,2023-02-03,US,organic,consumer
C007307,2023-02-03,US,paid_search,consumer
C007308,2023-02-03,US,paid_social,consumer
C007309,2023-02-03,US,referral,consumer
C007310,2023-02-03,US,organic,consumer
C007311,2023-02-03,US,organic,consumer
C007312,2023-02-03,US,organic,consumer
C007313,2023-02-03,DE,paid_search,consumer
C007314,2023-02-03,US,paid_search,small_business
C007315,2023-02-03,GB,referral,consumer
C007316,2023-02-03,DE,paid_search,consumer
C007317,2023-02-03,US,organic,consumer
C007318,2023-02-03,AU,paid_search,small_business
C007319,2023-02-03,US,organic,small_business
C007320,2023-02-03,GB,paid_search,enterprise
C007321,2023-02-03,US,organic,consumer
C007322,2023-02-03,CA,organic,small_business
C007323,2023-02-03,GB,organic,consumer
C007324,2023-02-03,US,organic,consumer
C007325,2023-02-03,US,organic,consumer
C007326,2023-02-03,US,paid_search,consumer
C007327,2023-02-03,US,paid_search,small_business
C007328,2023-02-03,DE,referral,consumer
C007329,2023-02-03,US,organic,consumer
C007330,2023-02-03,US,paid_social,consumer
C007331,2023-02-03,US,organic,consumer
C007332,2023-02-03,US,organic,consumer
C007333,2023-02-03,US,organic,consumer
C007334,2023-02-03,GB,affiliate,consumer
C007335,2023-02-03,DE,paid_search,small_business
C007336,2023-02-03,DE,organic,consumer
C007337,2023-02-03,US,referral,consumer
C007338,2023-02-03,US,organic,consumer
C007339,2023-02-03,US,paid_search,consumer
C007340,2023-02-03,US,paid_search,consumer
C007341,2023-02-03,US,referral,consumer
C007342,2023-02-03,US,paid_search,consumer
C007343,2023-02-03,CA,organic,consumer
C007344,2023-02-03,US,organic,consumer
C007345,2023-02-03,AU,paid_social,enterprise
C007346,2023-02-03,US,organic,consumer
C007347,2023-02-03,US,paid_social,consumer
C007348,2023-02-03,US,paid_search,small_business
C007349,2023-02-03,US,organic,consumer
C007350,2023-02-03,AU,organic,consumer
C007351,2023-02-03,GB,paid_social,consumer
C007352,2023-02-03,US,paid_social,consumer
C007353,2023-02-03,US,referral,consumer
C007354,2023-02-03,CA,paid_search,consumer
C007355,2023-02-03,US,paid_search,consumer
C007356,2023-02-03,US,organic,consumer
C007357,2023-02-03,AU,paid_social,consumer
C007358,2023-02-03,US,referral,consumer
C007359,2023-02-03,DE,referral,consumer
C007360,2023-02-03,US,referral,consumer
C007361,2023-02-03,US,organic,consumer
C007362,2023-02-03,US,organic,small_business
C007363,2023-02-03,US,referral,consumer
C007364,2023-02-03,US,paid_search,small_business
C007365,2023-02-03,US,organic,consumer
C007366,2023-02-03,US,paid_search,consumer
C007367,2023-02-03,US,paid_search,consumer
C007368,2023-02-03,US,organic,consumer
C007369,2023-02-03,CA,organic,consumer
C007370,2023-02-03,US,paid_social,consumer
C007371,2023-02-03,US,organic,small_business
C007372,2023-02-03,US,paid_search,small_business
C007373,2023-02-03,US,paid_search,consumer
C007374,2023-02-03,DE,organic,consumer
C007375,2023-02-03,US,paid_search,consumer
C007376,2023-02-03,US,referral,consumer
C007377,2023-02-03,US,paid_search,consumer
C007378,2023-02-03,US,paid_social,consumer
C007379,2023-02-03,AU,referral,consumer
C007380,2023-02-03,CA,paid_search,consumer
C007381,2023-02-03,US,paid_search,consumer
C007382,2023-02-03,DE,affiliate,small_business
C007383,2023-02-03,US,referral,consumer
C007384,2023-02-03,US,organic,small_business
C007385,2023-02-03,AU,paid_search,small_business
C007386,2023-02-03,US,organic,consumer
C007387,2023-02-03,US,organic,consumer
C007388,2023-02-03,US,organic,consumer
C007389,2023-02-03,US,paid_search,consumer
C007390,2023-02-03,US,paid_search,enterprise
C007391,2023-02-03,US,organic,consumer
C007392,2023-02-03,GB,organic,consumer
C007393,2023-02-03,CA,paid_search,consumer
C007394,2023-02-03,US,paid_search,consumer
C007395,2023-02-03,US,organic,consumer
C007396,2023-02-03,US,paid_social,consumer
C007397,2023-02-03,CA,referral,consumer
C007398,2023-02-03,US,organic,consumer
C007399,2023-02-03,US,paid_search,consumer
C007400,2023-02-03,US,organic,small_business
C007401,2023-02-03,US,referral,consumer
C007402,2023-02-03,AU,paid_social,consumer
C007403,2023-02-03,US,paid_search,consumer
C007404,2023-02-03,US,organic,consumer
C007405,2023-02-03,AU,affiliate,consumer
C007406,2023-02-03,AU,paid_social,consumer
C007407,2023-02-03,US,organic,consumer
C007408,2023-02-03,US,affiliate,enterprise
C007409,2023-02-03,US,affiliate,consumer
C007410,2023-02-03,US,paid_search,consumer
C007411,2023-02-03,DE,paid_search,consumer
C007412,2023-02-03,AU,paid_search,small_business
C007413,2023-02-03,GB,paid_search,consumer
C007414,2023-02-03,US,organic,consumer
C007415,2023-02-03,CA,paid_search,consumer
C007416,2023-02-03,US,paid_search,consumer
C007417,2023-02-03,US,paid_social,consumer
C007418,2023-02-03,US,paid_social,enterprise
C007419,2023-02-03,AU,paid_social,small_business
C007420,2023-02-03,CA,organic,consumer
C007421,2023-02-03,US,affiliate,consumer
C007422,2023-02-03,US,paid_social,consumer
C007423,2023-02-03,AU,paid_social,consumer
C007424,2023-02-03,CA,paid_search,consumer
C007425,2023-02-03,CA,organic,small_business
C007426,2023-02-03,GB,organic,consumer
C007427,2023-02-03,CA,referral,consumer
C007428,2023-02-03,US,paid_search,consumer
C007429,2023-02-03,CA,paid_social,consumer
C007430,2023-02-03,US,affiliate,consumer
C007431,2023-02-03,GB,paid_social,consumer
C007432,2023-02-03,US,affiliate,consumer
C007433,2023-02-03,US,referral,consumer
C007434,2023-02-03,GB,organic,small_business
C007435,2023-02-03,US,referral,consumer
C007436,2023-02-03,US,organic,consumer
C007437,2023-02-03,US,organic,consumer
C007438,2023-02-03,CA,affiliate,consumer
C007439,2023-02-03,GB,paid_search,consumer
C007440,2023-02-03,AU,paid_search,consumer
C007441,2023-02-03,AU,paid_social,enterprise
C007442,2023-02-03,US,affiliate,consumer
C007443,2023-02-03,US,organic,consumer
C007444,2023-02-03,US,paid_search,consumer
C007445,2023-02-03,AU,organic,consumer
C007446,2023-02-03,GB,paid_search,consumer
C007447,2023-02-03,US,organic,consumer
C007448,2023-02-03,CA,paid_search,small_business
C007449,2023-02-03,US,paid_search,consumer
C007450,2023-02-03,US,affiliate,consumer
C007451,2023-02-03,US,paid_search,consumer
C007452,2023-02-03,US,paid_social,consumer
C007453,2023-02-03,CA,paid_social,consumer
C007454,2023-02-03,US,paid_search,small_business
C007455,2023-02-03,US,organic,consumer
C007456,2023-02-03,US,affiliate,consumer
C007457,2023-02-03,US,referral,enterprise
C007458,2023-02-03,CA,referral,consumer
C007459,2023-02-03,US,paid_search,small_business
C007460,2023-02-03,US,referral,consumer
C007461,2023-02-03,US,paid_search,consumer
C007462,2023-02-03,CA,paid_search,consumer
C007463,2023-02-03,US,referral,consumer
C007464,2023-02-03,CA,paid_search,small_business
C007465,2023-02-03,CA,organic,consumer
C007466,2023-02-03,US,organic,consumer
C007467,2023-02-03,CA,organic,consumer
C007468,2023-02-03,AU,referral,consumer
C007469,2023-02-03,GB,paid_social,consumer
C007470,2023-02-03,US,organic,consumer
C007471,2023-02-03,DE,paid_search,consumer
C007472,2023-02-03,US,paid_search,consumer
C007473,2023-02-03,US,organic,consumer
C007474,2023-02-04,US,referral,consumer
C007475,2023-02-04,DE,organic,consumer
C007476,2023-02-04,US,paid_search,consumer
C007477,2023-02-04,US,organic,consumer
C007478,2023-02-04,DE,paid_search,consumer
C007479,2023-02-04,US,organic,small_business
C007480,2023-02-04,US,paid_search,consumer
C007481,2023-02-04,US,organic,consumer
C007482,2023-02-04,US,organic,consumer
C007483,2023-02-04,US,organic,small_business
C007484,2023-02-04,CA,organic,consumer
C007485,2023-02-04,US,organic,consumer
C007486,2023-02-04,US,paid_social,small_business
C007487,2023-02-04,GB,organic,consumer
C007488,2023-02-04,US,paid_search,consumer
C007489,2023-02-04,US,referral,consumer
C007490,2023-02-04,GB,paid_social,small_business
C007491,2023-02-04,AU,organic,consumer
C007492,2023-02-04,US,paid_social,consumer
C007493,2023-02-04,DE,organic,small_business
C007494,2023-02-04,US,organic,consumer
C007495,2023-02-04,CA,paid_search,consumer
C007496,2023-02-04,US,organic,consumer
C007497,2023-02-04,CA,affiliate,small_business
C007498,2023-02-04,US,paid_social,consumer
C007499,2023-02-04,AU,paid_search,consumer
C007500,2023-02-04,AU,paid_search,consumer
C007501,2023-02-04,CA,affiliate,consumer
C007502,2023-02-04,US,paid_search,consumer
C007503,2023-02-04,US,paid_social,consumer
C007504,2023-02-04,CA,paid_social,consumer
C007505,2023-02-04,DE,organic,consumer
C007506,2023-02-04,US,organic,consumer
C007507,2023-02-04,US,organic,consumer
C007508,2023-02-04,US,organic,consumer
C007509,2023-02-04,US,paid_search,consumer
C007510,2023-02-04,US,affiliate,consumer
C007511,2023-02-04,US,organic,consumer
C007512,2023-02-04,US,paid_social,consumer
C007513,2023-02-04,US,paid_search,consumer
C007514,2023-02-04,AU,paid_social,consumer
C007515,2023-02-04,US,organic,consumer
C007516,2023-02-04,AU,paid_search,consumer
C007517,2023-02-04,US,organic,consumer
C007518,2023-02-04,DE,paid_social,consumer
C007519,2023-02-04,US,paid_social,consumer
C007520,2023-02-04,US,affiliate,consumer
C007521,2023-02-04,GB,paid_social,enterprise
C007522,2023-02-04,US,paid_search,consumer
C007523,2023-02-04,CA,organic,consumer
C007524,2023-02-04,DE,paid_social,consumer
C007525,2023-02-04,US,organic,consumer
C007526,2023-02-04,GB,paid_search,consumer
C007527,2023-02-04,US,paid_search,consumer
C007528,2023-02-04,US,paid_search,consumer
C007529,2023-02-04,DE,paid_social,small_business
C007530,2023-02-04,US,referral,consumer
C007531,2023-02-04,US,referral,small_business
C007532,2023-02-04,DE,organic,consumer
C007533,2023-02-04,US,affiliate,consumer
C007534,2023-02-04,US,affiliate,consumer
C007535,2023-02-04,GB,organic,consumer
C007536,2023-02-04,AU,paid_social,small_business
C007537,2023-02-04,US,paid_social,consumer
C007538,2023-02-04,US,referral,consumer
C007539,2023-02-04,GB,referral,consumer
C007540,2023-02-04,AU,paid_search,consumer
C007541,2023-02-04,US,organic,enterprise
C007542,2023-02-04,US,paid_search,consumer
C007543,2023-02-04,CA,paid_search,consumer
C007544,2023-02-04,DE,paid_social,consumer
C007545,2023-02-04,DE,paid_search,consumer
C007546,2023-02-04,US,organic,consumer
C007547,2023-02-04,US,paid_social,small_business
C007548,2023-02-04,US,paid_search,consumer
C007549,2023-02-04,US,affiliate,consumer
C007550,2023-02-04,US,paid_social,consumer
C007551,2023-02-04,GB,referral,consumer
C007552,2023-02-04,US,organic,consumer
C007553,2023-02-04,GB,paid_social,consumer
C007554,2023-02-04,US,organic,consumer
C007555,2023-02-04,US,paid_social,consumer
C007556,2023-02-04,US,paid_search,consumer
C007557,2023-02-04,US,referral,consumer
C007558,2023-02-04,US,paid_social,consumer
C007559,2023-02-04,US,referral,consumer
C007560,2023-02-04,GB,paid_search,consumer
C007561,2023-02-04,DE,organic,consumer
C007562,2023-02-04,DE,affiliate,consumer
C007563,2023-02-04,US,paid_search,consumer
C007564,2023-02-04,CA,paid_search,consumer
C007565,2023-02-04,US,paid_social,consumer
C007566,2023-02-04,US,organic,small_business
C007567,2023-02-04,US,paid_social,consumer
C007568,2023-02-04,US,paid_social,consumer
C007569,2023-02-04,US,referral,consumer
C007570,2023-02-04,US,paid_search,consumer
C007571,2023-02-04,US,paid_social,small_business
C007572,2023-02-04,US,referral,small_business
C007573,2023-02-04,US,paid_search,consumer
C007574,2023-02-04,CA,organic,consumer
C007575,2023-02-04,US,organic,consumer
C007576,2023-02-04,US,referral,consumer
C007577,2023-02-04,US,affiliate,consumer
C007578,2023-02-04,GB,paid_search,consumer
C007579,2023-02-04,US,organic,consumer
C007580,2023-02-04,US,referral,consumer
C007581,2023-02-04,GB,paid_search,consumer
C007582,2023-02-04,US,organic,consumer
C007583,2023-02-04,GB,paid_social,consumer
C007584,2023-02-04,US,affiliate,enterprise
C007585,2023-02-04,US,organic,consumer
C007586,2023-02-04,DE,paid_social,consumer
C007587,2023-02-04,US,referral,consumer
C007588,2023-02-04,US,affiliate,consumer
C007589,2023-02-04,US,organic,consumer
C007590,2023-02-04,US,paid_search,consumer
C007591,2023-02-04,US,affiliate,small_business
C007592,2023-02-04,CA,paid_social,consumer
C007593,2023-02-04,US,paid_search,small_business
C007594,2023-02-04,US,paid_search,consumer
C007595,2023-02-04,AU,organic,consumer
C007596,2023-02-04,US,referral,consumer
C007597,2023-02-04,US,referral,consumer
C007598,2023-02-04,CA,paid_social,small_business
C007599,2023-02-04,US,paid_social,consumer
C007600,2023-02-04,GB,referral,consumer
C007601,2023-02-04,US,paid_search,consumer
C007602,2023-02-04,US,referral,consumer
C007603,2023-02-04,US,affiliate,consumer
C007604,2023-02-04,US,paid_search,consumer
C007605,2023-02-04,US,organic,small_business
C007606,2023-02-04,US,referral,small_business
C007607,2023-02-04,US,organic,consumer
C007608,2023-02-04,US,organic,consumer
C007609,2023-02-04,US,paid_search,consumer
C007610,2023-02-04,US,paid_social,consumer
C007611,2023-02-04,US,paid_search,consumer
C007612,2023-02-04,US,paid_search,consumer
C007613,2023-02-04,AU,organic,consumer
C007614,2023-02-04,GB,referral,consumer
C007615,2023-02-04,DE,paid_search,consumer
C007616,2023-02-04,US,organic,consumer
C007617,2023-02-04,US,organic,consumer
C007618,2023-02-04,CA,organic,consumer
C007619,2023-02-04,AU,paid_social,consumer
C007620,2023-02-04,DE,paid_search,consumer
C007621,2023-02-04,US,organic,small_business
C007622,2023-02-04,US,organic,consumer
C007623,2023-02-04,CA,paid_search,consumer
C007624,2023-02-04,AU,organic,consumer
C007625,2023-02-04,US,organic,consumer
C007626,2023-02-04,DE,paid_social,consumer
C007627,2023-02-04,US,organic,consumer
C007628,2023-02-04,US,referral,small_business
C007629,2023-02-04,AU,paid_search,consumer
C007630,2023-02-04,US,paid_search,consumer
C007631,2023-02-04,US,paid_social,consumer
C007632,2023-02-04,DE,paid_search,consumer
C007633,2023-02-04,US,organic,consumer
C007634,2023-02-04,US,paid_social,consumer
C007635,2023-02-04,CA,affiliate,consumer
C007636,2023-02-04,GB,affiliate,consumer
C007637,2023-02-04,AU,organic,consumer
C007638,2023-02-04,US,paid_search,consumer
C007639,2023-02-04,US,organic,consumer
C007640,2023-02-04,US,paid_search,consumer
C007641,2023-02-04,CA,organic,consumer
C007642,2023-02-04,US,referral,consumer
C007643,2023-02-04,AU,affiliate,consumer
C007644,2023-02-04,GB,paid_social,consumer
C007645,2023-02-04,GB,organic,enterprise
C007646,2023-02-04,GB,affiliate,consumer
C007647,2023-02-04,US,paid_social,consumer
C007648,2023-02-04,US,referral,consumer
C007649,2023-02-04,AU,paid_search,consumer
C007650,2023-02-04,US,paid_search,consumer
C007651,2023-02-04,CA,organic,consumer
C007652,2023-02-04,US,organic,consumer
C007653,2023-02-04,CA,organic,consumer
C007654,2023-02-04,US,organic,small_business
C007655,2023-02-04,GB,referral,consumer
C007656,2023-02-04,US,organic,consumer
C007657,2023-02-04,US,affiliate,consumer
C007658,2023-02-04,AU,paid_search,consumer
C007659,2023-02-04,GB,affiliate,consumer
C007660,2023-02-04,GB,paid_search,consumer
C007661,2023-02-04,US,referral,consumer
C007662,2023-02-04,US,organic,consumer
C007663,2023-02-04,US,paid_search,consumer
C007664,2023-02-04,CA,referral,consumer
C007665,2023-02-04,CA,paid_social,consumer
C007666,2023-02-04,US,paid_social,consumer
C007667,2023-02-04,US,paid_social,consumer
C007668,2023-02-04,US,paid_social,consumer
C007669,2023-02-04,US,organic,consumer
C007670,2023-02-04,US,referral,consumer
C007671,2023-02-04,US,referral,consumer
C007672,2023-02-04,US,referral,consumer
C007673,2023-02-04,US,paid_search,consumer
C007674,2023-02-04,DE,affiliate,consumer
C007675,2023-02-04,US,organic,consumer
C007676,2023-02-04,US,organic,consumer
C007677,2023-02-04,US,organic,enterprise
C007678,2023-02-04,US,paid_search,enterprise
C007679,2023-02-04,CA,paid_search,small_business
C007680,2023-02-04,CA,paid_search,consumer
C007681,2023-02-04,AU,paid_social,consumer
C007682,2023-02-04,DE,referral,small_business
C007683,2023-02-04,AU,referral,consumer
C007684,2023-02-04,US,organic,small_business
C007685,2023-02-04,US,paid_search,consumer
C007686,2023-02-04,US,paid_social,consumer
C007687,2023-02-04,US,organic,consumer
C007688,2023-02-04,AU,paid_social,small_business
C007689,2023-02-04,CA,paid_social,consumer
C007690,2023-02-04,US,organic,consumer
C007691,2023-02-04,US,paid_search,consumer
C007692,2023-02-04,US,organic,consumer
C007693,2023-02-04,US,paid_search,consumer
C007694,2023-02-05,CA,referral,consumer
C007695,2023-02-05,CA,affiliate,consumer
C007696,2023-02-05,US,organic,small_business
C007697,2023-02-05,US,organic,small_business
C007698,2023-02-05,US,organic,consumer
C007699,2023-02-05,DE,paid_social,consumer
C007700,2023-02-05,GB,paid_search,small_business
C007701,2023-02-05,US,paid_search,small_business
C007702,2023-02-05,US,referral,consumer
C007703,2023-02-05,US,paid_search,consumer
C007704,2023-02-05,US,referral,small_business
C007705,2023-02-05,US,referral,consumer
C007706,2023-02-05,US,paid_social,consumer
C007707,2023-02-05,DE,paid_social,consumer
C007708,2023-02-05,US,organic,consumer
C007709,2023-02-05,US,referral,consumer
C007710,2023-02-05,US,organic,consumer
C007711,2023-02-05,US,paid_search,consumer
C007712,2023-02-05,AU,paid_search,consumer
C007713,2023-02-05,CA,organic,consumer
C007714,2023-02-05,US,paid_social,consumer
C007715,2023-02-05,US,referral,consumer
C007716,2023-02-05,CA,organic,consumer
C007717,2023-02-05,US,affiliate,consumer
C007718,2023-02-05,CA,referral,consumer
C007719,2023-02-05,US,paid_search,consumer
C007720,2023-02-05,US,organic,consumer
C007721,2023-02-05,DE,paid_social,consumer
C007722,2023-02-05,US,affiliate,consumer
C007723,2023-02-05,US,paid_search,consumer
C007724,2023-02-05,DE,paid_search,small_business
C007725,2023-02-05,US,referral,consumer
C007726,2023-02-05,CA,paid_search,small_business
C007727,2023-02-05,US,referral,consumer
C007728,2023-02-05,US,organic,consumer
C007729,2023-02-05,GB,paid_search,consumer
C007730,2023-02-05,CA,organic,small_business
C007731,2023-02-05,US,paid_social,consumer
C007732,2023-02-05,US,referral,small_business
C007733,2023-02-05,US,paid_social,consumer
C007734,2023-02-05,AU,paid_search,small_business
C007735,2023-02-05,CA,organic,consumer
C007736,2023-02-05,GB,paid_search,small_business
C007737,2023-02-05,DE,paid_search,consumer
C007738,2023-02-05,DE,organic,small_business
C007739,2023-02-05,US,organic,consumer
C007740,2023-02-05,US,organic,consumer
C007741,2023-02-05,US,organic,small_business
C007742,2023-02-05,GB,referral,consumer
C007743,2023-02-05,CA,organic,consumer
C007744,2023-02-05,US,referral,consumer
C007745,2023-02-05,US,organic,consumer
C007746,2023-02-05,GB,organic,consumer
C007747,2023-02-05,AU,paid_search,consumer
C007748,2023-02-05,US,paid_search,consumer
C007749,2023-02-05,US,organic,consumer
C007750,2023-02-05,US,paid_social,consumer
C007751,2023-02-05,US,organic,consumer
C007752,2023-02-05,US,referral,consumer
C007753,2023-02-05,US,paid_social,consumer
C007754,2023-02-05,AU,organic,consumer
C007755,2023-02-05,GB,paid_search,small_business
C007756,2023-02-05,US,paid_search,consumer
C007757,2023-02-05,US,paid_search,consumer
C007758,2023-02-05,US,paid_search,consumer
C007759,2023-02-05,US,paid_social,consumer
C007760,2023-02-05,US,affiliate,consumer
C007761,2023-02-05,US,paid_search,consumer
C007762,2023-02-05,CA,organic,consumer
C007763,2023-02-05,AU,paid_search,consumer
C007764,2023-02-05,US,referral,consumer
C007765,2023-02-05,US,paid_social,consumer
C007766,2023-02-05,US,paid_search,consumer
C007767,2023-02-05,US,organic,consumer
C007768,2023-02-05,US,affiliate,consumer
C007769,2023-02-05,US,paid_social,consumer
C007770,2023-02-05,CA,paid_search,consumer
C007771,2023-02-05,US,paid_search,consumer
C007772,2023-02-05,US,referral,consumer
C007773,2023-02-05,US,paid_search,consumer
C007774,2023-02-05,DE,paid_search,consumer
C007775,2023-02-05,US,paid_search,consumer
C007776,2023-02-05,US,organic,consumer
C007777,2023-02-05,AU,paid_social,consumer
C007778,2023-02-05,DE,organic,consumer
C007779,2023-02-05,US,referral,consumer
C007780,2023-02-05,US,referral,consumer
C007781,2023-02-05,US,paid_search,consumer
C007782,2023-02-05,GB,referral,small_business
C007783,2023-02-05,GB,affiliate,small_business
C007784,2023-02-05,US,paid_social,consumer
C007785,2023-02-05,DE,organic,consumer
C007786,2023-02-05,US,organic,consumer
C007787,2023-02-05,US,paid_social,consumer
C007788,2023-02-05,US,paid_social,consumer
C007789,2023-02-05,US,paid_search,small_business
C007790,2023-02-05,US,paid_social,consumer
C007791,2023-02-05,DE,paid_search,consumer
C007792,2023-02-05,DE,referral,consumer
C007793,2023-02-05,US,organic,consumer
C007794,2023-02-05,US,affiliate,consumer
C007795,2023-02-05,US,paid_social,consumer
C007796,2023-02-05,DE,paid_search,enterprise
C007797,2023-02-05,US,paid_social,consumer
C007798,2023-02-05,US,affiliate,small_business
C007799,2023-02-05,US,affiliate,consumer
C007800,2023-02-05,US,organic,consumer
C007801,2023-02-05,US,organic,consumer
C007802,2023-02-05,US,affiliate,consumer
C007803,2023-02-05,GB,affiliate,consumer
C007804,2023-02-05,US,organic,consumer
C007805,2023-02-05,CA,paid_social,consumer
C007806,2023-02-05,US,paid_search,consumer
C007807,2023-02-05,US,organic,consumer
C007808,2023-02-05,US,affiliate,consumer
C007809,2023-02-05,US,affiliate,small_business
C007810,2023-02-05,US,paid_search,consumer
C007811,2023-02-05,GB,organic,consumer
C007812,2023-02-05,GB,paid_search,consumer
C007813,2023-02-05,DE,affiliate,consumer
C007814,2023-02-05,US,paid_search,consumer
C007815,2023-02-05,US,organic,consumer
C007816,2023-02-05,US,paid_social,consumer
C007817,2023-02-05,US,paid_search,consumer
C007818,2023-02-05,DE,affiliate,consumer
C007819,2023-02-05,US,paid_search,consumer
C007820,2023-02-05,DE,organic,consumer
C007821,2023-02-05,US,paid_search,small_business
C007822,2023-02-05,US,paid_search,consumer
C007823,2023-02-05,US,referral,small_business
C007824,2023-02-05,AU,referral,consumer
C007825,2023-02-05,CA,paid_search,consumer
C007826,2023-02-05,US,organic,consumer
C007827,2023-02-05,AU,paid_search,consumer
C007828,2023-02-05,US,organic,small_business
C007829,2023-02-05,US,organic,consumer
C007830,2023-02-05,US,organic,consumer
C007831,2023-02-05,DE,paid_social,consumer
C007832,2023-02-05,US,affiliate,consumer
C007833,2023-02-05,US,paid_social,consumer
C007834,2023-02-05,CA,organic,consumer
C007835,2023-02-05,US,paid_search,consumer
C007836,2023-02-05,GB,organic,consumer
C007837,2023-02-05,US,paid_social,consumer
C007838,2023-02-05,CA,paid_social,consumer
C007839,2023-02-05,US,referral,consumer
C007840,2023-02-05,US,affiliate,consumer
C007841,2023-02-05,US,paid_social,consumer
C007842,2023-02-05,US,organic,consumer
C007843,2023-02-05,US,paid_search,consumer
C007844,2023-02-05,US,organic,enterprise
C007845,2023-02-05,CA,paid_search,consumer
C007846,2023-02-05,US,affiliate,consumer
C007847,2023-02-05,US,organic,consumer
C007848,2023-02-05,US,paid_social,consumer
C007849,2023-02-05,US,paid_social,consumer
C007850,2023-02-05,US,organic,consumer
C007851,2023-02-05,DE,referral,consumer
C007852,2023-02-05,DE,organic,consumer
C007853,2023-02-05,US,affiliate,small_business
C007854,2023-02-05,US,organic,consumer
C007855,2023-02-05,GB,paid_search,small_business
C007856,2023-02-05,US,paid_search,consumer
C007857,2023-02-05,US,referral,small_business
C007858,2023-02-05,US,paid_search,consumer
C007859,2023-02-05,US,paid_social,consumer
C007860,2023-02-05,AU,paid_social,consumer
C007861,2023-02-05,US,paid_search,consumer
C007862,2023-02-05,AU,referral,small_business
C007863,2023-02-05,US,organic,consumer
C007864,2023-02-05,US,referral,consumer
C007865,2023-02-05,US,affiliate,consumer
C007866,2023-02-05,AU,referral,consumer
C007867,2023-02-05,US,referral,consumer
C007868,2023-02-05,US,paid_search,consumer
C007869,2023-02-05,DE,paid_social,small_business
C007870,2023-02-05,US,paid_search,consumer
C007871,2023-02-05,GB,paid_social,consumer
C007872,2023-02-05,GB,organic,small_business
C007873,2023-02-05,US,paid_search,consumer
C007874,2023-02-05,US,organic,consumer
C007875,2023-02-05,US,organic,consumer
C007876,2023-02-05,CA,organic,consumer
C007877,2023-02-05,US,organic,consumer
C007878,2023-02-05,US,organic,consumer
C007879,2023-02-05,US,paid_search,consumer
C007880,2023-02-05,CA,paid_social,consumer
C007881,2023-02-05,US,organic,consumer
C007882,2023-02-05,US,affiliate,consumer
C007883,2023-02-05,US,referral,consumer
C007884,2023-02-05,US,paid_search,consumer
C007885,2023-02-05,US,paid_social,consumer
C007886,2023-02-05,US,paid_search,small_business
C007887,2023-02-05,CA,paid_social,consumer
C007888,2023-02-05,GB,paid_social,small_business
C007889,2023-02-05,DE,paid_search,consumer
C007890,2023-02-05,AU,organic,consumer
C007891,2023-02-05,CA,paid_social,consumer
C007892,2023-02-05,US,affiliate,consumer
C007893,2023-02-05,US,paid_social,consumer
C007894,2023-02-05,US,paid_social,consumer
C007895,2023-02-05,GB,paid_search,consumer
C007896,2023-02-05,CA,paid_social,consumer
C007897,2023-02-05,US,referral,enterprise
C007898,2023-02-05,GB,paid_social,consumer
C007899,2023-02-05,US,affiliate,small_business
C007900,2023-02-05,US,paid_search,small_business
C007901,2023-02-05,US,paid_social,consumer
C007902,2023-02-05,US,referral,consumer
C007903,2023-02-05,US,paid_search,consumer
C007904,2023-02-05,US,referral,consumer
C007905,2023-02-05,CA,paid_search,consumer
C007906,2023-02-05,US,referral,consumer
C007907,2023-02-05,US,paid_social,consumer
C007908,2023-02-05,US,organic,consumer
C007909,2023-02-05,US,organic,consumer
C007910,2023-02-05,DE,paid_social,consumer
C007911,2023-02-05,US,affiliate,consumer
C007912,2023-02-05,US,organic,consumer
C007913,2023-02-05,GB,organic,consumer
C007914,2023-02-06,US,paid_search,consumer
C007915,2023-02-06,US,paid_search,consumer
C007916,2023-02-06,US,paid_search,consumer
C007917,2023-02-06,CA,referral,consumer
C007918,2023-02-06,US,paid_search,consumer
C007919,2023-02-06,CA,organic,consumer
C007920,2023-02-06,US,referral,consumer
C007921,2023-02-06,GB,organic,small_business
C007922,2023-02-06,US,organic,consumer
C007923,2023-02-06,AU,referral,consumer
C007924,2023-02-06,US,paid_search,consumer
C007925,2023-02-06,US,paid_search,consumer
C007926,2023-02-06,AU,paid_search,consumer
C007927,2023-02-06,US,affiliate,consumer
C007928,2023-02-06,US,organic,consumer
C007929,2023-02-06,GB,affiliate,small_business
C007930,2023-02-06,GB,paid_social,consumer
C007931,2023-02-06,DE,organic,small_business
C007932,2023-02-06,US,paid_search,consumer
C007933,2023-02-06,CA,paid_search,consumer
C007934,2023-02-06,US,paid_search,consumer
C007935,2023-02-06,CA,organic,consumer
C007936,2023-02-06,US,paid_search,consumer
C007937,2023-02-06,US,affiliate,consumer
C007938,2023-02-06,US,paid_social,consumer
C007939,2023-02-06,CA,referral,consumer
C007940,2023-02-06,CA,affiliate,consumer
C007941,2023-02-06,US,organic,consumer
C007942,2023-02-06,US,paid_social,consumer
C007943,2023-02-06,US,referral,consumer
C007944,2023-02-06,US,paid_social,consumer
C007945,2023-02-06,US,organic,small_business
C007946,2023-02-06,US,paid_social,consumer
C007947,2023-02-06,CA,organic,consumer
C007948,2023-02-06,GB,paid_search,small_business
C007949,2023-02-06,US,affiliate,consumer
C007950,2023-02-06,US,paid_social,small_business
C007951,2023-02-06,GB,paid_search,small_business
C007952,2023-02-06,DE,referral,consumer
C007953,2023-02-06,CA,organic,consumer
C007954,2023-02-06,AU,organic,consumer
C007955,2023-02-06,US,paid_search,small_business
C007956,2023-02-06,DE,paid_search,consumer
C007957,2023-02-06,US,organic,consumer
C007958,2023-02-06,US,paid_search,consumer
C007959,2023-02-06,US,paid_search,consumer
C007960,2023-02-06,US,organic,consumer
C007961,2023-02-06,DE,referral,consumer
C007962,2023-02-06,US,affiliate,consumer
C007963,2023-02-06,AU,paid_search,consumer
C007964,2023-02-06,US,paid_social,consumer
C007965,2023-02-06,US,paid_search,consumer
C007966,2023-02-06,US,referral,consumer
C007967,2023-02-06,US,affiliate,consumer
C007968,2023-02-06,GB,paid_search,consumer
C007969,2023-02-06,GB,organic,consumer
C007970,2023-02-06,CA,referral,consumer
C007971,2023-02-06,GB,referral,small_business
C007972,2023-02-06,US,organic,consumer
C007973,2023-02-06,CA,paid_search,consumer
C007974,2023-02-06,US,referral,consumer
C007975,2023-02-06,US,organic,consumer
C007976,2023-02-06,US,organic,small_business
C007977,2023-02-06,CA,referral,consumer
C007978,2023-02-06,US,referral,consumer
C007979,2023-02-06,US,paid_social,small_business
C007980,2023-02-06,DE,paid_search,consumer
C007981,2023-02-06,US,organic,small_business
C007982,2023-02-06,AU,organic,consumer
C007983,2023-02-06,US,organic,consumer
C007984,2023-02-06,US,paid_search,consumer
C007985,2023-02-06,US,referral,consumer
C007986,2023-02-06,AU,organic,consumer
C007987,2023-02-06,US,paid_search,consumer
C007988,2023-02-06,US,organic,consumer
C007989,2023-02-06,US,organic,consumer
C007990,2023-02-06,US,paid_social,consumer
C007991,2023-02-06,US,paid_search,consumer
C007992,2023-02-06,GB,organic,consumer
C007993,2023-02-06,US,paid_social,consumer
C007994,2023-02-06,US,paid_social,small_business
C007995,2023-02-06,DE,paid_search,consumer
C007996,2023-02-06,US,referral,consumer
C007997,2023-02-06,US,paid_social,consumer
C007998,2023-02-06,US,paid_social,consumer
C007999,2023-02-06,US,affiliate,small_business
C008000,2023-02-06,US,paid_search,consumer
C008001,2023-02-06,GB,paid_social,consumer
C008002,2023-02-06,US,affiliate,small_business
C008003,2023-02-06,CA,referral,enterprise
C008004,2023-02-06,US,paid_search,consumer
C008005,2023-02-06,US,organic,consumer
C008006,2023-02-06,US,paid_search,small_business
C008007,2023-02-06,US,affiliate,consumer
C008008,2023-02-06,CA,affiliate,consumer
C008009,2023-02-06,AU,organic,consumer
C008010,2023-02-06,US,organic,consumer
C008011,2023-02-06,US,organic,consumer
C008012,2023-02-06,US,paid_social,small_business
C008013,2023-02-06,US,paid_social,consumer
C008014,2023-02-06,DE,paid_social,consumer
C008015,2023-02-06,US,referral,consumer
C008016,2023-02-06,AU,paid_social,consumer
C008017,2023-02-06,CA,organic,small_business
C008018,2023-02-06,DE,organic,consumer
C008019,2023-02-06,US,referral,consumer
C008020,2023-02-06,DE,paid_search,consumer
C008021,2023-02-06,US,referral,consumer
C008022,2023-02-06,US,paid_search,consumer
C008023,2023-02-06,US,affiliate,small_business
C008024,2023-02-06,US,referral,small_business
C008025,2023-02-06,CA,affiliate,consumer
C008026,2023-02-06,GB,paid_search,consumer
C008027,2023-02-06,GB,organic,enterprise
C008028,2023-02-06,US,referral,consumer
C008029,2023-02-06,CA,paid_search,consumer
C008030,2023-02-06,CA,referral,consumer
C008031,2023-02-06,US,referral,consumer
C008032,2023-02-06,US,affiliate,small_business
C008033,2023-02-06,US,organic,consumer
C008034,2023-02-06,US,paid_search,consumer
C008035,2023-02-06,DE,organic,consumer
C008036,2023-02-06,US,organic,consumer
C008037,2023-02-06,US,affiliate,small_business
C008038,2023-02-06,US,paid_search,small_business
C008039,2023-02-06,US,organic,consumer
C008040,2023-02-06,US,organic,consumer
C008041,2023-02-06,US,referral,consumer
C008042,2023-02-06,CA,paid_social,consumer
C008043,2023-02-06,CA,paid_search,consumer
C008044,2023-02-06,DE,organic,consumer
C008045,2023-02-06,US,paid_social,consumer
C008046,2023-02-06,US,paid_social,consumer
C008047,2023-02-06,US,organic,consumer
C008048,2023-02-06,US,organic,consumer
C008049,2023-02-06,US,paid_search,consumer
C008050,2023-02-06,US,paid_social,consumer
C008051,2023-02-06,US,paid_search,consumer
C008052,2023-02-06,US,paid_search,consumer
C008053,2023-02-06,GB,referral,consumer
C008054,2023-02-06,US,referral,consumer
C008055,2023-02-06,US,organic,small_business
C008056,2023-02-06,US,organic,consumer
C008057,2023-02-06,US,affiliate,consumer
C008058,2023-02-06,US,paid_search,enterprise
C008059,2023-02-06,US,paid_search,consumer
C008060,2023-02-06,DE,organic,consumer
C008061,2023-02-06,US,paid_search,consumer
C008062,2023-02-06,GB,organic,small_business
C008063,2023-02-06,US,organic,consumer
C008064,2023-02-06,CA,paid_search,consumer
C008065,2023-02-06,CA,affiliate,consumer
C008066,2023-02-06,AU,paid_social,consumer
C008067,2023-02-06,US,organic,consumer
C008068,2023-02-06,US,paid_social,consumer
C008069,2023-02-06,US,paid_social,consumer
C008070,2023-02-06,AU,paid_social,small_business
C008071,2023-02-06,US,organic,consumer
C008072,2023-02-06,US,referral,consumer
C008073,2023-02-06,CA,paid_social,consumer
C008074,2023-02-06,US,affiliate,consumer
C008075,2023-02-06,US,paid_search,small_business
C008076,2023-02-06,US,organic,consumer
C008077,2023-02-06,US,paid_social,consumer
C008078,2023-02-06,US,organic,consumer
C008079,2023-02-06,US,affiliate,consumer
C008080,2023-02-06,CA,paid_search,small_business
C008081,2023-02-06,DE,affiliate,small_business
C008082,2023-02-06,GB,organic,small_business
C008083,2023-02-06,US,organic,consumer
C008084,2023-02-06,US,organic,consumer
C008085,2023-02-06,DE,organic,consumer
C008086,2023-02-06,US,organic,consumer
C008087,2023-02-06,US,affiliate,consumer
C008088,2023-02-06,US,referral,consumer
C008089,2023-02-06,CA,paid_search,small_business
C008090,2023-02-06,AU,organic,consumer
C008091,2023-02-06,US,paid_search,consumer
C008092,2023-02-06,US,paid_search,consumer
C008093,2023-02-06,GB,organic,consumer
C008094,2023-02-06,US,paid_social,consumer
C008095,2023-02-06,US,organic,consumer
C008096,2023-02-06,GB,organic,consumer
C008097,2023-02-06,US,paid_social,consumer
C008098,2023-02-06,US,paid_search,small_business
C008099,2023-02-06,US,referral,consumer
C008100,2023-02-06,AU,paid_social,consumer
C008101,2023-02-06,AU,referral,consumer
C008102,2023-02-06,US,organic,small_business
C008103,2023-02-06,DE,paid_social,consumer
C008104,2023-02-06,GB,paid_social,small_business
C008105,2023-02-06,US,organic,consumer
C008106,2023-02-06,AU,paid_social,consumer
C008107,2023-02-06,CA,paid_search,enterprise
C008108,2023-02-06,US,organic,consumer
C008109,2023-02-06,DE,paid_search,small_business
C008110,2023-02-06,US,organic,consumer
C008111,2023-02-06,US,paid_search,consumer
C008112,2023-02-06,CA,organic,consumer
C008113,2023-02-06,US,organic,consumer
C008114,2023-02-06,US,organic,small_business
C008115,2023-02-06,US,paid_social,consumer
C008116,2023-02-06,US,referral,consumer
C008117,2023-02-06,US,referral,consumer
C008118,2023-02-06,US,organic,small_business
C008119,2023-02-06,US,organic,consumer
C008120,2023-02-06,US,organic,consumer
C008121,2023-02-06,US,referral,small_business
C008122,2023-02-06,US,organic,consumer
C008123,2023-02-06,GB,affiliate,consumer
C008124,2023-02-06,US,paid_search,small_business
C008125,2023-02-06,US,organic,small_business
C008126,2023-02-06,AU,referral,consumer
C008127,2023-02-06,US,paid_social,consumer
C008128,2023-02-06,AU,organic,small_business
C008129,2023-02-06,US,paid_social,consumer
C008130,2023-02-06,US,organic,consumer
C008131,2023-02-06,US,paid_social,consumer
C008132,2023-02-06,GB,referral,consumer
C008133,2023-02-07,US,paid_search,consumer
C008134,2023-02-07,US,paid_social,consumer
C008135,2023-02-07,GB,referral,consumer
C008136,2023-02-07,CA,organic,consumer
C008137,2023-02-07,GB,paid_search,consumer
C008138,2023-02-07,AU,organic,small_business
C008139,2023-02-07,US,referral,consumer
C008140,2023-02-07,US,paid_search,consumer
C008141,2023-02-07,DE,paid_social,consumer
C008142,2023-02-07,US,paid_search,consumer
C008143,2023-02-07,US,organic,small_business
C008144,2023-02-07,US,paid_social,consumer
C008145,2023-02-07,CA,referral,consumer
C008146,2023-02-07,US,paid_search,consumer
C008147,2023-02-07,US,paid_search,consumer
C008148,2023-02-07,US,affiliate,consumer
C008149,2023-02-07,US,paid_search,consumer
C008150,2023-02-07,US,referral,consumer
C008151,2023-02-07,DE,organic,small_business
C008152,2023-02-07,US,paid_social,consumer
C008153,2023-02-07,US,organic,consumer
C008154,2023-02-07,US,affiliate,consumer
C008155,2023-02-07,US,organic,small_business
C008156,2023-02-07,GB,paid_search,small_business
C008157,2023-02-07,US,organic,consumer
C008158,2023-02-07,DE,referral,small_business
C008159,2023-02-07,US,paid_search,small_business
C008160,2023-02-07,US,paid_search,small_business
C008161,2023-02-07,US,paid_search,consumer
C008162,2023-02-07,US,organic,consumer
C008163,2023-02-07,AU,referral,consumer
C008164,2023-02-07,US,paid_social,consumer
C008165,2023-02-07,US,referral,consumer
C008166,2023-02-07,CA,organic,consumer
C008167,2023-02-07,US,paid_social,enterprise
C008168,2023-02-07,CA,referral,small_business
C008169,2023-02-07,US,organic,consumer
C008170,2023-02-07,US,referral,consumer
C008171,2023-02-07,US,organic,consumer
C008172,2023-02-07,US,referral,consumer
C008173,2023-02-07,GB,paid_search,consumer
C008174,2023-02-07,US,organic,consumer
C008175,2023-02-07,GB,paid_search,consumer
C008176,2023-02-07,US,paid_social,consumer
C008177,2023-02-07,DE,paid_social,small_business
C008178,2023-02-07,GB,referral,consumer
C008179,2023-02-07,US,paid_search,small_business
C008180,2023-02-07,US,paid_social,consumer
C008181,2023-02-07,US,organic,consumer
C008182,2023-02-07,GB,affiliate,consumer
C008183,2023-02-07,CA,referral,consumer
C008184,2023-02-07,US,organic,consumer
C008185,2023-02-07,US,organic,consumer
C008186,2023-02-07,GB,referral,consumer
C008187,2023-02-07,CA,affiliate,small_business
C008188,2023-02-07,GB,paid_social,consumer
C008189,2023-02-07,DE,organic,consumer
C008190,2023-02-07,GB,paid_search,small_business
C008191,2023-02-07,US,organic,consumer
C008192,2023-02-07,US,paid_search,consumer
C008193,2023-02-07,AU,paid_search,enterprise
C008194,2023-02-07,DE,affiliate,consumer
C008195,2023-02-07,US,paid_social,consumer
C008196,2023-02-07,CA,organic,small_business
C008197,2023-02-07,AU,paid_social,consumer
C008198,2023-02-07,US,paid_search,consumer
C008199,2023-02-07,US,organic,consumer
C008200,2023-02-07,CA,paid_social,consumer
C008201,2023-02-07,US,organic,consumer
C008202,2023-02-07,CA,organic,consumer
C008203,2023-02-07,GB,paid_search,consumer
C008204,2023-02-07,CA,paid_search,small_business
C008205,2023-02-07,US,paid_search,consumer
C008206,2023-02-07,AU,paid_search,consumer
C008207,2023-02-07,CA,referral,consumer
C008208,2023-02-07,US,referral,consumer
C008209,2023-02-07,CA,paid_social,enterprise
C008210,2023-02-07,US,organic,enterprise
C008211,2023-02-07,CA,paid_search,consumer
C008212,2023-02-07,CA,referral,consumer
C008213,2023-02-07,US,paid_search,consumer
C008214,2023-02-07,US,paid_social,consumer
C008215,2023-02-07,US,paid_social,consumer
C008216,2023-02-07,US,paid_social,consumer
C008217,2023-02-07,GB,organic,consumer
C008218,2023-02-07,US,paid_search,consumer
C008219,2023-02-07,US,paid_social,small_business
C008220,2023-02-07,US,paid_social,consumer
C008221,2023-02-07,US,affiliate,consumer
C008222,2023-02-07,US,paid_social,consumer
C008223,2023-02-07,US,organic,consumer
C008224,2023-02-07,US,referral,consumer
C008225,2023-02-07,US,paid_search,consumer
C008226,2023-02-07,US,paid_search,consumer
C008227,2023-02-07,AU,paid_search,small_business
C008228,2023-02-07,US,organic,small_business
C008229,2023-02-07,US,paid_social,consumer
C008230,2023-02-07,CA,affiliate,consumer
C008231,2023-02-07,US,organic,consumer
C008232,2023-02-07,US,paid_search,consumer
C008233,2023-02-07,US,affiliate,consumer
C008234,2023-02-07,US,organic,consumer
C008235,2023-02-07,US,paid_search,consumer
C008236,2023-02-07,DE,affiliate,consumer
C008237,2023-02-07,US,organic,consumer
C008238,2023-02-07,GB,paid_search,small_business
C008239,2023-02-07,US,paid_search,consumer
C008240,2023-02-07,US,organic,consumer
C008241,2023-02-07,US,paid_search,consumer
C008242,2023-02-07,US,paid_social,consumer
C008243,2023-02-07,GB,organic,small_business
C008244,2023-02-07,GB,paid_search,consumer
C008245,2023-02-07,CA,organic,consumer
C008246,2023-02-07,CA,organic,consumer
C008247,2023-02-07,US,paid_social,consumer
C008248,2023-02-07,US,paid_social,consumer
C008249,2023-02-07,US,organic,consumer
C008250,2023-02-07,AU,paid_social,consumer
C008251,2023-02-07,GB,organic,consumer
C008252,2023-02-07,AU,paid_search,consumer
C008253,2023-02-07,US,paid_search,consumer
C008254,2023-02-07,US,organic,consumer
C008255,2023-02-07,US,affiliate,small_business
C008256,2023-02-07,US,organic,consumer
C008257,2023-02-07,DE,paid_social,consumer
C008258,2023-02-07,US,organic,consumer
C008259,2023-02-07,GB,paid_search,consumer
C008260,2023-02-07,AU,organic,consumer
C008261,2023-02-07,US,paid_search,consumer
C008262,2023-02-07,AU,organic,consumer
C008263,2023-02-07,US,organic,consumer
C008264,2023-02-07,DE,referral,consumer
C008265,2023-02-07,AU,organic,consumer
C008266,2023-02-07,US,affiliate,consumer
C008267,2023-02-07,GB,organic,consumer
C008268,2023-02-07,US,organic,small_business
C008269,2023-02-07,CA,organic,consumer
C008270,2023-02-07,US,affiliate,consumer
C008271,2023-02-07,US,paid_search,small_business
C008272,2023-02-07,US,paid_search,consumer
C008273,2023-02-07,DE,paid_search,consumer
C008274,2023-02-07,AU,paid_search,consumer
C008275,2023-02-07,AU,paid_social,consumer
C008276,2023-02-07,AU,organic,consumer
C008277,2023-02-07,US,paid_search,consumer
C008278,2023-02-07,US,organic,consumer
C008279,2023-02-07,DE,affiliate,consumer
C008280,2023-02-07,US,referral,consumer
C008281,2023-02-07,US,organic,small_business
C008282,2023-02-07,US,paid_search,consumer
C008283,2023-02-07,US,organic,consumer
C008284,2023-02-07,US,affiliate,consumer
C008285,2023-02-07,DE,organic,consumer
C008286,2023-02-07,US,paid_search,consumer
C008287,2023-02-07,US,paid_search,consumer
C008288,2023-02-07,US,paid_social,consumer
C008289,2023-02-07,CA,affiliate,consumer
C008290,2023-02-07,US,affiliate,consumer
C008291,2023-02-07,US,referral,consumer
C008292,2023-02-07,US,affiliate,consumer
C008293,2023-02-07,US,paid_social,consumer
C008294,2023-02-07,GB,organic,consumer
C008295,2023-02-07,US,organic,consumer
C008296,2023-02-07,DE,paid_search,consumer
C008297,2023-02-07,GB,organic,consumer
C008298,2023-02-07,US,paid_search,small_business
C008299,2023-02-07,AU,organic,consumer
C008300,2023-02-07,US,organic,consumer
C008301,2023-02-07,US,organic,consumer
C008302,2023-02-07,US,paid_search,consumer
C008303,2023-02-07,GB,organic,consumer
C008304,2023-02-07,US,paid_social,consumer
C008305,2023-02-07,DE,paid_search,consumer
C008306,2023-02-07,US,referral,consumer
C008307,2023-02-07,US,referral,consumer
C008308,2023-02-07,GB,paid_search,consumer
C008309,2023-02-07,GB,organic,consumer
C008310,2023-02-07,DE,paid_social,consumer
C008311,2023-02-07,DE,organic,small_business
C008312,2023-02-07,US,paid_search,consumer
C008313,2023-02-07,GB,paid_search,consumer
C008314,2023-02-07,US,referral,consumer
C008315,2023-02-07,CA,paid_social,consumer
C008316,2023-02-07,AU,paid_social,consumer
C008317,2023-02-07,US,paid_search,consumer
C008318,2023-02-07,GB,paid_search,consumer
C008319,2023-02-07,CA,affiliate,small_business
C008320,2023-02-07,CA,paid_social,consumer
C008321,2023-02-07,DE,organic,consumer
C008322,2023-02-07,CA,referral,consumer
C008323,2023-02-07,GB,paid_search,consumer
C008324,2023-02-07,US,paid_social,consumer
C008325,2023-02-07,US,paid_search,consumer
C008326,2023-02-07,US,organic,consumer
C008327,2023-02-07,AU,affiliate,consumer
C008328,2023-02-07,GB,paid_social,consumer
C008329,2023-02-07,US,paid_search,consumer
C008330,2023-02-07,US,organic,enterprise
C008331,2023-02-07,US,paid_search,consumer
C008332,2023-02-07,US,referral,consumer
C008333,2023-02-07,CA,organic,consumer
C008334,2023-02-07,US,paid_search,consumer
C008335,2023-02-07,US,paid_search,consumer
C008336,2023-02-07,US,affiliate,consumer
C008337,2023-02-07,US,paid_search,consumer
C008338,2023-02-07,US,paid_social,consumer
C008339,2023-02-07,US,paid_social,consumer
C008340,2023-02-07,US,organic,consumer
C008341,2023-02-07,US,organic,small_business
C008342,2023-02-07,CA,paid_search,consumer
C008343,2023-02-07,US,paid_social,consumer
C008344,2023-02-07,US,paid_social,consumer
C008345,2023-02-07,US,organic,consumer
C008346,2023-02-07,US,referral,consumer
C008347,2023-02-07,CA,referral,consumer
C008348,2023-02-07,US,organic,consumer
C008349,2023-02-07,CA,affiliate,consumer
C008350,2023-02-07,US,affiliate,consumer
C008351,2023-02-07,US,paid_social,consumer
C008352,2023-02-07,US,paid_search,consumer
C008353,2023-02-08,US,paid_social,consumer
C008354,2023-02-08,US,paid_social,consumer
C008355,2023-02-08,DE,referral,consumer
C008356,2023-02-08,US,organic,consumer
C008357,2023-02-08,CA,organic,consumer
C008358,2023-02-08,CA,organic,consumer
C008359,2023-02-08,AU,organic,small_business
C008360,2023-02-08,US,organic,consumer
C008361,2023-02-08,US,paid_social,consumer
C008362,2023-02-08,US,paid_social,small_business
C008363,2023-02-08,US,paid_search,consumer
C008364,2023-02-08,DE,organic,consumer
C008365,2023-02-08,US,referral,consumer
C008366,2023-02-08,US,paid_social,small_business
C008367,2023-02-08,AU,referral,small_business
C008368,2023-02-08,DE,paid_social,consumer
C008369,2023-02-08,CA,paid_search,consumer
C008370,2023-02-08,GB,paid_search,consumer
C008371,2023-02-08,DE,paid_search,consumer
C008372,2023-02-08,CA,organic,small_business
C008373,2023-02-08,US,organic,small_business
C008374,2023-02-08,US,paid_search,consumer
C008375,2023-02-08,US,organic,consumer
C008376,2023-02-08,US,referral,consumer
C008377,2023-02-08,CA,organic,consumer
C008378,2023-02-08,US,paid_social,consumer
C008379,2023-02-08,US,paid_search,consumer
C008380,2023-02-08,CA,referral,small_business
C008381,2023-02-08,US,paid_social,consumer
C008382,2023-02-08,US,paid_social,small_business
C008383,2023-02-08,US,organic,consumer
C008384,2023-02-08,US,organic,enterprise
C008385,2023-02-08,CA,affiliate,consumer
C008386,2023-02-08,US,paid_social,consumer
C008387,2023-02-08,US,organic,consumer
C008388,2023-02-08,GB,referral,consumer
C008389,2023-02-08,US,paid_search,consumer
C008390,2023-02-08,US,paid_social,small_business
C008391,2023-02-08,CA,affiliate,consumer
C008392,2023-02-08,DE,paid_social,consumer
C008393,2023-02-08,US,affiliate,consumer
C008394,2023-02-08,US,paid_social,consumer
C008395,2023-02-08,GB,organic,consumer
C008396,2023-02-08,GB,paid_search,consumer
C008397,2023-02-08,US,paid_search,consumer
C008398,2023-02-08,US,paid_social,consumer
C008399,2023-02-08,US,affiliate,consumer
C008400,2023-02-08,US,affiliate,consumer
C008401,2023-02-08,DE,affiliate,small_business
C008402,2023-02-08,US,referral,consumer
C008403,2023-02-08,CA,paid_social,consumer
C008404,2023-02-08,US,referral,consumer
C008405,2023-02-08,US,organic,consumer
C008406,2023-02-08,US,organic,small_business
C008407,2023-02-08,US,referral,consumer
C008408,2023-02-08,GB,paid_search,consumer
C008409,2023-02-08,AU,affiliate,consumer
C008410,2023-02-08,US,organic,consumer
C008411,2023-02-08,GB,organic,small_business
C008412,2023-02-08,US,affiliate,consumer
C008413,2023-02-08,DE,organic,enterprise
C008414,2023-02-08,US,paid_social,consumer
C008415,2023-02-08,US,paid_social,consumer
C008416,2023-02-08,GB,organic,consumer
C008417,2023-02-08,US,organic,consumer
C008418,2023-02-08,US,referral,consumer
C008419,2023-02-08,CA,referral,consumer
C008420,2023-02-08,US,affiliate,consumer
C008421,2023-02-08,US,paid_search,consumer
C008422,2023-02-08,US,paid_social,consumer
C008423,2023-02-08,GB,referral,consumer
C008424,2023-02-08,US,affiliate,consumer
C008425,2023-02-08,DE,paid_search,consumer
C008426,2023-02-08,US,paid_search,consumer
C008427,2023-02-08,US,paid_social,consumer
C008428,2023-02-08,US,paid_search,consumer
C008429,2023-02-08,US,organic,consumer
C008430,2023-02-08,CA,organic,consumer
C008431,2023-02-08,US,affiliate,consumer
C008432,2023-02-08,GB,organic,consumer
C008433,2023-02-08,US,paid_social,enterprise
C008434,2023-02-08,AU,organic,small_business
C008435,2023-02-08,GB,referral,consumer
C008436,2023-02-08,GB,organic,consumer
C008437,2023-02-08,DE,organic,consumer
C008438,2023-02-08,US,paid_search,consumer
C008439,2023-02-08,CA,paid_social,consumer
C008440,2023-02-08,US,referral,consumer
C008441,2023-02-08,US,organic,consumer
C008442,2023-02-08,US,organic,small_business
C008443,2023-02-08,US,organic,consumer
C008444,2023-02-08,US,referral,consumer
C008445,2023-02-08,US,organic,consumer
C008446,2023-02-08,US,organic,consumer
C008447,2023-02-08,US,referral,small_business
C008448,2023-02-08,US,referral,consumer
C008449,2023-02-08,US,paid_search,consumer
C008450,2023-02-08,US,referral,consumer
C008451,2023-02-08,US,organic,consumer
C008452,2023-02-08,US,referral,small_business
C008453,2023-02-08,GB,paid_social,consumer
C008454,2023-02-08,DE,referral,consumer
C008455,2023-02-08,CA,paid_search,enterprise
C008456,2023-02-08,US,organic,consumer
C008457,2023-02-08,AU,referral,small_business
C008458,2023-02-08,US,paid_social,consumer
C008459,2023-02-08,CA,organic,consumer
C008460,2023-02-08,US,organic,consumer
C008461,2023-02-08,US,organic,consumer
C008462,2023-02-08,US,referral,consumer
C008463,2023-02-08,US,referral,consumer
C008464,2023-02-08,US,organic,consumer
C008465,2023-02-08,AU,paid_search,consumer
C008466,2023-02-08,CA,paid_search,consumer
C008467,2023-02-08,US,paid_search,consumer
C008468,2023-02-08,CA,organic,consumer
C008469,2023-02-08,US,organic,consumer
C008470,2023-02-08,DE,organic,consumer
C008471,2023-02-08,US,paid_social,consumer
C008472,2023-02-08,US,organic,consumer
C008473,2023-02-08,CA,paid_search,consumer
C008474,2023-02-08,US,referral,small_business
C008475,2023-02-08,CA,referral,consumer
C008476,2023-02-08,US,paid_social,consumer
C008477,2023-02-08,US,referral,consumer
C008478,2023-02-08,US,paid_social,consumer
C008479,2023-02-08,US,organic,consumer
C008480,2023-02-08,US,affiliate,small_business
C008481,2023-02-08,US,organic,small_business
C008482,2023-02-08,AU,organic,consumer
C008483,2023-02-08,US,affiliate,consumer
C008484,2023-02-08,US,organic,consumer
C008485,2023-02-08,US,organic,consumer
C008486,2023-02-08,GB,referral,consumer
C008487,2023-02-08,US,paid_social,consumer
C008488,2023-02-08,CA,organic,consumer
C008489,2023-02-08,US,paid_search,consumer
C008490,2023-02-08,AU,paid_search,consumer
C008491,2023-02-08,CA,organic,small_business
C008492,2023-02-08,DE,affiliate,consumer
C008493,2023-02-08,US,affiliate,small_business
C008494,2023-02-08,CA,organic,consumer
C008495,2023-02-08,US,paid_social,consumer
C008496,2023-02-08,US,paid_search,consumer
C008497,2023-02-08,US,organic,consumer
C008498,2023-02-08,US,paid_search,consumer
C008499,2023-02-08,US,paid_search,consumer
C008500,2023-02-08,US,organic,consumer
C008501,2023-02-08,US,organic,consumer
C008502,2023-02-08,DE,organic,small_business
C008503,2023-02-08,CA,organic,consumer
C008504,2023-02-08,AU,organic,consumer
C008505,2023-02-08,US,referral,consumer
C008506,2023-02-08,GB,paid_search,consumer
C008507,2023-02-08,US,paid_search,consumer
C008508,2023-02-08,GB,paid_social,consumer
C008509,2023-02-08,US,referral,consumer
C008510,2023-02-08,US,paid_search,small_business
C008511,2023-02-08,US,paid_search,consumer
C008512,2023-02-08,GB,paid_social,consumer
C008513,2023-02-08,US,paid_social,small_business
C008514,2023-02-08,AU,organic,small_business
C008515,2023-02-08,US,referral,consumer
C008516,2023-02-08,US,paid_social,consumer
C008517,2023-02-08,DE,affiliate,consumer
C008518,2023-02-08,US,paid_social,enterprise
C008519,2023-02-08,US,referral,small_business
C008520,2023-02-08,AU,paid_search,consumer
C008521,2023-02-08,US,paid_social,consumer
C008522,2023-02-08,US,paid_social,enterprise
C008523,2023-02-08,DE,paid_social,consumer
C008524,2023-02-08,US,referral,consumer
C008525,2023-02-08,US,paid_search,consumer
C008526,2023-02-08,US,organic,consumer
C008527,2023-02-08,US,paid_social,consumer
C008528,2023-02-08,US,referral,enterprise
C008529,2023-02-08,US,paid_social,consumer
C008530,2023-02-08,US,affiliate,enterprise
C008531,2023-02-08,US,paid_search,consumer
C008532,2023-02-08,AU,paid_social,consumer
C008533,2023-02-08,US,organic,consumer
C008534,2023-02-08,US,paid_social,small_business
C008535,2023-02-08,US,organic,small_business
C008536,2023-02-08,US,paid_social,consumer
C008537,2023-02-08,US,paid_search,consumer
C008538,2023-02-08,CA,affiliate,consumer
C008539,2023-02-08,US,paid_social,consumer
C008540,2023-02-08,US,referral,consumer
C008541,2023-02-08,US,affiliate,consumer
C008542,2023-02-08,US,organic,consumer
C008543,2023-02-08,AU,paid_search,consumer
C008544,2023-02-08,US,organic,consumer
C008545,2023-02-08,CA,organic,consumer
C008546,2023-02-08,DE,organic,consumer
C008547,2023-02-08,US,affiliate,consumer
C008548,2023-02-08,GB,affiliate,consumer
C008549,2023-02-08,AU,organic,consumer
C008550,2023-02-08,DE,paid_search,consumer
C008551,2023-02-08,US,paid_search,consumer
C008552,2023-02-08,AU,organic,consumer
C008553,2023-02-08,CA,organic,small_business
C008554,2023-02-08,US,organic,consumer
C008555,2023-02-08,US,paid_search,consumer
C008556,2023-02-08,US,organic,consumer
C008557,2023-02-08,GB,paid_social,consumer
C008558,2023-02-08,AU,referral,consumer
C008559,2023-02-08,AU,organic,small_business
C008560,2023-02-08,US,organic,small_business
C008561,2023-02-08,US,referral,consumer
C008562,2023-02-08,US,affiliate,consumer
C008563,2023-02-08,US,organic,consumer
C008564,2023-02-08,DE,organic,consumer
C008565,2023-02-08,US,affiliate,consumer
C008566,2023-02-08,US,referral,consumer
C008567,2023-02-08,US,organic,small_business
C008568,2023-02-08,DE,paid_social,consumer
C008569,2023-02-08,US,paid_social,consumer
C008570,2023-02-08,DE,organic,consumer
C008571,2023-02-08,GB,organic,consumer
C008572,2023-02-08,AU,organic,consumer
C008573,2023-02-09,US,organic,small_business
C008574,2023-02-09,US,paid_search,consumer
C008575,2023-02-09,GB,paid_search,consumer
C008576,2023-02-09,DE,organic,consumer
C008577,2023-02-09,US,organic,consumer
C008578,2023-02-09,US,organic,consumer
C008579,2023-02-09,US,referral,consumer
C008580,2023-02-09,AU,referral,small_business
C008581,2023-02-09,GB,paid_social,consumer
C008582,2023-02-09,US,organic,consumer
C008583,2023-02-09,US,paid_search,consumer
C008584,2023-02-09,US,affiliate,consumer
C008585,2023-02-09,DE,organic,consumer
C008586,2023-02-09,CA,organic,consumer
C008587,2023-02-09,US,organic,consumer
C008588,2023-02-09,GB,affiliate,enterprise
C008589,2023-02-09,AU,paid_social,consumer
C008590,2023-02-09,CA,affiliate,consumer
C008591,2023-02-09,US,affiliate,consumer
C008592,2023-02-09,US,referral,consumer
C008593,2023-02-09,US,paid_social,small_business
C008594,2023-02-09,US,referral,small_business
C008595,2023-02-09,GB,referral,consumer
C008596,2023-02-09,US,affiliate,consumer
C008597,2023-02-09,US,paid_search,consumer
C008598,2023-02-09,GB,affiliate,consumer
C008599,2023-02-09,US,organic,consumer
C008600,2023-02-09,US,paid_search,consumer
C008601,2023-02-09,US,paid_social,consumer
C008602,2023-02-09,US,organic,consumer
C008603,2023-02-09,GB,paid_search,consumer
C008604,2023-02-09,US,paid_search,consumer
C008605,2023-02-09,US,affiliate,consumer
C008606,2023-02-09,US,affiliate,consumer
C008607,2023-02-09,AU,referral,consumer
C008608,2023-02-09,US,organic,consumer
C008609,2023-02-09,CA,organic,consumer
C008610,2023-02-09,US,referral,consumer
C008611,2023-02-09,US,referral,consumer
C008612,2023-02-09,AU,affiliate,consumer
C008613,2023-02-09,US,organic,consumer
C008614,2023-02-09,US,paid_social,small_business
C008615,2023-02-09,US,affiliate,consumer
C008616,2023-02-09,AU,affiliate,consumer
C008617,2023-02-09,US,paid_search,consumer
C008618,2023-02-09,US,paid_social,consumer
C008619,2023-02-09,US,organic,consumer
C008620,2023-02-09,US,paid_search,consumer
C008621,2023-02-09,US,paid_social,consumer
C008622,2023-02-09,GB,affiliate,consumer
C008623,2023-02-09,US,referral,consumer
C008624,2023-02-09,US,organic,small_business
C008625,2023-02-09,US,organic,consumer
C008626,2023-02-09,US,paid_search,consumer
C008627,2023-02-09,US,affiliate,consumer
C008628,2023-02-09,AU,organic,consumer
C008629,2023-02-09,US,paid_social,small_business
C008630,2023-02-09,US,paid_search,consumer
C008631,2023-02-09,US,organic,consumer
C008632,2023-02-09,CA,paid_search,consumer
C008633,2023-02-09,US,organic,consumer
C008634,2023-02-09,CA,paid_search,consumer
C008635,2023-02-09,US,paid_social,consumer
C008636,2023-02-09,GB,organic,consumer
C008637,2023-02-09,GB,affiliate,consumer
C008638,2023-02-09,US,affiliate,consumer
C008639,2023-02-09,US,organic,consumer
C008640,2023-02-09,GB,affiliate,consumer
C008641,2023-02-09,US,organic,consumer
C008642,2023-02-09,GB,organic,consumer
C008643,2023-02-09,US,paid_social,consumer
C008644,2023-02-09,US,affiliate,consumer
C008645,2023-02-09,AU,paid_search,consumer
C008646,2023-02-09,US,organic,small_business
C008647,2023-02-09,DE,paid_search,small_business
C008648,2023-02-09,AU,affiliate,small_business
C008649,2023-02-09,US,paid_social,consumer
C008650,2023-02-09,US,paid_social,consumer
C008651,2023-02-09,US,organic,consumer
C008652,2023-02-09,US,organic,enterprise
C008653,2023-02-09,US,paid_search,small_business
C008654,2023-02-09,US,paid_search,enterprise
C008655,2023-02-09,CA,paid_search,consumer
C008656,2023-02-09,US,organic,consumer
C008657,2023-02-09,US,paid_search,consumer
C008658,2023-02-09,US,organic,consumer
C008659,2023-02-09,US,organic,consumer
C008660,2023-02-09,DE,organic,consumer
C008661,2023-02-09,US,paid_social,consumer
C008662,2023-02-09,US,affiliate,small_business
C008663,2023-02-09,CA,organic,small_business
C008664,2023-02-09,US,organic,consumer
C008665,2023-02-09,DE,paid_social,consumer
C008666,2023-02-09,GB,organic,consumer
C008667,2023-02-09,US,paid_search,consumer
C008668,2023-02-09,US,organic,consumer
C008669,2023-02-09,US,organic,consumer
C008670,2023-02-09,US,paid_search,small_business
C008671,2023-02-09,AU,organic,consumer
C008672,2023-02-09,US,referral,small_business
C008673,2023-02-09,US,paid_social,consumer
C008674,2023-02-09,DE,paid_search,consumer
C008675,2023-02-09,US,organic,consumer
C008676,2023-02-09,AU,referral,consumer
C008677,2023-02-09,US,paid_search,small_business
C008678,2023-02-09,US,paid_social,enterprise
C008679,2023-02-09,US,paid_social,consumer
C008680,2023-02-09,CA,referral,consumer
C008681,2023-02-09,AU,organic,consumer
C008682,2023-02-09,AU,paid_search,consumer
C008683,2023-02-09,US,organic,consumer
C008684,2023-02-09,US,organic,consumer
C008685,2023-02-09,US,organic,consumer
C008686,2023-02-09,US,affiliate,small_business
C008687,2023-02-09,AU,paid_social,consumer
C008688,2023-02-09,US,paid_search,consumer
C008689,2023-02-09,US,organic,consumer
C008690,2023-02-09,GB,paid_social,consumer
C008691,2023-02-09,US,organic,consumer
C008692,2023-02-09,US,organic,consumer
C008693,2023-02-09,DE,affiliate,consumer
C008694,2023-02-09,US,paid_social,consumer
C008695,2023-02-09,US,referral,consumer
C008696,2023-02-09,GB,organic,consumer
C008697,2023-02-09,US,referral,small_business
C008698,2023-02-09,US,referral,consumer
C008699,2023-02-09,US,organic,small_business
C008700,2023-02-09,US,organic,consumer
C008701,2023-02-09,US,paid_search,small_business
C008702,2023-02-09,AU,affiliate,consumer
C008703,2023-02-09,US,paid_search,consumer
C008704,2023-02-09,US,paid_search,consumer
C008705,2023-02-09,US,paid_social,small_business
C008706,2023-02-09,US,paid_social,consumer
C008707,2023-02-09,US,organic,consumer
C008708,2023-02-09,US,paid_social,small_business
C008709,2023-02-09,CA,paid_search,consumer
C008710,2023-02-09,US,paid_social,consumer
C008711,2023-02-09,GB,paid_social,small_business
C008712,2023-02-09,CA,organic,small_business
C008713,2023-02-09,US,organic,small_business
C008714,2023-02-09,US,organic,consumer
C008715,2023-02-09,US,referral,consumer
C008716,2023-02-09,US,paid_social,consumer
C008717,2023-02-09,US,paid_social,enterprise
C008718,2023-02-09,US,referral,consumer
C008719,2023-02-09,US,referral,consumer
C008720,2023-02-09,US,organic,consumer
C008721,2023-02-09,US,organic,consumer
C008722,2023-02-09,US,organic,consumer
C008723,2023-02-09,US,organic,consumer
C008724,2023-02-09,US,referral,consumer
C008725,2023-02-09,US,referral,consumer
C008726,2023-02-09,US,organic,consumer
C008727,2023-02-09,US,paid_social,consumer
C008728,2023-02-09,US,affiliate,consumer
C008729,2023-02-09,CA,affiliate,small_business
C008730,2023-02-09,AU,organic,consumer
C008731,2023-02-09,US,paid_search,consumer
C008732,2023-02-09,US,referral,consumer
C008733,2023-02-09,DE,paid_social,small_business
C008734,2023-02-09,AU,affiliate,consumer
C008735,2023-02-09,AU,paid_search,consumer
C008736,2023-02-09,US,referral,small_business
C008737,2023-02-09,US,affiliate,consumer
C008738,2023-02-09,CA,paid_search,consumer
C008739,2023-02-09,US,paid_search,consumer
C008740,2023-02-09,US,organic,consumer
C008741,2023-02-09,GB,paid_social,consumer
C008742,2023-02-09,US,paid_search,consumer
C008743,2023-02-09,GB,paid_social,consumer
C008744,2023-02-09,US,paid_search,consumer
C008745,2023-02-09,US,organic,consumer
C008746,2023-02-09,US,referral,consumer
C008747,2023-02-09,US,organic,small_business
C008748,2023-02-09,US,affiliate,consumer
C008749,2023-02-09,US,referral,consumer
C008750,2023-02-09,CA,affiliate,consumer
C008751,2023-02-09,AU,paid_social,consumer
C008752,2023-02-09,AU,paid_social,consumer
C008753,2023-02-09,DE,organic,enterprise
C008754,2023-02-09,US,paid_search,consumer
C008755,2023-02-09,GB,affiliate,consumer
C008756,2023-02-09,US,paid_search,consumer
C008757,2023-02-09,US,organic,small_business
C008758,2023-02-09,DE,affiliate,consumer
C008759,2023-02-09,US,organic,small_business
C008760,2023-02-09,CA,paid_search,consumer
C008761,2023-02-09,US,organic,consumer
C008762,2023-02-09,US,paid_social,consumer
C008763,2023-02-09,US,paid_social,consumer
C008764,2023-02-09,US,paid_social,consumer
C008765,2023-02-09,US,paid_search,small_business
C008766,2023-02-09,US,affiliate,consumer
C008767,2023-02-09,US,affiliate,consumer
C008768,2023-02-09,US,paid_search,consumer
C008769,2023-02-09,CA,organic,small_business
C008770,2023-02-09,US,paid_social,consumer
C008771,2023-02-09,US,referral,consumer
C008772,2023-02-09,US,organic,consumer
C008773,2023-02-09,GB,organic,consumer
C008774,2023-02-09,DE,organic,consumer
C008775,2023-02-09,US,paid_social,small_business
C008776,2023-02-09,US,organic,consumer
C008777,2023-02-09,US,affiliate,consumer
C008778,2023-02-09,US,organic,consumer
C008779,2023-02-09,US,organic,consumer
C008780,2023-02-09,GB,paid_search,consumer
C008781,2023-02-09,US,paid_social,consumer
C008782,2023-02-09,AU,paid_social,consumer
C008783,2023-02-09,US,paid_social,small_business
C008784,2023-02-09,US,paid_social,consumer
C008785,2023-02-09,US,paid_search,consumer
C008786,2023-02-09,US,organic,consumer
C008787,2023-02-09,DE,paid_social,consumer
C008788,2023-02-09,AU,paid_search,small_business
C008789,2023-02-09,AU,referral,consumer
C008790,2023-02-09,US,paid_social,small_business
C008791,2023-02-09,US,organic,consumer
C008792,2023-02-09,US,referral,small_business
C008793,2023-02-10,US,referral,consumer
C008794,2023-02-10,US,organic,consumer
C008795,2023-02-10,US,organic,consumer
C008796,2023-02-10,US,paid_search,consumer
C008797,2023-02-10,US,paid_social,consumer
C008798,2023-02-10,US,paid_social,consumer
C008799,2023-02-10,GB,paid_search,small_business
C008800,2023-02-10,US,paid_search,consumer
C008801,2023-02-10,US,organic,consumer
C008802,2023-02-10,US,referral,consumer
C008803,2023-02-10,DE,paid_search,consumer
C008804,2023-02-10,US,referral,consumer
C008805,2023-02-10,US,organic,consumer
C008806,2023-02-10,DE,paid_search,consumer
C008807,2023-02-10,US,organic,consumer
C008808,2023-02-10,US,affiliate,consumer
C008809,2023-02-10,US,paid_social,consumer
C008810,2023-02-10,AU,organic,consumer
C008811,2023-02-10,US,referral,consumer
C008812,2023-02-10,US,affiliate,consumer
C008813,2023-02-10,US,paid_search,consumer
C008814,2023-02-10,DE,referral,enterprise
C008815,2023-02-10,US,organic,consumer
C008816,2023-02-10,US,paid_social,consumer
C008817,2023-02-10,US,paid_search,consumer
C008818,2023-02-10,US,affiliate,small_business
C008819,2023-02-10,US,paid_social,consumer
C008820,2023-02-10,DE,organic,consumer
C008821,2023-02-10,GB,paid_search,consumer
C008822,2023-02-10,US,organic,enterprise
C008823,2023-02-10,US,affiliate,consumer
C008824,2023-02-10,CA,paid_social,consumer
C008825,2023-02-10,US,referral,small_business
C008826,2023-02-10,US,paid_social,enterprise
C008827,2023-02-10,US,organic,consumer
C008828,2023-02-10,US,paid_social,consumer
C008829,2023-02-10,US,paid_search,consumer
C008830,2023-02-10,US,affiliate,consumer
C008831,2023-02-10,GB,organic,small_business
C008832,2023-02-10,DE,organic,consumer
C008833,2023-02-10,US,referral,consumer
C008834,2023-02-10,US,paid_social,consumer
C008835,2023-02-10,US,affiliate,consumer
C008836,2023-02-10,DE,paid_social,small_business
C008837,2023-02-10,AU,affiliate,consumer
C008838,2023-02-10,US,organic,small_business
C008839,2023-02-10,GB,organic,consumer
C008840,2023-02-10,US,paid_social,small_business
C008841,2023-02-10,GB,paid_social,consumer
C008842,2023-02-10,US,paid_social,consumer
C008843,2023-02-10,US,referral,small_business
C008844,2023-02-10,CA,paid_social,consumer
C008845,2023-02-10,US,paid_social,consumer
C008846,2023-02-10,US,organic,consumer
C008847,2023-02-10,US,paid_search,small_business
C008848,2023-02-10,US,paid_social,consumer
C008849,2023-02-10,US,paid_search,small_business
C008850,2023-02-10,GB,referral,consumer
C008851,2023-02-10,US,paid_social,consumer
C008852,2023-02-10,GB,organic,small_business
C008853,2023-02-10,US,paid_search,consumer
C008854,2023-02-10,US,paid_search,consumer
C008855,2023-02-10,US,referral,consumer
C008856,2023-02-10,US,paid_search,consumer
C008857,2023-02-10,US,affiliate,consumer
C008858,2023-02-10,AU,paid_search,consumer
C008859,2023-02-10,US,affiliate,consumer
C008860,2023-02-10,CA,referral,small_business
C008861,2023-02-10,US,organic,consumer
C008862,2023-02-10,US,paid_social,consumer
C008863,2023-02-10,US,referral,small_business
C008864,2023-02-10,GB,paid_search,consumer
C008865,2023-02-10,CA,paid_social,consumer
C008866,2023-02-10,US,referral,consumer
C008867,2023-02-10,US,paid_social,consumer
C008868,2023-02-10,US,organic,consumer
C008869,2023-02-10,GB,organic,consumer
C008870,2023-02-10,US,organic,enterprise
C008871,2023-02-10,DE,paid_search,consumer
C008872,2023-02-10,US,organic,consumer
C008873,2023-02-10,DE,referral,consumer
C008874,2023-02-10,US,organic,small_business
C008875,2023-02-10,US,paid_social,consumer
C008876,2023-02-10,AU,organic,enterprise
C008877,2023-02-10,US,organic,consumer
C008878,2023-02-10,AU,paid_search,consumer
C008879,2023-02-10,US,affiliate,consumer
C008880,2023-02-10,US,paid_social,consumer
C008881,2023-02-10,CA,organic,consumer
C008882,2023-02-10,US,paid_search,consumer
C008883,2023-02-10,US,referral,consumer
C008884,2023-02-10,DE,referral,consumer
C008885,2023-02-10,US,affiliate,consumer
C008886,2023-02-10,AU,organic,consumer
C008887,2023-02-10,DE,organic,consumer
C008888,2023-02-10,DE,paid_search,consumer
C008889,2023-02-10,US,organic,consumer
C008890,2023-02-10,DE,affiliate,consumer
C008891,2023-02-10,US,organic,consumer
C008892,2023-02-10,AU,organic,consumer
C008893,2023-02-10,US,paid_search,consumer
C008894,2023-02-10,US,paid_social,small_business
C008895,2023-02-10,US,paid_search,consumer
C008896,2023-02-10,DE,referral,consumer
C008897,2023-02-10,US,organic,consumer
C008898,2023-02-10,GB,paid_search,consumer
C008899,2023-02-10,AU,organic,consumer
C008900,2023-02-10,CA,organic,consumer
C008901,2023-02-10,GB,paid_search,small_business
C008902,2023-02-10,US,paid_social,consumer
C008903,2023-02-10,CA,organic,consumer
C008904,2023-02-10,US,paid_social,consumer
C008905,2023-02-10,US,affiliate,consumer
C008906,2023-02-10,US,paid_search,consumer
C008907,2023-02-10,US,organic,consumer
C008908,2023-02-10,CA,organic,consumer
C008909,2023-02-10,US,organic,small_business
C008910,2023-02-10,US,paid_search,consumer
C008911,2023-02-10,GB,referral,consumer
C008912,2023-02-10,US,paid_search,enterprise
C008913,2023-02-10,DE,referral,consumer
C008914,2023-02-10,GB,organic,consumer
C008915,2023-02-10,US,affiliate,consumer
C008916,2023-02-10,US,paid_search,consumer
C008917,2023-02-10,US,affiliate,small_business
C008918,2023-02-10,US,paid_search,consumer
C008919,2023-02-10,DE,paid_search,consumer
C008920,2023-02-10,AU,organic,consumer
C008921,2023-02-10,US,paid_search,consumer
C008922,2023-02-10,AU,paid_social,small_business
C008923,2023-02-10,US,affiliate,small_business
C008924,2023-02-10,US,organic,small_business
C008925,2023-02-10,US,organic,consumer
C008926,2023-02-10,US,paid_search,consumer
C008927,2023-02-10,US,affiliate,consumer
C008928,2023-02-10,US,affiliate,consumer
C008929,2023-02-10,US,paid_search,small_business
C008930,2023-02-10,US,organic,consumer
C008931,2023-02-10,US,referral,consumer
C008932,2023-02-10,GB,referral,consumer
C008933,2023-02-10,US,affiliate,consumer
C008934,2023-02-10,DE,paid_social,small_business
C008935,2023-02-10,US,organic,consumer
C008936,2023-02-10,GB,paid_search,small_business
C008937,2023-02-10,US,referral,consumer
C008938,2023-02-10,GB,paid_social,consumer
C008939,2023-02-10,US,organic,small_business
C008940,2023-02-10,CA,referral,consumer
C008941,2023-02-10,US,organic,consumer
C008942,2023-02-10,US,referral,consumer
C008943,2023-02-10,US,paid_social,consumer
C008944,2023-02-10,US,organic,consumer
C008945,2023-02-10,US,referral,consumer
C008946,2023-02-10,US,affiliate,small_business
C008947,2023-02-10,DE,paid_search,small_business
C008948,2023-02-10,US,organic,consumer
C008949,2023-02-10,DE,organic,small_business
C008950,2023-02-10,US,referral,consumer
C008951,2023-02-10,GB,paid_social,consumer
C008952,2023-02-10,AU,paid_search,small_business
C008953,2023-02-10,DE,paid_social,consumer
C008954,2023-02-10,US,organic,consumer
C008955,2023-02-10,US,referral,consumer
C008956,2023-02-10,GB,organic,consumer
C008957,2023-02-10,US,affiliate,consumer
C008958,2023-02-10,AU,affiliate,consumer
C008959,2023-02-10,DE,paid_social,consumer
C008960,2023-02-10,CA,referral,small_business
C008961,2023-02-10,DE,paid_search,consumer
C008962,2023-02-10,US,paid_social,consumer
C008963,2023-02-10,US,organic,consumer
C008964,2023-02-10,US,paid_search,consumer
C008965,2023-02-10,GB,organic,consumer
C008966,2023-02-10,DE,paid_search,consumer
C008967,2023-02-10,AU,paid_social,consumer
C008968,2023-02-10,DE,paid_social,consumer
C008969,2023-02-10,AU,paid_search,consumer
C008970,2023-02-10,US,organic,consumer
C008971,2023-02-10,DE,referral,consumer
C008972,2023-02-10,GB,paid_search,consumer
C008973,2023-02-10,DE,paid_search,consumer
C008974,2023-02-10,AU,organic,consumer
C008975,2023-02-10,GB,paid_search,consumer
C008976,2023-02-10,CA,paid_social,consumer
C008977,2023-02-10,CA,organic,consumer
C008978,2023-02-10,US,paid_social,consumer
C008979,2023-02-10,US,paid_social,consumer
C008980,2023-02-10,CA,affiliate,consumer
C008981,2023-02-10,US,paid_search,consumer
C008982,2023-02-10,DE,paid_search,consumer
C008983,2023-02-10,GB,paid_search,small_business
C008984,2023-02-10,US,affiliate,consumer
C008985,2023-02-10,CA,organic,consumer
C008986,2023-02-10,US,organic,consumer
C008987,2023-02-10,US,paid_search,small_business
C008988,2023-02-10,AU,paid_search,consumer
C008989,2023-02-10,US,organic,consumer
C008990,2023-02-10,US,paid_social,consumer
C008991,2023-02-10,US,referral,consumer
C008992,2023-02-10,US,paid_search,consumer
C008993,2023-02-10,US,referral,consumer
C008994,2023-02-10,US,referral,consumer
C008995,2023-02-10,US,organic,consumer
C008996,2023-02-10,US,organic,consumer
C008997,2023-02-10,US,organic,consumer
C008998,2023-02-10,US,organic,consumer
C008999,2023-02-10,AU,organic,consumer
C009000,2023-02-10,GB,affiliate,consumer
C009001,2023-02-10,US,organic,small_business
C009002,2023-02-10,US,paid_search,small_business
C009003,2023-02-10,US,organic,small_business
C009004,2023-02-10,US,affiliate,small_business
C009005,2023-02-10,US,paid_social,consumer
C009006,2023-02-10,US,affiliate,consumer
C009007,2023-02-10,US,paid_search,consumer
C009008,2023-02-10,US,paid_search,consumer
C009009,2023-02-10,US,paid_search,consumer
C009010,2023-02-10,US,paid_social,consumer
C009011,2023-02-10,GB,affiliate,consumer
C009012,2023-02-11,GB,organic,consumer
C009013,2023-02-11,US,referral,consumer
C009014,2023-02-11,US,organic,enterprise
C009015,2023-02-11,DE,referral,small_business
C009016,2023-02-11,US,organic,consumer
C009017,2023-02-11,US,paid_search,consumer
C009018,2023-02-11,US,affiliate,consumer
C009019,2023-02-11,US,organic,consumer
C009020,2023-02-11,US,paid_search,consumer
C009021,2023-02-11,US,organic,consumer
C009022,2023-02-11,US,paid_social,consumer
C009023,2023-02-11,US,affiliate,consumer
C009024,2023-02-11,US,organic,consumer
C009025,2023-02-11,GB,organic,small_business
C009026,2023-02-11,US,paid_search,small_business
C009027,2023-02-11,US,organic,consumer
C009028,2023-02-11,US,organic,consumer
C009029,2023-02-11,US,referral,consumer
C009030,2023-02-11,GB,organic,consumer
C009031,2023-02-11,US,paid_search,consumer
C009032,2023-02-11,US,referral,consumer
C009033,2023-02-11,CA,paid_social,consumer
C009034,2023-02-11,US,organic,consumer
C009035,2023-02-11,US,paid_search,consumer
C009036,2023-02-11,US,referral,consumer
C009037,2023-02-11,US,referral,consumer
C009038,2023-02-11,GB,referral,consumer
C009039,2023-02-11,AU,paid_search,small_business
C009040,2023-02-11,US,paid_social,consumer
C009041,2023-02-11,US,paid_search,consumer
C009042,2023-02-11,AU,organic,consumer
C009043,2023-02-11,GB,paid_social,consumer
C009044,2023-02-11,CA,affiliate,consumer
C009045,2023-02-11,US,paid_search,consumer
C009046,2023-02-11,US,organic,consumer
C009047,2023-02-11,US,organic,consumer
C009048,2023-02-11,GB,paid_search,small_business
C009049,2023-02-11,CA,affiliate,consumer
C009050,2023-02-11,AU,paid_search,consumer
C009051,2023-02-11,US,organic,consumer
C009052,2023-02-11,US,organic,small_business
C009053,2023-02-11,GB,organic,consumer
C009054,2023-02-11,US,referral,small_business
C009055,2023-02-11,US,paid_social,small_business
C009056,2023-02-11,US,paid_search,consumer
C009057,2023-02-11,US,organic,consumer
C009058,2023-02-11,CA,organic,consumer
C009059,2023-02-11,US,organic,consumer
C009060,2023-02-11,US,organic,consumer
C009061,2023-02-11,US,paid_social,consumer
C009062,2023-02-11,AU,affiliate,consumer
C009063,2023-02-11,GB,paid_search,consumer
C009064,2023-02-11,US,organic,consumer
C009065,2023-02-11,US,organic,consumer
C009066,2023-02-11,US,referral,consumer
C009067,2023-02-11,CA,paid_social,consumer
C009068,2023-02-11,US,paid_search,enterprise
C009069,2023-02-11,US,paid_search,consumer
C009070,2023-02-11,GB,paid_social,consumer
C009071,2023-02-11,US,paid_social,consumer
C009072,2023-02-11,US,organic,consumer
C009073,2023-02-11,US,organic,consumer
C009074,2023-02-11,US,paid_search,consumer
C009075,2023-02-11,US,organic,consumer
C009076,2023-02-11,GB,organic,consumer
C009077,2023-02-11,DE,organic,consumer
C009078,2023-02-11,US,organic,small_business
C009079,2023-02-11,GB,organic,consumer
C009080,2023-02-11,DE,paid_social,consumer
C009081,2023-02-11,US,paid_search,consumer
C009082,2023-02-11,US,paid_search,consumer
C009083,2023-02-11,US,affiliate,consumer
C009084,2023-02-11,US,affiliate,consumer
C009085,2023-02-11,US,paid_social,consumer
C009086,2023-02-11,US,organic,consumer
C009087,2023-02-11,US,affiliate,consumer
C009088,2023-02-11,US,organic,consumer
C009089,2023-02-11,GB,referral,consumer
C009090,2023-02-11,CA,organic,consumer
C009091,2023-02-11,US,referral,small_business
C009092,2023-02-11,AU,organic,consumer
C009093,2023-02-11,US,affiliate,small_business
C009094,2023-02-11,US,referral,small_business
C009095,2023-02-11,US,organic,small_business
C009096,2023-02-11,US,referral,consumer
C009097,2023-02-11,US,referral,consumer
C009098,2023-02-11,US,organic,consumer
C009099,2023-02-11,DE,organic,consumer
C009100,2023-02-11,GB,referral,consumer
C009101,2023-02-11,AU,organic,consumer
C009102,2023-02-11,US,affiliate,consumer
C009103,2023-02-11,US,affiliate,consumer
C009104,2023-02-11,CA,paid_search,consumer
C009105,2023-02-11,US,organic,consumer
C009106,2023-02-11,US,paid_social,consumer
C009107,2023-02-11,US,paid_social,consumer
C009108,2023-02-11,US,paid_search,consumer
C009109,2023-02-11,US,paid_search,consumer
C009110,2023-02-11,US,paid_social,consumer
C009111,2023-02-11,AU,organic,consumer
C009112,2023-02-11,AU,paid_social,consumer
C009113,2023-02-11,US,affiliate,consumer
C009114,2023-02-11,US,organic,consumer
C009115,2023-02-11,AU,paid_social,consumer
C009116,2023-02-11,DE,affiliate,consumer
C009117,2023-02-11,GB,organic,consumer
C009118,2023-02-11,US,affiliate,consumer
C009119,2023-02-11,US,affiliate,consumer
C009120,2023-02-11,US,paid_search,consumer
C009121,2023-02-11,US,referral,consumer
C009122,2023-02-11,AU,affiliate,consumer
C009123,2023-02-11,US,organic,small_business
C009124,2023-02-11,US,affiliate,consumer
C009125,2023-02-11,US,organic,consumer
C009126,2023-02-11,GB,paid_social,consumer
C009127,2023-02-11,US,paid_social,consumer
C009128,2023-02-11,DE,paid_search,consumer
C009129,2023-02-11,CA,organic,consumer
C009130,2023-02-11,DE,paid_search,consumer
C009131,2023-02-11,US,referral,consumer
C009132,2023-02-11,US,referral,enterprise
C009133,2023-02-11,US,paid_search,small_business
C009134,2023-02-11,GB,organic,small_business
C009135,2023-02-11,CA,organic,consumer
C009136,2023-02-11,CA,affiliate,small_business
C009137,2023-02-11,US,affiliate,consumer
C009138,2023-02-11,US,referral,consumer
C009139,2023-02-11,US,paid_social,consumer
C009140,2023-02-11,US,paid_search,consumer
C009141,2023-02-11,DE,referral,consumer
C009142,2023-02-11,US,affiliate,small_business
C009143,2023-02-11,DE,referral,consumer
C009144,2023-02-11,GB,paid_social,consumer
C009145,2023-02-11,AU,organic,small_business
C009146,2023-02-11,US,affiliate,consumer
C009147,2023-02-11,US,organic,consumer
C009148,2023-02-11,US,paid_search,small_business
C009149,2023-02-11,AU,organic,consumer
C009150,2023-02-11,US,paid_search,small_business
C009151,2023-02-11,US,referral,small_business
C009152,2023-02-11,CA,organic,consumer
C009153,2023-02-11,US,affiliate,small_business
C009154,2023-02-11,US,paid_search,consumer
C009155,2023-02-11,US,organic,consumer
C009156,2023-02-11,US,referral,small_business
C009157,2023-02-11,US,paid_search,consumer
C009158,2023-02-11,CA,organic,consumer
C009159,2023-02-11,US,paid_search,consumer
C009160,2023-02-11,US,paid_social,consumer
C009161,2023-02-11,DE,organic,consumer
C009162,2023-02-11,CA,paid_search,consumer
C009163,2023-02-11,US,affiliate,consumer
C009164,2023-02-11,DE,paid_social,consumer
C009165,2023-02-11,GB,paid_social,consumer
C009166,2023-02-11,GB,referral,enterprise
C009167,2023-02-11,CA,referral,consumer
C009168,2023-02-11,US,organic,consumer
C009169,2023-02-11,DE,paid_social,consumer
C009170,2023-02-11,GB,referral,consumer
C009171,2023-02-11,CA,organic,consumer
C009172,2023-02-11,GB,paid_search,consumer
C009173,2023-02-11,US,referral,consumer
C009174,2023-02-11,US,organic,small_business
C009175,2023-02-11,US,referral,consumer
C009176,2023-02-11,US,organic,consumer
C009177,2023-02-11,US,organic,consumer
C009178,2023-02-11,GB,affiliate,consumer
C009179,2023-02-11,US,paid_search,consumer
C009180,2023-02-11,US,referral,consumer
C009181,2023-02-11,AU,organic,consumer
C009182,2023-02-11,US,referral,consumer
C009183,2023-02-11,CA,referral,consumer
C009184,2023-02-11,US,paid_search,consumer
C009185,2023-02-11,US,paid_search,consumer
C009186,2023-02-11,CA,paid_search,consumer
C009187,2023-02-11,US,organic,consumer
C009188,2023-02-11,GB,organic,consumer
C009189,2023-02-11,US,paid_social,consumer
C009190,2023-02-11,US,organic,consumer
C009191,2023-02-11,US,paid_search,consumer
C009192,2023-02-11,DE,organic,consumer
C009193,2023-02-11,DE,paid_search,consumer
C009194,2023-02-11,US,referral,consumer
C009195,2023-02-11,DE,affiliate,consumer
C009196,2023-02-11,US,paid_search,consumer
C009197,2023-02-11,US,referral,consumer
C009198,2023-02-11,CA,referral,small_business
C009199,2023-02-11,CA,referral,small_business
C009200,2023-02-11,DE,referral,consumer
C009201,2023-02-11,AU,affiliate,consumer
C009202,2023-02-11,US,affiliate,consumer
C009203,2023-02-11,GB,organic,small_business
C009204,2023-02-11,US,paid_social,consumer
C009205,2023-02-11,CA,paid_search,small_business
C009206,2023-02-11,US,paid_search,enterprise
C009207,2023-02-11,US,paid_search,consumer
C009208,2023-02-11,US,referral,consumer
C009209,2023-02-11,US,paid_search,small_business
C009210,2023-02-11,US,organic,consumer
C009211,2023-02-11,DE,organic,consumer
C009212,2023-02-11,CA,paid_social,small_business
C009213,2023-02-11,US,paid_social,consumer
C009214,2023-02-11,US,organic,consumer
C009215,2023-02-11,US,paid_search,consumer
C009216,2023-02-11,US,organic,consumer
C009217,2023-02-11,US,organic,enterprise
C009218,2023-02-11,US,organic,consumer
C009219,2023-02-11,US,paid_search,consumer
C009220,2023-02-11,AU,paid_social,consumer
C009221,2023-02-11,AU,organic,consumer
C009222,2023-02-11,US,referral,consumer
C009223,2023-02-11,US,paid_search,consumer
C009224,2023-02-11,AU,organic,consumer
C009225,2023-02-11,AU,paid_search,consumer
C009226,2023-02-11,US,paid_search,small_business
C009227,2023-02-11,CA,paid_social,consumer
C009228,2023-02-11,US,paid_social,small_business
C009229,2023-02-11,US,organic,consumer
C009230,2023-02-11,US,paid_social,consumer
C009231,2023-02-11,US,organic,consumer
C009232,2023-02-12,US,organic,consumer
C009233,2023-02-12,GB,paid_social,consumer
C009234,2023-02-12,US,paid_social,consumer
C009235,2023-02-12,DE,paid_social,consumer
C009236,2023-02-12,US,referral,consumer
C009237,2023-02-12,US,referral,consumer
C009238,2023-02-12,US,paid_social,consumer
C009239,2023-02-12,CA,organic,consumer
C009240,2023-02-12,GB,referral,consumer
C009241,2023-02-12,AU,paid_social,consumer
C009242,2023-02-12,US,affiliate,consumer
C009243,2023-02-12,DE,paid_search,consumer
C009244,2023-02-12,CA,affiliate,consumer
C009245,2023-02-12,US,paid_search,consumer
C009246,2023-02-12,US,paid_search,consumer
C009247,2023-02-12,CA,organic,consumer
C009248,2023-02-12,US,referral,consumer
C009249,2023-02-12,US,organic,consumer
C009250,2023-02-12,AU,organic,small_business
C009251,2023-02-12,DE,organic,enterprise
C009252,2023-02-12,US,paid_social,consumer
C009253,2023-02-12,GB,paid_search,consumer
C009254,2023-02-12,US,referral,consumer
C009255,2023-02-12,DE,paid_social,consumer
C009256,2023-02-12,US,organic,small_business
C009257,2023-02-12,US,organic,consumer
C009258,2023-02-12,GB,paid_search,consumer
C009259,2023-02-12,US,organic,consumer
C009260,2023-02-12,US,organic,consumer
C009261,2023-02-12,US,organic,consumer
C009262,2023-02-12,DE,paid_social,consumer
C009263,2023-02-12,US,paid_social,enterprise
C009264,2023-02-12,US,paid_search,consumer
C009265,2023-02-12,US,organic,consumer
C009266,2023-02-12,GB,paid_social,consumer
C009267,2023-02-12,US,paid_social,small_business
C009268,2023-02-12,US,affiliate,consumer
C009269,2023-02-12,GB,affiliate,consumer
C009270,2023-02-12,US,paid_search,consumer
C009271,2023-02-12,US,paid_search,consumer
C009272,2023-02-12,US,referral,consumer
C009273,2023-02-12,CA,organic,consumer
C009274,2023-02-12,US,organic,consumer
C009275,2023-02-12,US,organic,consumer
C009276,2023-02-12,US,organic,consumer
C009277,2023-02-12,US,organic,consumer
C009278,2023-02-12,US,paid_social,consumer
C009279,2023-02-12,GB,paid_search,consumer
C009280,2023-02-12,DE,paid_search,consumer
C009281,2023-02-12,US,organic,consumer
C009282,2023-02-12,GB,paid_social,enterprise
C009283,2023-02-12,GB,organic,consumer
C009284,2023-02-12,US,organic,consumer
C009285,2023-02-12,DE,organic,consumer
C009286,2023-02-12,US,paid_search,consumer
C009287,2023-02-12,US,paid_search,consumer
C009288,2023-02-12,CA,organic,consumer
C009289,2023-02-12,US,organic,enterprise
C009290,2023-02-12,US,paid_social,small_business
C009291,2023-02-12,US,paid_social,consumer
C009292,2023-02-12,GB,referral,consumer
C009293,2023-02-12,US,organic,consumer
C009294,2023-02-12,US,organic,consumer
C009295,2023-02-12,AU,organic,consumer
C009296,2023-02-12,US,organic,consumer
C009297,2023-02-12,US,referral,consumer
C009298,2023-02-12,US,organic,consumer
C009299,2023-02-12,US,paid_social,consumer
C009300,2023-02-12,GB,organic,consumer
C009301,2023-02-12,US,paid_search,consumer
C009302,2023-02-12,DE,organic,small_business
C009303,2023-02-12,US,organic,consumer
C009304,2023-02-12,AU,paid_search,consumer
C009305,2023-02-12,US,organic,consumer
C009306,2023-02-12,DE,organic,consumer
C009307,2023-02-12,CA,organic,consumer
C009308,2023-02-12,US,affiliate,consumer
C009309,2023-02-12,US,paid_search,small_business
C009310,2023-02-12,US,organic,consumer
C009311,2023-02-12,US,paid_social,consumer
C009312,2023-02-12,GB,referral,consumer
C009313,2023-02-12,US,paid_social,consumer
C009314,2023-02-12,US,paid_social,consumer
C009315,2023-02-12,AU,affiliate,consumer
C009316,2023-02-12,GB,affiliate,consumer
C009317,2023-02-12,GB,paid_search,consumer
C009318,2023-02-12,US,paid_search,consumer
C009319,2023-02-12,AU,paid_social,consumer
C009320,2023-02-12,AU,paid_social,consumer
C009321,2023-02-12,DE,affiliate,consumer
C009322,2023-02-12,US,organic,consumer
C009323,2023-02-12,GB,organic,consumer
C009324,2023-02-12,CA,referral,consumer
C009325,2023-02-12,US,referral,consumer
C009326,2023-02-12,GB,organic,consumer
C009327,2023-02-12,US,organic,consumer
C009328,2023-02-12,US,organic,consumer
C009329,2023-02-12,US,organic,consumer
C009330,2023-02-12,DE,referral,consumer
C009331,2023-02-12,CA,organic,consumer
C009332,2023-02-12,GB,paid_social,consumer
C009333,2023-02-12,GB,paid_search,consumer
C009334,2023-02-12,US,organic,consumer
C009335,2023-02-12,US,affiliate,consumer
C009336,2023-02-12,US,organic,consumer
C009337,2023-02-12,GB,paid_search,consumer
C009338,2023-02-12,AU,organic,consumer
C009339,2023-02-12,US,organic,small_business
C009340,2023-02-12,US,organic,consumer
C009341,2023-02-12,US,referral,small_business
C009342,2023-02-12,US,organic,consumer
C009343,2023-02-12,US,organic,consumer
C009344,2023-02-12,CA,affiliate,consumer
C009345,2023-02-12,CA,paid_social,consumer
C009346,2023-02-12,US,paid_social,consumer
C009347,2023-02-12,US,paid_social,small_business
C009348,2023-02-12,DE,affiliate,consumer
C009349,2023-02-12,US,paid_social,consumer
C009350,2023-02-12,CA,referral,consumer
C009351,2023-02-12,US,organic,consumer
C009352,2023-02-12,US,referral,consumer
C009353,2023-02-12,US,paid_social,small_business
C009354,2023-02-12,DE,paid_social,consumer
C009355,2023-02-12,DE,organic,enterprise
C009356,2023-02-12,US,referral,consumer
C009357,2023-02-12,US,affiliate,consumer
C009358,2023-02-12,CA,organic,consumer
C009359,2023-02-12,US,organic,consumer
C009360,2023-02-12,AU,referral,consumer
C009361,2023-02-12,US,affiliate,small_business
C009362,2023-02-12,US,organic,consumer
C009363,2023-02-12,US,organic,consumer
C009364,2023-02-12,DE,affiliate,consumer
C009365,2023-02-12,CA,organic,consumer
C009366,2023-02-12,US,organic,consumer
C009367,2023-02-12,US,referral,consumer
C009368,2023-02-12,AU,organic,small_business
C009369,2023-02-12,US,organic,consumer
C009370,2023-02-12,US,paid_search,enterprise
C009371,2023-02-12,US,organic,consumer
C009372,2023-02-12,US,paid_social,consumer
C009373,2023-02-12,US,affiliate,consumer
C009374,2023-02-12,US,organic,consumer
C009375,2023-02-12,US,organic,consumer
C009376,2023-02-12,GB,affiliate,consumer
C009377,2023-02-12,GB,paid_social,consumer
C009378,2023-02-12,US,organic,consumer
C009379,2023-02-12,US,organic,consumer
C009380,2023-02-12,US,organic,consumer
C009381,2023-02-12,DE,affiliate,consumer
C009382,2023-02-12,US,paid_search,consumer
C009383,2023-02-12,DE,paid_search,consumer
C009384,2023-02-12,GB,affiliate,consumer
C009385,2023-02-12,DE,organic,consumer
C009386,2023-02-12,DE,paid_social,consumer
C009387,2023-02-12,US,organic,consumer
C009388,2023-02-12,CA,affiliate,consumer
C009389,2023-02-12,US,paid_search,consumer
C009390,2023-02-12,US,paid_search,consumer
C009391,2023-02-12,US,organic,consumer
C009392,2023-02-12,US,paid_social,small_business
C009393,2023-02-12,US,organic,enterprise
C009394,2023-02-12,US,organic,consumer
C009395,2023-02-12,US,paid_search,consumer
C009396,2023-02-12,CA,paid_search,consumer
C009397,2023-02-12,US,paid_social,consumer
C009398,2023-02-12,DE,organic,consumer
C009399,2023-02-12,US,organic,small_business
C009400,2023-02-12,US,paid_social,small_business
C009401,2023-02-12,CA,organic,consumer
C009402,2023-02-12,US,affiliate,consumer
C009403,2023-02-12,GB,paid_search,consumer
C009404,2023-02-12,US,paid_search,consumer
C009405,2023-02-12,CA,paid_social,small_business
C009406,2023-02-12,AU,paid_search,consumer
C009407,2023-02-12,US,organic,consumer
C009408,2023-02-12,DE,affiliate,consumer
C009409,2023-02-12,GB,affiliate,consumer
C009410,2023-02-12,US,paid_search,consumer
C009411,2023-02-12,GB,organic,consumer
C009412,2023-02-12,DE,paid_social,small_business
C009413,2023-02-12,GB,paid_search,enterprise
C009414,2023-02-12,US,referral,consumer
C009415,2023-02-12,US,organic,consumer
C009416,2023-02-12,CA,paid_search,consumer
C009417,2023-02-12,US,referral,small_business
C009418,2023-02-12,AU,referral,consumer
C009419,2023-02-12,US,organic,consumer
C009420,2023-02-12,US,organic,consumer
C009421,2023-02-12,US,referral,consumer
C009422,2023-02-12,GB,paid_social,small_business
C009423,2023-02-12,US,paid_social,consumer
C009424,2023-02-12,US,affiliate,enterprise
C009425,2023-02-12,DE,organic,consumer
C009426,2023-02-12,US,organic,consumer
C009427,2023-02-12,AU,paid_search,small_business
C009428,2023-02-12,US,organic,consumer
C009429,2023-02-12,US,affiliate,consumer
C009430,2023-02-12,US,organic,consumer
C009431,2023-02-12,US,referral,consumer
C009432,2023-02-12,US,organic,consumer
C009433,2023-02-12,DE,paid_search,consumer
C009434,2023-02-12,GB,paid_search,consumer
C009435,2023-02-12,US,paid_search,consumer
C009436,2023-02-12,US,organic,consumer
C009437,2023-02-12,US,affiliate,consumer
C009438,2023-02-12,US,paid_search,small_business
C009439,2023-02-12,CA,organic,consumer
C009440,2023-02-12,AU,paid_search,consumer
C009441,2023-02-12,US,affiliate,small_business
C009442,2023-02-12,US,paid_search,enterprise
C009443,2023-02-12,US,paid_search,consumer
C009444,2023-02-12,US,referral,consumer
C009445,2023-02-12,US,organic,consumer
C009446,2023-02-12,US,organic,consumer
C009447,2023-02-12,AU,referral,consumer
C009448,2023-02-12,US,organic,small_business
C009449,2023-02-12,AU,referral,small_business
C009450,2023-02-12,AU,paid_search,consumer
C009451,2023-02-12,US,paid_social,consumer
C009452,2023-02-13,US,paid_social,consumer
C009453,2023-02-13,US,organic,consumer
C009454,2023-02-13,AU,paid_social,consumer
C009455,2023-02-13,US,paid_search,consumer
C009456,2023-02-13,US,organic,consumer
C009457,2023-02-13,AU,organic,consumer
C009458,2023-02-13,US,referral,consumer
C009459,2023-02-13,CA,paid_search,consumer
C009460,2023-02-13,US,organic,consumer
C009461,2023-02-13,US,paid_search,consumer
C009462,2023-02-13,US,paid_search,consumer
C009463,2023-02-13,US,referral,consumer
C009464,2023-02-13,US,referral,consumer
C009465,2023-02-13,US,paid_social,consumer
C009466,2023-02-13,CA,affiliate,small_business
C009467,2023-02-13,US,referral,consumer
C009468,2023-02-13,US,organic,small_business
C009469,2023-02-13,US,paid_search,consumer
C009470,2023-02-13,US,referral,consumer
C009471,2023-02-13,US,paid_social,consumer
C009472,2023-02-13,US,paid_search,consumer
C009473,2023-02-13,DE,paid_search,consumer
C009474,2023-02-13,AU,paid_social,consumer
C009475,2023-02-13,DE,organic,small_business
C009476,2023-02-13,US,paid_search,small_business
C009477,2023-02-13,US,paid_search,small_business
C009478,2023-02-13,US,paid_social,consumer
C009479,2023-02-13,US,organic,consumer
C009480,2023-02-13,US,organic,consumer
C009481,2023-02-13,US,organic,consumer
C009482,2023-02-13,US,organic,small_business
C009483,2023-02-13,US,paid_search,small_business
C009484,2023-02-13,AU,paid_social,consumer
C009485,2023-02-13,GB,referral,consumer
C009486,2023-02-13,US,organic,small_business
C009487,2023-02-13,AU,paid_social,consumer
C009488,2023-02-13,US,paid_social,small_business
C009489,2023-02-13,US,paid_social,small_business
C009490,2023-02-13,US,paid_social,consumer
C009491,2023-02-13,US,referral,small_business
C009492,2023-02-13,AU,referral,consumer
C009493,2023-02-13,US,paid_social,consumer
C009494,2023-02-13,US,paid_search,consumer
C009495,2023-02-13,US,organic,consumer
C009496,2023-02-13,US,organic,small_business
C009497,2023-02-13,CA,organic,consumer
C009498,2023-02-13,DE,referral,consumer
C009499,2023-02-13,US,organic,consumer
C009500,2023-02-13,DE,affiliate,consumer
C009501,2023-02-13,AU,affiliate,consumer
C009502,2023-02-13,CA,organic,consumer
C009503,2023-02-13,AU,organic,consumer
C009504,2023-02-13,US,paid_social,small_business
C009505,2023-02-13,US,organic,small_business
C009506,2023-02-13,US,paid_social,consumer
C009507,2023-02-13,US,organic,consumer
C009508,2023-02-13,US,organic,consumer
C009509,2023-02-13,US,paid_social,consumer
C009510,2023-02-13,US,paid_search,consumer
C009511,2023-02-13,AU,paid_search,consumer
C009512,2023-02-13,GB,organic,small_business
C009513,2023-02-13,GB,referral,small_business
C009514,2023-02-13,US,paid_search,consumer
C009515,2023-02-13,US,organic,consumer
C009516,2023-02-13,US,organic,small_business
C009517,2023-02-13,GB,referral,consumer
C009518,2023-02-13,US,paid_search,small_business
C009519,2023-02-13,CA,paid_social,consumer
C009520,2023-02-13,US,paid_search,small_business
C009521,2023-02-13,US,organic,consumer
C009522,2023-02-13,US,paid_social,consumer
C009523,2023-02-13,US,organic,consumer
C009524,2023-02-13,CA,organic,consumer
C009525,2023-02-13,AU,organic,consumer
C009526,2023-02-13,CA,organic,consumer
C009527,2023-02-13,DE,organic,consumer
C009528,2023-02-13,US,paid_social,consumer
C009529,2023-02-13,CA,organic,consumer
C009530,2023-02-13,CA,paid_search,consumer
C009531,2023-02-13,US,referral,consumer
C009532,2023-02-13,AU,organic,small_business
C009533,2023-02-13,US,organic,enterprise
C009534,2023-02-13,CA,referral,consumer
C009535,2023-02-13,US,referral,consumer
C009536,2023-02-13,US,organic,consumer
C009537,2023-02-13,GB,organic,consumer
C009538,2023-02-13,US,organic,consumer
C009539,2023-02-13,US,paid_social,consumer
C009540,2023-02-13,CA,organic,enterprise
C009541,2023-02-13,US,referral,consumer
C009542,2023-02-13,US,organic,consumer
C009543,2023-02-13,US,organic,consumer
C009544,2023-02-13,US,paid_search,consumer
C009545,2023-02-13,US,organic,consumer
C009546,2023-02-13,US,paid_social,consumer
C009547,2023-02-13,GB,paid_social,consumer
C009548,2023-02-13,GB,paid_social,consumer
C009549,2023-02-13,AU,organic,small_business
C009550,2023-02-13,US,organic,consumer
C009551,2023-02-13,US,organic,consumer
C009552,2023-02-13,CA,paid_search,consumer
C009553,2023-02-13,US,paid_search,consumer
C009554,2023-02-13,GB,paid_search,consumer
C009555,2023-02-13,GB,organic,consumer
C009556,2023-02-13,AU,referral,small_business
C009557,2023-02-13,US,paid_search,consumer
C009558,2023-02-13,DE,affiliate,consumer
C009559,2023-02-13,US,paid_social,consumer
C009560,2023-02-13,US,paid_search,consumer
C009561,2023-02-13,DE,paid_search,consumer
C009562,2023-02-13,US,referral,consumer
C009563,2023-02-13,GB,paid_search,consumer
C009564,2023-02-13,US,organic,consumer
C009565,2023-02-13,US,paid_social,consumer
C009566,2023-02-13,CA,referral,consumer
C009567,2023-02-13,US,organic,consumer
C009568,2023-02-13,US,paid_social,consumer
C009569,2023-02-13,GB,affiliate,consumer
C009570,2023-02-13,DE,organic,consumer
C009571,2023-02-13,US,paid_social,consumer
C009572,2023-02-13,US,referral,consumer
C009573,2023-02-13,US,paid_social,consumer
C009574,2023-02-13,US,referral,consumer
C009575,2023-02-13,US,organic,small_business
C009576,2023-02-13,US,organic,consumer
C009577,2023-02-13,US,paid_social,consumer
C009578,2023-02-13,DE,paid_search,consumer
C009579,2023-02-13,US,referral,small_business
C009580,2023-02-13,AU,paid_social,consumer
C009581,2023-02-13,CA,paid_social,consumer
C009582,2023-02-13,US,organic,small_business
C009583,2023-02-13,CA,referral,consumer
C009584,2023-02-13,US,paid_search,consumer
C009585,2023-02-13,CA,referral,consumer
C009586,2023-02-13,US,organic,consumer
C009587,2023-02-13,CA,paid_social,consumer
C009588,2023-02-13,CA,paid_social,consumer
C009589,2023-02-13,US,paid_search,consumer
C009590,2023-02-13,US,paid_social,consumer
C009591,2023-02-13,US,paid_social,consumer
C009592,2023-02-13,CA,paid_social,consumer
C009593,2023-02-13,US,affiliate,consumer
C009594,2023-02-13,US,paid_search,consumer
C009595,2023-02-13,US,referral,small_business
C009596,2023-02-13,AU,organic,consumer
C009597,2023-02-13,AU,organic,consumer
C009598,2023-02-13,US,referral,consumer
C009599,2023-02-13,AU,organic,small_business
C009600,2023-02-13,GB,paid_social,consumer
C009601,2023-02-13,US,paid_social,consumer
C009602,2023-02-13,GB,paid_search,small_business
C009603,2023-02-13,AU,paid_search,consumer
C009604,2023-02-13,CA,affiliate,consumer
C009605,2023-02-13,US,organic,small_business
C009606,2023-02-13,US,referral,consumer
C009607,2023-02-13,US,paid_social,consumer
C009608,2023-02-13,US,referral,small_business
C009609,2023-02-13,US,paid_search,consumer
C009610,2023-02-13,US,affiliate,small_business
C009611,2023-02-13,US,paid_social,consumer
C009612,2023-02-13,US,paid_social,consumer
C009613,2023-02-13,GB,paid_social,small_business
C009614,2023-02-13,US,paid_social,consumer
C009615,2023-02-13,AU,organic,consumer
C009616,2023-02-13,DE,organic,consumer
C009617,2023-02-13,GB,referral,consumer
C009618,2023-02-13,US,paid_search,consumer
C009619,2023-02-13,AU,organic,consumer
C009620,2023-02-13,US,referral,consumer
C009621,2023-02-13,US,organic,consumer
C009622,2023-02-13,US,organic,consumer
C009623,2023-02-13,US,referral,consumer
C009624,2023-02-13,DE,organic,consumer
C009625,2023-02-13,DE,paid_search,small_business
C009626,2023-02-13,US,affiliate,consumer
C009627,2023-02-13,US,organic,consumer
C009628,2023-02-13,US,referral,consumer
C009629,2023-02-13,CA,organic,consumer
C009630,2023-02-13,US,paid_social,consumer
C009631,2023-02-13,US,affiliate,consumer
C009632,2023-02-13,US,paid_search,consumer
C009633,2023-02-13,GB,referral,consumer
C009634,2023-02-13,DE,paid_social,consumer
C009635,2023-02-13,US,organic,consumer
C009636,2023-02-13,US,paid_search,consumer
C009637,2023-02-13,US,paid_search,consumer
C009638,2023-02-13,US,paid_search,consumer
C009639,2023-02-13,US,referral,consumer
C009640,2023-02-13,US,referral,consumer
C009641,2023-02-13,CA,paid_social,consumer
C009642,2023-02-13,AU,paid_social,small_business
C009643,2023-02-13,US,organic,consumer
C009644,2023-02-13,US,referral,consumer
C009645,2023-02-13,GB,organic,consumer
C009646,2023-02-13,GB,affiliate,consumer
C009647,2023-02-13,US,organic,consumer
C009648,2023-02-13,US,paid_social,consumer
C009649,2023-02-13,US,paid_search,small_business
C009650,2023-02-13,US,organic,consumer
C009651,2023-02-13,US,paid_search,consumer
C009652,2023-02-13,DE,paid_search,consumer
C009653,2023-02-13,US,paid_social,consumer
C009654,2023-02-13,US,paid_search,consumer
C009655,2023-02-13,CA,paid_search,consumer
C009656,2023-02-13,US,referral,consumer
C009657,2023-02-13,US,paid_search,small_business
C009658,2023-02-13,CA,paid_social,consumer
C009659,2023-02-13,GB,organic,consumer
C009660,2023-02-13,CA,organic,consumer
C009661,2023-02-13,DE,referral,enterprise
C009662,2023-02-13,US,paid_search,small_business
C009663,2023-02-13,CA,referral,consumer
C009664,2023-02-13,US,paid_social,consumer
C009665,2023-02-13,US,paid_social,consumer
C009666,2023-02-13,US,organic,consumer
C009667,2023-02-13,CA,paid_search,consumer
C009668,2023-02-13,US,organic,consumer
C009669,2023-02-13,CA,paid_social,consumer
C009670,2023-02-13,US,paid_search,consumer
C009671,2023-02-13,CA,organic,consumer
C009672,2023-02-14,GB,organic,consumer
C009673,2023-02-14,US,paid_search,consumer
C009674,2023-02-14,DE,organic,enterprise
C009675,2023-02-14,US,organic,consumer
C009676,2023-02-14,CA,organic,consumer
C009677,2023-02-14,US,referral,consumer
C009678,2023-02-14,GB,paid_social,consumer
C009679,2023-02-14,GB,paid_search,consumer
C009680,2023-02-14,US,organic,consumer
C009681,2023-02-14,US,paid_search,consumer
C009682,2023-02-14,US,paid_social,consumer
C009683,2023-02-14,US,organic,consumer
C009684,2023-02-14,GB,paid_search,consumer
C009685,2023-02-14,US,paid_social,consumer
C009686,2023-02-14,US,paid_search,consumer
C009687,2023-02-14,CA,organic,consumer
C009688,2023-02-14,US,affiliate,consumer
C009689,2023-02-14,CA,referral,consumer
C009690,2023-02-14,US,paid_social,consumer
C009691,2023-02-14,US,paid_social,consumer
C009692,2023-02-14,US,paid_social,consumer
C009693,2023-02-14,US,organic,consumer
C009694,2023-02-14,AU,paid_social,consumer
C009695,2023-02-14,GB,paid_search,consumer
C009696,2023-02-14,US,paid_social,small_business
C009697,2023-02-14,AU,referral,consumer
C009698,2023-02-14,US,paid_social,consumer
C009699,2023-02-14,DE,paid_search,consumer
C009700,2023-02-14,US,organic,consumer
C009701,2023-02-14,US,referral,consumer
C009702,2023-02-14,US,organic,consumer
C009703,2023-02-14,US,paid_search,consumer
C009704,2023-02-14,GB,paid_social,consumer
C009705,2023-02-14,US,paid_social,small_business
C009706,2023-02-14,US,paid_search,consumer
C009707,2023-02-14,US,paid_search,consumer
C009708,2023-02-14,AU,organic,consumer
C009709,2023-02-14,US,affiliate,consumer
C009710,2023-02-14,US,organic,consumer
C009711,2023-02-14,US,paid_social,consumer
C009712,2023-02-14,DE,paid_search,consumer
C009713,2023-02-14,US,organic,consumer
C009714,2023-02-14,US,affiliate,small_business
C009715,2023-02-14,GB,paid_search,consumer
C009716,2023-02-14,US,referral,small_business
C009717,2023-02-14,US,paid_social,consumer
C009718,2023-02-14,US,paid_social,consumer
C009719,2023-02-14,US,paid_social,consumer
C009720,2023-02-14,US,paid_search,consumer
C009721,2023-02-14,US,paid_social,consumer
C009722,2023-02-14,US,paid_search,consumer
C009723,2023-02-14,AU,paid_social,consumer
C009724,2023-02-14,DE,paid_social,consumer
C009725,2023-02-14,US,paid_search,consumer
C009726,2023-02-14,CA,organic,small_business
C009727,2023-02-14,US,affiliate,consumer
C009728,2023-02-14,US,paid_search,consumer
C009729,2023-02-14,US,organic,consumer
C009730,2023-02-14,US,referral,consumer
C009731,2023-02-14,US,affiliate,consumer
C009732,2023-02-14,US,paid_search,consumer
C009733,2023-02-14,CA,referral,consumer
C009734,2023-02-14,US,paid_social,small_business
C009735,2023-02-14,US,paid_search,consumer
C009736,2023-02-14,US,paid_social,consumer
C009737,2023-02-14,DE,referral,consumer
C009738,2023-02-14,AU,paid_search,consumer
C009739,2023-02-14,AU,referral,consumer
C009740,2023-02-14,US,affiliate,consumer
C009741,2023-02-14,US,organic,consumer
C009742,2023-02-14,US,organic,consumer
C009743,2023-02-14,DE,organic,consumer
C009744,2023-02-14,CA,referral,consumer
C009745,2023-02-14,DE,organic,small_business
C009746,2023-02-14,CA,paid_social,consumer
C009747,2023-02-14,US,organic,consumer
C009748,2023-02-14,GB,paid_search,consumer
C009749,2023-02-14,US,paid_search,consumer
C009750,2023-02-14,AU,organic,consumer
C009751,2023-02-14,GB,paid_social,consumer
C009752,2023-02-14,US,paid_social,consumer
C009753,2023-02-14,US,referral,consumer
C009754,2023-02-14,AU,organic,small_business
C009755,2023-02-14,US,referral,small_business
C009756,2023-02-14,US,organic,consumer
C009757,2023-02-14,US,paid_search,small_business
C009758,2023-02-14,US,affiliate,enterprise
C009759,2023-02-14,AU,affiliate,consumer
C009760,2023-02-14,US,paid_search,consumer
C009761,2023-02-14,CA,paid_social,consumer
C009762,2023-02-14,GB,referral,small_business
C009763,2023-02-14,US,organic,consumer
C009764,2023-02-14,US,referral,consumer
C009765,2023-02-14,DE,affiliate,consumer
C009766,2023-02-14,US,referral,consumer
C009767,2023-02-14,US,organic,consumer
C009768,2023-02-14,CA,paid_search,consumer
C009769,2023-02-14,US,paid_social,consumer
C009770,2023-02-14,DE,paid_social,small_business
C009771,2023-02-14,US,paid_search,consumer
C009772,2023-02-14,US,paid_social,consumer
C009773,2023-02-14,US,paid_search,consumer
C009774,2023-02-14,US,paid_search,consumer
C009775,2023-02-14,US,paid_search,consumer
C009776,2023-02-14,GB,organic,consumer
C009777,2023-02-14,CA,paid_social,consumer
C009778,2023-02-14,US,paid_search,enterprise
C009779,2023-02-14,US,paid_search,consumer
C009780,2023-02-14,GB,paid_search,consumer
C009781,2023-02-14,US,paid_social,consumer
C009782,2023-02-14,US,organic,enterprise
C009783,2023-02-14,DE,paid_search,consumer
C009784,2023-02-14,US,paid_search,consumer
C009785,2023-02-14,US,paid_search,consumer
C009786,2023-02-14,US,organic,consumer
C009787,2023-02-14,CA,paid_search,consumer
C009788,2023-02-14,US,organic,consumer
C009789,2023-02-14,US,paid_search,consumer
C009790,2023-02-14,AU,paid_search,consumer
C009791,2023-02-14,US,paid_social,consumer
C009792,2023-02-14,US,organic,consumer
C009793,2023-02-14,CA,referral,consumer
C009794,2023-02-14,US,paid_search,small_business
C009795,2023-02-14,US,organic,consumer
C009796,2023-02-14,US,referral,consumer
C009797,2023-02-14,DE,paid_social,consumer
C009798,2023-02-14,DE,paid_social,consumer
C009799,2023-02-14,GB,organic,enterprise
C009800,2023-02-14,US,organic,consumer
C009801,2023-02-14,GB,paid_search,consumer
C009802,2023-02-14,GB,paid_search,small_business
C009803,2023-02-14,US,paid_search,consumer
C009804,2023-02-14,US,referral,consumer
C009805,2023-02-14,US,organic,consumer
C009806,2023-02-14,US,organic,consumer
C009807,2023-02-14,US,paid_social,small_business
C009808,2023-02-14,DE,referral,consumer
C009809,2023-02-14,US,organic,consumer
C009810,2023-02-14,DE,affiliate,consumer
C009811,2023-02-14,US,paid_search,small_business
C009812,2023-02-14,GB,paid_social,consumer
C009813,2023-02-14,US,affiliate,consumer
C009814,2023-02-14,US,organic,consumer
C009815,2023-02-14,US,organic,consumer
C009816,2023-02-14,GB,organic,consumer
C009817,2023-02-14,US,organic,small_business
C009818,2023-02-14,US,referral,consumer
C009819,2023-02-14,GB,paid_social,consumer
C009820,2023-02-14,US,paid_social,consumer
C009821,2023-02-14,CA,affiliate,consumer
C009822,2023-02-14,AU,referral,consumer
C009823,2023-02-14,US,affiliate,consumer
C009824,2023-02-14,US,paid_search,consumer
C009825,2023-02-14,CA,paid_social,small_business
C009826,2023-02-14,GB,paid_social,consumer
C009827,2023-02-14,US,referral,consumer
C009828,2023-02-14,GB,paid_search,consumer
C009829,2023-02-14,US,paid_social,consumer
C009830,2023-02-14,US,organic,consumer
C009831,2023-02-14,US,paid_social,consumer
C009832,2023-02-14,DE,referral,consumer
C009833,2023-02-14,US,referral,consumer
C009834,2023-02-14,CA,paid_social,consumer
C009835,2023-02-14,US,paid_search,consumer
C009836,2023-02-14,US,paid_search,consumer
C009837,2023-02-14,US,affiliate,consumer
C009838,2023-02-14,CA,paid_social,consumer
C009839,2023-02-14,US,paid_social,consumer
C009840,2023-02-14,US,organic,consumer
C009841,2023-02-14,US,paid_search,consumer
C009842,2023-02-14,US,organic,consumer
C009843,2023-02-14,AU,organic,consumer
C009844,2023-02-14,US,paid_search,consumer
C009845,2023-02-14,AU,affiliate,consumer
C009846,2023-02-14,US,paid_search,enterprise
C009847,2023-02-14,US,organic,consumer
C009848,2023-02-14,US,organic,small_business
C009849,2023-02-14,US,paid_social,consumer
C009850,2023-02-14,US,paid_search,consumer
C009851,2023-02-14,US,paid_social,consumer
C009852,2023-02-14,US,paid_social,consumer
C009853,2023-02-14,US,referral,consumer
C009854,2023-02-14,US,organic,consumer
C009855,2023-02-14,GB,affiliate,small_business
C009856,2023-02-14,US,referral,consumer
C009857,2023-02-14,US,paid_search,consumer
C009858,2023-02-14,GB,organic,consumer
C009859,2023-02-14,US,paid_search,consumer
C009860,2023-02-14,AU,paid_search,consumer
C009861,2023-02-14,US,affiliate,consumer
C009862,2023-02-14,CA,organic,consumer
C009863,2023-02-14,US,paid_social,consumer
C009864,2023-02-14,US,referral,consumer
C009865,2023-02-14,US,referral,consumer
C009866,2023-02-14,US,paid_social,consumer
C009867,2023-02-14,US,organic,consumer
C009868,2023-02-14,CA,referral,consumer
C009869,2023-02-14,AU,paid_search,consumer
C009870,2023-02-14,US,paid_search,consumer
C009871,2023-02-14,DE,referral,consumer
C009872,2023-02-14,CA,organic,consumer
C009873,2023-02-14,US,paid_social,consumer
C009874,2023-02-14,US,organic,consumer
C009875,2023-02-14,US,affiliate,consumer
C009876,2023-02-14,US,paid_search,consumer
C009877,2023-02-14,US,paid_social,small_business
C009878,2023-02-14,CA,organic,consumer
C009879,2023-02-14,AU,paid_social,consumer
C009880,2023-02-14,US,affiliate,consumer
C009881,2023-02-14,US,referral,small_business
C009882,2023-02-14,GB,referral,enterprise
C009883,2023-02-14,DE,paid_social,consumer
C009884,2023-02-14,AU,organic,small_business
C009885,2023-02-14,US,paid_search,consumer
C009886,2023-02-14,US,organic,consumer
C009887,2023-02-14,US,affiliate,consumer
C009888,2023-02-14,US,paid_social,consumer
C009889,2023-02-14,US,paid_search,consumer
C009890,2023-02-14,DE,paid_search,consumer
C009891,2023-02-14,US,referral,consumer
C009892,2023-02-15,US,organic,consumer
C009893,2023-02-15,US,paid_search,consumer
C009894,2023-02-15,GB,paid_search,small_business
C009895,2023-02-15,US,organic,enterprise
C009896,2023-02-15,CA,paid_search,consumer
C009897,2023-02-15,GB,paid_search,consumer
C009898,2023-02-15,US,organic,consumer
C009899,2023-02-15,US,paid_social,consumer
C009900,2023-02-15,US,affiliate,small_business
C009901,2023-02-15,US,referral,small_business
C009902,2023-02-15,US,paid_search,consumer
C009903,2023-02-15,US,paid_social,consumer
C009904,2023-02-15,US,organic,consumer
C009905,2023-02-15,US,paid_search,consumer
C009906,2023-02-15,US,paid_social,consumer
C009907,2023-02-15,GB,affiliate,consumer
C009908,2023-02-15,US,organic,consumer
C009909,2023-02-15,US,organic,consumer
C009910,2023-02-15,CA,paid_social,consumer
C009911,2023-02-15,US,paid_social,consumer
C009912,2023-02-15,GB,paid_search,consumer
C009913,2023-02-15,US,affiliate,consumer
C009914,2023-02-15,GB,paid_social,consumer
C009915,2023-02-15,US,paid_search,consumer
C009916,2023-02-15,US,organic,consumer
C009917,2023-02-15,US,paid_search,consumer
C009918,2023-02-15,US,affiliate,small_business
C009919,2023-02-15,US,organic,consumer
C009920,2023-02-15,DE,organic,enterprise
C009921,2023-02-15,CA,paid_search,consumer
C009922,2023-02-15,GB,referral,consumer
C009923,2023-02-15,US,organic,consumer
C009924,2023-02-15,US,paid_social,consumer
C009925,2023-02-15,US,paid_social,consumer
C009926,2023-02-15,US,paid_social,consumer
C009927,2023-02-15,US,paid_search,consumer
C009928,2023-02-15,GB,paid_search,consumer
C009929,2023-02-15,GB,paid_social,consumer
C009930,2023-02-15,US,referral,consumer
C009931,2023-02-15,GB,paid_social,consumer
C009932,2023-02-15,US,paid_search,consumer
C009933,2023-02-15,US,paid_social,consumer
C009934,2023-02-15,US,paid_social,small_business
C009935,2023-02-15,CA,referral,consumer
C009936,2023-02-15,US,affiliate,consumer
C009937,2023-02-15,US,paid_search,enterprise
C009938,2023-02-15,US,organic,consumer
C009939,2023-02-15,US,organic,consumer
C009940,2023-02-15,US,paid_search,consumer
C009941,2023-02-15,US,affiliate,enterprise
C009942,2023-02-15,US,referral,consumer
C009943,2023-02-15,US,organic,consumer
C009944,2023-02-15,US,paid_social,consumer
C009945,2023-02-15,GB,organic,small_business
C009946,2023-02-15,US,paid_search,consumer
C009947,2023-02-15,AU,affiliate,enterprise
C009948,2023-02-15,DE,paid_search,consumer
C009949,2023-02-15,GB,affiliate,small_business
C009950,2023-02-15,US,paid_social,consumer
C009951,2023-02-15,GB,referral,small_business
C009952,2023-02-15,AU,referral,enterprise
C009953,2023-02-15,US,paid_social,consumer
C009954,2023-02-15,US,organic,consumer
C009955,2023-02-15,US,paid_social,consumer
C009956,2023-02-15,US,organic,consumer
C009957,2023-02-15,US,affiliate,consumer
C009958,2023-02-15,GB,organic,consumer
C009959,2023-02-15,US,organic,consumer
C009960,2023-02-15,CA,organic,consumer
C009961,2023-02-15,US,paid_search,consumer
C009962,2023-02-15,US,paid_social,consumer
C009963,2023-02-15,US,paid_search,enterprise
C009964,2023-02-15,DE,organic,small_business
C009965,2023-02-15,US,paid_social,consumer
C009966,2023-02-15,US,paid_social,small_business
C009967,2023-02-15,US,paid_search,consumer
C009968,2023-02-15,US,paid_social,small_business
C009969,2023-02-15,US,organic,consumer
C009970,2023-02-15,GB,paid_social,consumer
C009971,2023-02-15,US,paid_social,consumer
C009972,2023-02-15,US,paid_social,consumer
C009973,2023-02-15,DE,organic,small_business
C009974,2023-02-15,US,referral,small_business
C009975,2023-02-15,AU,paid_search,consumer
C009976,2023-02-15,US,organic,consumer
C009977,2023-02-15,US,organic,consumer
C009978,2023-02-15,GB,organic,consumer
C009979,2023-02-15,US,paid_social,small_business
C009980,2023-02-15,US,organic,consumer
C009981,2023-02-15,US,affiliate,consumer
C009982,2023-02-15,AU,paid_social,consumer
C009983,2023-02-15,US,organic,small_business
C009984,2023-02-15,US,referral,consumer
C009985,2023-02-15,DE,referral,consumer
C009986,2023-02-15,US,paid_social,consumer
C009987,2023-02-15,US,organic,consumer
C009988,2023-02-15,US,paid_social,consumer
C009989,2023-02-15,CA,paid_social,small_business
C009990,2023-02-15,GB,paid_search,consumer
C009991,2023-02-15,GB,paid_social,enterprise
C009992,2023-02-15,US,paid_search,consumer
C009993,2023-02-15,US,paid_social,small_business
C009994,2023-02-15,US,referral,consumer
C009995,2023-02-15,US,organic,consumer
C009996,2023-02-15,AU,paid_social,consumer
C009997,2023-02-15,US,paid_search,consumer
C009998,2023-02-15,US,paid_social,consumer
C009999,2023-02-15,US,affiliate,consumer
C010000,2023-02-15,US,organic,consumer
C010001,2023-02-15,US,organic,consumer
C010002,2023-02-15,GB,paid_social,small_business
C010003,2023-02-15,US,paid_search,consumer
C010004,2023-02-15,US,affiliate,consumer
C010005,2023-02-15,US,paid_search,consumer
C010006,2023-02-15,US,paid_search,small_business
C010007,2023-02-15,US,paid_social,consumer
C010008,2023-02-15,US,organic,consumer
C010009,2023-02-15,US,organic,consumer
C010010,2023-02-15,US,paid_social,consumer
C010011,2023-02-15,GB,paid_social,consumer
C010012,2023-02-15,DE,referral,consumer
C010013,2023-02-15,US,referral,consumer
C010014,2023-02-15,AU,paid_search,consumer
C010015,2023-02-15,US,paid_social,consumer
C010016,2023-02-15,DE,referral,consumer
C010017,2023-02-15,US,paid_social,consumer
C010018,2023-02-15,US,paid_search,consumer
C010019,2023-02-15,AU,affiliate,small_business
C010020,2023-02-15,US,referral,small_business
C010021,2023-02-15,CA,organic,consumer
C010022,2023-02-15,US,paid_search,consumer
C010023,2023-02-15,US,affiliate,consumer
C010024,2023-02-15,US,paid_search,consumer
C010025,2023-02-15,US,organic,consumer
C010026,2023-02-15,DE,organic,consumer
C010027,2023-02-15,US,referral,consumer
C010028,2023-02-15,US,paid_social,small_business
C010029,2023-02-15,DE,paid_search,consumer
C010030,2023-02-15,US,paid_social,consumer
C010031,2023-02-15,CA,paid_search,enterprise
C010032,2023-02-15,US,referral,consumer
C010033,2023-02-15,US,referral,small_business
C010034,2023-02-15,GB,paid_search,enterprise
C010035,2023-02-15,US,organic,small_business
C010036,2023-02-15,US,affiliate,consumer
C010037,2023-02-15,US,paid_search,consumer
C010038,2023-02-15,US,organic,consumer
C010039,2023-02-15,US,organic,consumer
C010040,2023-02-15,US,paid_social,small_business
C010041,2023-02-15,US,affiliate,consumer
C010042,2023-02-15,US,paid_social,consumer
C010043,2023-02-15,DE,paid_social,consumer
C010044,2023-02-15,US,organic,consumer
C010045,2023-02-15,US,paid_social,consumer
C010046,2023-02-15,US,paid_social,consumer
C010047,2023-02-15,CA,paid_social,consumer
C010048,2023-02-15,US,referral,consumer
C010049,2023-02-15,AU,affiliate,consumer
C010050,2023-02-15,GB,organic,consumer
C010051,2023-02-15,US,paid_search,enterprise
C010052,2023-02-15,CA,paid_search,consumer
C010053,2023-02-15,US,paid_social,small_business
C010054,2023-02-15,US,affiliate,consumer
C010055,2023-02-15,US,paid_social,consumer
C010056,2023-02-15,US,paid_social,consumer
C010057,2023-02-15,US,referral,enterprise
C010058,2023-02-15,US,paid_search,consumer
C010059,2023-02-15,US,paid_search,consumer
C010060,2023-02-15,US,paid_social,consumer
C010061,2023-02-15,US,paid_search,consumer
C010062,2023-02-15,US,referral,consumer
C010063,2023-02-15,AU,paid_social,consumer
C010064,2023-02-15,US,paid_social,consumer
C010065,2023-02-15,GB,paid_search,consumer
C010066,2023-02-15,US,organic,consumer
C010067,2023-02-15,US,referral,consumer
C010068,2023-02-15,CA,paid_search,consumer
C010069,2023-02-15,US,organic,consumer
C010070,2023-02-15,AU,paid_search,consumer
C010071,2023-02-15,US,paid_search,consumer
C010072,2023-02-15,CA,organic,consumer
C010073,2023-02-15,US,organic,consumer
C010074,2023-02-15,CA,organic,consumer
C010075,2023-02-15,DE,paid_social,enterprise
C010076,2023-02-15,US,paid_search,consumer
C010077,2023-02-15,US,paid_social,consumer
C010078,2023-02-15,US,paid_search,consumer
C010079,2023-02-15,US,referral,consumer
C010080,2023-02-15,DE,paid_search,consumer
C010081,2023-02-15,US,affiliate,consumer
C010082,2023-02-15,US,paid_search,consumer
C010083,2023-02-15,US,referral,consumer
C010084,2023-02-15,US,paid_search,consumer
C010085,2023-02-15,US,referral,consumer
C010086,2023-02-15,US,affiliate,consumer
C010087,2023-02-15,US,organic,consumer
C010088,2023-02-15,US,paid_social,small_business
C010089,2023-02-15,US,paid_search,consumer
C010090,2023-02-15,GB,organic,consumer
C010091,2023-02-15,US,paid_search,consumer
C010092,2023-02-15,US,referral,enterprise
C010093,2023-02-15,AU,paid_search,consumer
C010094,2023-02-15,US,affiliate,consumer
C010095,2023-02-15,DE,paid_search,consumer
C010096,2023-02-15,US,paid_search,consumer
C010097,2023-02-15,US,organic,consumer
C010098,2023-02-15,US,paid_social,consumer
C010099,2023-02-15,US,paid_social,consumer
C010100,2023-02-15,US,paid_social,consumer
C010101,2023-02-15,US,paid_social,small_business
C010102,2023-02-15,CA,organic,consumer
C010103,2023-02-15,US,paid_social,consumer
C010104,2023-02-15,CA,paid_social,consumer
C010105,2023-02-15,US,affiliate,consumer
C010106,2023-02-15,US,organic,consumer
C010107,2023-02-15,CA,affiliate,consumer
C010108,2023-02-15,DE,organic,consumer
C010109,2023-02-15,US,paid_search,consumer
C010110,2023-02-15,GB,paid_search,consumer
C010111,2023-02-16,DE,referral,consumer
C010112,2023-02-16,US,paid_search,consumer
C010113,2023-02-16,US,organic,consumer
C010114,2023-02-16,US,paid_social,consumer
C010115,2023-02-16,CA,organic,enterprise
C010116,2023-02-16,US,paid_search,consumer
C010117,2023-02-16,US,paid_social,consumer
C010118,2023-02-16,US,organic,consumer
C010119,2023-02-16,AU,paid_search,consumer
C010120,2023-02-16,US,organic,consumer
C010121,2023-02-16,US,paid_social,consumer
C010122,2023-02-16,CA,paid_search,consumer
C010123,2023-02-16,US,paid_social,consumer
C010124,2023-02-16,US,paid_social,consumer
C010125,2023-02-16,AU,paid_social,consumer
C010126,2023-02-16,DE,paid_search,small_business
C010127,2023-02-16,US,organic,consumer
C010128,2023-02-16,DE,affiliate,small_business
C010129,2023-02-16,CA,referral,small_business
C010130,2023-02-16,US,organic,consumer
C010131,2023-02-16,US,organic,small_business
C010132,2023-02-16,US,referral,consumer
C010133,2023-02-16,US,paid_search,consumer
C010134,2023-02-16,CA,affiliate,consumer
C010135,2023-02-16,US,affiliate,consumer
C010136,2023-02-16,CA,organic,consumer
C010137,2023-02-16,US,referral,consumer
C010138,2023-02-16,US,paid_social,consumer
C010139,2023-02-16,US,affiliate,small_business
C010140,2023-02-16,DE,organic,consumer
C010141,2023-02-16,US,organic,consumer
C010142,2023-02-16,US,organic,consumer
C010143,2023-02-16,GB,paid_search,consumer
C010144,2023-02-16,US,organic,small_business
C010145,2023-02-16,US,paid_search,consumer
C010146,2023-02-16,DE,paid_social,consumer
C010147,2023-02-16,DE,paid_social,enterprise
C010148,2023-02-16,US,organic,consumer
C010149,2023-02-16,AU,paid_search,consumer
C010150,2023-02-16,US,paid_search,consumer
C010151,2023-02-16,CA,referral,consumer
C010152,2023-02-16,DE,organic,consumer
C010153,2023-02-16,US,paid_social,consumer
C010154,2023-02-16,DE,referral,consumer
C010155,2023-02-16,CA,paid_social,small_business
C010156,2023-02-16,US,paid_social,consumer
C010157,2023-02-16,US,organic,consumer
C010158,2023-02-16,US,paid_search,consumer
C010159,2023-02-16,CA,paid_social,consumer
C010160,2023-02-16,US,affiliate,consumer
C010161,2023-02-16,US,referral,small_business
C010162,2023-02-16,US,organic,consumer
C010163,2023-02-16,US,paid_search,enterprise
C010164,2023-02-16,CA,paid_search,consumer
C010165,2023-02-16,GB,paid_search,consumer
C010166,2023-02-16,US,paid_social,consumer
C010167,2023-02-16,US,referral,consumer
C010168,2023-02-16,DE,organic,consumer
C010169,2023-02-16,US,organic,consumer
C010170,2023-02-16,AU,organic,consumer
C010171,2023-02-16,US,paid_social,consumer
C010172,2023-02-16,US,paid_social,consumer
C010173,2023-02-16,GB,paid_search,consumer
C010174,2023-02-16,US,referral,consumer
C010175,2023-02-16,GB,paid_search,small_business
C010176,2023-02-16,US,paid_social,consumer
C010177,2023-02-16,US,paid_search,consumer
C010178,2023-02-16,DE,organic,consumer
C010179,2023-02-16,DE,paid_search,consumer
C010180,2023-02-16,US,paid_social,small_business
C010181,2023-02-16,CA,organic,small_business
C010182,2023-02-16,US,organic,consumer
C010183,2023-02-16,US,paid_social,consumer
C010184,2023-02-16,US,paid_search,consumer
C010185,2023-02-16,US,paid_social,consumer
C010186,2023-02-16,US,organic,consumer
C010187,2023-02-16,AU,organic,small_business
C010188,2023-02-16,US,organic,consumer
C010189,2023-02-16,US,paid_search,small_business
C010190,2023-02-16,GB,affiliate,consumer
C010191,2023-02-16,US,paid_search,consumer
C010192,2023-02-16,US,organic,consumer
C010193,2023-02-16,US,paid_search,small_business
C010194,2023-02-16,US,organic,consumer
C010195,2023-02-16,DE,organic,small_business
C010196,2023-02-16,AU,referral,small_business
C010197,2023-02-16,US,affiliate,consumer
C010198,2023-02-16,AU,organic,consumer
C010199,2023-02-16,AU,affiliate,small_business
C010200,2023-02-16,GB,paid_search,consumer
C010201,2023-02-16,US,affiliate,consumer
C010202,2023-02-16,US,referral,consumer
C010203,2023-02-16,US,paid_social,consumer
C010204,2023-02-16,DE,referral,consumer
C010205,2023-02-16,GB,paid_social,small_business
C010206,2023-02-16,AU,paid_search,consumer
C010207,2023-02-16,US,paid_social,consumer
C010208,2023-02-16,AU,paid_social,small_business
C010209,2023-02-16,CA,referral,consumer
C010210,2023-02-16,DE,organic,consumer
C010211,2023-02-16,DE,paid_search,small_business
C010212,2023-02-16,AU,paid_social,consumer
C010213,2023-02-16,DE,referral,consumer
C010214,2023-02-16,US,paid_search,consumer
C010215,2023-02-16,US,paid_search,consumer
C010216,2023-02-16,US,paid_search,consumer
C010217,2023-02-16,AU,organic,consumer
C010218,2023-02-16,US,organic,consumer
C010219,2023-02-16,US,affiliate,consumer
C010220,2023-02-16,GB,paid_social,consumer
C010221,2023-02-16,DE,affiliate,consumer
C010222,2023-02-16,US,paid_search,small_business
C010223,2023-02-16,DE,paid_search,consumer
C010224,2023-02-16,US,organic,consumer
C010225,2023-02-16,GB,referral,enterprise
C010226,2023-02-16,US,referral,consumer
C010227,2023-02-16,GB,paid_search,consumer
C010228,2023-02-16,US,organic,consumer
C010229,2023-02-16,US,organic,consumer
C010230,2023-02-16,US,paid_search,consumer
C010231,2023-02-16,US,referral,consumer
C010232,2023-02-16,CA,organic,consumer
C010233,2023-02-16,US,paid_social,small_business
C010234,2023-02-16,US,organic,consumer
C010235,2023-02-16,GB,paid_search,consumer
C010236,2023-02-16,US,organic,consumer
C010237,2023-02-16,US,paid_social,consumer
C010238,2023-02-16,US,paid_search,consumer
C010239,2023-02-16,DE,paid_search,consumer
C010240,2023-02-16,US,paid_search,small_business
C010241,2023-02-16,US,referral,small_business
C010242,2023-02-16,GB,referral,consumer
C010243,2023-02-16,DE,paid_social,consumer
C010244,2023-02-16,US,paid_search,consumer
C010245,2023-02-16,US,paid_search,consumer
C010246,2023-02-16,AU,paid_search,consumer
C010247,2023-02-16,US,paid_search,consumer
C010248,2023-02-16,US,paid_social,consumer
C010249,2023-02-16,US,organic,consumer
C010250,2023-02-16,CA,organic,consumer
C010251,2023-02-16,DE,organic,enterprise
C010252,2023-02-16,US,paid_social,small_business
C010253,2023-02-16,US,paid_social,consumer
C010254,2023-02-16,US,paid_search,consumer
C010255,2023-02-16,US,referral,small_business
C010256,2023-02-16,US,referral,consumer
C010257,2023-02-16,AU,referral,consumer
C010258,2023-02-16,AU,paid_social,consumer
C010259,2023-02-16,DE,paid_social,consumer
C010260,2023-02-16,US,paid_search,consumer
C010261,2023-02-16,US,paid_social,consumer
C010262,2023-02-16,GB,organic,consumer
C010263,2023-02-16,GB,paid_social,consumer
C010264,2023-02-16,US,referral,consumer
C010265,2023-02-16,US,organic,consumer
C010266,2023-02-16,US,organic,consumer
C010267,2023-02-16,CA,paid_search,small_business
C010268,2023-02-16,US,organic,consumer
C010269,2023-02-16,GB,paid_social,consumer
C010270,2023-02-16,US,referral,consumer
C010271,2023-02-16,AU,paid_social,consumer
C010272,2023-02-16,US,paid_search,consumer
C010273,2023-02-16,CA,organic,consumer
C010274,2023-02-16,US,organic,consumer
C010275,2023-02-16,US,affiliate,consumer
C010276,2023-02-16,US,organic,small_business
C010277,2023-02-16,US,paid_social,consumer
C010278,2023-02-16,US,affiliate,consumer
C010279,2023-02-16,GB,paid_search,consumer
C010280,2023-02-16,US,organic,enterprise
C010281,2023-02-16,DE,organic,consumer
C010282,2023-02-16,US,affiliate,consumer
C010283,2023-02-16,US,affiliate,consumer
C010284,2023-02-16,AU,paid_search,consumer
C010285,2023-02-16,DE,affiliate,consumer
C010286,2023-02-16,US,organic,consumer
C010287,2023-02-16,US,paid_search,consumer
C010288,2023-02-16,US,organic,small_business
C010289,2023-02-16,CA,organic,consumer
C010290,2023-02-16,US,organic,consumer
C010291,2023-02-16,CA,organic,consumer
C010292,2023-02-16,US,paid_social,small_business
C010293,2023-02-16,US,organic,consumer
C010294,2023-02-16,CA,paid_search,consumer
C010295,2023-02-16,US,paid_social,consumer
C010296,2023-02-16,GB,paid_search,consumer
C010297,2023-02-16,US,referral,consumer
C010298,2023-02-16,US,organic,consumer
C010299,2023-02-16,US,organic,consumer
C010300,2023-02-16,GB,affiliate,small_business
C010301,2023-02-16,US,paid_social,consumer
C010302,2023-02-16,US,paid_search,small_business
C010303,2023-02-16,US,affiliate,consumer
C010304,2023-02-16,US,organic,consumer
C010305,2023-02-16,US,paid_search,consumer
C010306,2023-02-16,US,paid_social,enterprise
C010307,2023-02-16,US,paid_social,small_business
C010308,2023-02-16,AU,referral,consumer
C010309,2023-02-16,US,organic,consumer
C010310,2023-02-16,US,paid_search,consumer
C010311,2023-02-16,US,paid_search,small_business
C010312,2023-02-16,US,referral,consumer
C010313,2023-02-16,US,referral,small_business
C010314,2023-02-16,DE,affiliate,consumer
C010315,2023-02-16,US,paid_social,consumer
C010316,2023-02-16,CA,organic,consumer
C010317,2023-02-16,CA,organic,consumer
C010318,2023-02-16,US,affiliate,small_business
C010319,2023-02-16,GB,affiliate,consumer
C010320,2023-02-16,US,referral,consumer
C010321,2023-02-16,CA,organic,consumer
C010322,2023-02-16,GB,paid_social,consumer
C010323,2023-02-16,US,organic,consumer
C010324,2023-02-16,US,organic,consumer
C010325,2023-02-16,AU,paid_search,consumer
C010326,2023-02-16,US,organic,small_business
C010327,2023-02-16,US,paid_search,small_business
C010328,2023-02-16,US,paid_search,consumer
C010329,2023-02-16,US,organic,consumer
C010330,2023-02-16,DE,affiliate,consumer
C010331,2023-02-17,US,organic,consumer
C010332,2023-02-17,US,paid_search,consumer
C010333,2023-02-17,GB,paid_social,consumer
C010334,2023-02-17,US,referral,consumer
C010335,2023-02-17,US,paid_search,consumer
C010336,2023-02-17,US,referral,small_business
C010337,2023-02-17,US,referral,consumer
C010338,2023-02-17,US,affiliate,consumer
C010339,2023-02-17,CA,paid_search,consumer
C010340,2023-02-17,US,referral,consumer
C010341,2023-02-17,US,referral,small_business
C010342,2023-02-17,CA,organic,consumer
C010343,2023-02-17,US,referral,consumer
C010344,2023-02-17,US,paid_social,consumer
C010345,2023-02-17,US,organic,consumer
C010346,2023-02-17,US,organic,small_business
C010347,2023-02-17,US,organic,consumer
C010348,2023-02-17,US,paid_search,consumer
C010349,2023-02-17,GB,referral,consumer
C010350,2023-02-17,US,organic,small_business
C010351,2023-02-17,US,paid_search,small_business
C010352,2023-02-17,CA,organic,consumer
C010353,2023-02-17,GB,organic,consumer
C010354,2023-02-17,GB,paid_social,small_business
C010355,2023-02-17,US,paid_search,consumer
C010356,2023-02-17,US,referral,small_business
C010357,2023-02-17,US,paid_social,consumer
C010358,2023-02-17,US,paid_search,consumer
C010359,2023-02-17,CA,organic,consumer
C010360,2023-02-17,US,referral,consumer
C010361,2023-02-17,DE,referral,consumer
C010362,2023-02-17,US,organic,small_business
C010363,2023-02-17,US,referral,consumer
C010364,2023-02-17,US,referral,consumer
C010365,2023-02-17,US,referral,consumer
C010366,2023-02-17,US,paid_search,small_business
C010367,2023-02-17,CA,organic,enterprise
C010368,2023-02-17,DE,organic,consumer
C010369,2023-02-17,US,organic,consumer
C010370,2023-02-17,US,organic,small_business
C010371,2023-02-17,US,paid_search,consumer
C010372,2023-02-17,US,paid_search,consumer
C010373,2023-02-17,US,affiliate,consumer
C010374,2023-02-17,US,organic,consumer
C010375,2023-02-17,DE,organic,consumer
C010376,2023-02-17,US,organic,consumer
C010377,2023-02-17,US,paid_social,consumer
C010378,2023-02-17,GB,affiliate,enterprise
C010379,2023-02-17,US,paid_social,consumer
C010380,2023-02-17,US,paid_social,consumer
C010381,2023-02-17,US,paid_search,small_business
C010382,2023-02-17,CA,referral,consumer
C010383,2023-02-17,US,organic,consumer
C010384,2023-02-17,GB,referral,consumer
C010385,2023-02-17,US,paid_search,consumer
C010386,2023-02-17,DE,referral,small_business
C010387,2023-02-17,US,organic,consumer
C010388,2023-02-17,CA,paid_search,consumer
C010389,2023-02-17,US,affiliate,consumer
C010390,2023-02-17,US,paid_search,consumer
C010391,2023-02-17,CA,organic,consumer
C010392,2023-02-17,AU,organic,consumer
C010393,2023-02-17,US,organic,small_business
C010394,2023-02-17,US,organic,consumer
C010395,2023-02-17,CA,paid_search,consumer
C010396,2023-02-17,US,paid_search,consumer
C010397,2023-02-17,US,affiliate,consumer
C010398,2023-02-17,US,referral,small_business
C010399,2023-02-17,US,paid_search,small_business
C010400,2023-02-17,AU,organic,consumer
C010401,2023-02-17,US,referral,consumer
C010402,2023-02-17,US,paid_search,small_business
C010403,2023-02-17,GB,paid_social,consumer
C010404,2023-02-17,US,paid_social,consumer
C010405,2023-02-17,US,paid_social,consumer
C010406,2023-02-17,DE,paid_search,small_business
C010407,2023-02-17,US,paid_search,consumer
C010408,2023-02-17,US,paid_social,consumer
C010409,2023-02-17,US,organic,consumer
C010410,2023-02-17,US,paid_search,consumer
C010411,2023-02-17,US,paid_search,consumer
C010412,2023-02-17,GB,referral,consumer
C010413,2023-02-17,US,organic,consumer
C010414,2023-02-17,US,organic,small_business
C010415,2023-02-17,GB,paid_search,consumer
C010416,2023-02-17,US,paid_social,consumer
C010417,2023-02-17,US,affiliate,consumer
C010418,2023-02-17,US,paid_search,consumer
C010419,2023-02-17,CA,paid_social,small_business
C010420,2023-02-17,DE,organic,consumer
C010421,2023-02-17,US,referral,consumer
C010422,2023-02-17,US,paid_search,consumer
C010423,2023-02-17,US,paid_search,consumer
C010424,2023-02-17,US,organic,consumer
C010425,2023-02-17,US,organic,consumer
C010426,2023-02-17,GB,paid_social,consumer
C010427,2023-02-17,GB,paid_social,small_business
C010428,2023-02-17,US,paid_social,consumer
C010429,2023-02-17,US,paid_search,consumer
C010430,2023-02-17,US,paid_social,consumer
C010431,2023-02-17,US,organic,consumer
C010432,2023-02-17,US,paid_social,consumer
C010433,2023-02-17,CA,paid_search,consumer
C010434,2023-02-17,US,affiliate,consumer
C010435,2023-02-17,DE,paid_search,enterprise
C010436,2023-02-17,US,paid_social,consumer
C010437,2023-02-17,US,affiliate,consumer
C010438,2023-02-17,US,referral,consumer
C010439,2023-02-17,CA,organic,enterprise
C010440,2023-02-17,DE,affiliate,consumer
C010441,2023-02-17,GB,referral,consumer
C010442,2023-02-17,US,paid_search,consumer
C010443,2023-02-17,US,organic,consumer
C010444,2023-02-17,US,organic,small_business
C010445,2023-02-17,US,organic,consumer
C010446,2023-02-17,AU,paid_social,consumer
C010447,2023-02-17,US,affiliate,consumer
C010448,2023-02-17,DE,affiliate,consumer
C010449,2023-02-17,CA,organic,consumer
C010450,2023-02-17,CA,referral,consumer
C010451,2023-02-17,US,organic,consumer
C010452,2023-02-17,AU,affiliate,consumer
C010453,2023-02-17,DE,paid_search,consumer
C010454,2023-02-17,US,paid_search,enterprise
C010455,2023-02-17,US,organic,small_business
C010456,2023-02-17,US,paid_search,consumer
C010457,2023-02-17,US,referral,consumer
C010458,2023-02-17,DE,paid_social,consumer
C010459,2023-02-17,US,paid_search,consumer
C010460,2023-02-17,AU,referral,consumer
C010461,2023-02-17,US,paid_social,consumer
C010462,2023-02-17,US,affiliate,consumer
C010463,2023-02-17,US,paid_social,consumer
C010464,2023-02-17,US,organic,consumer
C010465,2023-02-17,US,organic,small_business
C010466,2023-02-17,US,paid_social,consumer
C010467,2023-02-17,US,paid_social,consumer
C010468,2023-02-17,US,organic,consumer
C010469,2023-02-17,GB,paid_social,consumer
C010470,2023-02-17,US,paid_search,consumer
C010471,2023-02-17,US,referral,consumer
C010472,2023-02-17,AU,paid_social,consumer
C010473,2023-02-17,US,organic,consumer
C010474,2023-02-17,CA,referral,enterprise
C010475,2023-02-17,US,paid_search,enterprise
C010476,2023-02-17,US,organic,consumer
C010477,2023-02-17,AU,organic,consumer
C010478,2023-02-17,US,paid_social,small_business
C010479,2023-02-17,US,paid_social,consumer
C010480,2023-02-17,US,paid_search,consumer
C010481,2023-02-17,US,referral,consumer
C010482,2023-02-17,GB,referral,consumer
C010483,2023-02-17,CA,paid_search,consumer
C010484,2023-02-17,US,organic,consumer
C010485,2023-02-17,GB,paid_social,consumer
C010486,2023-02-17,US,referral,consumer
C010487,2023-02-17,CA,organic,consumer
C010488,2023-02-17,DE,organic,consumer
C010489,2023-02-17,GB,referral,consumer
C010490,2023-02-17,US,organic,consumer
C010491,2023-02-17,AU,organic,consumer
C010492,2023-02-17,US,paid_search,consumer
C010493,2023-02-17,US,paid_search,consumer
C010494,2023-02-17,DE,paid_search,consumer
C010495,2023-02-17,US,organic,consumer
C010496,2023-02-17,US,paid_search,consumer
C010497,2023-02-17,US,affiliate,consumer
C010498,2023-02-17,DE,organic,consumer
C010499,2023-02-17,US,organic,consumer
C010500,2023-02-17,US,paid_social,consumer
C010501,2023-02-17,CA,affiliate,consumer
C010502,2023-02-17,CA,affiliate,consumer
C010503,2023-02-17,DE,paid_social,consumer
C010504,2023-02-17,DE,paid_search,consumer
C010505,2023-02-17,US,organic,consumer
C010506,2023-02-17,US,paid_social,consumer
C010507,2023-02-17,US,referral,consumer
C010508,2023-02-17,AU,paid_search,small_business
C010509,2023-02-17,US,paid_search,consumer
C010510,2023-02-17,US,paid_social,consumer
C010511,2023-02-17,US,organic,consumer
C010512,2023-02-17,US,paid_social,small_business
C010513,2023-02-17,US,paid_search,consumer
C010514,2023-02-17,US,paid_social,consumer
C010515,2023-02-17,US,paid_search,consumer
C010516,2023-02-17,US,organic,consumer
C010517,2023-02-17,US,paid_social,consumer
C010518,2023-02-17,US,referral,consumer
C010519,2023-02-17,US,referral,consumer
C010520,2023-02-17,US,organic,consumer
C010521,2023-02-17,US,paid_social,consumer
C010522,2023-02-17,CA,paid_search,consumer
C010523,2023-02-17,US,referral,consumer
C010524,2023-02-17,US,paid_search,consumer
C010525,2023-02-17,GB,organic,small_business
C010526,2023-02-17,GB,organic,consumer
C010527,2023-02-17,US,paid_social,consumer
C010528,2023-02-17,US,paid_social,consumer
C010529,2023-02-17,US,referral,consumer
C010530,2023-02-17,US,paid_social,consumer
C010531,2023-02-17,AU,affiliate,consumer
C010532,2023-02-17,GB,organic,consumer
C010533,2023-02-17,AU,referral,consumer
C010534,2023-02-17,CA,paid_social,consumer
C010535,2023-02-17,GB,organic,consumer
C010536,2023-02-17,CA,organic,consumer
C010537,2023-02-17,US,referral,consumer
C010538,2023-02-17,US,paid_search,consumer
C010539,2023-02-17,AU,organic,consumer
C010540,2023-02-17,US,referral,consumer
C010541,2023-02-17,US,organic,consumer
C010542,2023-02-17,US,paid_social,consumer
C010543,2023-02-17,CA,paid_search,small_business
C010544,2023-02-17,US,paid_social,consumer
C010545,2023-02-17,US,affiliate,small_business
C010546,2023-02-17,US,paid_social,consumer
C010547,2023-02-17,US,paid_search,consumer
C010548,2023-02-17,US,organic,consumer
C010549,2023-02-17,US,paid_social,consumer
C010550,2023-02-17,GB,organic,consumer
C010551,2023-02-18,US,organic,consumer
C010552,2023-02-18,GB,affiliate,consumer
C010553,2023-02-18,US,organic,consumer
C010554,2023-02-18,GB,organic,small_business
C010555,2023-02-18,US,referral,consumer
C010556,2023-02-18,US,referral,small_business
C010557,2023-02-18,US,referral,consumer
C010558,2023-02-18,US,paid_social,consumer
C010559,2023-02-18,GB,organic,consumer
C010560,2023-02-18,US,paid_search,consumer
C010561,2023-02-18,GB,paid_social,consumer
C010562,2023-02-18,US,organic,small_business
C010563,2023-02-18,GB,organic,consumer
C010564,2023-02-18,AU,referral,consumer
C010565,2023-02-18,US,referral,consumer
C010566,2023-02-18,DE,paid_search,consumer
C010567,2023-02-18,GB,paid_search,consumer
C010568,2023-02-18,GB,paid_search,consumer
C010569,2023-02-18,CA,paid_search,consumer
C010570,2023-02-18,US,paid_social,consumer
C010571,2023-02-18,US,paid_search,small_business
C010572,2023-02-18,CA,referral,consumer
C010573,2023-02-18,US,organic,consumer
C010574,2023-02-18,DE,organic,enterprise
C010575,2023-02-18,US,paid_search,consumer
C010576,2023-02-18,US,paid_search,consumer
C010577,2023-02-18,US,paid_search,consumer
C010578,2023-02-18,US,paid_social,consumer
C010579,2023-02-18,US,paid_social,consumer
C010580,2023-02-18,US,paid_search,consumer
C010581,2023-02-18,US,paid_social,consumer
C010582,2023-02-18,AU,affiliate,consumer
C010583,2023-02-18,US,paid_social,consumer
C010584,2023-02-18,US,paid_search,consumer
C010585,2023-02-18,GB,paid_search,consumer
C010586,2023-02-18,AU,paid_social,consumer
C010587,2023-02-18,US,paid_search,consumer
C010588,2023-02-18,US,organic,consumer
C010589,2023-02-18,GB,paid_search,consumer
C010590,2023-02-18,GB,affiliate,consumer
C010591,2023-02-18,US,paid_search,consumer
C010592,2023-02-18,US,organic,consumer
C010593,2023-02-18,US,organic,small_business
C010594,2023-02-18,US,paid_search,consumer
C010595,2023-02-18,US,paid_social,consumer
C010596,2023-02-18,AU,affiliate,consumer
C010597,2023-02-18,US,organic,consumer
C010598,2023-02-18,DE,paid_search,small_business
C010599,2023-02-18,US,paid_search,consumer
C010600,2023-02-18,US,organic,consumer
C010601,2023-02-18,CA,paid_search,consumer
C010602,2023-02-18,US,paid_social,consumer
C010603,2023-02-18,US,organic,small_business
C010604,2023-02-18,CA,referral,enterprise
C010605,2023-02-18,US,organic,consumer
C010606,2023-02-18,US,paid_search,consumer
C010607,2023-02-18,US,organic,consumer
C010608,2023-02-18,US,referral,consumer
C010609,2023-02-18,CA,organic,small_business
C010610,2023-02-18,AU,referral,consumer
C010611,2023-02-18,US,referral,consumer
C010612,2023-02-18,GB,organic,small_business
C010613,2023-02-18,US,organic,consumer
C010614,2023-02-18,US,paid_social,consumer
C010615,2023-02-18,US,referral,small_business
C010616,2023-02-18,GB,paid_search,consumer
C010617,2023-02-18,US,organic,consumer
C010618,2023-02-18,US,paid_search,consumer
C010619,2023-02-18,US,referral,enterprise
C010620,2023-02-18,AU,paid_search,consumer
C010621,2023-02-18,US,paid_search,enterprise
C010622,2023-02-18,US,organic,consumer
C010623,2023-02-18,AU,affiliate,consumer
C010624,2023-02-18,US,paid_search,consumer
C010625,2023-02-18,AU,paid_social,enterprise
C010626,2023-02-18,US,paid_search,consumer
C010627,2023-02-18,US,organic,consumer
C010628,2023-02-18,US,paid_social,enterprise
C010629,2023-02-18,US,paid_search,small_business
C010630,2023-02-18,US,organic,consumer
C010631,2023-02-18,US,paid_search,consumer
C010632,2023-02-18,US,organic,consumer
C010633,2023-02-18,CA,paid_social,consumer
C010634,2023-02-18,US,organic,consumer
C010635,2023-02-18,US,paid_social,consumer
C010636,2023-02-18,CA,affiliate,consumer
C010637,2023-02-18,US,paid_search,small_business
C010638,2023-02-18,US,paid_search,consumer
C010639,2023-02-18,US,referral,consumer
C010640,2023-02-18,US,paid_search,consumer
C010641,2023-02-18,US,paid_search,consumer
C010642,2023-02-18,US,paid_search,small_business
C010643,2023-02-18,US,paid_search,consumer
C010644,2023-02-18,CA,paid_search,consumer
C010645,2023-02-18,US,referral,consumer
C010646,2023-02-18,US,paid_search,consumer
C010647,2023-02-18,CA,organic,consumer
C010648,2023-02-18,GB,paid_search,consumer
C010649,2023-02-18,US,paid_social,small_business
C010650,2023-02-18,US,organic,consumer
C010651,2023-02-18,GB,paid_search,consumer
C010652,2023-02-18,GB,paid_social,consumer
C010653,2023-02-18,US,paid_social,small_business
C010654,2023-02-18,US,paid_social,consumer
C010655,2023-02-18,AU,paid_social,consumer
C010656,2023-02-18,CA,organic,small_business
C010657,2023-02-18,CA,paid_search,consumer
C010658,2023-02-18,CA,affiliate,consumer
C010659,2023-02-18,US,paid_search,consumer
C010660,2023-02-18,US,paid_search,consumer
C010661,2023-02-18,US,organic,consumer
C010662,2023-02-18,CA,referral,consumer
C010663,2023-02-18,DE,paid_social,consumer
C010664,2023-02-18,US,organic,consumer
C010665,2023-02-18,AU,organic,small_business
C010666,2023-02-18,US,organic,consumer
C010667,2023-02-18,US,paid_social,consumer
C010668,2023-02-18,US,paid_search,small_business
C010669,2023-02-18,US,organic,consumer
C010670,2023-02-18,US,organic,consumer
C010671,2023-02-18,US,paid_social,consumer
C010672,2023-02-18,GB,paid_search,consumer
C010673,2023-02-18,AU,affiliate,small_business
C010674,2023-02-18,US,paid_search,consumer
C010675,2023-02-18,US,organic,consumer
C010676,2023-02-18,US,organic,consumer
C010677,2023-02-18,US,organic,consumer
C010678,2023-02-18,CA,paid_search,consumer
C010679,2023-02-18,AU,paid_social,consumer
C010680,2023-02-18,US,referral,consumer
C010681,2023-02-18,US,paid_social,consumer
C010682,2023-02-18,GB,paid_social,consumer
C010683,2023-02-18,US,affiliate,consumer
C010684,2023-02-18,GB,paid_social,consumer
C010685,2023-02-18,DE,organic,consumer
C010686,2023-02-18,US,paid_search,small_business
C010687,2023-02-18,CA,organic,consumer
C010688,2023-02-18,CA,organic,consumer
C010689,2023-02-18,AU,paid_social,small_business
C010690,2023-02-18,CA,paid_search,consumer
C010691,2023-02-18,US,organic,enterprise
C010692,2023-02-18,GB,organic,small_business
C010693,2023-02-18,US,organic,consumer
C010694,2023-02-18,US,paid_social,small_business
C010695,2023-02-18,US,paid_social,consumer
C010696,2023-02-18,AU,referral,consumer
C010697,2023-02-18,US,paid_social,consumer
C010698,2023-02-18,US,paid_search,consumer
C010699,2023-02-18,GB,organic,consumer
C010700,2023-02-18,US,paid_search,consumer
C010701,2023-02-18,AU,affiliate,consumer
C010702,2023-02-18,GB,paid_search,enterprise
C010703,2023-02-18,US,affiliate,consumer
C010704,2023-02-18,US,organic,consumer
C010705,2023-02-18,US,paid_social,consumer
C010706,2023-02-18,US,referral,small_business
C010707,2023-02-18,US,paid_social,consumer
C010708,2023-02-18,US,paid_search,consumer
C010709,2023-02-18,CA,organic,consumer
C010710,2023-02-18,US,referral,consumer
C010711,2023-02-18,US,organic,consumer
C010712,2023-02-18,DE,paid_social,consumer
C010713,2023-02-18,US,referral,consumer
C010714,2023-02-18,US,referral,consumer
C010715,2023-02-18,DE,organic,consumer
C010716,2023-02-18,US,organic,consumer
C010717,2023-02-18,US,organic,small_business
C010718,2023-02-18,AU,paid_search,consumer
C010719,2023-02-18,AU,paid_search,consumer
C010720,2023-02-18,CA,organic,consumer
C010721,2023-02-18,CA,paid_search,consumer
C010722,2023-02-18,AU,paid_search,consumer
C010723,2023-02-18,US,paid_search,consumer
C010724,2023-02-18,CA,organic,consumer
C010725,2023-02-18,US,affiliate,consumer
C010726,2023-02-18,US,organic,consumer
C010727,2023-02-18,DE,organic,consumer
C010728,2023-02-18,US,paid_search,consumer
C010729,2023-02-18,US,paid_search,consumer
C010730,2023-02-18,AU,organic,consumer
C010731,2023-02-18,GB,organic,consumer
C010732,2023-02-18,DE,paid_search,consumer
C010733,2023-02-18,AU,paid_search,small_business
C010734,2023-02-18,US,organic,small_business
C010735,2023-02-18,US,organic,consumer
C010736,2023-02-18,AU,referral,consumer
C010737,2023-02-18,US,organic,consumer
C010738,2023-02-18,CA,paid_search,consumer
C010739,2023-02-18,US,paid_search,small_business
C010740,2023-02-18,DE,organic,small_business
C010741,2023-02-18,US,paid_social,consumer
C010742,2023-02-18,US,paid_social,consumer
C010743,2023-02-18,US,paid_search,consumer
C010744,2023-02-18,CA,organic,consumer
C010745,2023-02-18,AU,referral,consumer
C010746,2023-02-18,US,paid_social,consumer
C010747,2023-02-18,AU,paid_search,consumer
C010748,2023-02-18,US,organic,consumer
C010749,2023-02-18,AU,organic,consumer
C010750,2023-02-18,US,paid_search,consumer
C010751,2023-02-18,US,paid_social,consumer
C010752,2023-02-18,AU,organic,consumer
C010753,2023-02-18,US,organic,consumer
C010754,2023-02-18,US,organic,consumer
C010755,2023-02-18,CA,organic,consumer
C010756,2023-02-18,US,paid_search,consumer
C010757,2023-02-18,US,affiliate,consumer
C010758,2023-02-18,US,referral,consumer
C010759,2023-02-18,US,paid_social,small_business
C010760,2023-02-18,DE,referral,consumer
C010761,2023-02-18,AU,organic,small_business
C010762,2023-02-18,DE,paid_social,consumer
C010763,2023-02-18,US,affiliate,small_business
C010764,2023-02-18,US,paid_social,consumer
C010765,2023-02-18,US,organic,consumer
C010766,2023-02-18,US,paid_search,consumer
C010767,2023-02-18,AU,organic,consumer
C010768,2023-02-18,US,paid_search,small_business
C010769,2023-02-18,US,paid_search,consumer
C010770,2023-02-18,US,paid_social,consumer
C010771,2023-02-19,CA,affiliate,consumer
C010772,2023-02-19,CA,paid_social,consumer
C010773,2023-02-19,US,referral,small_business
C010774,2023-02-19,US,paid_search,small_business
C010775,2023-02-19,AU,affiliate,consumer
C010776,2023-02-19,DE,paid_search,consumer
C010777,2023-02-19,AU,paid_search,consumer
C010778,2023-02-19,AU,paid_social,consumer
C010779,2023-02-19,US,paid_search,consumer
C010780,2023-02-19,DE,organic,consumer
C010781,2023-02-19,US,referral,consumer
C010782,2023-02-19,CA,organic,consumer
C010783,2023-02-19,US,affiliate,consumer
C010784,2023-02-19,CA,paid_social,small_business
C010785,2023-02-19,US,paid_search,consumer
C010786,2023-02-19,US,referral,consumer
C010787,2023-02-19,AU,referral,consumer
C010788,2023-02-19,GB,organic,consumer
C010789,2023-02-19,US,organic,consumer
C010790,2023-02-19,US,organic,consumer
C010791,2023-02-19,US,paid_search,consumer
C010792,2023-02-19,CA,paid_search,consumer
C010793,2023-02-19,US,organic,consumer
C010794,2023-02-19,CA,affiliate,consumer
C010795,2023-02-19,US,organic,consumer
C010796,2023-02-19,CA,referral,small_business
C010797,2023-02-19,US,paid_search,consumer
C010798,2023-02-19,GB,paid_social,enterprise
C010799,2023-02-19,AU,referral,consumer
C010800,2023-02-19,US,organic,small_business
C010801,2023-02-19,US,organic,small_business
C010802,2023-02-19,GB,organic,consumer
C010803,2023-02-19,DE,referral,small_business
C010804,2023-02-19,CA,organic,enterprise
C010805,2023-02-19,US,paid_search,consumer
C010806,2023-02-19,US,referral,consumer
C010807,2023-02-19,US,organic,consumer
C010808,2023-02-19,US,organic,consumer
C010809,2023-02-19,CA,referral,consumer
C010810,2023-02-19,US,organic,consumer
C010811,2023-02-19,GB,referral,consumer
C010812,2023-02-19,AU,referral,consumer
C010813,2023-02-19,US,paid_social,consumer
C010814,2023-02-19,US,paid_search,small_business
C010815,2023-02-19,AU,affiliate,small_business
C010816,2023-02-19,US,paid_social,consumer
C010817,2023-02-19,DE,affiliate,consumer
C010818,2023-02-19,DE,referral,consumer
C010819,2023-02-19,GB,affiliate,consumer
C010820,2023-02-19,CA,organic,consumer
C010821,2023-02-19,GB,referral,consumer
C010822,2023-02-19,US,paid_social,small_business
C010823,2023-02-19,US,organic,consumer
C010824,2023-02-19,US,affiliate,consumer
C010825,2023-02-19,DE,paid_search,consumer
C010826,2023-02-19,US,referral,consumer
C010827,2023-02-19,US,paid_social,consumer
C010828,2023-02-19,US,organic,consumer
C010829,2023-02-19,US,organic,consumer
C010830,2023-02-19,CA,paid_search,small_business
C010831,2023-02-19,US,affiliate,consumer
C010832,2023-02-19,US,affiliate,consumer
C010833,2023-02-19,US,affiliate,consumer
C010834,2023-02-19,CA,organic,consumer
C010835,2023-02-19,US,paid_social,consumer
C010836,2023-02-19,AU,organic,small_business
C010837,2023-02-19,US,paid_social,small_business
C010838,2023-02-19,CA,organic,small_business
C010839,2023-02-19,US,paid_search,consumer
C010840,2023-02-19,GB,paid_search,consumer
C010841,2023-02-19,DE,organic,consumer
C010842,2023-02-19,US,organic,consumer
C010843,2023-02-19,DE,organic,consumer
C010844,2023-02-19,DE,paid_social,consumer
C010845,2023-02-19,DE,paid_search,consumer
C010846,2023-02-19,US,paid_search,small_business
C010847,2023-02-19,US,paid_social,consumer
C010848,2023-02-19,US,paid_social,consumer
C010849,2023-02-19,AU,paid_social,consumer
C010850,2023-02-19,DE,organic,consumer
C010851,2023-02-19,DE,organic,small_business
C010852,2023-02-19,AU,organic,consumer
C010853,2023-02-19,GB,paid_search,small_business
C010854,2023-02-19,US,referral,enterprise
C010855,2023-02-19,GB,paid_search,consumer
C010856,2023-02-19,AU,paid_search,small_business
C010857,2023-02-19,AU,paid_social,consumer
C010858,2023-02-19,US,organic,consumer
C010859,2023-02-19,US,affiliate,consumer
C010860,2023-02-19,US,referral,consumer
C010861,2023-02-19,US,affiliate,small_business
C010862,2023-02-19,GB,organic,consumer
C010863,2023-02-19,US,affiliate,consumer
C010864,2023-02-19,CA,referral,consumer
C010865,2023-02-19,US,paid_search,consumer
C010866,2023-02-19,CA,affiliate,consumer
C010867,2023-02-19,US,affiliate,consumer
C010868,2023-02-19,US,paid_social,consumer
C010869,2023-02-19,US,organic,enterprise
C010870,2023-02-19,GB,affiliate,enterprise
C010871,2023-02-19,US,referral,consumer
C010872,2023-02-19,US,paid_social,consumer
C010873,2023-02-19,US,organic,small_business
C010874,2023-02-19,US,affiliate,consumer
C010875,2023-02-19,US,organic,consumer
C010876,2023-02-19,US,referral,consumer
C010877,2023-02-19,GB,referral,consumer
C010878,2023-02-19,US,referral,consumer
C010879,2023-02-19,DE,organic,consumer
C010880,2023-02-19,US,organic,consumer
C010881,2023-02-19,US,paid_social,consumer
C010882,2023-02-19,AU,paid_search,consumer
C010883,2023-02-19,US,paid_search,consumer
C010884,2023-02-19,CA,paid_search,enterprise
C010885,2023-02-19,US,paid_search,consumer
C010886,2023-02-19,US,affiliate,consumer
C010887,2023-02-19,US,referral,consumer
C010888,2023-02-19,DE,organic,consumer
C010889,2023-02-19,DE,organic,consumer
C010890,2023-02-19,DE,organic,small_business
C010891,2023-02-19,US,organic,consumer
C010892,2023-02-19,AU,paid_social,small_business
C010893,2023-02-19,US,organic,consumer
C010894,2023-02-19,US,affiliate,consumer
C010895,2023-02-19,US,paid_search,consumer
C010896,2023-02-19,GB,paid_social,consumer
C010897,2023-02-19,US,paid_social,small_business
C010898,2023-02-19,US,organic,enterprise
C010899,2023-02-19,GB,paid_search,consumer
C010900,2023-02-19,US,affiliate,consumer
C010901,2023-02-19,US,paid_social,consumer
C010902,2023-02-19,US,organic,small_business
C010903,2023-02-19,AU,paid_social,consumer
C010904,2023-02-19,US,organic,consumer
C010905,2023-02-19,US,organic,consumer
C010906,2023-02-19,US,paid_search,consumer
C010907,2023-02-19,CA,paid_search,consumer
C010908,2023-02-19,US,paid_search,consumer
C010909,2023-02-19,CA,paid_social,consumer
C010910,2023-02-19,US,paid_search,consumer
C010911,2023-02-19,US,paid_social,consumer
C010912,2023-02-19,US,paid_social,consumer
C010913,2023-02-19,US,organic,consumer
C010914,2023-02-19,GB,paid_search,consumer
C010915,2023-02-19,US,organic,enterprise
C010916,2023-02-19,CA,organic,consumer
C010917,2023-02-19,US,organic,consumer
C010918,2023-02-19,US,organic,consumer
C010919,2023-02-19,DE,organic,consumer
C010920,2023-02-19,GB,affiliate,small_business
C010921,2023-02-19,US,paid_search,consumer
C010922,2023-02-19,GB,organic,small_business
C010923,2023-02-19,US,organic,consumer
C010924,2023-02-19,US,paid_social,consumer
C010925,2023-02-19,US,organic,consumer
C010926,2023-02-19,US,organic,consumer
C010927,2023-02-19,US,referral,consumer
C010928,2023-02-19,GB,paid_social,small_business
C010929,2023-02-19,US,organic,consumer
C010930,2023-02-19,AU,organic,consumer
C010931,2023-02-19,GB,paid_search,small_business
C010932,2023-02-19,DE,paid_search,consumer
C010933,2023-02-19,US,affiliate,consumer
C010934,2023-02-19,GB,paid_search,small_business
C010935,2023-02-19,US,organic,consumer
C010936,2023-02-19,US,referral,consumer
C010937,2023-02-19,DE,paid_search,consumer
C010938,2023-02-19,GB,organic,small_business
C010939,2023-02-19,US,paid_search,small_business
C010940,2023-02-19,US,paid_search,consumer
C010941,2023-02-19,DE,organic,consumer
C010942,2023-02-19,US,paid_social,small_business
C010943,2023-02-19,GB,paid_search,consumer
C010944,2023-02-19,CA,organic,consumer
C010945,2023-02-19,AU,organic,consumer
C010946,2023-02-19,DE,affiliate,small_business
C010947,2023-02-19,US,organic,consumer
C010948,2023-02-19,GB,paid_search,consumer
C010949,2023-02-19,GB,organic,consumer
C010950,2023-02-19,US,organic,consumer
C010951,2023-02-19,DE,paid_social,consumer
C010952,2023-02-19,US,organic,consumer
C010953,2023-02-19,US,paid_search,small_business
C010954,2023-02-19,US,organic,consumer
C010955,2023-02-19,US,affiliate,consumer
C010956,2023-02-19,DE,organic,consumer
C010957,2023-02-19,US,paid_social,consumer
C010958,2023-02-19,US,paid_search,consumer
C010959,2023-02-19,AU,paid_social,consumer
C010960,2023-02-19,DE,paid_search,consumer
C010961,2023-02-19,US,paid_search,small_business
C010962,2023-02-19,US,paid_social,consumer
C010963,2023-02-19,US,paid_search,consumer
C010964,2023-02-19,US,paid_social,consumer
C010965,2023-02-19,US,paid_search,consumer
C010966,2023-02-19,US,paid_social,small_business
C010967,2023-02-19,GB,organic,consumer
C010968,2023-02-19,US,organic,consumer
C010969,2023-02-19,DE,organic,consumer
C010970,2023-02-19,US,organic,consumer
C010971,2023-02-19,US,affiliate,consumer
C010972,2023-02-19,CA,paid_social,consumer
C010973,2023-02-19,GB,affiliate,small_business
C010974,2023-02-19,US,affiliate,enterprise
C010975,2023-02-19,US,paid_social,consumer
C010976,2023-02-19,US,referral,consumer
C010977,2023-02-19,US,affiliate,consumer
C010978,2023-02-19,US,organic,consumer
C010979,2023-02-19,US,organic,consumer
C010980,2023-02-19,US,paid_search,small_business
C010981,2023-02-19,US,organic,small_business
C010982,2023-02-19,US,organic,consumer
C010983,2023-02-19,DE,paid_search,consumer
C010984,2023-02-19,US,affiliate,consumer
C010985,2023-02-19,US,paid_social,consumer
C010986,2023-02-19,US,organic,consumer
C010987,2023-02-19,US,referral,consumer
C010988,2023-02-19,US,organic,consumer
C010989,2023-02-19,US,paid_search,consumer
C010990,2023-02-19,US,paid_search,consumer
C010991,2023-02-20,US,affiliate,consumer
C010992,2023-02-20,CA,paid_social,consumer
C010993,2023-02-20,CA,paid_social,consumer
C010994,2023-02-20,DE,paid_social,consumer
C010995,2023-02-20,US,paid_search,consumer
C010996,2023-02-20,US,referral,small_business
C010997,2023-02-20,US,paid_social,consumer
C010998,2023-02-20,US,paid_search,consumer
C010999,2023-02-20,US,paid_social,consumer
C011000,2023-02-20,US,organic,consumer
C011001,2023-02-20,US,organic,consumer
C011002,2023-02-20,US,paid_search,consumer
C011003,2023-02-20,DE,affiliate,consumer
C011004,2023-02-20,US,paid_search,consumer
C011005,2023-02-20,US,paid_search,consumer
C011006,2023-02-20,US,organic,consumer
C011007,2023-02-20,US,paid_search,consumer
C011008,2023-02-20,AU,organic,consumer
C011009,2023-02-20,GB,organic,consumer
C011010,2023-02-20,US,paid_search,small_business
C011011,2023-02-20,US,affiliate,consumer
C011012,2023-02-20,DE,referral,consumer
C011013,2023-02-20,US,affiliate,small_business
C011014,2023-02-20,GB,referral,consumer
C011015,2023-02-20,GB,affiliate,consumer
C011016,2023-02-20,DE,paid_search,consumer
C011017,2023-02-20,GB,paid_search,consumer
C011018,2023-02-20,DE,organic,consumer
C011019,2023-02-20,CA,organic,consumer
C011020,2023-02-20,US,paid_social,small_business
C011021,2023-02-20,US,paid_search,small_business
C011022,2023-02-20,DE,paid_search,consumer
C011023,2023-02-20,US,paid_social,small_business
C011024,2023-02-20,US,referral,consumer
C011025,2023-02-20,US,paid_search,consumer
C011026,2023-02-20,US,paid_search,consumer
C011027,2023-02-20,US,organic,small_business
C011028,2023-02-20,US,paid_social,small_business
C011029,2023-02-20,US,paid_social,small_business
C011030,2023-02-20,US,paid_social,consumer
C011031,2023-02-20,US,paid_social,consumer
C011032,2023-02-20,CA,paid_search,consumer
C011033,2023-02-20,AU,organic,consumer
C011034,2023-02-20,US,referral,consumer
C011035,2023-02-20,US,referral,consumer
C011036,2023-02-20,US,organic,consumer
C011037,2023-02-20,US,organic,consumer
C011038,2023-02-20,US,organic,consumer
C011039,2023-02-20,GB,organic,small_business
C011040,2023-02-20,US,organic,small_business
C011041,2023-02-20,DE,paid_social,consumer
C011042,2023-02-20,GB,paid_search,consumer
C011043,2023-02-20,US,organic,consumer
C011044,2023-02-20,US,referral,consumer
C011045,2023-02-20,US,paid_social,consumer
C011046,2023-02-20,AU,organic,consumer
C011047,2023-02-20,US,paid_search,consumer
C011048,2023-02-20,US,referral,consumer
C011049,2023-02-20,GB,organic,consumer
C011050,2023-02-20,US,paid_social,consumer
C011051,2023-02-20,DE,paid_social,consumer
C011052,2023-02-20,US,referral,consumer
C011053,2023-02-20,US,paid_search,consumer
C011054,2023-02-20,US,organic,consumer
C011055,2023-02-20,US,paid_search,consumer
C011056,2023-02-20,US,paid_search,consumer
C011057,2023-02-20,US,organic,consumer
C011058,2023-02-20,US,paid_social,consumer
C011059,2023-02-20,US,referral,small_business
C011060,2023-02-20,DE,organic,consumer
C011061,2023-02-20,US,paid_social,consumer
C011062,2023-02-20,US,paid_search,consumer
C011063,2023-02-20,AU,affiliate,consumer
C011064,2023-02-20,DE,paid_search,consumer
C011065,2023-02-20,US,organic,consumer
C011066,2023-02-20,US,paid_social,consumer
C011067,2023-02-20,US,affiliate,consumer
C011068,2023-02-20,US,paid_search,consumer
C011069,2023-02-20,US,organic,small_business
C011070,2023-02-20,US,paid_search,consumer
C011071,2023-02-20,US,paid_social,consumer
C011072,2023-02-20,US,paid_social,consumer
C011073,2023-02-20,CA,affiliate,consumer
C011074,2023-02-20,GB,paid_social,consumer
C011075,2023-02-20,US,paid_search,consumer
C011076,2023-02-20,GB,paid_search,enterprise
C011077,2023-02-20,US,paid_search,consumer
C011078,2023-02-20,AU,organic,consumer
C011079,2023-02-20,GB,paid_search,consumer
C011080,2023-02-20,CA,organic,consumer
C011081,2023-02-20,US,paid_search,consumer
C011082,2023-02-20,GB,paid_social,consumer
C011083,2023-02-20,US,organic,consumer
C011084,2023-02-20,US,referral,consumer
C011085,2023-02-20,US,organic,consumer
C011086,2023-02-20,US,referral,consumer
C011087,2023-02-20,US,paid_search,consumer
C011088,2023-02-20,CA,organic,consumer
C011089,2023-02-20,CA,organic,consumer
C011090,2023-02-20,US,paid_search,consumer
C011091,2023-02-20,GB,organic,consumer
C011092,2023-02-20,US,organic,small_business
C011093,2023-02-20,AU,referral,consumer
C011094,2023-02-20,AU,referral,consumer
C011095,2023-02-20,US,paid_search,consumer
C011096,2023-02-20,US,referral,small_business
C011097,2023-02-20,DE,paid_social,enterprise
C011098,2023-02-20,US,referral,consumer
C011099,2023-02-20,DE,paid_social,consumer
C011100,2023-02-20,GB,organic,consumer
C011101,2023-02-20,US,referral,small_business
C011102,2023-02-20,US,organic,consumer
C011103,2023-02-20,US,paid_search,enterprise
C011104,2023-02-20,US,paid_search,small_business
C011105,2023-02-20,DE,paid_social,consumer
C011106,2023-02-20,US,paid_search,consumer
C011107,2023-02-20,US,paid_search,consumer
C011108,2023-02-20,US,organic,small_business
C011109,2023-02-20,US,referral,consumer
C011110,2023-02-20,DE,paid_search,enterprise
C011111,2023-02-20,US,paid_search,consumer
C011112,2023-02-20,GB,organic,consumer
C011113,2023-02-20,US,paid_social,small_business
C011114,2023-02-20,GB,affiliate,consumer
C011115,2023-02-20,US,paid_search,consumer
C011116,2023-02-20,US,paid_search,consumer
C011117,2023-02-20,US,referral,consumer
C011118,2023-02-20,US,paid_social,consumer
C011119,2023-02-20,GB,paid_social,consumer
C011120,2023-02-20,US,affiliate,consumer
C011121,2023-02-20,US,referral,consumer
C011122,2023-02-20,US,paid_search,consumer
C011123,2023-02-20,US,affiliate,consumer
C011124,2023-02-20,US,paid_social,consumer
C011125,2023-02-20,AU,referral,small_business
C011126,2023-02-20,US,paid_social,consumer
C011127,2023-02-20,US,organic,consumer
C011128,2023-02-20,US,affiliate,consumer
C011129,2023-02-20,US,organic,consumer
C011130,2023-02-20,US,affiliate,consumer
C011131,2023-02-20,US,organic,consumer
C011132,2023-02-20,US,organic,consumer
C011133,2023-02-20,AU,affiliate,consumer
C011134,2023-02-20,AU,paid_search,consumer
C011135,2023-02-20,GB,referral,consumer
C011136,2023-02-20,GB,affiliate,small_business
C011137,2023-02-20,GB,paid_search,consumer
C011138,2023-02-20,GB,organic,consumer
C011139,2023-02-20,US,paid_search,consumer
C011140,2023-02-20,US,paid_search,consumer
C011141,2023-02-20,CA,organic,consumer
C011142,2023-02-20,AU,affiliate,consumer
C011143,2023-02-20,US,paid_search,consumer
C011144,2023-02-20,US,paid_search,enterprise
C011145,2023-02-20,AU,paid_social,consumer
C011146,2023-02-20,US,paid_search,consumer
C011147,2023-02-20,US,organic,consumer
C011148,2023-02-20,CA,paid_social,consumer
C011149,2023-02-20,US,paid_search,consumer
C011150,2023-02-20,US,paid_search,consumer
C011151,2023-02-20,DE,organic,consumer
C011152,2023-02-20,US,organic,consumer
C011153,2023-02-20,US,organic,consumer
C011154,2023-02-20,US,organic,small_business
C011155,2023-02-20,US,organic,consumer
C011156,2023-02-20,US,organic,consumer
C011157,2023-02-20,US,paid_social,consumer
C011158,2023-02-20,CA,paid_social,consumer
C011159,2023-02-20,AU,organic,consumer
C011160,2023-02-20,US,organic,consumer
C011161,2023-02-20,CA,paid_search,consumer
C011162,2023-02-20,AU,paid_search,consumer
C011163,2023-02-20,US,organic,consumer
C011164,2023-02-20,DE,paid_search,consumer
C011165,2023-02-20,DE,paid_social,small_business
C011166,2023-02-20,US,paid_social,consumer
C011167,2023-02-20,DE,affiliate,consumer
C011168,2023-02-20,DE,paid_search,consumer
C011169,2023-02-20,US,referral,consumer
C011170,2023-02-20,GB,paid_social,enterprise
C011171,2023-02-20,US,organic,small_business
C011172,2023-02-20,US,organic,consumer
C011173,2023-02-20,US,affiliate,consumer
C011174,2023-02-20,US,paid_search,consumer
C011175,2023-02-20,US,paid_search,small_business
C011176,2023-02-20,US,paid_search,small_business
C011177,2023-02-20,US,paid_search,consumer
C011178,2023-02-20,GB,paid_search,small_business
C011179,2023-02-20,US,paid_search,consumer
C011180,2023-02-20,US,organic,consumer
C011181,2023-02-20,AU,paid_social,consumer
C011182,2023-02-20,GB,paid_search,small_business
C011183,2023-02-20,US,organic,consumer
C011184,2023-02-20,US,referral,consumer
C011185,2023-02-20,GB,paid_search,consumer
C011186,2023-02-20,US,organic,consumer
C011187,2023-02-20,GB,affiliate,consumer
C011188,2023-02-20,GB,paid_social,consumer
C011189,2023-02-20,US,paid_social,consumer
C011190,2023-02-20,US,paid_social,small_business
C011191,2023-02-20,DE,organic,consumer
C011192,2023-02-20,US,paid_search,small_business
C011193,2023-02-20,CA,affiliate,consumer
C011194,2023-02-20,DE,organic,consumer
C011195,2023-02-20,US,paid_social,consumer
C011196,2023-02-20,US,referral,consumer
C011197,2023-02-20,GB,paid_social,consumer
C011198,2023-02-20,US,paid_search,enterprise
C011199,2023-02-20,AU,paid_social,small_business
C011200,2023-02-20,US,paid_social,consumer
C011201,2023-02-20,US,affiliate,consumer
C011202,2023-02-20,US,organic,small_business
C011203,2023-02-20,US,organic,consumer
C011204,2023-02-20,US,paid_social,consumer
C011205,2023-02-20,US,paid_search,small_business
C011206,2023-02-20,CA,paid_search,consumer
C011207,2023-02-20,US,paid_social,consumer
C011208,2023-02-20,CA,paid_social,enterprise
C011209,2023-02-20,CA,organic,consumer
C011210,2023-02-21,US,organic,consumer
C011211,2023-02-21,US,paid_search,consumer
C011212,2023-02-21,GB,organic,consumer
C011213,2023-02-21,DE,referral,consumer
C011214,2023-02-21,US,paid_social,consumer
C011215,2023-02-21,AU,organic,consumer
C011216,2023-02-21,US,organic,consumer
C011217,2023-02-21,US,paid_search,consumer
C011218,2023-02-21,US,paid_search,enterprise
C011219,2023-02-21,US,organic,consumer
C011220,2023-02-21,AU,paid_social,consumer
C011221,2023-02-21,US,paid_search,consumer
C011222,2023-02-21,GB,paid_social,consumer
C011223,2023-02-21,US,paid_social,consumer
C011224,2023-02-21,US,referral,small_business
C011225,2023-02-21,CA,paid_social,consumer
C011226,2023-02-21,GB,paid_search,consumer
C011227,2023-02-21,US,paid_search,consumer
C011228,2023-02-21,US,organic,small_business
C011229,2023-02-21,US,affiliate,consumer
C011230,2023-02-21,DE,paid_social,small_business
C011231,2023-02-21,GB,paid_social,consumer
C011232,2023-02-21,US,paid_social,consumer
C011233,2023-02-21,CA,referral,enterprise
C011234,2023-02-21,US,paid_social,consumer
C011235,2023-02-21,US,referral,consumer
C011236,2023-02-21,CA,affiliate,consumer
C011237,2023-02-21,US,organic,consumer
C011238,2023-02-21,US,paid_search,small_business
C011239,2023-02-21,US,organic,consumer
C011240,2023-02-21,DE,organic,consumer
C011241,2023-02-21,US,affiliate,consumer
C011242,2023-02-21,US,paid_social,small_business
C011243,2023-02-21,GB,affiliate,consumer
C011244,2023-02-21,US,paid_search,consumer
C011245,2023-02-21,GB,referral,consumer
C011246,2023-02-21,US,organic,consumer
C011247,2023-02-21,DE,organic,consumer
C011248,2023-02-21,US,referral,consumer
C011249,2023-02-21,US,paid_search,consumer
C011250,2023-02-21,US,organic,consumer
C011251,2023-02-21,US,affiliate,consumer
C011252,2023-02-21,GB,referral,consumer
C011253,2023-02-21,US,paid_search,consumer
C011254,2023-02-21,DE,affiliate,consumer
C011255,2023-02-21,GB,organic,consumer
C011256,2023-02-21,US,paid_social,consumer
C011257,2023-02-21,US,paid_search,small_business
C011258,2023-02-21,AU,paid_social,consumer
C011259,2023-02-21,US,organic,consumer
C011260,2023-02-21,AU,organic,consumer
C011261,2023-02-21,US,paid_search,consumer
C011262,2023-02-21,US,paid_search,consumer
C011263,2023-02-21,US,organic,consumer
C011264,2023-02-21,US,organic,consumer
C011265,2023-02-21,DE,organic,consumer
C011266,2023-02-21,DE,organic,consumer
C011267,2023-02-21,GB,organic,consumer
C011268,2023-02-21,US,paid_search,consumer
C011269,2023-02-21,US,organic,consumer
C011270,2023-02-21,US,referral,consumer
C011271,2023-02-21,US,paid_social,consumer
C011272,2023-02-21,CA,referral,consumer
C011273,2023-02-21,US,affiliate,small_business
C011274,2023-02-21,DE,referral,consumer
C011275,2023-02-21,US,affiliate,small_business
C011276,2023-02-21,GB,paid_social,consumer
C011277,2023-02-21,CA,organic,consumer
C011278,2023-02-21,AU,paid_social,small_business
C011279,2023-02-21,US,organic,consumer
C011280,2023-02-21,DE,organic,small_business
C011281,2023-02-21,GB,paid_search,small_business
C011282,2023-02-21,DE,paid_social,consumer
C011283,2023-02-21,CA,paid_search,consumer
C011284,2023-02-21,US,paid_search,consumer
C011285,2023-02-21,US,referral,consumer
C011286,2023-02-21,US,affiliate,consumer
C011287,2023-02-21,US,paid_social,consumer
C011288,2023-02-21,US,organic,small_business
C011289,2023-02-21,GB,paid_social,consumer
C011290,2023-02-21,US,referral,small_business
C011291,2023-02-21,US,paid_social,small_business
C011292,2023-02-21,US,affiliate,consumer
C011293,2023-02-21,US,paid_social,consumer
C011294,2023-02-21,AU,referral,consumer
C011295,2023-02-21,DE,organic,small_business
C011296,2023-02-21,US,organic,consumer
C011297,2023-02-21,US,paid_search,consumer
C011298,2023-02-21,US,organic,consumer
C011299,2023-02-21,US,affiliate,consumer
C011300,2023-02-21,DE,paid_search,consumer
C011301,2023-02-21,CA,paid_social,consumer
C011302,2023-02-21,AU,paid_social,consumer
C011303,2023-02-21,US,referral,consumer
C011304,2023-02-21,GB,organic,small_business
C011305,2023-02-21,US,referral,consumer
C011306,2023-02-21,US,organic,enterprise
C011307,2023-02-21,CA,paid_social,consumer
C011308,2023-02-21,AU,paid_search,consumer
C011309,2023-02-21,US,affiliate,consumer
C011310,2023-02-21,US,paid_search,consumer
C011311,2023-02-21,DE,organic,consumer
C011312,2023-02-21,US,affiliate,consumer
C011313,2023-02-21,CA,referral,consumer
C011314,2023-02-21,US,paid_social,consumer
C011315,2023-02-21,AU,organic,consumer
C011316,2023-02-21,US,paid_social,enterprise
C011317,2023-02-21,US,affiliate,consumer
C011318,2023-02-21,US,organic,consumer
C011319,2023-02-21,DE,organic,consumer
C011320,2023-02-21,US,referral,consumer
C011321,2023-02-21,US,affiliate,consumer
C011322,2023-02-21,US,organic,consumer
C011323,2023-02-21,US,organic,consumer
C011324,2023-02-21,CA,paid_search,consumer
C011325,2023-02-21,CA,affiliate,consumer
C011326,2023-02-21,US,organic,small_business
C011327,2023-02-21,US,paid_search,small_business
C011328,2023-02-21,US,organic,consumer
C011329,2023-02-21,US,organic,small_business
C011330,2023-02-21,US,organic,consumer
C011331,2023-02-21,AU,organic,consumer
C011332,2023-02-21,US,paid_search,consumer
C011333,2023-02-21,CA,paid_search,consumer
C011334,2023-02-21,US,affiliate,consumer
C011335,2023-02-21,US,paid_search,consumer
C011336,2023-02-21,US,referral,small_business
C011337,2023-02-21,US,paid_search,consumer
C011338,2023-02-21,CA,referral,consumer
C011339,2023-02-21,US,paid_social,consumer
C011340,2023-02-21,US,affiliate,consumer
C011341,2023-02-21,GB,paid_search,consumer
C011342,2023-02-21,AU,paid_social,consumer
C011343,2023-02-21,US,paid_social,small_business
C011344,2023-02-21,US,organic,consumer
C011345,2023-02-21,CA,referral,consumer
C011346,2023-02-21,US,paid_search,consumer
C011347,2023-02-21,US,referral,consumer
C011348,2023-02-21,US,paid_social,consumer
C011349,2023-02-21,US,affiliate,consumer
C011350,2023-02-21,US,paid_search,small_business
C011351,2023-02-21,US,paid_search,consumer
C011352,2023-02-21,AU,paid_search,consumer
C011353,2023-02-21,DE,organic,consumer
C011354,2023-02-21,US,paid_search,consumer
C011355,2023-02-21,GB,paid_search,consumer
C011356,2023-02-21,US,paid_search,consumer
C011357,2023-02-21,CA,organic,consumer
C011358,2023-02-21,US,organic,consumer
C011359,2023-02-21,US,paid_social,consumer
C011360,2023-02-21,GB,referral,consumer
C011361,2023-02-21,AU,organic,consumer
C011362,2023-02-21,US,paid_search,consumer
C011363,2023-02-21,AU,paid_search,consumer
C011364,2023-02-21,US,paid_search,consumer
C011365,2023-02-21,US,referral,consumer
C011366,2023-02-21,US,affiliate,small_business
C011367,2023-02-21,US,organic,consumer
C011368,2023-02-21,DE,organic,consumer
C011369,2023-02-21,US,referral,small_business
C011370,2023-02-21,AU,organic,small_business
C011371,2023-02-21,CA,affiliate,small_business
C011372,2023-02-21,CA,organic,enterprise
C011373,2023-02-21,US,organic,consumer
C011374,2023-02-21,GB,organic,consumer
C011375,2023-02-21,US,referral,consumer
C011376,2023-02-21,GB,referral,consumer
C011377,2023-02-21,GB,referral,consumer
C011378,2023-02-21,US,affiliate,consumer
C011379,2023-02-21,GB,paid_search,small_business
C011380,2023-02-21,US,organic,consumer
C011381,2023-02-21,AU,paid_search,small_business
C011382,2023-02-21,US,paid_social,consumer
C011383,2023-02-21,US,organic,consumer
C011384,2023-02-21,US,organic,consumer
C011385,2023-02-21,US,paid_search,consumer
C011386,2023-02-21,US,paid_search,consumer
C011387,2023-02-21,US,paid_search,consumer
C011388,2023-02-21,US,referral,consumer
C011389,2023-02-21,DE,paid_social,small_business
C011390,2023-02-21,US,referral,consumer
C011391,2023-02-21,US,organic,consumer
C011392,2023-02-21,US,organic,consumer
C011393,2023-02-21,DE,paid_search,consumer
C011394,2023-02-21,US,affiliate,consumer
C011395,2023-02-21,CA,organic,consumer
C011396,2023-02-21,US,organic,small_business
C011397,2023-02-21,AU,paid_search,consumer
C011398,2023-02-21,US,paid_social,consumer
C011399,2023-02-21,GB,paid_search,consumer
C011400,2023-02-21,US,paid_social,consumer
C011401,2023-02-21,AU,organic,consumer
C011402,2023-02-21,US,organic,consumer
C011403,2023-02-21,DE,paid_search,consumer
C011404,2023-02-21,US,paid_social,consumer
C011405,2023-02-21,CA,paid_search,consumer
C011406,2023-02-21,US,organic,consumer
C011407,2023-02-21,US,affiliate,consumer
C011408,2023-02-21,AU,organic,consumer
C011409,2023-02-21,US,paid_search,consumer
C011410,2023-02-21,US,paid_search,consumer
C011411,2023-02-21,US,affiliate,consumer
C011412,2023-02-21,US,paid_social,consumer
C011413,2023-02-21,US,paid_social,consumer
C011414,2023-02-21,US,paid_social,consumer
C011415,2023-02-21,GB,paid_search,consumer
C011416,2023-02-21,US,organic,consumer
C011417,2023-02-21,US,referral,consumer
C011418,2023-02-21,US,organic,consumer
C011419,2023-02-21,GB,affiliate,consumer
C011420,2023-02-21,US,affiliate,consumer
C011421,2023-02-21,US,organic,consumer
C011422,2023-02-21,US,organic,small_business
C011423,2023-02-21,US,organic,consumer
C011424,2023-02-21,US,paid_social,consumer
C011425,2023-02-21,US,organic,consumer
C011426,2023-02-21,DE,organic,consumer
C011427,2023-02-21,US,paid_search,consumer
C011428,2023-02-21,CA,paid_search,consumer
C011429,2023-02-21,US,organic,small_business
C011430,2023-02-22,CA,organic,consumer
C011431,2023-02-22,AU,paid_search,consumer
C011432,2023-02-22,US,referral,small_business
C011433,2023-02-22,GB,affiliate,consumer
C011434,2023-02-22,US,organic,consumer
C011435,2023-02-22,US,organic,small_business
C011436,2023-02-22,US,referral,small_business
C011437,2023-02-22,US,referral,consumer
C011438,2023-02-22,US,affiliate,consumer
C011439,2023-02-22,US,paid_search,enterprise
C011440,2023-02-22,US,affiliate,consumer
C011441,2023-02-22,US,paid_search,consumer
C011442,2023-02-22,US,paid_social,consumer
C011443,2023-02-22,US,paid_social,consumer
C011444,2023-02-22,US,paid_social,small_business
C011445,2023-02-22,CA,paid_search,small_business
C011446,2023-02-22,DE,organic,consumer
C011447,2023-02-22,CA,paid_social,consumer
C011448,2023-02-22,DE,affiliate,consumer
C011449,2023-02-22,GB,paid_social,consumer
C011450,2023-02-22,US,referral,consumer
C011451,2023-02-22,US,paid_social,small_business
C011452,2023-02-22,US,paid_social,consumer
C011453,2023-02-22,US,paid_search,consumer
C011454,2023-02-22,US,affiliate,consumer
C011455,2023-02-22,US,referral,small_business
C011456,2023-02-22,DE,paid_search,consumer
C011457,2023-02-22,US,organic,consumer
C011458,2023-02-22,DE,referral,consumer
C011459,2023-02-22,US,paid_social,consumer
C011460,2023-02-22,AU,paid_social,consumer
C011461,2023-02-22,US,organic,consumer
C011462,2023-02-22,AU,paid_social,consumer
C011463,2023-02-22,US,referral,consumer
C011464,2023-02-22,US,paid_search,small_business
C011465,2023-02-22,US,paid_search,small_business
C011466,2023-02-22,US,referral,consumer
C011467,2023-02-22,US,paid_search,consumer
C011468,2023-02-22,US,organic,consumer
C011469,2023-02-22,CA,referral,consumer
C011470,2023-02-22,AU,organic,consumer
C011471,2023-02-22,GB,paid_social,consumer
C011472,2023-02-22,US,paid_search,consumer
C011473,2023-02-22,DE,referral,consumer
C011474,2023-02-22,US,referral,consumer
C011475,2023-02-22,US,paid_social,consumer
C011476,2023-02-22,US,paid_search,consumer
C011477,2023-02-22,US,organic,consumer
C011478,2023-02-22,US,paid_search,consumer
C011479,2023-02-22,US,referral,small_business
C011480,2023-02-22,US,referral,consumer
C011481,2023-02-22,US,paid_social,consumer
C011482,2023-02-22,DE,referral,consumer
C011483,2023-02-22,US,paid_search,consumer
C011484,2023-02-22,US,organic,consumer
C011485,2023-02-22,US,referral,consumer
C011486,2023-02-22,US,paid_social,small_business
C011487,2023-02-22,US,paid_social,small_business
C011488,2023-02-22,GB,paid_search,small_business
C011489,2023-02-22,US,referral,consumer
C011490,2023-02-22,AU,organic,consumer
C011491,2023-02-22,US,paid_search,consumer
C011492,2023-02-22,US,organic,consumer
C011493,2023-02-22,US,organic,consumer
C011494,2023-02-22,DE,referral,small_business
C011495,2023-02-22,US,paid_search,consumer
C011496,2023-02-22,US,organic,consumer
C011497,2023-02-22,US,referral,consumer
C011498,2023-02-22,CA,referral,consumer
C011499,2023-02-22,GB,paid_social,consumer
C011500,2023-02-22,US,paid_social,enterprise
C011501,2023-02-22,US,paid_search,consumer
C011502,2023-02-22,US,organic,consumer
C011503,2023-02-22,US,organic,consumer
C011504,2023-02-22,US,organic,consumer
C011505,2023-02-22,US,organic,consumer
C011506,2023-02-22,AU,paid_social,consumer
C011507,2023-02-22,US,organic,consumer
C011508,2023-02-22,US,paid_search,consumer
C011509,2023-02-22,US,organic,small_business
C011510,2023-02-22,US,affiliate,consumer
C011511,2023-02-22,GB,paid_search,consumer
C011512,2023-02-22,US,affiliate,consumer
C011513,2023-02-22,US,paid_search,consumer
C011514,2023-02-22,US,organic,consumer
C011515,2023-02-22,US,organic,small_business
C011516,2023-02-22,US,paid_search,small_business
C011517,2023-02-22,AU,paid_search,consumer
C011518,2023-02-22,AU,referral,consumer
C011519,2023-02-22,US,paid_social,consumer
C011520,2023-02-22,US,referral,consumer
C011521,2023-02-22,US,referral,consumer
C011522,2023-02-22,US,organic,consumer
C011523,2023-02-22,US,paid_search,consumer
C011524,2023-02-22,US,paid_social,consumer
C011525,2023-02-22,CA,organic,consumer
C011526,2023-02-22,GB,referral,enterprise
C011527,2023-02-22,GB,paid_social,consumer
C011528,2023-02-22,US,paid_social,small_business
C011529,2023-02-22,US,affiliate,consumer
C011530,2023-02-22,US,referral,consumer
C011531,2023-02-22,US,paid_search,consumer
C011532,2023-02-22,US,referral,consumer
C011533,2023-02-22,GB,paid_search,consumer
C011534,2023-02-22,US,paid_search,consumer
C011535,2023-02-22,CA,paid_social,consumer
C011536,2023-02-22,US,organic,consumer
C011537,2023-02-22,CA,paid_social,small_business
C011538,2023-02-22,US,organic,consumer
C011539,2023-02-22,US,organic,enterprise
C011540,2023-02-22,CA,organic,consumer
C011541,2023-02-22,US,organic,consumer
C011542,2023-02-22,CA,paid_social,small_business
C011543,2023-02-22,DE,organic,consumer
C011544,2023-02-22,US,paid_search,consumer
C011545,2023-02-22,US,affiliate,consumer
C011546,2023-02-22,US,organic,consumer
C011547,2023-02-22,US,paid_search,enterprise
C011548,2023-02-22,US,paid_search,consumer
C011549,2023-02-22,US,paid_search,consumer
C011550,2023-02-22,AU,paid_search,consumer
C011551,2023-02-22,CA,paid_social,consumer
C011552,2023-02-22,US,affiliate,consumer
C011553,2023-02-22,US,paid_search,consumer
C011554,2023-02-22,DE,organic,consumer
C011555,2023-02-22,CA,organic,small_business
C011556,2023-02-22,US,organic,consumer
C011557,2023-02-22,US,paid_search,consumer
C011558,2023-02-22,US,paid_social,enterprise
C011559,2023-02-22,US,paid_social,consumer
C011560,2023-02-22,US,paid_search,consumer
C011561,2023-02-22,US,paid_search,consumer
C011562,2023-02-22,US,paid_social,small_business
C011563,2023-02-22,US,paid_search,consumer
C011564,2023-02-22,US,organic,consumer
C011565,2023-02-22,CA,paid_search,small_business
C011566,2023-02-22,US,organic,consumer
C011567,2023-02-22,DE,organic,consumer
C011568,2023-02-22,AU,paid_search,consumer
C011569,2023-02-22,CA,paid_social,consumer
C011570,2023-02-22,US,referral,consumer
C011571,2023-02-22,US,paid_search,enterprise
C011572,2023-02-22,AU,paid_search,consumer
C011573,2023-02-22,US,affiliate,consumer
C011574,2023-02-22,US,paid_search,consumer
C011575,2023-02-22,US,organic,consumer
C011576,2023-02-22,US,referral,enterprise
C011577,2023-02-22,US,referral,consumer
C011578,2023-02-22,GB,referral,consumer
C011579,2023-02-22,US,organic,consumer
C011580,2023-02-22,DE,organic,consumer
C011581,2023-02-22,US,organic,consumer
C011582,2023-02-22,US,organic,consumer
C011583,2023-02-22,AU,paid_search,consumer
C011584,2023-02-22,US,referral,small_business
C011585,2023-02-22,US,organic,small_business
C011586,2023-02-22,US,organic,consumer
C011587,2023-02-22,GB,paid_search,consumer
C011588,2023-02-22,US,paid_search,small_business
C011589,2023-02-22,AU,paid_search,consumer
C011590,2023-02-22,US,paid_search,consumer
C011591,2023-02-22,GB,paid_social,consumer
C011592,2023-02-22,DE,affiliate,consumer
C011593,2023-02-22,DE,affiliate,consumer
C011594,2023-02-22,AU,organic,consumer
C011595,2023-02-22,US,paid_social,consumer
C011596,2023-02-22,CA,paid_search,consumer
C011597,2023-02-22,GB,affiliate,consumer
C011598,2023-02-22,US,paid_search,consumer
C011599,2023-02-22,US,referral,consumer
C011600,2023-02-22,US,paid_search,small_business
C011601,2023-02-22,US,organic,consumer
C011602,2023-02-22,US,paid_search,consumer
C011603,2023-02-22,AU,referral,consumer
C011604,2023-02-22,US,referral,consumer
C011605,2023-02-22,US,paid_search,consumer
C011606,2023-02-22,US,paid_social,consumer
C011607,2023-02-22,GB,paid_search,small_business
C011608,2023-02-22,US,affiliate,consumer
C011609,2023-02-22,GB,paid_social,small_business
C011610,2023-02-22,US,paid_search,small_business
C011611,2023-02-22,DE,paid_social,small_business
C011612,2023-02-22,US,paid_social,small_business
C011613,2023-02-22,US,referral,consumer
C011614,2023-02-22,CA,affiliate,consumer
C011615,2023-02-22,US,paid_search,consumer
C011616,2023-02-22,US,organic,small_business
C011617,2023-02-22,US,organic,consumer
C011618,2023-02-22,DE,organic,enterprise
C011619,2023-02-22,DE,organic,consumer
C011620,2023-02-22,AU,paid_social,consumer
C011621,2023-02-22,US,affiliate,consumer
C011622,2023-02-22,US,organic,consumer
C011623,2023-02-22,CA,referral,consumer
C011624,2023-02-22,US,paid_social,consumer
C011625,2023-02-22,US,organic,consumer
C011626,2023-02-22,DE,referral,consumer
C011627,2023-02-22,US,paid_social,enterprise
C011628,2023-02-22,US,organic,consumer
C011629,2023-02-22,US,paid_search,small_business
C011630,2023-02-22,US,organic,small_business
C011631,2023-02-22,AU,paid_search,small_business
C011632,2023-02-22,US,paid_social,consumer
C011633,2023-02-22,DE,paid_search,consumer
C011634,2023-02-22,US,paid_search,consumer
C011635,2023-02-22,US,paid_search,small_business
C011636,2023-02-22,US,organic,small_business
C011637,2023-02-22,CA,referral,consumer
C011638,2023-02-22,CA,organic,consumer
C011639,2023-02-22,GB,paid_search,consumer
C011640,2023-02-22,US,paid_social,small_business
C011641,2023-02-22,US,organic,consumer
C011642,2023-02-22,AU,paid_social,consumer
C011643,2023-02-22,GB,organic,consumer
C011644,2023-02-22,CA,paid_search,consumer
C011645,2023-02-22,US,paid_search,consumer
C011646,2023-02-22,GB,paid_social,consumer
C011647,2023-02-22,CA,paid_search,consumer
C011648,2023-02-22,AU,referral,consumer
C011649,2023-02-22,US,affiliate,consumer
C011650,2023-02-23,US,organic,consumer
C011651,2023-02-23,US,paid_social,consumer
C011652,2023-02-23,AU,paid_social,small_business
C011653,2023-02-23,US,paid_social,consumer
C011654,2023-02-23,US,paid_search,consumer
C011655,2023-02-23,CA,organic,consumer
C011656,2023-02-23,US,paid_search,consumer
C011657,2023-02-23,US,referral,consumer
C011658,2023-02-23,US,paid_search,consumer
C011659,2023-02-23,US,paid_search,small_business
C011660,2023-02-23,US,paid_social,consumer
C011661,2023-02-23,GB,paid_social,consumer
C011662,2023-02-23,AU,paid_social,small_business
C011663,2023-02-23,US,organic,small_business
C011664,2023-02-23,GB,organic,small_business
C011665,2023-02-23,US,paid_social,consumer
C011666,2023-02-23,US,affiliate,consumer
C011667,2023-02-23,US,paid_social,consumer
C011668,2023-02-23,US,referral,consumer
C011669,2023-02-23,GB,organic,consumer
C011670,2023-02-23,GB,organic,consumer
C011671,2023-02-23,US,organic,small_business
C011672,2023-02-23,CA,paid_social,consumer
C011673,2023-02-23,US,affiliate,consumer
C011674,2023-02-23,AU,organic,consumer
C011675,2023-02-23,US,organic,consumer
C011676,2023-02-23,US,referral,consumer
C011677,2023-02-23,GB,organic,consumer
C011678,2023-02-23,US,organic,small_business
C011679,2023-02-23,US,referral,consumer
C011680,2023-02-23,CA,referral,consumer
C011681,2023-02-23,US,referral,consumer
C011682,2023-02-23,CA,paid_social,consumer
C011683,2023-02-23,US,paid_social,consumer
C011684,2023-02-23,US,paid_social,small_business
C011685,2023-02-23,US,referral,consumer
C011686,2023-02-23,CA,paid_search,small_business
C011687,2023-02-23,US,paid_social,consumer
C011688,2023-02-23,AU,organic,consumer
C011689,2023-02-23,US,affiliate,consumer
C011690,2023-02-23,AU,paid_social,consumer
C011691,2023-02-23,US,paid_search,consumer
C011692,2023-02-23,US,paid_social,consumer
C011693,2023-02-23,US,paid_search,consumer
C011694,2023-02-23,US,paid_social,consumer
C011695,2023-02-23,US,referral,enterprise
C011696,2023-02-23,US,paid_social,consumer
C011697,2023-02-23,CA,affiliate,consumer
C011698,2023-02-23,US,paid_social,consumer
C011699,2023-02-23,US,paid_search,consumer
C011700,2023-02-23,US,paid_search,consumer
C011701,2023-02-23,US,organic,consumer
C011702,2023-02-23,US,paid_social,consumer
C011703,2023-02-23,DE,paid_social,consumer
C011704,2023-02-23,US,affiliate,consumer
C011705,2023-02-23,AU,paid_social,consumer
C011706,2023-02-23,US,paid_search,consumer
C011707,2023-02-23,AU,referral,consumer
C011708,2023-02-23,US,paid_search,consumer
C011709,2023-02-23,CA,referral,consumer
C011710,2023-02-23,US,referral,consumer
C011711,2023-02-23,US,paid_search,consumer
C011712,2023-02-23,US,affiliate,consumer
C011713,2023-02-23,CA,organic,small_business
C011714,2023-02-23,US,referral,consumer
C011715,2023-02-23,US,organic,consumer
C011716,2023-02-23,US,paid_search,consumer
C011717,2023-02-23,US,paid_search,consumer
C011718,2023-02-23,CA,organic,small_business
C011719,2023-02-23,US,organic,consumer
C011720,2023-02-23,US,paid_search,consumer
C011721,2023-02-23,DE,paid_social,consumer
C011722,2023-02-23,US,organic,consumer
C011723,2023-02-23,US,paid_search,consumer
C011724,2023-02-23,US,affiliate,consumer
C011725,2023-02-23,US,organic,consumer
C011726,2023-02-23,US,paid_search,consumer
C011727,2023-02-23,GB,paid_social,consumer
C011728,2023-02-23,US,paid_search,small_business
C011729,2023-02-23,GB,referral,consumer
C011730,2023-02-23,AU,affiliate,consumer
C011731,2023-02-23,DE,paid_search,consumer
C011732,2023-02-23,CA,paid_search,consumer
C011733,2023-02-23,US,paid_social,consumer
C011734,2023-02-23,US,organic,consumer
C011735,2023-02-23,US,paid_search,consumer
C011736,2023-02-23,US,paid_social,consumer
C011737,2023-02-23,US,referral,consumer
C011738,2023-02-23,US,organic,consumer
C011739,2023-02-23,US,paid_search,small_business
C011740,2023-02-23,CA,referral,consumer
C011741,2023-02-23,US,referral,consumer
C011742,2023-02-23,US,paid_search,small_business
C011743,2023-02-23,US,referral,consumer
C011744,2023-02-23,US,paid_search,small_business
C011745,2023-02-23,GB,paid_search,consumer
C011746,2023-02-23,US,organic,consumer
C011747,2023-02-23,US,affiliate,consumer
C011748,2023-02-23,GB,referral,consumer
C011749,2023-02-23,DE,organic,consumer
C011750,2023-02-23,US,paid_social,consumer
C011751,2023-02-23,US,paid_social,consumer
C011752,2023-02-23,US,affiliate,consumer
C011753,2023-02-23,US,paid_search,consumer
C011754,2023-02-23,US,organic,consumer
C011755,2023-02-23,US,paid_search,consumer
C011756,2023-02-23,US,referral,consumer
C011757,2023-02-23,US,organic,consumer
C011758,2023-02-23,US,organic,small_business
C011759,2023-02-23,DE,paid_search,consumer
C011760,2023-02-23,DE,organic,consumer
C011761,2023-02-23,AU,organic,consumer
C011762,2023-02-23,US,referral,small_business
C011763,2023-02-23,CA,paid_search,consumer
C011764,2023-02-23,GB,organic,consumer
C011765,2023-02-23,CA,organic,consumer
C011766,2023-02-23,US,paid_search,consumer
C011767,2023-02-23,US,organic,consumer
C011768,2023-02-23,US,referral,small_business
C011769,2023-02-23,US,organic,consumer
C011770,2023-02-23,DE,organic,consumer
C011771,2023-02-23,GB,referral,consumer
C011772,2023-02-23,GB,paid_social,consumer
C011773,2023-02-23,US,organic,small_business
C011774,2023-02-23,US,referral,consumer
C011775,2023-02-23,US,referral,consumer
C011776,2023-02-23,US,organic,consumer
C011777,2023-02-23,US,paid_social,consumer
C011778,2023-02-23,US,paid_search,consumer
C011779,2023-02-23,US,organic,consumer
C011780,2023-02-23,US,paid_search,consumer
C011781,2023-02-23,US,paid_social,consumer
C011782,2023-02-23,CA,paid_social,consumer
C011783,2023-02-23,US,organic,small_business
C011784,2023-02-23,CA,paid_search,consumer
C011785,2023-02-23,US,paid_social,consumer
C011786,2023-02-23,CA,referral,consumer
C011787,2023-02-23,GB,paid_search,consumer
C011788,2023-02-23,CA,paid_search,consumer
C011789,2023-02-23,GB,paid_search,small_business
C011790,2023-02-23,US,organic,consumer
C011791,2023-02-23,US,paid_social,consumer
C011792,2023-02-23,US,referral,small_business
C011793,2023-02-23,US,paid_social,small_business
C011794,2023-02-23,US,affiliate,consumer
C011795,2023-02-23,US,affiliate,consumer
C011796,2023-02-23,GB,referral,consumer
C011797,2023-02-23,CA,affiliate,consumer
C011798,2023-02-23,DE,paid_social,consumer
C011799,2023-02-23,AU,referral,consumer
C011800,2023-02-23,US,paid_social,consumer
C011801,2023-02-23,US,organic,small_business
C011802,2023-02-23,US,paid_social,consumer
C011803,2023-02-23,DE,organic,consumer
C011804,2023-02-23,AU,referral,consumer
C011805,2023-02-23,US,referral,consumer
C011806,2023-02-23,US,organic,consumer
C011807,2023-02-23,US,paid_search,consumer
C011808,2023-02-23,US,affiliate,consumer
C011809,2023-02-23,US,paid_search,consumer
C011810,2023-02-23,US,organic,consumer
C011811,2023-02-23,US,organic,consumer
C011812,2023-02-23,US,organic,consumer
C011813,2023-02-23,US,organic,consumer
C011814,2023-02-23,GB,referral,consumer
C011815,2023-02-23,US,organic,consumer
C011816,2023-02-23,US,paid_search,consumer
C011817,2023-02-23,US,paid_search,small_business
C011818,2023-02-23,CA,paid_search,small_business
C011819,2023-02-23,DE,referral,consumer
C011820,2023-02-23,DE,referral,consumer
C011821,2023-02-23,US,referral,consumer
C011822,2023-02-23,US,referral,consumer
C011823,2023-02-23,US,paid_search,consumer
C011824,2023-02-23,CA,paid_search,consumer
C011825,2023-02-23,CA,paid_social,consumer
C011826,2023-02-23,GB,organic,consumer
C011827,2023-02-23,US,paid_social,small_business
C011828,2023-02-23,US,paid_social,consumer
C011829,2023-02-23,CA,referral,consumer
C011830,2023-02-23,US,organic,consumer
C011831,2023-02-23,US,organic,small_business
C011832,2023-02-23,US,organic,small_business
C011833,2023-02-23,US,paid_social,consumer
C011834,2023-02-23,US,affiliate,consumer
C011835,2023-02-23,US,affiliate,small_business
C011836,2023-02-23,US,organic,consumer
C011837,2023-02-23,US,organic,consumer
C011838,2023-02-23,DE,affiliate,consumer
C011839,2023-02-23,US,paid_search,consumer
C011840,2023-02-23,US,paid_search,small_business
C011841,2023-02-23,GB,paid_search,consumer
C011842,2023-02-23,CA,paid_social,small_business
C011843,2023-02-23,GB,organic,consumer
C011844,2023-02-23,US,organic,consumer
C011845,2023-02-23,US,affiliate,small_business
C011846,2023-02-23,US,referral,consumer
C011847,2023-02-23,AU,paid_social,consumer
C011848,2023-02-23,US,organic,consumer
C011849,2023-02-23,US,referral,consumer
C011850,2023-02-23,US,organic,consumer
C011851,2023-02-23,US,paid_social,consumer
C011852,2023-02-23,DE,paid_search,consumer
C011853,2023-02-23,US,organic,consumer
C011854,2023-02-23,CA,paid_search,small_business
C011855,2023-02-23,GB,referral,consumer
C011856,2023-02-23,CA,paid_search,consumer
C011857,2023-02-23,US,organic,enterprise
C011858,2023-02-23,CA,paid_social,small_business
C011859,2023-02-23,US,organic,consumer
C011860,2023-02-23,US,organic,consumer
C011861,2023-02-23,US,paid_social,enterprise
C011862,2023-02-23,AU,affiliate,consumer
C011863,2023-02-23,US,referral,small_business
C011864,2023-02-23,CA,paid_search,consumer
C011865,2023-02-23,US,paid_social,consumer
C011866,2023-02-23,US,paid_search,consumer
C011867,2023-02-23,GB,paid_search,consumer
C011868,2023-02-23,US,paid_social,consumer
C011869,2023-02-23,US,referral,consumer
C011870,2023-02-24,GB,referral,consumer
C011871,2023-02-24,US,paid_search,consumer
C011872,2023-02-24,US,organic,consumer
C011873,2023-02-24,CA,organic,consumer
C011874,2023-02-24,US,organic,enterprise
C011875,2023-02-24,US,organic,consumer
C011876,2023-02-24,US,paid_search,consumer
C011877,2023-02-24,DE,organic,consumer
C011878,2023-02-24,US,paid_social,consumer
C011879,2023-02-24,US,paid_search,consumer
C011880,2023-02-24,US,organic,small_business
C011881,2023-02-24,US,organic,consumer
C011882,2023-02-24,AU,organic,consumer
C011883,2023-02-24,DE,organic,consumer
C011884,2023-02-24,US,referral,consumer
C011885,2023-02-24,GB,paid_search,consumer
C011886,2023-02-24,US,affiliate,consumer
C011887,2023-02-24,US,paid_social,consumer
C011888,2023-02-24,US,organic,enterprise
C011889,2023-02-24,US,paid_social,consumer
C011890,2023-02-24,US,paid_social,consumer
C011891,2023-02-24,US,organic,consumer
C011892,2023-02-24,US,paid_search,consumer
C011893,2023-02-24,CA,referral,small_business
C011894,2023-02-24,US,paid_search,consumer
C011895,2023-02-24,US,referral,small_business
C011896,2023-02-24,US,affiliate,consumer
C011897,2023-02-24,GB,paid_social,consumer
C011898,2023-02-24,AU,paid_search,consumer
C011899,2023-02-24,US,referral,consumer
C011900,2023-02-24,GB,affiliate,small_business
C011901,2023-02-24,US,referral,consumer
C011902,2023-02-24,DE,paid_search,consumer
C011903,2023-02-24,US,paid_search,consumer
C011904,2023-02-24,GB,organic,small_business
C011905,2023-02-24,AU,paid_social,consumer
C011906,2023-02-24,DE,paid_social,consumer
C011907,2023-02-24,DE,paid_search,consumer
C011908,2023-02-24,US,affiliate,consumer
C011909,2023-02-24,US,paid_social,consumer
C011910,2023-02-24,US,affiliate,enterprise
C011911,2023-02-24,US,organic,consumer
C011912,2023-02-24,CA,paid_search,small_business
C011913,2023-02-24,US,organic,consumer
C011914,2023-02-24,GB,referral,consumer
C011915,2023-02-24,US,referral,consumer
C011916,2023-02-24,GB,paid_social,consumer
C011917,2023-02-24,US,paid_search,consumer
C011918,2023-02-24,CA,paid_search,consumer
C011919,2023-02-24,US,paid_search,consumer
C011920,2023-02-24,AU,affiliate,consumer
C011921,2023-02-24,AU,paid_social,consumer
C011922,2023-02-24,AU,affiliate,consumer
C011923,2023-02-24,US,organic,consumer
C011924,2023-02-24,US,paid_social,consumer
C011925,2023-02-24,US,paid_social,consumer
C011926,2023-02-24,US,organic,consumer
C011927,2023-02-24,US,referral,consumer
C011928,2023-02-24,US,affiliate,consumer
C011929,2023-02-24,CA,organic,consumer
C011930,2023-02-24,AU,referral,consumer
C011931,2023-02-24,US,affiliate,consumer
C011932,2023-02-24,US,organic,consumer
C011933,2023-02-24,US,paid_social,small_business
C011934,2023-02-24,CA,organic,consumer
C011935,2023-02-24,GB,affiliate,consumer
C011936,2023-02-24,CA,paid_social,consumer
C011937,2023-02-24,GB,affiliate,consumer
C011938,2023-02-24,US,paid_search,small_business
C011939,2023-02-24,US,referral,consumer
C011940,2023-02-24,US,paid_search,consumer
C011941,2023-02-24,US,organic,consumer
C011942,2023-02-24,US,paid_social,consumer
C011943,2023-02-24,US,referral,consumer
C011944,2023-02-24,US,organic,consumer
C011945,2023-02-24,US,paid_social,consumer
C011946,2023-02-24,DE,organic,consumer
C011947,2023-02-24,US,referral,consumer
C011948,2023-02-24,US,organic,consumer
C011949,2023-02-24,US,organic,small_business
C011950,2023-02-24,US,paid_search,consumer
C011951,2023-02-24,DE,paid_social,consumer
C011952,2023-02-24,CA,paid_search,consumer
C011953,2023-02-24,GB,organic,consumer
C011954,2023-02-24,US,paid_social,consumer
C011955,2023-02-24,US,paid_search,consumer
C011956,2023-02-24,GB,paid_search,small_business
C011957,2023-02-24,CA,paid_search,consumer
C011958,2023-02-24,AU,paid_social,consumer
C011959,2023-02-24,US,paid_search,consumer
C011960,2023-02-24,US,referral,consumer
C011961,2023-02-24,US,paid_search,consumer
C011962,2023-02-24,US,paid_search,consumer
C011963,2023-02-24,DE,referral,small_business
C011964,2023-02-24,US,paid_search,consumer
C011965,2023-02-24,US,paid_search,consumer
C011966,2023-02-24,US,organic,consumer
C011967,2023-02-24,US,paid_search,consumer
C011968,2023-02-24,GB,organic,consumer
C011969,2023-02-24,US,organic,consumer
C011970,2023-02-24,US,paid_search,consumer
C011971,2023-02-24,US,paid_search,consumer
C011972,2023-02-24,US,organic,consumer
C011973,2023-02-24,US,organic,consumer
C011974,2023-02-24,GB,referral,consumer
C011975,2023-02-24,US,organic,consumer
C011976,2023-02-24,US,referral,consumer
C011977,2023-02-24,US,paid_search,consumer
C011978,2023-02-24,GB,organic,consumer
C011979,2023-02-24,US,organic,consumer
C011980,2023-02-24,CA,paid_social,consumer
C011981,2023-02-24,US,paid_social,consumer
C011982,2023-02-24,CA,organic,consumer
C011983,2023-02-24,GB,organic,consumer
C011984,2023-02-24,US,affiliate,consumer
C011985,2023-02-24,AU,organic,small_business
C011986,2023-02-24,US,paid_search,consumer
C011987,2023-02-24,CA,organic,consumer
C011988,2023-02-24,US,paid_search,consumer
C011989,2023-02-24,US,organic,consumer
C011990,2023-02-24,US,paid_search,consumer
C011991,2023-02-24,US,paid_search,small_business
C011992,2023-02-24,AU,referral,consumer
C011993,2023-02-24,US,paid_social,small_business
C011994,2023-02-24,CA,paid_social,consumer
C011995,2023-02-24,DE,paid_social,consumer
C011996,2023-02-24,AU,organic,consumer
C011997,2023-02-24,CA,paid_search,consumer
C011998,2023-02-24,GB,paid_search,consumer
C011999,2023-02-24,US,paid_search,consumer
C012000,2023-02-24,GB,organic,consumer
C012001,2023-02-24,US,paid_social,consumer
C012002,2023-02-24,US,paid_search,consumer
C012003,2023-02-24,DE,organic,consumer
C012004,2023-02-24,US,paid_social,consumer
C012005,2023-02-24,US,referral,consumer
C012006,2023-02-24,US,referral,consumer
C012007,2023-02-24,US,paid_search,consumer
C012008,2023-02-24,US,referral,small_business
C012009,2023-02-24,US,affiliate,consumer
C012010,2023-02-24,US,paid_search,enterprise
C012011,2023-02-24,US,paid_search,consumer
C012012,2023-02-24,US,paid_social,consumer
C012013,2023-02-24,US,paid_search,consumer
C012014,2023-02-24,GB,paid_search,consumer
C012015,2023-02-24,US,referral,consumer
C012016,2023-02-24,US,organic,consumer
C012017,2023-02-24,AU,organic,consumer
C012018,2023-02-24,DE,paid_social,consumer
C012019,2023-02-24,AU,organic,small_business
C012020,2023-02-24,DE,paid_search,small_business
C012021,2023-02-24,US,paid_social,consumer
C012022,2023-02-24,US,paid_search,consumer
C012023,2023-02-24,CA,organic,enterprise
C012024,2023-02-24,US,organic,consumer
C012025,2023-02-24,CA,referral,small_business
C012026,2023-02-24,US,paid_social,small_business
C012027,2023-02-24,GB,organic,small_business
C012028,2023-02-24,CA,organic,consumer
C012029,2023-02-24,US,paid_social,consumer
C012030,2023-02-24,US,affiliate,consumer
C012031,2023-02-24,US,paid_social,consumer
C012032,2023-02-24,AU,organic,small_business
C012033,2023-02-24,CA,paid_search,consumer
C012034,2023-02-24,CA,referral,consumer
C012035,2023-02-24,US,referral,consumer
C012036,2023-02-24,CA,paid_social,small_business
C012037,2023-02-24,US,organic,small_business
C012038,2023-02-24,US,affiliate,small_business
C012039,2023-02-24,AU,paid_social,consumer
C012040,2023-02-24,US,organic,small_business
C012041,2023-02-24,AU,organic,small_business
C012042,2023-02-24,DE,paid_search,consumer
C012043,2023-02-24,US,organic,consumer
C012044,2023-02-24,DE,referral,consumer
C012045,2023-02-24,GB,paid_social,consumer
C012046,2023-02-24,US,organic,consumer
C012047,2023-02-24,US,paid_search,consumer
C012048,2023-02-24,US,organic,enterprise
C012049,2023-02-24,US,referral,consumer
C012050,2023-02-24,US,organic,small_business
C012051,2023-02-24,US,affiliate,consumer
C012052,2023-02-24,CA,organic,consumer
C012053,2023-02-24,GB,organic,small_business
C012054,2023-02-24,GB,organic,consumer
C012055,2023-02-24,US,organic,consumer
C012056,2023-02-24,US,paid_social,consumer
C012057,2023-02-24,US,paid_social,consumer
C012058,2023-02-24,US,organic,consumer
C012059,2023-02-24,US,affiliate,consumer
C012060,2023-02-24,US,paid_search,consumer
C012061,2023-02-24,US,organic,consumer
C012062,2023-02-24,DE,paid_search,consumer
C012063,2023-02-24,CA,paid_search,consumer
C012064,2023-02-24,US,organic,consumer
C012065,2023-02-24,US,organic,consumer
C012066,2023-02-24,US,affiliate,consumer
C012067,2023-02-24,US,paid_social,consumer
C012068,2023-02-24,US,referral,consumer
C012069,2023-02-24,US,paid_social,consumer
C012070,2023-02-24,GB,paid_search,consumer
C012071,2023-02-24,US,paid_search,consumer
C012072,2023-02-24,US,referral,consumer
C012073,2023-02-24,US,paid_search,consumer
C012074,2023-02-24,US,affiliate,consumer
C012075,2023-02-24,GB,paid_search,consumer
C012076,2023-02-24,US,organic,consumer
C012077,2023-02-24,US,organic,consumer
C012078,2023-02-24,AU,organic,consumer
C012079,2023-02-24,US,referral,consumer
C012080,2023-02-24,US,paid_search,consumer
C012081,2023-02-24,US,organic,consumer
C012082,2023-02-24,US,paid_search,small_business
C012083,2023-02-24,US,affiliate,small_business
C012084,2023-02-24,US,paid_social,consumer
C012085,2023-02-24,US,organic,consumer
C012086,2023-02-24,US,paid_social,small_business
C012087,2023-02-24,US,affiliate,consumer
C012088,2023-02-24,US,organic,consumer
C012089,2023-02-25,US,paid_search,consumer
C012090,2023-02-25,US,paid_social,consumer
C012091,2023-02-25,DE,paid_search,consumer
C012092,2023-02-25,US,referral,consumer
C012093,2023-02-25,US,referral,small_business
C012094,2023-02-25,US,referral,consumer
C012095,2023-02-25,GB,organic,small_business
C012096,2023-02-25,US,referral,consumer
C012097,2023-02-25,US,paid_search,consumer
C012098,2023-02-25,US,paid_social,consumer
C012099,2023-02-25,US,paid_social,consumer
C012100,2023-02-25,US,organic,consumer
C012101,2023-02-25,US,referral,consumer
C012102,2023-02-25,GB,paid_search,small_business
C012103,2023-02-25,US,paid_social,consumer
C012104,2023-02-25,GB,paid_social,consumer
C012105,2023-02-25,US,paid_search,consumer
C012106,2023-02-25,DE,paid_social,consumer
C012107,2023-02-25,GB,paid_social,consumer
C012108,2023-02-25,AU,affiliate,enterprise
C012109,2023-02-25,US,paid_search,consumer
C012110,2023-02-25,GB,paid_search,small_business
C012111,2023-02-25,US,referral,consumer
C012112,2023-02-25,AU,referral,consumer
C012113,2023-02-25,GB,paid_search,consumer
C012114,2023-02-25,US,paid_social,consumer
C012115,2023-02-25,CA,paid_social,consumer
C012116,2023-02-25,US,organic,small_business
C012117,2023-02-25,US,paid_search,consumer
C012118,2023-02-25,GB,paid_social,consumer
C012119,2023-02-25,US,paid_search,enterprise
C012120,2023-02-25,US,organic,small_business
C012121,2023-02-25,US,affiliate,small_business
C012122,2023-02-25,US,organic,consumer
C012123,2023-02-25,US,paid_search,small_business
C012124,2023-02-25,US,referral,consumer
C012125,2023-02-25,DE,paid_search,consumer
C012126,2023-02-25,US,affiliate,consumer
C012127,2023-02-25,US,organic,consumer
C012128,2023-02-25,US,organic,consumer
C012129,2023-02-25,US,paid_search,consumer
C012130,2023-02-25,GB,organic,consumer
C012131,2023-02-25,US,paid_search,consumer
C012132,2023-02-25,DE,paid_search,consumer
C012133,2023-02-25,DE,organic,consumer
C012134,2023-02-25,CA,organic,consumer
C012135,2023-02-25,US,organic,consumer
C012136,2023-02-25,US,affiliate,small_business
C012137,2023-02-25,US,paid_search,enterprise
C012138,2023-02-25,US,organic,consumer
C012139,2023-02-25,US,affiliate,consumer
C012140,2023-02-25,US,paid_search,small_business
C012141,2023-02-25,US,paid_search,consumer
C012142,2023-02-25,US,organic,small_business
C012143,2023-02-25,CA,paid_social,consumer
C012144,2023-02-25,US,paid_social,consumer
C012145,2023-02-25,DE,paid_search,small_business
C012146,2023-02-25,US,organic,enterprise
C012147,2023-02-25,US,paid_search,consumer
C012148,2023-02-25,US,referral,consumer
C012149,2023-02-25,US,referral,consumer
C012150,2023-02-25,GB,paid_social,consumer
C012151,2023-02-25,US,affiliate,consumer
C012152,2023-02-25,GB,referral,consumer
C012153,2023-02-25,US,organic,consumer
C012154,2023-02-25,CA,organic,small_business
C012155,2023-02-25,US,paid_search,consumer
C012156,2023-02-25,US,affiliate,consumer
C012157,2023-02-25,US,paid_search,small_business
C012158,2023-02-25,US,affiliate,consumer
C012159,2023-02-25,US,organic,consumer
C012160,2023-02-25,GB,paid_social,consumer
C012161,2023-02-25,US,paid_search,small_business
C012162,2023-02-25,AU,organic,enterprise
C012163,2023-02-25,DE,paid_social,consumer
C012164,2023-02-25,AU,paid_social,consumer
C012165,2023-02-25,US,organic,consumer
C012166,2023-02-25,US,affiliate,consumer
C012167,2023-02-25,DE,organic,consumer
C012168,2023-02-25,US,paid_search,consumer
C012169,2023-02-25,US,paid_social,consumer
C012170,2023-02-25,CA,paid_social,consumer
C012171,2023-02-25,US,organic,consumer
C012172,2023-02-25,US,paid_social,consumer
C012173,2023-02-25,US,paid_search,consumer
C012174,2023-02-25,US,organic,small_business
C012175,2023-02-25,GB,organic,consumer
C012176,2023-02-25,US,paid_search,consumer
C012177,2023-02-25,CA,affiliate,consumer
C012178,2023-02-25,US,referral,small_business
C012179,2023-02-25,US,organic,consumer
C012180,2023-02-25,US,referral,consumer
C012181,2023-02-25,US,paid_search,consumer
C012182,2023-02-25,US,paid_search,consumer
C012183,2023-02-25,US,referral,consumer
C012184,2023-02-25,AU,paid_search,small_business
C012185,2023-02-25,US,referral,consumer
C012186,2023-02-25,US,paid_social,consumer
C012187,2023-02-25,US,referral,enterprise
C012188,2023-02-25,GB,paid_social,consumer
C012189,2023-02-25,CA,affiliate,consumer
C012190,2023-02-25,US,referral,consumer
C012191,2023-02-25,US,paid_social,consumer
C012192,2023-02-25,GB,organic,consumer
C012193,2023-02-25,GB,organic,consumer
C012194,2023-02-25,GB,organic,consumer
C012195,2023-02-25,US,organic,small_business
C012196,2023-02-25,US,organic,consumer
C012197,2023-02-25,CA,organic,consumer
C012198,2023-02-25,US,paid_social,consumer
C012199,2023-02-25,CA,paid_social,consumer
C012200,2023-02-25,US,affiliate,consumer
C012201,2023-02-25,US,paid_social,consumer
C012202,2023-02-25,US,paid_search,consumer
C012203,2023-02-25,US,paid_search,consumer
C012204,2023-02-25,US,paid_social,consumer
C012205,2023-02-25,US,organic,consumer
C012206,2023-02-25,US,organic,consumer
C012207,2023-02-25,AU,referral,consumer
C012208,2023-02-25,CA,referral,consumer
C012209,2023-02-25,AU,paid_social,consumer
C012210,2023-02-25,US,referral,consumer
C012211,2023-02-25,US,affiliate,small_business
C012212,2023-02-25,CA,organic,small_business
C012213,2023-02-25,US,paid_search,consumer
C012214,2023-02-25,US,referral,small_business
C012215,2023-02-25,AU,referral,consumer
C012216,2023-02-25,CA,affiliate,consumer
C012217,2023-02-25,DE,paid_social,consumer
C012218,2023-02-25,GB,affiliate,consumer
C012219,2023-02-25,DE,paid_search,consumer
C012220,2023-02-25,GB,paid_search,consumer
C012221,2023-02-25,US,organic,consumer
C012222,2023-02-25,US,affiliate,consumer
C012223,2023-02-25,US,paid_social,consumer
C012224,2023-02-25,GB,organic,consumer
C012225,2023-02-25,US,paid_social,consumer
C012226,2023-02-25,US,paid_search,consumer
C012227,2023-02-25,US,organic,small_business
C012228,2023-02-25,CA,paid_search,consumer
C012229,2023-02-25,US,organic,consumer
C012230,2023-02-25,US,organic,consumer
C012231,2023-02-25,US,referral,consumer
C012232,2023-02-25,US,paid_social,consumer
C012233,2023-02-25,US,organic,consumer
C012234,2023-02-25,CA,paid_search,consumer
C012235,2023-02-25,US,referral,consumer
C012236,2023-02-25,US,paid_social,consumer
C012237,2023-02-25,US,paid_social,consumer
C012238,2023-02-25,US,paid_search,consumer
C012239,2023-02-25,US,paid_social,consumer
C012240,2023-02-25,AU,paid_search,small_business
C012241,2023-02-25,CA,paid_social,consumer
C012242,2023-02-25,AU,paid_social,small_business
C012243,2023-02-25,US,paid_social,small_business
C012244,2023-02-25,CA,referral,consumer
C012245,2023-02-25,US,organic,consumer
C012246,2023-02-25,US,paid_social,small_business
C012247,2023-02-25,US,paid_search,consumer
C012248,2023-02-25,US,organic,consumer
C012249,2023-02-25,US,paid_social,consumer
C012250,2023-02-25,US,referral,consumer
C012251,2023-02-25,GB,organic,consumer
C012252,2023-02-25,CA,paid_social,consumer
C012253,2023-02-25,CA,paid_search,consumer
C012254,2023-02-25,AU,organic,consumer
C012255,2023-02-25,AU,organic,small_business
C012256,2023-02-25,US,paid_social,consumer
C012257,2023-02-25,US,paid_search,consumer
C012258,2023-02-25,US,organic,consumer
C012259,2023-02-25,US,paid_search,consumer
C012260,2023-02-25,US,paid_search,consumer
C012261,2023-02-25,US,paid_search,consumer
C012262,2023-02-25,US,paid_search,consumer
C012263,2023-02-25,US,paid_social,small_business
C012264,2023-02-25,US,referral,consumer
C012265,2023-02-25,CA,referral,consumer
C012266,2023-02-25,US,referral,consumer
C012267,2023-02-25,US,organic,consumer
C012268,2023-02-25,US,paid_search,small_business
C012269,2023-02-25,CA,paid_social,consumer
C012270,2023-02-25,US,paid_search,consumer
C012271,2023-02-25,US,paid_social,consumer
C012272,2023-02-25,US,organic,consumer
C012273,2023-02-25,GB,referral,consumer
C012274,2023-02-25,US,organic,consumer
C012275,2023-02-25,CA,paid_search,consumer
C012276,2023-02-25,CA,organic,consumer
C012277,2023-02-25,US,paid_search,consumer
C012278,2023-02-25,GB,paid_search,small_business
C012279,2023-02-25,US,referral,small_business
C012280,2023-02-25,GB,referral,consumer
C012281,2023-02-25,US,organic,small_business
C012282,2023-02-25,US,organic,consumer
C012283,2023-02-25,CA,organic,consumer
C012284,2023-02-25,US,paid_social,consumer
C012285,2023-02-25,GB,referral,consumer
C012286,2023-02-25,US,referral,consumer
C012287,2023-02-25,US,organic,consumer
C012288,2023-02-25,GB,organic,consumer
C012289,2023-02-25,US,paid_search,enterprise
C012290,2023-02-25,CA,organic,consumer
C012291,2023-02-25,GB,referral,consumer
C012292,2023-02-25,US,paid_search,consumer
C012293,2023-02-25,AU,paid_search,consumer
C012294,2023-02-25,GB,paid_social,consumer
C012295,2023-02-25,US,organic,consumer
C012296,2023-02-25,CA,organic,consumer
C012297,2023-02-25,DE,paid_social,small_business
C012298,2023-02-25,US,organic,small_business
C012299,2023-02-25,GB,referral,consumer
C012300,2023-02-25,US,referral,small_business
C012301,2023-02-25,US,paid_social,consumer
C012302,2023-02-25,US,paid_social,consumer
C012303,2023-02-25,US,affiliate,consumer
C012304,2023-02-25,US,referral,consumer
C012305,2023-02-25,US,referral,consumer
C012306,2023-02-25,US,organic,consumer
C012307,2023-02-25,US,affiliate,enterprise
C012308,2023-02-25,CA,paid_social,consumer
C012309,2023-02-26,CA,referral,consumer
C012310,2023-02-26,US,referral,consumer
C012311,2023-02-26,US,referral,consumer
C012312,2023-02-26,US,paid_search,small_business
C012313,2023-02-26,US,paid_search,consumer
C012314,2023-02-26,GB,paid_search,consumer
C012315,2023-02-26,GB,referral,consumer
C012316,2023-02-26,US,organic,consumer
C012317,2023-02-26,US,paid_social,small_business
C012318,2023-02-26,US,paid_social,consumer
C012319,2023-02-26,US,organic,consumer
C012320,2023-02-26,US,paid_search,consumer
C012321,2023-02-26,US,paid_social,consumer
C012322,2023-02-26,US,organic,consumer
C012323,2023-02-26,GB,referral,small_business
C012324,2023-02-26,DE,paid_social,consumer
C012325,2023-02-26,AU,organic,consumer
C012326,2023-02-26,US,organic,consumer
C012327,2023-02-26,US,referral,consumer
C012328,2023-02-26,DE,organic,consumer
C012329,2023-02-26,AU,paid_social,consumer
C012330,2023-02-26,GB,organic,consumer
C012331,2023-02-26,US,affiliate,consumer
C012332,2023-02-26,GB,organic,consumer
C012333,2023-02-26,CA,referral,small_business
C012334,2023-02-26,US,paid_search,consumer
C012335,2023-02-26,US,affiliate,small_business
C012336,2023-02-26,US,referral,consumer
C012337,2023-02-26,US,paid_social,consumer
C012338,2023-02-26,GB,organic,consumer
C012339,2023-02-26,DE,organic,consumer
C012340,2023-02-26,US,organic,consumer
C012341,2023-02-26,US,organic,consumer
C012342,2023-02-26,US,affiliate,consumer
C012343,2023-02-26,US,affiliate,consumer
C012344,2023-02-26,DE,paid_search,consumer
C012345,2023-02-26,US,paid_search,small_business
C012346,2023-02-26,US,affiliate,consumer
C012347,2023-02-26,US,affiliate,consumer
C012348,2023-02-26,US,organic,consumer
C012349,2023-02-26,US,paid_social,consumer
C012350,2023-02-26,US,paid_search,consumer
C012351,2023-02-26,US,organic,consumer
C012352,2023-02-26,US,referral,consumer
C012353,2023-02-26,CA,paid_social,consumer
C012354,2023-02-26,US,organic,consumer
C012355,2023-02-26,US,referral,consumer
C012356,2023-02-26,US,affiliate,consumer
C012357,2023-02-26,US,organic,consumer
C012358,2023-02-26,US,affiliate,enterprise
C012359,2023-02-26,US,paid_social,consumer
C012360,2023-02-26,CA,organic,small_business
C012361,2023-02-26,GB,paid_social,consumer
C012362,2023-02-26,US,affiliate,consumer
C012363,2023-02-26,GB,referral,consumer
C012364,2023-02-26,US,affiliate,consumer
C012365,2023-02-26,GB,organic,consumer
C012366,2023-02-26,US,referral,small_business
C012367,2023-02-26,US,paid_social,consumer
C012368,2023-02-26,US,organic,consumer
C012369,2023-02-26,US,referral,consumer
C012370,2023-02-26,GB,paid_search,small_business
C012371,2023-02-26,US,organic,small_business
C012372,2023-02-26,US,paid_search,consumer
C012373,2023-02-26,US,organic,consumer
C012374,2023-02-26,US,organic,consumer
C012375,2023-02-26,US,paid_social,consumer
C012376,2023-02-26,US,organic,consumer
C012377,2023-02-26,GB,referral,consumer
C012378,2023-02-26,US,paid_social,consumer
C012379,2023-02-26,US,organic,enterprise
C012380,2023-02-26,US,affiliate,consumer
C012381,2023-02-26,US,paid_search,consumer
C012382,2023-02-26,US,paid_search,consumer
C012383,2023-02-26,US,organic,small_business
C012384,2023-02-26,US,paid_social,consumer
C012385,2023-02-26,DE,paid_search,consumer
C012386,2023-02-26,CA,paid_search,consumer
C012387,2023-02-26,DE,referral,consumer
C012388,2023-02-26,CA,paid_search,consumer
C012389,2023-02-26,US,affiliate,consumer
C012390,2023-02-26,US,referral,consumer
C012391,2023-02-26,US,organic,consumer
C012392,2023-02-26,US,referral,consumer
C012393,2023-02-26,US,organic,consumer
C012394,2023-02-26,US,paid_search,consumer
C012395,2023-02-26,DE,organic,small_business
C012396,2023-02-26,US,paid_social,small_business
C012397,2023-02-26,US,paid_search,consumer
C012398,2023-02-26,US,referral,consumer
C012399,2023-02-26,US,affiliate,consumer
C012400,2023-02-26,US,paid_social,consumer
C012401,2023-02-26,US,paid_social,small_business
C012402,2023-02-26,US,paid_search,consumer
C012403,2023-02-26,GB,paid_search,consumer
C012404,2023-02-26,US,referral,enterprise
C012405,2023-02-26,AU,paid_search,small_business
C012406,2023-02-26,US,referral,consumer
C012407,2023-02-26,AU,paid_search,consumer
C012408,2023-02-26,US,paid_social,small_business
C012409,2023-02-26,CA,organic,consumer
C012410,2023-02-26,US,paid_search,consumer
C012411,2023-02-26,US,paid_search,consumer
C012412,2023-02-26,US,referral,consumer
C012413,2023-02-26,US,paid_social,consumer
C012414,2023-02-26,US,affiliate,enterprise
C012415,2023-02-26,US,organic,small_business
C012416,2023-02-26,US,organic,small_business
C012417,2023-02-26,CA,referral,consumer
C012418,2023-02-26,US,paid_social,consumer
C012419,2023-02-26,GB,paid_search,consumer
C012420,2023-02-26,AU,paid_social,consumer
C012421,2023-02-26,CA,organic,small_business
C012422,2023-02-26,GB,affiliate,consumer
C012423,2023-02-26,AU,organic,small_business
C012424,2023-02-26,DE,paid_search,consumer
C012425,2023-02-26,US,referral,small_business
C012426,2023-02-26,US,organic,consumer
C012427,2023-02-26,US,paid_social,small_business
C012428,2023-02-26,US,paid_social,consumer
C012429,2023-02-26,US,paid_search,small_business
C012430,2023-02-26,US,paid_social,consumer
C012431,2023-02-26,GB,organic,consumer
C012432,2023-02-26,US,organic,consumer
C012433,2023-02-26,GB,paid_social,consumer
C012434,2023-02-26,US,paid_social,consumer
C012435,2023-02-26,DE,paid_social,consumer
C012436,2023-02-26,US,paid_search,small_business
C012437,2023-02-26,US,organic,consumer
C012438,2023-02-26,AU,paid_social,consumer
C012439,2023-02-26,GB,affiliate,consumer
C012440,2023-02-26,US,referral,consumer
C012441,2023-02-26,CA,paid_search,consumer
C012442,2023-02-26,US,paid_social,consumer
C012443,2023-02-26,US,organic,small_business
C012444,2023-02-26,US,affiliate,consumer
C012445,2023-02-26,DE,organic,consumer
C012446,2023-02-26,US,organic,small_business
C012447,2023-02-26,US,paid_social,consumer
C012448,2023-02-26,AU,affiliate,consumer
C012449,2023-02-26,US,organic,consumer
C012450,2023-02-26,CA,paid_search,consumer
C012451,2023-02-26,US,paid_search,consumer
C012452,2023-02-26,US,organic,small_business
C012453,2023-02-26,AU,paid_search,small_business
C012454,2023-02-26,GB,organic,consumer
C012455,2023-02-26,US,referral,consumer
C012456,2023-02-26,DE,paid_search,small_business
C012457,2023-02-26,US,organic,small_business
C012458,2023-02-26,DE,organic,small_business
C012459,2023-02-26,US,organic,consumer
C012460,2023-02-26,AU,paid_social,consumer
C012461,2023-02-26,US,paid_search,consumer
C012462,2023-02-26,CA,paid_social,enterprise
C012463,2023-02-26,GB,paid_social,consumer
C012464,2023-02-26,CA,affiliate,consumer
C012465,2023-02-26,DE,organic,consumer
C012466,2023-02-26,US,organic,consumer
C012467,2023-02-26,US,affiliate,small_business
C012468,2023-02-26,AU,organic,consumer
C012469,2023-02-26,US,referral,small_business
C012470,2023-02-26,US,paid_social,consumer
C012471,2023-02-26,US,organic,consumer
C012472,2023-02-26,US,paid_social,consumer
C012473,2023-02-26,US,paid_search,consumer
C012474,2023-02-26,CA,referral,consumer
C012475,2023-02-26,US,paid_search,small_business
C012476,2023-02-26,US,paid_social,consumer
C012477,2023-02-26,DE,paid_search,small_business
C012478,2023-02-26,US,referral,small_business
C012479,2023-02-26,DE,organic,consumer
C012480,2023-02-26,US,organic,consumer
C012481,2023-02-26,US,organic,consumer
C012482,2023-02-26,CA,referral,enterprise
C012483,2023-02-26,US,referral,small_business
C012484,2023-02-26,US,paid_social,consumer
C012485,2023-02-26,US,paid_social,small_business
C012486,2023-02-26,US,organic,consumer
C012487,2023-02-26,AU,organic,consumer
C012488,2023-02-26,US,affiliate,small_business
C012489,2023-02-26,US,paid_search,consumer
C012490,2023-02-26,GB,affiliate,consumer
C012491,2023-02-26,US,organic,enterprise
C012492,2023-02-26,US,organic,consumer
C012493,2023-02-26,AU,organic,consumer
C012494,2023-02-26,US,referral,consumer
C012495,2023-02-26,US,affiliate,consumer
C012496,2023-02-26,CA,paid_search,consumer
C012497,2023-02-26,US,paid_search,consumer
C012498,2023-02-26,US,paid_social,consumer
C012499,2023-02-26,US,affiliate,consumer
C012500,2023-02-26,US,affiliate,consumer
C012501,2023-02-26,AU,referral,consumer
C012502,2023-02-26,GB,paid_social,consumer
C012503,2023-02-26,US,paid_social,consumer
C012504,2023-02-26,US,organic,small_business
C012505,2023-02-26,US,organic,consumer
C012506,2023-02-26,US,referral,consumer
C012507,2023-02-26,CA,affiliate,consumer
C012508,2023-02-26,US,organic,small_business
C012509,2023-02-26,GB,paid_search,consumer
C012510,2023-02-26,CA,paid_social,consumer
C012511,2023-02-26,US,referral,consumer
C012512,2023-02-26,CA,organic,consumer
C012513,2023-02-26,US,affiliate,consumer
C012514,2023-02-26,CA,referral,small_business
C012515,2023-02-26,US,affiliate,enterprise
C012516,2023-02-26,US,organic,enterprise
C012517,2023-02-26,US,referral,consumer
C012518,2023-02-26,US,affiliate,consumer
C012519,2023-02-26,US,paid_search,enterprise
C012520,2023-02-26,US,paid_social,consumer
C012521,2023-02-26,US,organic,consumer
C012522,2023-02-26,US,paid_social,small_business
C012523,2023-02-26,GB,affiliate,consumer
C012524,2023-02-26,GB,organic,consumer
C012525,2023-02-26,US,paid_social,consumer
C012526,2023-02-26,US,organic,consumer
C012527,2023-02-26,US,organic,consumer
C012528,2023-02-26,US,referral,consumer
C012529,2023-02-27,US,paid_search,consumer
C012530,2023-02-27,US,referral,small_business
C012531,2023-02-27,US,affiliate,small_business
C012532,2023-02-27,US,referral,consumer
C012533,2023-02-27,DE,paid_social,consumer
C012534,2023-02-27,US,paid_search,consumer
C012535,2023-02-27,US,paid_search,consumer
C012536,2023-02-27,US,organic,small_business
C012537,2023-02-27,US,paid_search,small_business
C012538,2023-02-27,US,paid_social,consumer
C012539,2023-02-27,US,paid_search,small_business
C012540,2023-02-27,DE,organic,consumer
C012541,2023-02-27,AU,organic,consumer
C012542,2023-02-27,US,paid_social,consumer
C012543,2023-02-27,US,organic,consumer
C012544,2023-02-27,US,affiliate,consumer
C012545,2023-02-27,US,paid_social,small_business
C012546,2023-02-27,AU,paid_search,consumer
C012547,2023-02-27,GB,paid_search,consumer
C012548,2023-02-27,GB,paid_social,consumer
C012549,2023-02-27,US,referral,consumer
C012550,2023-02-27,US,organic,consumer
C012551,2023-02-27,US,organic,consumer
C012552,2023-02-27,GB,affiliate,consumer
C012553,2023-02-27,US,paid_search,consumer
C012554,2023-02-27,US,paid_social,consumer
C012555,2023-02-27,US,paid_search,consumer
C012556,2023-02-27,US,paid_search,consumer
C012557,2023-02-27,US,affiliate,small_business
C012558,2023-02-27,US,organic,consumer
C012559,2023-02-27,US,organic,consumer
C012560,2023-02-27,US,paid_search,consumer
C012561,2023-02-27,US,paid_social,consumer
C012562,2023-02-27,AU,paid_search,consumer
C012563,2023-02-27,GB,organic,consumer
C012564,2023-02-27,DE,paid_search,enterprise
C012565,2023-02-27,AU,organic,consumer
C012566,2023-02-27,US,referral,consumer
C012567,2023-02-27,US,paid_search,enterprise
C012568,2023-02-27,US,paid_search,consumer
C012569,2023-02-27,DE,referral,consumer
C012570,2023-02-27,US,affiliate,consumer
C012571,2023-02-27,US,paid_social,consumer
C012572,2023-02-27,US,referral,consumer
C012573,2023-02-27,US,paid_social,consumer
C012574,2023-02-27,CA,paid_social,consumer
C012575,2023-02-27,AU,affiliate,consumer
C012576,2023-02-27,US,paid_social,consumer
C012577,2023-02-27,GB,paid_social,consumer
C012578,2023-02-27,US,organic,consumer
C012579,2023-02-27,US,organic,consumer
C012580,2023-02-27,US,paid_search,consumer
C012581,2023-02-27,US,organic,consumer
C012582,2023-02-27,US,organic,consumer
C012583,2023-02-27,CA,referral,small_business
C012584,2023-02-27,US,paid_search,consumer
C012585,2023-02-27,US,paid_search,consumer
C012586,2023-02-27,US,organic,consumer
C012587,2023-02-27,US,organic,consumer
C012588,2023-02-27,US,paid_search,small_business
C012589,2023-02-27,CA,organic,consumer
C012590,2023-02-27,US,organic,consumer
C012591,2023-02-27,US,paid_search,consumer
C012592,2023-02-27,US,referral,consumer
C012593,2023-02-27,AU,paid_search,consumer
C012594,2023-02-27,US,paid_search,consumer
C012595,2023-02-27,GB,paid_search,consumer
C012596,2023-02-27,US,affiliate,consumer
C012597,2023-02-27,US,paid_search,consumer
C012598,2023-02-27,AU,organic,small_business
C012599,2023-02-27,US,paid_search,consumer
C012600,2023-02-27,DE,affiliate,consumer
C012601,2023-02-27,US,organic,consumer
C012602,2023-02-27,CA,paid_search,consumer
C012603,2023-02-27,CA,paid_social,consumer
C012604,2023-02-27,US,paid_social,small_business
C012605,2023-02-27,US,referral,consumer
C012606,2023-02-27,DE,referral,consumer
C012607,2023-02-27,US,paid_social,small_business
C012608,2023-02-27,US,paid_search,small_business
C012609,2023-02-27,AU,organic,consumer
C012610,2023-02-27,US,paid_social,consumer
C012611,2023-02-27,US,paid_social,consumer
C012612,2023-02-27,US,affiliate,consumer
C012613,2023-02-27,CA,paid_social,consumer
C012614,2023-02-27,CA,paid_search,consumer
C012615,2023-02-27,AU,organic,small_business
C012616,2023-02-27,US,paid_search,consumer
C012617,2023-02-27,US,organic,consumer
C012618,2023-02-27,US,organic,consumer
C012619,2023-02-27,US,organic,consumer
C012620,2023-02-27,AU,organic,consumer
C012621,2023-02-27,AU,paid_search,consumer
C012622,2023-02-27,US,paid_search,consumer
C012623,2023-02-27,US,paid_social,small_business
C012624,2023-02-27,CA,paid_search,consumer
C012625,2023-02-27,AU,referral,consumer
C012626,2023-02-27,GB,paid_social,consumer
C012627,2023-02-27,CA,referral,small_business
C012628,2023-02-27,US,paid_social,consumer
C012629,2023-02-27,US,affiliate,consumer
C012630,2023-02-27,DE,referral,consumer
C012631,2023-02-27,AU,affiliate,consumer
C012632,2023-02-27,US,organic,consumer
C012633,2023-02-27,US,paid_social,small_business
C012634,2023-02-27,GB,organic,consumer
C012635,2023-02-27,US,paid_social,consumer
C012636,2023-02-27,US,paid_search,consumer
C012637,2023-02-27,US,referral,small_business
C012638,2023-02-27,CA,paid_social,consumer
C012639,2023-02-27,US,organic,consumer
C012640,2023-02-27,US,paid_search,consumer
C012641,2023-02-27,US,affiliate,consumer
C012642,2023-02-27,CA,organic,consumer
C012643,2023-02-27,US,referral,consumer
C012644,2023-02-27,US,paid_social,consumer
C012645,2023-02-27,GB,paid_search,enterprise
C012646,2023-02-27,US,paid_social,consumer
C012647,2023-02-27,US,paid_search,consumer
C012648,2023-02-27,US,paid_social,consumer
C012649,2023-02-27,CA,organic,small_business
C012650,2023-02-27,US,paid_search,consumer
C012651,2023-02-27,CA,paid_search,consumer
C012652,2023-02-27,US,organic,consumer
C012653,2023-02-27,US,referral,enterprise
C012654,2023-02-27,US,paid_search,consumer
C012655,2023-02-27,GB,paid_social,consumer
C012656,2023-02-27,US,referral,consumer
C012657,2023-02-27,DE,referral,consumer
C012658,2023-02-27,US,paid_social,consumer
C012659,2023-02-27,US,paid_search,consumer
C012660,2023-02-27,GB,paid_search,enterprise
C012661,2023-02-27,US,organic,consumer
C012662,2023-02-27,US,paid_search,consumer
C012663,2023-02-27,US,affiliate,consumer
C012664,2023-02-27,US,organic,consumer
C012665,2023-02-27,US,referral,consumer
C012666,2023-02-27,DE,organic,consumer
C012667,2023-02-27,US,organic,consumer
C012668,2023-02-27,US,paid_search,consumer
C012669,2023-02-27,US,organic,consumer
C012670,2023-02-27,US,paid_search,small_business
C012671,2023-02-27,US,paid_social,small_business
C012672,2023-02-27,US,paid_search,small_business
C012673,2023-02-27,US,referral,consumer
C012674,2023-02-27,CA,organic,consumer
C012675,2023-02-27,US,referral,consumer
C012676,2023-02-27,CA,paid_search,consumer
C012677,2023-02-27,US,organic,consumer
C012678,2023-02-27,US,paid_search,consumer
C012679,2023-02-27,DE,referral,small_business
C012680,2023-02-27,GB,paid_social,consumer
C012681,2023-02-27,US,paid_social,consumer
C012682,2023-02-27,US,referral,consumer
C012683,2023-02-27,US,organic,consumer
C012684,2023-02-27,US,paid_search,consumer
C012685,2023-02-27,GB,paid_search,consumer
C012686,2023-02-27,US,paid_social,consumer
C012687,2023-02-27,DE,referral,consumer
C012688,2023-02-27,US,affiliate,consumer
C012689,2023-02-27,US,organic,consumer
C012690,2023-02-27,CA,organic,small_business
C012691,2023-02-27,US,organic,small_business
C012692,2023-02-27,DE,paid_social,consumer
C012693,2023-02-27,US,organic,small_business
C012694,2023-02-27,US,organic,consumer
C012695,2023-02-27,CA,organic,consumer
C012696,2023-02-27,DE,paid_search,consumer
C012697,2023-02-27,DE,paid_search,consumer
C012698,2023-02-27,CA,paid_social,small_business
C012699,2023-02-27,US,organic,consumer
C012700,2023-02-27,GB,paid_social,consumer
C012701,2023-02-27,US,affiliate,consumer
C012702,2023-02-27,US,paid_search,consumer
C012703,2023-02-27,US,paid_search,consumer
C012704,2023-02-27,US,paid_social,consumer
C012705,2023-02-27,US,paid_search,enterprise
C012706,2023-02-27,AU,affiliate,small_business
C012707,2023-02-27,US,paid_social,consumer
C012708,2023-02-27,DE,paid_social,consumer
C012709,2023-02-27,AU,paid_search,consumer
C012710,2023-02-27,US,organic,consumer
C012711,2023-02-27,GB,paid_search,consumer
C012712,2023-02-27,US,paid_search,consumer
C012713,2023-02-27,CA,paid_search,consumer
C012714,2023-02-27,DE,paid_social,consumer
C012715,2023-02-27,CA,organic,consumer
C012716,2023-02-27,US,paid_search,consumer
C012717,2023-02-27,US,referral,consumer
C012718,2023-02-27,GB,organic,consumer
C012719,2023-02-27,US,organic,consumer
C012720,2023-02-27,US,referral,consumer
C012721,2023-02-27,US,affiliate,consumer
C012722,2023-02-27,US,referral,consumer
C012723,2023-02-27,US,paid_social,consumer
C012724,2023-02-27,GB,referral,consumer
C012725,2023-02-27,US,organic,consumer
C012726,2023-02-27,GB,paid_social,consumer
C012727,2023-02-27,US,affiliate,small_business
C012728,2023-02-27,CA,paid_social,consumer
C012729,2023-02-27,US,referral,consumer
C012730,2023-02-27,US,paid_search,small_business
C012731,2023-02-27,AU,referral,consumer
C012732,2023-02-27,US,paid_search,small_business
C012733,2023-02-27,US,referral,consumer
C012734,2023-02-27,US,referral,consumer
C012735,2023-02-27,US,referral,consumer
C012736,2023-02-27,AU,paid_search,consumer
C012737,2023-02-27,GB,referral,small_business
C012738,2023-02-27,US,paid_search,consumer
C012739,2023-02-27,DE,affiliate,consumer
C012740,2023-02-27,GB,referral,consumer
C012741,2023-02-27,US,organic,consumer
C012742,2023-02-27,US,paid_social,consumer
C012743,2023-02-27,US,organic,consumer
C012744,2023-02-27,GB,paid_social,consumer
C012745,2023-02-27,CA,organic,consumer
C012746,2023-02-27,US,paid_social,consumer
C012747,2023-02-27,US,organic,consumer
C012748,2023-02-27,US,referral,small_business
C012749,2023-02-28,CA,paid_search,consumer
C012750,2023-02-28,US,affiliate,consumer
C012751,2023-02-28,GB,paid_search,consumer
C012752,2023-02-28,GB,organic,consumer
C012753,2023-02-28,DE,paid_search,consumer
C012754,2023-02-28,CA,organic,consumer
C012755,2023-02-28,US,paid_social,enterprise
C012756,2023-02-28,US,paid_social,consumer
C012757,2023-02-28,US,paid_search,consumer
C012758,2023-02-28,AU,organic,consumer
C012759,2023-02-28,US,paid_social,consumer
C012760,2023-02-28,US,organic,consumer
C012761,2023-02-28,US,paid_search,consumer
C012762,2023-02-28,CA,paid_search,consumer
C012763,2023-02-28,CA,paid_social,consumer
C012764,2023-02-28,GB,affiliate,consumer
C012765,2023-02-28,US,referral,consumer
C012766,2023-02-28,US,paid_social,consumer
C012767,2023-02-28,US,organic,small_business
C012768,2023-02-28,US,paid_social,consumer
C012769,2023-02-28,US,paid_search,consumer
C012770,2023-02-28,US,organic,consumer
C012771,2023-02-28,GB,paid_search,consumer
C012772,2023-02-28,US,paid_social,consumer
C012773,2023-02-28,US,paid_search,small_business
C012774,2023-02-28,US,organic,consumer
C012775,2023-02-28,US,paid_social,consumer
C012776,2023-02-28,AU,referral,small_business
C012777,2023-02-28,US,affiliate,consumer
C012778,2023-02-28,DE,organic,consumer
C012779,2023-02-28,US,organic,small_business
C012780,2023-02-28,US,organic,consumer
C012781,2023-02-28,US,organic,consumer
C012782,2023-02-28,US,organic,consumer
C012783,2023-02-28,US,paid_social,consumer
C012784,2023-02-28,US,organic,small_business
C012785,2023-02-28,AU,paid_social,consumer
C012786,2023-02-28,US,organic,consumer
C012787,2023-02-28,US,organic,consumer
C012788,2023-02-28,US,affiliate,consumer
C012789,2023-02-28,US,organic,consumer
C012790,2023-02-28,AU,affiliate,small_business
C012791,2023-02-28,US,affiliate,small_business
C012792,2023-02-28,DE,affiliate,consumer
C012793,2023-02-28,US,referral,consumer
C012794,2023-02-28,US,affiliate,consumer
C012795,2023-02-28,CA,organic,consumer
C012796,2023-02-28,GB,paid_search,consumer
C012797,2023-02-28,DE,organic,consumer
C012798,2023-02-28,US,affiliate,consumer
C012799,2023-02-28,US,organic,consumer
C012800,2023-02-28,US,organic,consumer
C012801,2023-02-28,US,organic,consumer
C012802,2023-02-28,US,paid_social,consumer
C012803,2023-02-28,US,organic,small_business
C012804,2023-02-28,GB,paid_search,consumer
C012805,2023-02-28,US,referral,consumer
C012806,2023-02-28,AU,organic,consumer
C012807,2023-02-28,US,referral,consumer
C012808,2023-02-28,US,paid_social,consumer
C012809,2023-02-28,US,paid_search,consumer
C012810,2023-02-28,US,organic,consumer
C012811,2023-02-28,DE,affiliate,consumer
C012812,2023-02-28,US,referral,consumer
C012813,2023-02-28,US,paid_social,small_business
C012814,2023-02-28,CA,organic,consumer
C012815,2023-02-28,US,paid_social,consumer
C012816,2023-02-28,US,paid_social,consumer
C012817,2023-02-28,CA,organic,consumer
C012818,2023-02-28,US,paid_search,consumer
C012819,2023-02-28,US,referral,enterprise
C012820,2023-02-28,GB,organic,consumer
C012821,2023-02-28,GB,paid_social,consumer
C012822,2023-02-28,US,organic,consumer
C012823,2023-02-28,US,organic,consumer
C012824,2023-02-28,US,paid_search,consumer
C012825,2023-02-28,US,organic,consumer
C012826,2023-02-28,US,organic,consumer
C012827,2023-02-28,US,referral,consumer
C012828,2023-02-28,US,paid_social,consumer
C012829,2023-02-28,US,paid_social,small_business
C012830,2023-02-28,CA,organic,consumer
C012831,2023-02-28,GB,paid_search,consumer
C012832,2023-02-28,US,organic,consumer
C012833,2023-02-28,US,paid_social,enterprise
C012834,2023-02-28,US,paid_search,consumer
C012835,2023-02-28,US,paid_social,consumer
C012836,2023-02-28,US,paid_search,consumer
C012837,2023-02-28,DE,organic,consumer
C012838,2023-02-28,AU,organic,consumer
C012839,2023-02-28,US,paid_social,consumer
C012840,2023-02-28,US,paid_search,consumer
C012841,2023-02-28,US,paid_search,consumer
C012842,2023-02-28,US,organic,consumer
C012843,2023-02-28,DE,referral,consumer
C012844,2023-02-28,US,organic,consumer
C012845,2023-02-28,US,organic,small_business
C012846,2023-02-28,US,referral,consumer
C012847,2023-02-28,US,organic,consumer
C012848,2023-02-28,US,paid_search,consumer
C012849,2023-02-28,US,organic,consumer
C012850,2023-02-28,US,referral,consumer
C012851,2023-02-28,US,organic,small_business
C012852,2023-02-28,DE,affiliate,consumer
C012853,2023-02-28,CA,paid_social,consumer
C012854,2023-02-28,US,organic,consumer
C012855,2023-02-28,US,paid_search,consumer
C012856,2023-02-28,CA,paid_social,enterprise
C012857,2023-02-28,CA,paid_social,consumer
C012858,2023-02-28,US,paid_social,consumer
C012859,2023-02-28,US,paid_social,consumer
C012860,2023-02-28,CA,paid_search,small_business
C012861,2023-02-28,AU,referral,consumer
C012862,2023-02-28,AU,organic,consumer
C012863,2023-02-28,US,affiliate,consumer
C012864,2023-02-28,US,paid_search,small_business
C012865,2023-02-28,DE,paid_search,consumer
C012866,2023-02-28,US,organic,consumer
C012867,2023-02-28,US,paid_search,consumer
C012868,2023-02-28,AU,organic,small_business
C012869,2023-02-28,US,paid_search,consumer
C012870,2023-02-28,US,paid_search,consumer
C012871,2023-02-28,AU,paid_search,consumer
C012872,2023-02-28,AU,paid_social,consumer
C012873,2023-02-28,US,paid_search,consumer
C012874,2023-02-28,AU,organic,consumer
C012875,2023-02-28,US,paid_social,consumer
C012876,2023-02-28,US,organic,consumer
C012877,2023-02-28,DE,paid_search,consumer
C012878,2023-02-28,US,paid_search,consumer
C012879,2023-02-28,US,paid_social,consumer
C012880,2023-02-28,US,organic,small_business
C012881,2023-02-28,US,paid_social,consumer
C012882,2023-02-28,DE,paid_search,consumer
C012883,2023-02-28,DE,paid_social,consumer
C012884,2023-02-28,US,affiliate,consumer
C012885,2023-02-28,US,organic,consumer
C012886,2023-02-28,US,organic,consumer
C012887,2023-02-28,GB,paid_social,consumer
C012888,2023-02-28,US,paid_search,consumer
C012889,2023-02-28,US,organic,consumer
C012890,2023-02-28,US,paid_social,consumer
C012891,2023-02-28,GB,paid_social,consumer
C012892,2023-02-28,CA,affiliate,small_business
C012893,2023-02-28,GB,paid_search,consumer
C012894,2023-02-28,US,organic,consumer
C012895,2023-02-28,US,organic,consumer
C012896,2023-02-28,US,paid_search,consumer
C012897,2023-02-28,US,paid_social,consumer
C012898,2023-02-28,DE,organic,consumer
C012899,2023-02-28,DE,organic,consumer
C012900,2023-02-28,CA,organic,consumer
C012901,2023-02-28,US,organic,consumer
C012902,2023-02-28,US,paid_social,small_business
C012903,2023-02-28,US,organic,small_business
C012904,2023-02-28,CA,organic,consumer
C012905,2023-02-28,CA,organic,consumer
C012906,2023-02-28,DE,paid_social,consumer
C012907,2023-02-28,US,referral,consumer
C012908,2023-02-28,US,paid_social,consumer
C012909,2023-02-28,CA,paid_search,consumer
C012910,2023-02-28,US,paid_social,consumer
C012911,2023-02-28,DE,organic,consumer
C012912,2023-02-28,US,organic,consumer
C012913,2023-02-28,US,organic,enterprise
C012914,2023-02-28,GB,affiliate,consumer
C012915,2023-02-28,US,organic,enterprise
C012916,2023-02-28,US,paid_search,consumer
C012917,2023-02-28,US,organic,consumer
C012918,2023-02-28,US,paid_search,consumer
C012919,2023-02-28,US,paid_search,consumer
C012920,2023-02-28,US,paid_social,consumer
C012921,2023-02-28,US,affiliate,small_business
C012922,2023-02-28,US,referral,consumer
C012923,2023-02-28,US,organic,consumer
C012924,2023-02-28,US,organic,consumer
C012925,2023-02-28,US,referral,small_business
C012926,2023-02-28,US,organic,small_business
C012927,2023-02-28,US,paid_social,consumer
C012928,2023-02-28,US,referral,consumer
C012929,2023-02-28,DE,paid_search,consumer
C012930,2023-02-28,AU,organic,consumer
C012931,2023-02-28,DE,paid_social,consumer
C012932,2023-02-28,DE,paid_social,consumer
C012933,2023-02-28,US,referral,consumer
C012934,2023-02-28,US,organic,consumer
C012935,2023-02-28,US,organic,consumer
C012936,2023-02-28,US,paid_search,consumer
C012937,2023-02-28,DE,affiliate,consumer
C012938,2023-02-28,GB,paid_social,consumer
C012939,2023-02-28,US,organic,consumer
C012940,2023-02-28,US,affiliate,consumer
C012941,2023-02-28,CA,organic,consumer
C012942,2023-02-28,GB,referral,small_business
C012943,2023-02-28,US,organic,consumer
C012944,2023-02-28,CA,referral,consumer
C012945,2023-02-28,GB,organic,enterprise
C012946,2023-02-28,US,organic,consumer
C012947,2023-02-28,US,affiliate,consumer
C012948,2023-02-28,CA,paid_social,consumer
C012949,2023-02-28,AU,paid_social,consumer
C012950,2023-02-28,AU,referral,consumer
C012951,2023-02-28,DE,affiliate,consumer
C012952,2023-02-28,US,organic,small_business
C012953,2023-02-28,US,organic,small_business
C012954,2023-02-28,US,affiliate,consumer
C012955,2023-02-28,US,organic,consumer
C012956,2023-02-28,US,paid_social,consumer
C012957,2023-02-28,US,paid_search,consumer
C012958,2023-02-28,DE,organic,small_business
C012959,2023-02-28,US,referral,consumer
C012960,2023-02-28,US,organic,small_business
C012961,2023-02-28,CA,referral,small_business
C012962,2023-02-28,GB,organic,consumer
C012963,2023-02-28,CA,paid_search,consumer
C012964,2023-02-28,US,paid_social,consumer
C012965,2023-02-28,US,paid_social,consumer
C012966,2023-02-28,US,organic,consumer
C012967,2023-02-28,DE,paid_search,consumer
C012968,2023-02-28,US,organic,consumer
C012969,2023-03-01,US,organic,consumer
C012970,2023-03-01,US,referral,consumer
C012971,2023-03-01,US,paid_social,consumer
C012972,2023-03-01,CA,paid_search,consumer
C012973,2023-03-01,DE,organic,consumer
C012974,2023-03-01,US,organic,small_business
C012975,2023-03-01,US,paid_search,consumer
C012976,2023-03-01,US,paid_search,small_business
C012977,2023-03-01,US,referral,consumer
C012978,2023-03-01,AU,paid_search,consumer
C012979,2023-03-01,GB,paid_search,consumer
C012980,2023-03-01,US,paid_social,consumer
C012981,2023-03-01,DE,organic,consumer
C012982,2023-03-01,US,referral,consumer
C012983,2023-03-01,DE,paid_social,small_business
C012984,2023-03-01,US,organic,consumer
C012985,2023-03-01,US,referral,consumer
C012986,2023-03-01,CA,affiliate,consumer
C012987,2023-03-01,US,paid_social,consumer
C012988,2023-03-01,US,paid_search,consumer
C012989,2023-03-01,GB,paid_search,consumer
C012990,2023-03-01,CA,paid_social,consumer
C012991,2023-03-01,GB,paid_search,consumer
C012992,2023-03-01,US,affiliate,consumer
C012993,2023-03-01,US,paid_search,small_business
C012994,2023-03-01,US,paid_social,consumer
C012995,2023-03-01,AU,paid_search,consumer
C012996,2023-03-01,US,affiliate,small_business
C012997,2023-03-01,US,organic,consumer
C012998,2023-03-01,GB,affiliate,consumer
C012999,2023-03-01,US,organic,consumer
C013000,2023-03-01,US,paid_search,small_business
C013001,2023-03-01,GB,organic,small_business
C013002,2023-03-01,AU,paid_social,consumer
C013003,2023-03-01,US,paid_search,consumer
C013004,2023-03-01,US,organic,consumer
C013005,2023-03-01,US,paid_search,consumer
C013006,2023-03-01,US,paid_search,consumer
C013007,2023-03-01,US,paid_social,consumer
C013008,2023-03-01,US,affiliate,consumer
C013009,2023-03-01,US,referral,consumer
C013010,2023-03-01,US,referral,consumer
C013011,2023-03-01,US,affiliate,enterprise
C013012,2023-03-01,DE,paid_social,small_business
C013013,2023-03-01,US,affiliate,consumer
C013014,2023-03-01,US,paid_social,consumer
C013015,2023-03-01,DE,affiliate,consumer
C013016,2023-03-01,US,paid_search,small_business
C013017,2023-03-01,GB,referral,small_business
C013018,2023-03-01,US,paid_social,consumer
C013019,2023-03-01,US,paid_search,small_business
C013020,2023-03-01,CA,paid_social,consumer
C013021,2023-03-01,US,paid_social,consumer
C013022,2023-03-01,US,organic,consumer
C013023,2023-03-01,US,organic,consumer
C013024,2023-03-01,US,referral,small_business
C013025,2023-03-01,DE,referral,enterprise
C013026,2023-03-01,US,organic,consumer
C013027,2023-03-01,CA,referral,consumer
C013028,2023-03-01,US,organic,consumer
C013029,2023-03-01,US,organic,consumer
C013030,2023-03-01,US,affiliate,consumer
C013031,2023-03-01,US,referral,small_business
C013032,2023-03-01,US,organic,consumer
C013033,2023-03-01,US,organic,consumer
C013034,2023-03-01,US,organic,small_business
C013035,2023-03-01,US,paid_social,enterprise
C013036,2023-03-01,US,referral,small_business
C013037,2023-03-01,CA,paid_search,consumer
C013038,2023-03-01,US,paid_social,consumer
C013039,2023-03-01,US,organic,consumer
C013040,2023-03-01,US,organic,consumer
C013041,2023-03-01,DE,organic,consumer
C013042,2023-03-01,US,paid_social,consumer
C013043,2023-03-01,DE,paid_search,consumer
C013044,2023-03-01,CA,organic,consumer
C013045,2023-03-01,US,organic,consumer
C013046,2023-03-01,US,affiliate,consumer
C013047,2023-03-01,US,referral,small_business
C013048,2023-03-01,DE,referral,small_business
C013049,2023-03-01,US,organic,consumer
C013050,2023-03-01,AU,affiliate,consumer
C013051,2023-03-01,US,paid_search,consumer
C013052,2023-03-01,US,organic,consumer
C013053,2023-03-01,DE,organic,consumer
C013054,2023-03-01,DE,affiliate,consumer
C013055,2023-03-01,US,organic,consumer
C013056,2023-03-01,US,paid_social,consumer
C013057,2023-03-01,US,referral,consumer
C013058,2023-03-01,US,referral,consumer
C013059,2023-03-01,US,organic,consumer
C013060,2023-03-01,CA,referral,consumer
C013061,2023-03-01,US,organic,consumer
C013062,2023-03-01,GB,referral,small_business
C013063,2023-03-01,AU,organic,consumer
C013064,2023-03-01,US,paid_social,consumer
C013065,2023-03-01,US,paid_search,consumer
C013066,2023-03-01,US,paid_social,consumer
C013067,2023-03-01,US,referral,consumer
C013068,2023-03-01,US,organic,consumer
C013069,2023-03-01,DE,paid_social,consumer
C013070,2023-03-01,GB,organic,consumer
C013071,2023-03-01,US,paid_social,small_business
C013072,2023-03-01,AU,paid_social,consumer
C013073,2023-03-01,US,organic,consumer
C013074,2023-03-01,US,organic,consumer
C013075,2023-03-01,US,paid_social,consumer
C013076,2023-03-01,US,paid_social,consumer
C013077,2023-03-01,US,paid_social,consumer
C013078,2023-03-01,US,organic,consumer
C013079,2023-03-01,US,affiliate,consumer
C013080,2023-03-01,AU,paid_search,consumer
C013081,2023-03-01,US,organic,consumer
C013082,2023-03-01,US,paid_social,consumer
C013083,2023-03-01,US,paid_social,small_business
C013084,2023-03-01,US,paid_social,consumer
C013085,2023-03-01,AU,organic,consumer
C013086,2023-03-01,US,organic,consumer
C013087,2023-03-01,US,paid_search,consumer
C013088,2023-03-01,AU,organic,consumer
C013089,2023-03-01,US,paid_search,consumer
C013090,2023-03-01,US,paid_search,consumer
C013091,2023-03-01,US,organic,small_business
C013092,2023-03-01,US,referral,consumer
C013093,2023-03-01,DE,organic,consumer
C013094,2023-03-01,US,organic,consumer
C013095,2023-03-01,US,organic,consumer
C013096,2023-03-01,US,paid_search,consumer
C013097,2023-03-01,CA,paid_search,consumer
C013098,2023-03-01,US,paid_search,enterprise
C013099,2023-03-01,US,referral,consumer
C013100,2023-03-01,GB,paid_search,consumer
C013101,2023-03-01,GB,affiliate,consumer
C013102,2023-03-01,US,paid_social,consumer
C013103,2023-03-01,GB,referral,consumer
C013104,2023-03-01,US,paid_search,consumer
C013105,2023-03-01,US,paid_search,consumer
C013106,2023-03-01,DE,organic,small_business
C013107,2023-03-01,US,paid_social,consumer
C013108,2023-03-01,US,paid_search,consumer
C013109,2023-03-01,US,affiliate,consumer
C013110,2023-03-01,US,referral,consumer
C013111,2023-03-01,CA,organic,consumer
C013112,2023-03-01,US,referral,consumer
C013113,2023-03-01,US,paid_search,small_business
C013114,2023-03-01,US,organic,consumer
C013115,2023-03-01,US,paid_social,consumer
C013116,2023-03-01,GB,affiliate,consumer
C013117,2023-03-01,CA,paid_social,enterprise
C013118,2023-03-01,US,paid_social,consumer
C013119,2023-03-01,AU,organic,consumer
C013120,2023-03-01,US,organic,small_business
C013121,2023-03-01,GB,referral,consumer
C013122,2023-03-01,US,paid_search,consumer
C013123,2023-03-01,GB,paid_search,small_business
C013124,2023-03-01,CA,organic,consumer
C013125,2023-03-01,GB,organic,consumer
C013126,2023-03-01,US,paid_search,consumer
C013127,2023-03-01,US,organic,small_business
C013128,2023-03-01,US,referral,consumer
C013129,2023-03-01,US,organic,consumer
C013130,2023-03-01,US,paid_social,consumer
C013131,2023-03-01,GB,paid_social,consumer
C013132,2023-03-01,US,paid_social,consumer
C013133,2023-03-01,US,paid_search,consumer
C013134,2023-03-01,DE,organic,consumer
C013135,2023-03-01,AU,paid_search,consumer
C013136,2023-03-01,US,referral,consumer
C013137,2023-03-01,US,paid_social,consumer
C013138,2023-03-01,US,paid_social,consumer
C013139,2023-03-01,CA,paid_search,consumer
C013140,2023-03-01,US,paid_social,small_business
C013141,2023-03-01,DE,paid_social,consumer
C013142,2023-03-01,US,paid_search,consumer
C013143,2023-03-01,US,affiliate,enterprise
C013144,2023-03-01,US,paid_search,consumer
C013145,2023-03-01,AU,referral,enterprise
C013146,2023-03-01,US,paid_search,consumer
C013147,2023-03-01,CA,paid_social,consumer
C013148,2023-03-01,US,organic,consumer
C013149,2023-03-01,US,affiliate,consumer
C013150,2023-03-01,US,paid_social,consumer
C013151,2023-03-01,CA,organic,small_business
C013152,2023-03-01,US,paid_search,consumer
C013153,2023-03-01,US,referral,small_business
C013154,2023-03-01,US,affiliate,consumer
C013155,2023-03-01,DE,organic,consumer
C013156,2023-03-01,US,organic,consumer
C013157,2023-03-01,US,organic,consumer
C013158,2023-03-01,US,organic,consumer
C013159,2023-03-01,US,paid_search,consumer
C013160,2023-03-01,DE,affiliate,consumer
C013161,2023-03-01,US,organic,consumer
C013162,2023-03-01,US,paid_social,consumer
C013163,2023-03-01,AU,paid_social,consumer
C013164,2023-03-01,GB,paid_social,consumer
C013165,2023-03-01,US,affiliate,consumer
C013166,2023-03-01,AU,organic,consumer
C013167,2023-03-01,US,organic,consumer
C013168,2023-03-01,DE,paid_social,consumer
C013169,2023-03-01,US,affiliate,consumer
C013170,2023-03-01,US,organic,consumer
C013171,2023-03-01,US,referral,consumer
C013172,2023-03-01,AU,affiliate,consumer
C013173,2023-03-01,DE,paid_social,consumer
C013174,2023-03-01,US,organic,small_business
C013175,2023-03-01,US,organic,consumer
C013176,2023-03-01,GB,paid_search,small_business
C013177,2023-03-01,US,affiliate,consumer
C013178,2023-03-01,US,paid_search,consumer
C013179,2023-03-01,DE,affiliate,consumer
C013180,2023-03-01,US,paid_social,consumer
C013181,2023-03-01,US,affiliate,consumer
C013182,2023-03-01,US,paid_search,consumer
C013183,2023-03-01,US,referral,consumer
C013184,2023-03-01,US,referral,consumer
C013185,2023-03-01,AU,paid_social,consumer
C013186,2023-03-01,US,referral,small_business
C013187,2023-03-01,US,paid_search,consumer
C013188,2023-03-02,US,paid_search,consumer
C013189,2023-03-02,US,organic,consumer
C013190,2023-03-02,US,organic,small_business
C013191,2023-03-02,US,affiliate,small_business
C013192,2023-03-02,CA,organic,consumer
C013193,2023-03-02,AU,paid_social,consumer
C013194,2023-03-02,US,paid_search,consumer
C013195,2023-03-02,DE,referral,small_business
C013196,2023-03-02,GB,paid_search,consumer
C013197,2023-03-02,GB,organic,consumer
C013198,2023-03-02,US,affiliate,consumer
C013199,2023-03-02,CA,referral,consumer
C013200,2023-03-02,US,paid_social,consumer
C013201,2023-03-02,US,organic,consumer
C013202,2023-03-02,US,organic,consumer
C013203,2023-03-02,CA,paid_search,consumer
C013204,2023-03-02,US,organic,consumer
C013205,2023-03-02,US,paid_search,enterprise
C013206,2023-03-02,US,paid_social,consumer
C013207,2023-03-02,US,organic,consumer
C013208,2023-03-02,US,paid_social,small_business
C013209,2023-03-02,US,organic,consumer
C013210,2023-03-02,US,paid_search,consumer
C013211,2023-03-02,US,organic,consumer
C013212,2023-03-02,US,affiliate,consumer
C013213,2023-03-02,US,paid_social,consumer
C013214,2023-03-02,DE,organic,consumer
C013215,2023-03-02,US,organic,consumer
C013216,2023-03-02,CA,affiliate,consumer
C013217,2023-03-02,CA,paid_search,consumer
C013218,2023-03-02,GB,affiliate,consumer
C013219,2023-03-02,US,paid_search,consumer
C013220,2023-03-02,US,referral,consumer
C013221,2023-03-02,US,referral,consumer
C013222,2023-03-02,CA,paid_search,consumer
C013223,2023-03-02,US,affiliate,consumer
C013224,2023-03-02,US,paid_social,consumer
C013225,2023-03-02,CA,paid_search,small_business
C013226,2023-03-02,CA,paid_search,consumer
C013227,2023-03-02,US,paid_social,consumer
C013228,2023-03-02,US,paid_search,consumer
C013229,2023-03-02,AU,paid_social,consumer
C013230,2023-03-02,US,paid_social,consumer
C013231,2023-03-02,AU,organic,consumer
C013232,2023-03-02,US,paid_search,consumer
C013233,2023-03-02,US,paid_search,small_business
C013234,2023-03-02,US,paid_social,consumer
C013235,2023-03-02,US,paid_social,small_business
C013236,2023-03-02,CA,organic,consumer
C013237,2023-03-02,US,paid_social,consumer
C013238,2023-03-02,US,affiliate,consumer
C013239,2023-03-02,US,paid_social,small_business
C013240,2023-03-02,CA,referral,consumer
C013241,2023-03-02,US,organic,consumer
C013242,2023-03-02,GB,organic,small_business
C013243,2023-03-02,US,affiliate,consumer
C013244,2023-03-02,US,affiliate,enterprise
C013245,2023-03-02,DE,paid_search,consumer
C013246,2023-03-02,US,affiliate,small_business
C013247,2023-03-02,AU,paid_search,consumer
C013248,2023-03-02,US,paid_search,consumer
C013249,2023-03-02,US,paid_search,consumer
C013250,2023-03-02,US,organic,consumer
C013251,2023-03-02,CA,organic,consumer
C013252,2023-03-02,US,paid_search,consumer
C013253,2023-03-02,AU,organic,consumer
C013254,2023-03-02,AU,organic,consumer
C013255,2023-03-02,US,referral,consumer
C013256,2023-03-02,US,organic,consumer
C013257,2023-03-02,DE,paid_search,consumer
C013258,2023-03-02,GB,organic,consumer
C013259,2023-03-02,US,referral,consumer
C013260,2023-03-02,GB,paid_search,consumer
C013261,2023-03-02,DE,paid_social,consumer
C013262,2023-03-02,DE,organic,consumer
C013263,2023-03-02,US,organic,consumer
C013264,2023-03-02,US,organic,consumer
C013265,2023-03-02,US,organic,consumer
C013266,2023-03-02,US,organic,consumer
C013267,2023-03-02,GB,organic,consumer
C013268,2023-03-02,US,organic,consumer
C013269,2023-03-02,DE,referral,consumer
C013270,2023-03-02,US,organic,consumer
C013271,2023-03-02,AU,paid_search,enterprise
C013272,2023-03-02,US,paid_social,consumer
C013273,2023-03-02,DE,referral,consumer
C013274,2023-03-02,US,paid_search,consumer
C013275,2023-03-02,US,paid_social,consumer
C013276,2023-03-02,US,affiliate,consumer
C013277,2023-03-02,AU,paid_search,consumer
C013278,2023-03-02,US,paid_social,consumer
C013279,2023-03-02,DE,paid_search,small_business
C013280,2023-03-02,CA,paid_search,consumer
C013281,2023-03-02,GB,affiliate,consumer
C013282,2023-03-02,US,referral,small_business
C013283,2023-03-02,AU,paid_search,consumer
C013284,2023-03-02,AU,organic,consumer
C013285,2023-03-02,US,paid_social,consumer
C013286,2023-03-02,US,referral,consumer
C013287,2023-03-02,US,paid_social,consumer
C013288,2023-03-02,US,paid_search,consumer
C013289,2023-03-02,US,referral,small_business
C013290,2023-03-02,US,paid_search,consumer
C013291,2023-03-02,US,organic,consumer
C013292,2023-03-02,US,organic,consumer
C013293,2023-03-02,US,paid_social,consumer
C013294,2023-03-02,US,organic,consumer
C013295,2023-03-02,GB,organic,consumer
C013296,2023-03-02,AU,organic,enterprise
C013297,2023-03-02,US,organic,consumer
C013298,2023-03-02,US,paid_social,consumer
C013299,2023-03-02,US,referral,consumer
C013300,2023-03-02,AU,paid_social,consumer
C013301,2023-03-02,US,affiliate,consumer
C013302,2023-03-02,US,paid_search,consumer
C013303,2023-03-02,US,paid_social,consumer
C013304,2023-03-02,US,paid_social,consumer
C013305,2023-03-02,CA,referral,consumer
C013306,2023-03-02,US,paid_search,consumer
C013307,2023-03-02,GB,organic,consumer
C013308,2023-03-02,CA,referral,consumer
C013309,2023-03-02,US,paid_search,consumer
C013310,2023-03-02,US,referral,consumer
C013311,2023-03-02,GB,organic,consumer
C013312,2023-03-02,US,paid_social,consumer
C013313,2023-03-02,US,paid_social,consumer
C013314,2023-03-02,US,affiliate,consumer
C013315,2023-03-02,DE,paid_social,consumer
C013316,2023-03-02,US,paid_search,consumer
C013317,2023-03-02,US,affiliate,consumer
C013318,2023-03-02,US,referral,consumer
C013319,2023-03-02,US,paid_social,small_business
C013320,2023-03-02,DE,affiliate,consumer
C013321,2023-03-02,US,affiliate,consumer
C013322,2023-03-02,DE,paid_social,consumer
C013323,2023-03-02,US,paid_social,consumer
C013324,2023-03-02,US,paid_search,consumer
C013325,2023-03-02,US,referral,consumer
C013326,2023-03-02,US,paid_search,small_business
C013327,2023-03-02,AU,paid_social,enterprise
C013328,2023-03-02,US,paid_social,consumer
C013329,2023-03-02,GB,organic,consumer
C013330,2023-03-02,DE,paid_social,consumer
C013331,2023-03-02,CA,paid_search,consumer
C013332,2023-03-02,US,paid_search,consumer
C013333,2023-03-02,US,affiliate,consumer
C013334,2023-03-02,US,organic,consumer
C013335,2023-03-02,US,paid_social,consumer
C013336,2023-03-02,GB,paid_social,consumer
C013337,2023-03-02,US,organic,consumer
C013338,2023-03-02,US,organic,consumer
C013339,2023-03-02,AU,organic,consumer
C013340,2023-03-02,GB,affiliate,consumer
C013341,2023-03-02,CA,paid_search,consumer
C013342,2023-03-02,AU,organic,consumer
C013343,2023-03-02,DE,paid_social,small_business
C013344,2023-03-02,DE,paid_search,consumer
C013345,2023-03-02,US,paid_social,consumer
C013346,2023-03-02,US,paid_search,consumer
C013347,2023-03-02,US,paid_search,consumer
C013348,2023-03-02,GB,paid_search,enterprise
C013349,2023-03-02,US,paid_search,consumer
C013350,2023-03-02,US,paid_search,small_business
C013351,2023-03-02,CA,paid_social,small_business
C013352,2023-03-02,US,paid_search,consumer
C013353,2023-03-02,US,referral,consumer
C013354,2023-03-02,AU,referral,consumer
C013355,2023-03-02,US,paid_search,consumer
C013356,2023-03-02,US,affiliate,consumer
C013357,2023-03-02,AU,paid_search,consumer
C013358,2023-03-02,US,paid_search,consumer
C013359,2023-03-02,US,paid_search,consumer
C013360,2023-03-02,US,referral,consumer
C013361,2023-03-02,CA,paid_search,consumer
C013362,2023-03-02,GB,referral,consumer
C013363,2023-03-02,US,affiliate,small_business
C013364,2023-03-02,DE,referral,consumer
C013365,2023-03-02,CA,organic,consumer
C013366,2023-03-02,GB,paid_social,consumer
C013367,2023-03-02,AU,organic,consumer
C013368,2023-03-02,US,paid_search,consumer
C013369,2023-03-02,GB,paid_search,consumer
C013370,2023-03-02,US,organic,small_business
C013371,2023-03-02,US,referral,consumer
C013372,2023-03-02,GB,paid_social,consumer
C013373,2023-03-02,CA,organic,consumer
C013374,2023-03-02,AU,organic,consumer
C013375,2023-03-02,DE,referral,consumer
C013376,2023-03-02,US,paid_social,consumer
C013377,2023-03-02,DE,organic,consumer
C013378,2023-03-02,US,organic,consumer
C013379,2023-03-02,DE,referral,consumer
C013380,2023-03-02,GB,paid_search,small_business
C013381,2023-03-02,GB,referral,small_business
C013382,2023-03-02,US,paid_search,consumer
C013383,2023-03-02,US,affiliate,consumer
C013384,2023-03-02,US,paid_search,consumer
C013385,2023-03-02,CA,paid_social,consumer
C013386,2023-03-02,US,paid_search,consumer
C013387,2023-03-02,DE,organic,consumer
C013388,2023-03-02,US,referral,consumer
C013389,2023-03-02,GB,organic,consumer
C013390,2023-03-02,US,referral,small_business
C013391,2023-03-02,DE,paid_social,consumer
C013392,2023-03-02,US,paid_social,consumer
C013393,2023-03-02,US,paid_social,consumer
C013394,2023-03-02,US,organic,consumer
C013395,2023-03-02,GB,affiliate,consumer
C013396,2023-03-02,US,affiliate,consumer
C013397,2023-03-02,GB,paid_search,consumer
C013398,2023-03-02,US,organic,consumer
C013399,2023-03-02,US,paid_search,consumer
C013400,2023-03-02,US,paid_social,consumer
C013401,2023-03-02,US,affiliate,consumer
C013402,2023-03-02,AU,paid_social,consumer
C013403,2023-03-02,US,paid_social,consumer
C013404,2023-03-02,US,paid_social,consumer
C013405,2023-03-02,GB,paid_search,consumer
C013406,2023-03-02,CA,paid_social,small_business
C013407,2023-03-02,US,paid_search,consumer
C013408,2023-03-03,DE,referral,consumer
C013409,2023-03-03,GB,referral,consumer
C013410,2023-03-03,US,paid_social,consumer
C013411,2023-03-03,US,referral,consumer
C013412,2023-03-03,US,paid_search,consumer
C013413,2023-03-03,AU,organic,small_business
C013414,2023-03-03,DE,paid_search,consumer
C013415,2023-03-03,US,referral,consumer
C013416,2023-03-03,CA,paid_search,consumer
C013417,2023-03-03,CA,paid_social,consumer
C013418,2023-03-03,US,paid_social,consumer
C013419,2023-03-03,US,organic,consumer
C013420,2023-03-03,CA,organic,consumer
C013421,2023-03-03,CA,paid_social,consumer
C013422,2023-03-03,US,paid_social,small_business
C013423,2023-03-03,CA,paid_social,small_business
C013424,2023-03-03,GB,organic,consumer
C013425,2023-03-03,CA,organic,consumer
C013426,2023-03-03,DE,organic,consumer
C013427,2023-03-03,US,paid_search,consumer
C013428,2023-03-03,GB,organic,consumer
C013429,2023-03-03,US,paid_search,consumer
C013430,2023-03-03,US,organic,consumer
C013431,2023-03-03,CA,organic,consumer
C013432,2023-03-03,US,organic,consumer
C013433,2023-03-03,US,paid_social,consumer
C013434,2023-03-03,US,paid_search,consumer
C013435,2023-03-03,US,paid_social,consumer
C013436,2023-03-03,GB,paid_search,consumer
C013437,2023-03-03,US,paid_social,consumer
C013438,2023-03-03,AU,paid_search,small_business
C013439,2023-03-03,US,organic,consumer
C013440,2023-03-03,US,organic,consumer
C013441,2023-03-03,US,paid_search,consumer
C013442,2023-03-03,CA,paid_search,consumer
C013443,2023-03-03,US,organic,consumer
C013444,2023-03-03,CA,referral,consumer
C013445,2023-03-03,GB,organic,consumer
C013446,2023-03-03,US,paid_search,consumer
C013447,2023-03-03,US,paid_search,consumer
C013448,2023-03-03,US,organic,consumer
C013449,2023-03-03,US,paid_social,consumer
C013450,2023-03-03,US,referral,consumer
C013451,2023-03-03,US,organic,consumer
C013452,2023-03-03,US,organic,small_business
C013453,2023-03-03,US,paid_search,small_business
C013454,2023-03-03,GB,referral,consumer
C013455,2023-03-03,DE,paid_search,small_business
C013456,2023-03-03,US,paid_search,small_business
C013457,2023-03-03,AU,referral,consumer
C013458,2023-03-03,AU,organic,consumer
C013459,2023-03-03,CA,affiliate,consumer
C013460,2023-03-03,CA,organic,small_business
C013461,2023-03-03,CA,paid_social,consumer
C013462,2023-03-03,US,organic,consumer
C013463,2023-03-03,US,paid_social,consumer
C013464,2023-03-03,US,paid_social,consumer
C013465,2023-03-03,US,paid_social,consumer
C013466,2023-03-03,CA,organic,consumer
C013467,2023-03-03,US,referral,small_business
C013468,2023-03-03,DE,paid_social,consumer
C013469,2023-03-03,GB,referral,consumer
C013470,2023-03-03,US,paid_social,consumer
C013471,2023-03-03,US,paid_search,small_business
C013472,2023-03-03,CA,paid_search,consumer
C013473,2023-03-03,US,organic,consumer
C013474,2023-03-03,US,paid_social,consumer
C013475,2023-03-03,US,paid_social,consumer
C013476,2023-03-03,DE,paid_social,consumer
C013477,2023-03-03,US,organic,consumer
C013478,2023-03-03,US,organic,consumer
C013479,2023-03-03,DE,referral,consumer
C013480,2023-03-03,US,paid_search,consumer
C013481,2023-03-03,AU,referral,consumer
C013482,2023-03-03,US,paid_search,consumer
C013483,2023-03-03,US,paid_social,consumer
C013484,2023-03-03,US,referral,consumer
C013485,2023-03-03,GB,paid_search,consumer
C013486,2023-03-03,US,referral,consumer
C013487,2023-03-03,US,referral,consumer
C013488,2023-03-03,US,paid_social,consumer
C013489,2023-03-03,US,organic,consumer
C013490,2023-03-03,US,paid_social,consumer
C013491,2023-03-03,GB,affiliate,consumer
C013492,2023-03-03,AU,paid_search,small_business
C013493,2023-03-03,CA,organic,consumer
C013494,2023-03-03,US,paid_search,consumer
C013495,2023-03-03,US,organic,consumer
C013496,2023-03-03,US,paid_search,small_business
C013497,2023-03-03,US,paid_search,consumer
C013498,2023-03-03,GB,paid_social,consumer
C013499,2023-03-03,US,affiliate,consumer
C013500,2023-03-03,US,paid_social,small_business
C013501,2023-03-03,US,organic,consumer
C013502,2023-03-03,CA,organic,consumer
C013503,2023-03-03,US,organic,consumer
C013504,2023-03-03,US,paid_social,consumer
C013505,2023-03-03,DE,affiliate,consumer
C013506,2023-03-03,US,paid_social,consumer
C013507,2023-03-03,DE,paid_search,consumer
C013508,2023-03-03,DE,organic,consumer
C013509,2023-03-03,GB,paid_social,consumer
C013510,2023-03-03,AU,affiliate,consumer
C013511,2023-03-03,GB,organic,consumer
C013512,2023-03-03,US,affiliate,consumer
C013513,2023-03-03,US,paid_social,consumer
C013514,2023-03-03,US,referral,consumer
C013515,2023-03-03,AU,paid_social,consumer
C013516,2023-03-03,CA,paid_search,consumer
C013517,2023-03-03,CA,organic,consumer
C013518,2023-03-03,US,organic,consumer
C013519,2023-03-03,US,paid_search,consumer
C013520,2023-03-03,AU,referral,consumer
C013521,2023-03-03,US,referral,consumer
C013522,2023-03-03,CA,paid_search,consumer
C013523,2023-03-03,DE,affiliate,small_business
C013524,2023-03-03,US,paid_social,consumer
C013525,2023-03-03,DE,referral,consumer
C013526,2023-03-03,US,paid_search,consumer
C013527,2023-03-03,US,referral,consumer
C013528,2023-03-03,US,paid_search,consumer
C013529,2023-03-03,DE,paid_social,consumer
C013530,2023-03-03,US,paid_search,consumer
C013531,2023-03-03,CA,organic,small_business
C013532,2023-03-03,US,organic,consumer
C013533,2023-03-03,DE,affiliate,consumer
C013534,2023-03-03,US,paid_search,consumer
C013535,2023-03-03,US,paid_search,consumer
C013536,2023-03-03,CA,organic,consumer
C013537,2023-03-03,GB,referral,consumer
C013538,2023-03-03,US,organic,consumer
C013539,2023-03-03,US,organic,consumer
C013540,2023-03-03,US,organic,enterprise
C013541,2023-03-03,AU,paid_social,consumer
C013542,2023-03-03,AU,referral,consumer
C013543,2023-03-03,US,paid_search,consumer
C013544,2023-03-03,US,paid_social,consumer
C013545,2023-03-03,US,organic,consumer
C013546,2023-03-03,AU,paid_search,consumer
C013547,2023-03-03,US,organic,consumer
C013548,2023-03-03,GB,referral,small_business
C013549,2023-03-03,DE,paid_search,enterprise
C013550,2023-03-03,CA,affiliate,consumer
C013551,2023-03-03,CA,referral,consumer
C013552,2023-03-03,DE,organic,consumer
C013553,2023-03-03,US,organic,small_business
C013554,2023-03-03,GB,paid_search,consumer
C013555,2023-03-03,US,paid_social,consumer
C013556,2023-03-03,US,paid_search,enterprise
C013557,2023-03-03,US,organic,small_business
C013558,2023-03-03,US,paid_search,consumer
C013559,2023-03-03,US,organic,consumer
C013560,2023-03-03,DE,referral,consumer
C013561,2023-03-03,US,organic,consumer
C013562,2023-03-03,US,paid_social,consumer
C013563,2023-03-03,GB,affiliate,small_business
C013564,2023-03-03,US,referral,consumer
C013565,2023-03-03,US,paid_social,consumer
C013566,2023-03-03,US,affiliate,small_business
C013567,2023-03-03,US,paid_search,consumer
C013568,2023-03-03,US,organic,consumer
C013569,2023-03-03,GB,paid_search,consumer
C013570,2023-03-03,US,affiliate,consumer
C013571,2023-03-03,AU,organic,consumer
C013572,2023-03-03,US,organic,consumer
C013573,2023-03-03,AU,paid_social,consumer
C013574,2023-03-03,US,paid_search,consumer
C013575,2023-03-03,US,organic,consumer
C013576,2023-03-03,US,organic,consumer
C013577,2023-03-03,US,paid_search,consumer
C013578,2023-03-03,US,referral,consumer
C013579,2023-03-03,US,referral,consumer
C013580,2023-03-03,US,paid_social,consumer
C013581,2023-03-03,US,paid_social,consumer
C013582,2023-03-03,US,organic,consumer
C013583,2023-03-03,US,affiliate,consumer
C013584,2023-03-03,US,paid_social,small_business
C013585,2023-03-03,CA,paid_social,consumer
C013586,2023-03-03,US,paid_social,consumer
C013587,2023-03-03,CA,organic,consumer
C013588,2023-03-03,US,paid_search,consumer
C013589,2023-03-03,DE,paid_social,consumer
C013590,2023-03-03,US,referral,small_business
C013591,2023-03-03,GB,referral,consumer
C013592,2023-03-03,DE,organic,consumer
C013593,2023-03-03,US,organic,consumer
C013594,2023-03-03,US,organic,consumer
C013595,2023-03-03,US,paid_search,consumer
C013596,2023-03-03,US,organic,consumer
C013597,2023-03-03,US,organic,consumer
C013598,2023-03-03,US,affiliate,small_business
C013599,2023-03-03,US,paid_social,consumer
C013600,2023-03-03,US,referral,consumer
C013601,2023-03-03,US,referral,consumer
C013602,2023-03-03,US,affiliate,consumer
C013603,2023-03-03,US,paid_social,consumer
C013604,2023-03-03,DE,referral,consumer
C013605,2023-03-03,US,organic,consumer
C013606,2023-03-03,US,paid_social,consumer
C013607,2023-03-03,GB,paid_social,consumer
C013608,2023-03-03,US,paid_search,consumer
C013609,2023-03-03,US,paid_search,consumer
C013610,2023-03-03,GB,referral,consumer
C013611,2023-03-03,US,organic,consumer
C013612,2023-03-03,US,organic,consumer
C013613,2023-03-03,US,paid_social,consumer
C013614,2023-03-03,US,paid_search,consumer
C013615,2023-03-03,US,organic,consumer
C013616,2023-03-03,US,organic,consumer
C013617,2023-03-03,CA,paid_search,consumer
C013618,2023-03-03,AU,affiliate,consumer
C013619,2023-03-03,US,organic,consumer
C013620,2023-03-03,US,paid_social,small_business
C013621,2023-03-03,CA,paid_social,consumer
C013622,2023-03-03,US,organic,small_business
C013623,2023-03-03,AU,affiliate,consumer
C013624,2023-03-03,US,paid_search,consumer
C013625,2023-03-03,US,affiliate,consumer
C013626,2023-03-03,US,referral,consumer
C013627,2023-03-03,US,affiliate,consumer
C013628,2023-03-04,US,paid_search,consumer
C013629,2023-03-04,US,affiliate,consumer
C013630,2023-03-04,US,affiliate,consumer
C013631,2023-03-04,US,affiliate,consumer
C013632,2023-03-04,US,referral,consumer
C013633,2023-03-04,US,organic,consumer
C013634,2023-03-04,AU,affiliate,consumer
C013635,2023-03-04,US,organic,consumer
C013636,2023-03-04,US,referral,consumer
C013637,2023-03-04,US,referral,consumer
C013638,2023-03-04,US,paid_social,consumer
C013639,2023-03-04,GB,paid_social,small_business
C013640,2023-03-04,GB,organic,consumer
C013641,2023-03-04,US,paid_search,consumer
C013642,2023-03-04,DE,organic,consumer
C013643,2023-03-04,US,organic,consumer
C013644,2023-03-04,US,paid_search,consumer
C013645,2023-03-04,CA,paid_search,consumer
C013646,2023-03-04,US,paid_search,consumer
C013647,2023-03-04,US,organic,small_business
C013648,2023-03-04,US,paid_social,consumer
C013649,2023-03-04,US,organic,consumer
C013650,2023-03-04,US,paid_search,consumer
C013651,2023-03-04,GB,organic,consumer
C013652,2023-03-04,DE,paid_social,consumer
C013653,2023-03-04,US,organic,consumer
C013654,2023-03-04,US,organic,consumer
C013655,2023-03-04,US,paid_search,consumer
C013656,2023-03-04,US,paid_social,enterprise
C013657,2023-03-04,US,referral,consumer
C013658,2023-03-04,AU,paid_social,consumer
C013659,2023-03-04,US,affiliate,consumer
C013660,2023-03-04,US,affiliate,consumer
C013661,2023-03-04,US,paid_search,consumer
C013662,2023-03-04,DE,referral,consumer
C013663,2023-03-04,US,paid_social,consumer
C013664,2023-03-04,US,paid_social,consumer
C013665,2023-03-04,US,paid_social,consumer
C013666,2023-03-04,US,organic,consumer
C013667,2023-03-04,US,paid_search,consumer
C013668,2023-03-04,AU,paid_search,consumer
C013669,2023-03-04,US,organic,consumer
C013670,2023-03-04,GB,referral,consumer
C013671,2023-03-04,AU,referral,consumer
C013672,2023-03-04,CA,paid_search,small_business
C013673,2023-03-04,US,affiliate,consumer
C013674,2023-03-04,CA,organic,consumer
C013675,2023-03-04,US,organic,consumer
C013676,2023-03-04,AU,paid_search,consumer
C013677,2023-03-04,AU,referral,consumer
C013678,2023-03-04,US,organic,enterprise
C013679,2023-03-04,US,organic,consumer
C013680,2023-03-04,US,paid_search,small_business
C013681,2023-03-04,CA,paid_search,consumer
C013682,2023-03-04,US,organic,consumer
C013683,2023-03-04,US,referral,enterprise
C013684,2023-03-04,US,paid_search,consumer
C013685,2023-03-04,AU,paid_search,consumer
C013686,2023-03-04,DE,organic,consumer
C013687,2023-03-04,US,organic,consumer
C013688,2023-03-04,AU,paid_search,consumer
C013689,2023-03-04,US,paid_search,consumer
C013690,2023-03-04,GB,affiliate,consumer
C013691,2023-03-04,GB,organic,consumer
C013692,2023-03-04,US,paid_social,consumer
C013693,2023-03-04,CA,affiliate,consumer
C013694,2023-03-04,US,referral,consumer
C013695,2023-03-04,GB,affiliate,consumer
C013696,2023-03-04,US,referral,consumer
C013697,2023-03-04,US,paid_search,consumer
C013698,2023-03-04,US,referral,consumer
C013699,2023-03-04,US,paid_search,consumer
C013700,2023-03-04,US,referral,enterprise
C013701,2023-03-04,US,paid_search,consumer
C013702,2023-03-04,AU,organic,consumer
C013703,2023-03-04,US,affiliate,consumer
C013704,2023-03-04,CA,paid_search,enterprise
C013705,2023-03-04,DE,referral,consumer
C013706,2023-03-04,GB,organic,consumer
C013707,2023-03-04,AU,paid_social,consumer
C013708,2023-03-04,US,paid_search,consumer
C013709,2023-03-04,US,organic,small_business
C013710,2023-03-04,US,affiliate,consumer
C013711,2023-03-04,GB,organic,consumer
C013712,2023-03-04,US,paid_social,consumer
C013713,2023-03-04,US,paid_search,consumer
C013714,2023-03-04,US,organic,enterprise
C013715,2023-03-04,US,referral,consumer
C013716,2023-03-04,DE,paid_social,consumer
C013717,2023-03-04,DE,paid_search,consumer
C013718,2023-03-04,GB,affiliate,small_business
C013719,2023-03-04,US,paid_social,consumer
C013720,2023-03-04,AU,organic,consumer
C013721,2023-03-04,US,paid_search,consumer
C013722,2023-03-04,US,referral,consumer
C013723,2023-03-04,US,organic,small_business
C013724,2023-03-04,GB,affiliate,consumer
C013725,2023-03-04,DE,referral,consumer
C013726,2023-03-04,US,organic,small_business
C013727,2023-03-04,GB,affiliate,small_business
C013728,2023-03-04,US,affiliate,consumer
C013729,2023-03-04,DE,paid_search,consumer
C013730,2023-03-04,AU,organic,consumer
C013731,2023-03-04,US,referral,small_business
C013732,2023-03-04,US,paid_search,consumer
C013733,2023-03-04,CA,paid_search,small_business
C013734,2023-03-04,US,organic,consumer
C013735,2023-03-04,GB,paid_social,consumer
C013736,2023-03-04,US,paid_search,consumer
C013737,2023-03-04,GB,affiliate,consumer
C013738,2023-03-04,US,organic,consumer
C013739,2023-03-04,DE,organic,consumer
C013740,2023-03-04,US,paid_social,consumer
C013741,2023-03-04,CA,affiliate,consumer
C013742,2023-03-04,AU,organic,consumer
C013743,2023-03-04,US,organic,enterprise
C013744,2023-03-04,US,referral,consumer
C013745,2023-03-04,US,organic,consumer
C013746,2023-03-04,US,paid_social,consumer
C013747,2023-03-04,AU,organic,consumer
C013748,2023-03-04,US,paid_social,small_business
C013749,2023-03-04,AU,paid_social,consumer
C013750,2023-03-04,US,organic,consumer
C013751,2023-03-04,AU,paid_search,small_business
C013752,2023-03-04,US,paid_search,consumer
C013753,2023-03-04,US,referral,consumer
C013754,2023-03-04,US,organic,consumer
C013755,2023-03-04,US,organic,consumer
C013756,2023-03-04,US,referral,consumer
C013757,2023-03-04,US,referral,consumer
C013758,2023-03-04,US,organic,consumer
C013759,2023-03-04,CA,referral,consumer
C013760,2023-03-04,GB,paid_search,consumer
C013761,2023-03-04,AU,referral,consumer
C013762,2023-03-04,DE,organic,consumer
C013763,2023-03-04,US,organic,consumer
C013764,2023-03-04,US,organic,consumer
C013765,2023-03-04,US,paid_social,small_business
C013766,2023-03-04,CA,referral,consumer
C013767,2023-03-04,AU,organic,enterprise
C013768,2023-03-04,CA,paid_search,consumer
C013769,2023-03-04,DE,paid_social,consumer
C013770,2023-03-04,AU,paid_social,consumer
C013771,2023-03-04,CA,paid_social,consumer
C013772,2023-03-04,US,paid_search,consumer
C013773,2023-03-04,US,affiliate,small_business
C013774,2023-03-04,US,paid_search,consumer
C013775,2023-03-04,GB,paid_search,consumer
C013776,2023-03-04,GB,paid_social,consumer
C013777,2023-03-04,US,organic,consumer
C013778,2023-03-04,DE,organic,small_business
C013779,2023-03-04,US,organic,small_business
C013780,2023-03-04,GB,referral,consumer
C013781,2023-03-04,AU,organic,consumer
C013782,2023-03-04,US,paid_search,consumer
C013783,2023-03-04,US,organic,consumer
C013784,2023-03-04,US,referral,consumer
C013785,2023-03-04,CA,affiliate,small_business
C013786,2023-03-04,US,paid_social,small_business
C013787,2023-03-04,CA,referral,consumer
C013788,2023-03-04,CA,paid_search,consumer
C013789,2023-03-04,US,paid_social,consumer
C013790,2023-03-04,GB,paid_social,consumer
C013791,2023-03-04,CA,referral,consumer
C013792,2023-03-04,US,paid_search,consumer
C013793,2023-03-04,US,affiliate,consumer
C013794,2023-03-04,US,organic,consumer
C013795,2023-03-04,US,organic,consumer
C013796,2023-03-04,US,organic,consumer
C013797,2023-03-04,US,organic,consumer
C013798,2023-03-04,US,affiliate,consumer
C013799,2023-03-04,US,organic,consumer
C013800,2023-03-04,GB,organic,consumer
C013801,2023-03-04,AU,affiliate,small_business
C013802,2023-03-04,US,referral,consumer
C013803,2023-03-04,US,paid_social,consumer
C013804,2023-03-04,GB,paid_social,consumer
C013805,2023-03-04,AU,organic,small_business
C013806,2023-03-04,US,paid_social,consumer
C013807,2023-03-04,CA,referral,consumer
C013808,2023-03-04,US,affiliate,consumer
C013809,2023-03-04,US,affiliate,small_business
C013810,2023-03-04,US,organic,consumer
C013811,2023-03-04,DE,organic,consumer
C013812,2023-03-04,US,affiliate,small_business
C013813,2023-03-04,US,paid_social,small_business
C013814,2023-03-04,US,paid_search,consumer
C013815,2023-03-04,GB,organic,consumer
C013816,2023-03-04,AU,organic,consumer
C013817,2023-03-04,US,paid_social,consumer
C013818,2023-03-04,US,paid_search,consumer
C013819,2023-03-04,US,organic,small_business
C013820,2023-03-04,CA,organic,enterprise
C013821,2023-03-04,AU,affiliate,consumer
C013822,2023-03-04,US,paid_social,consumer
C013823,2023-03-04,US,referral,consumer
C013824,2023-03-04,GB,affiliate,consumer
C013825,2023-03-04,AU,organic,enterprise
C013826,2023-03-04,GB,paid_social,consumer
C013827,2023-03-04,CA,organic,consumer
C013828,2023-03-04,US,paid_social,consumer
C013829,2023-03-04,US,organic,consumer
C013830,2023-03-04,US,paid_search,small_business
C013831,2023-03-04,CA,paid_social,consumer
C013832,2023-03-04,US,paid_search,consumer
C013833,2023-03-04,GB,organic,consumer
C013834,2023-03-04,DE,organic,consumer
C013835,2023-03-04,US,organic,consumer
C013836,2023-03-04,US,organic,consumer
C013837,2023-03-04,DE,paid_search,consumer
C013838,2023-03-04,CA,referral,consumer
C013839,2023-03-04,US,organic,consumer
C013840,2023-03-04,AU,affiliate,consumer
C013841,2023-03-04,CA,paid_social,consumer
C013842,2023-03-04,US,paid_search,consumer
C013843,2023-03-04,US,referral,consumer
C013844,2023-03-04,US,paid_search,consumer
C013845,2023-03-04,US,affiliate,consumer
C013846,2023-03-04,US,affiliate,consumer
C013847,2023-03-04,US,referral,consumer
C013848,2023-03-05,DE,referral,consumer
C013849,2023-03-05,US,paid_search,consumer
C013850,2023-03-05,GB,referral,consumer
C013851,2023-03-05,US,organic,consumer
C013852,2023-03-05,US,organic,small_business
C013853,2023-03-05,CA,referral,consumer
C013854,2023-03-05,US,paid_social,small_business
C013855,2023-03-05,GB,referral,small_business
C013856,2023-03-05,US,paid_search,consumer
C013857,2023-03-05,DE,paid_social,consumer
C013858,2023-03-05,US,paid_search,small_business
C013859,2023-03-05,US,organic,consumer
C013860,2023-03-05,AU,paid_social,consumer
C013861,2023-03-05,US,organic,small_business
C013862,2023-03-05,GB,paid_search,consumer
C013863,2023-03-05,AU,referral,consumer
C013864,2023-03-05,CA,referral,consumer
C013865,2023-03-05,US,paid_search,consumer
C013866,2023-03-05,US,affiliate,enterprise
C013867,2023-03-05,GB,organic,consumer
C013868,2023-03-05,CA,referral,small_business
C013869,2023-03-05,DE,organic,consumer
C013870,2023-03-05,US,paid_search,consumer
C013871,2023-03-05,DE,paid_social,enterprise
C013872,2023-03-05,US,affiliate,consumer
C013873,2023-03-05,AU,organic,consumer
C013874,2023-03-05,AU,referral,small_business
C013875,2023-03-05,US,paid_search,consumer
C013876,2023-03-05,US,paid_search,small_business
C013877,2023-03-05,US,organic,consumer
C013878,2023-03-05,CA,paid_social,consumer
C013879,2023-03-05,US,paid_search,consumer
C013880,2023-03-05,GB,paid_social,consumer
C013881,2023-03-05,US,organic,consumer
C013882,2023-03-05,US,affiliate,consumer
C013883,2023-03-05,AU,paid_search,consumer
C013884,2023-03-05,US,affiliate,consumer
C013885,2023-03-05,US,organic,consumer
C013886,2023-03-05,US,referral,consumer
C013887,2023-03-05,DE,referral,consumer
C013888,2023-03-05,GB,organic,consumer
C013889,2023-03-05,US,referral,consumer
C013890,2023-03-05,US,organic,enterprise
C013891,2023-03-05,CA,paid_search,consumer
C013892,2023-03-05,US,paid_search,consumer
C013893,2023-03-05,US,paid_social,consumer
C013894,2023-03-05,CA,referral,consumer
C013895,2023-03-05,US,affiliate,consumer
C013896,2023-03-05,US,paid_search,consumer
C013897,2023-03-05,US,affiliate,consumer
C013898,2023-03-05,US,organic,consumer
C013899,2023-03-05,US,paid_social,consumer
C013900,2023-03-05,US,paid_search,small_business
C013901,2023-03-05,US,paid_social,consumer
C013902,2023-03-05,US,paid_social,consumer
C013903,2023-03-05,DE,referral,consumer
C013904,2023-03-05,GB,organic,consumer
C013905,2023-03-05,US,paid_search,consumer
C013906,2023-03-05,US,paid_search,consumer
C013907,2023-03-05,US,paid_search,small_business
C013908,2023-03-05,CA,paid_search,small_business
C013909,2023-03-05,DE,referral,small_business
C013910,2023-03-05,CA,paid_social,consumer
C013911,2023-03-05,US,affiliate,consumer
C013912,2023-03-05,US,paid_search,consumer
C013913,2023-03-05,US,organic,consumer
C013914,2023-03-05,CA,organic,consumer
C013915,2023-03-05,CA,organic,consumer
C013916,2023-03-05,AU,paid_search,consumer
C013917,2023-03-05,US,paid_social,consumer
C013918,2023-03-05,US,paid_social,small_business
C013919,2023-03-05,US,paid_search,consumer
C013920,2023-03-05,US,paid_search,consumer
C013921,2023-03-05,US,referral,consumer
C013922,2023-03-05,CA,paid_search,consumer
C013923,2023-03-05,GB,organic,consumer
C013924,2023-03-05,US,paid_social,consumer
C013925,2023-03-05,CA,referral,consumer
C013926,2023-03-05,CA,paid_social,small_business
C013927,2023-03-05,AU,affiliate,small_business
C013928,2023-03-05,US,paid_search,consumer
C013929,2023-03-05,US,organic,consumer
C013930,2023-03-05,US,affiliate,consumer
C013931,2023-03-05,AU,organic,consumer
C013932,2023-03-05,DE,affiliate,consumer
C013933,2023-03-05,US,affiliate,consumer
C013934,2023-03-05,US,paid_search,consumer
C013935,2023-03-05,US,organic,consumer
C013936,2023-03-05,CA,paid_search,small_business
C013937,2023-03-05,CA,paid_social,consumer
C013938,2023-03-05,GB,organic,consumer
C013939,2023-03-05,US,paid_social,small_business
C013940,2023-03-05,US,organic,small_business
C013941,2023-03-05,GB,paid_social,consumer
C013942,2023-03-05,US,organic,consumer
C013943,2023-03-05,US,referral,consumer
C013944,2023-03-05,US,organic,consumer
C013945,2023-03-05,US,paid_search,consumer
C013946,2023-03-05,CA,paid_search,small_business
C013947,2023-03-05,GB,paid_social,consumer
C013948,2023-03-05,GB,affiliate,consumer
C013949,2023-03-05,DE,paid_search,consumer
C013950,2023-03-05,AU,organic,small_business
C013951,2023-03-05,US,paid_search,consumer
C013952,2023-03-05,US,organic,consumer
C013953,2023-03-05,US,organic,consumer
C013954,2023-03-05,US,organic,small_business
C013955,2023-03-05,US,paid_search,consumer
C013956,2023-03-05,US,paid_search,consumer
C013957,2023-03-05,US,paid_search,consumer
C013958,2023-03-05,US,affiliate,consumer
C013959,2023-03-05,US,paid_social,consumer
C013960,2023-03-05,US,referral,consumer
C013961,2023-03-05,GB,affiliate,consumer
C013962,2023-03-05,GB,referral,consumer
C013963,2023-03-05,US,affiliate,consumer
C013964,2023-03-05,DE,organic,small_business
C013965,2023-03-05,CA,paid_social,consumer
C013966,2023-03-05,US,referral,consumer
C013967,2023-03-05,US,organic,consumer
C013968,2023-03-05,US,affiliate,consumer
C013969,2023-03-05,US,paid_search,consumer
C013970,2023-03-05,US,affiliate,consumer
C013971,2023-03-05,GB,organic,consumer
C013972,2023-03-05,US,referral,consumer
C013973,2023-03-05,US,paid_search,consumer
C013974,2023-03-05,US,referral,consumer
C013975,2023-03-05,US,affiliate,consumer
C013976,2023-03-05,DE,paid_search,small_business
C013977,2023-03-05,US,affiliate,small_business
C013978,2023-03-05,US,organic,consumer
C013979,2023-03-05,US,organic,small_business
C013980,2023-03-05,US,paid_social,consumer
C013981,2023-03-05,US,paid_social,small_business
C013982,2023-03-05,DE,paid_social,consumer
C013983,2023-03-05,AU,organic,consumer
C013984,2023-03-05,AU,organic,consumer
C013985,2023-03-05,DE,organic,small_business
C013986,2023-03-05,US,referral,consumer
C013987,2023-03-05,DE,organic,small_business
C013988,2023-03-05,US,organic,consumer
C013989,2023-03-05,US,organic,small_business
C013990,2023-03-05,US,paid_social,consumer
C013991,2023-03-05,US,paid_search,consumer
C013992,2023-03-05,US,affiliate,consumer
C013993,2023-03-05,US,organic,consumer
C013994,2023-03-05,DE,referral,small_business
C013995,2023-03-05,GB,referral,enterprise
C013996,2023-03-05,US,organic,consumer
C013997,2023-03-05,US,organic,consumer
C013998,2023-03-05,US,paid_social,small_business
C013999,2023-03-05,AU,organic,consumer
C014000,2023-03-05,US,affiliate,consumer
C014001,2023-03-05,US,referral,consumer
C014002,2023-03-05,US,referral,consumer
C014003,2023-03-05,AU,organic,consumer
C014004,2023-03-05,US,paid_search,small_business
C014005,2023-03-05,AU,organic,consumer
C014006,2023-03-05,US,paid_search,consumer
C014007,2023-03-05,AU,paid_search,consumer
C014008,2023-03-05,US,organic,consumer
C014009,2023-03-05,DE,paid_social,consumer
C014010,2023-03-05,US,paid_social,enterprise
C014011,2023-03-05,US,organic,consumer
C014012,2023-03-05,US,organic,consumer
C014013,2023-03-05,CA,organic,consumer
C014014,2023-03-05,US,paid_search,consumer
C014015,2023-03-05,GB,paid_search,consumer
C014016,2023-03-05,US,organic,consumer
C014017,2023-03-05,US,referral,consumer
C014018,2023-03-05,US,affiliate,consumer
C014019,2023-03-05,US,referral,consumer
C014020,2023-03-05,US,organic,small_business
C014021,2023-03-05,US,paid_search,consumer
C014022,2023-03-05,US,paid_search,small_business
C014023,2023-03-05,GB,referral,consumer
C014024,2023-03-05,DE,paid_search,small_business
C014025,2023-03-05,DE,organic,consumer
C014026,2023-03-05,DE,paid_search,consumer
C014027,2023-03-05,US,paid_social,consumer
C014028,2023-03-05,US,paid_social,consumer
C014029,2023-03-05,CA,organic,consumer
C014030,2023-03-05,US,paid_search,consumer
C014031,2023-03-05,US,organic,small_business
C014032,2023-03-05,US,organic,small_business
C014033,2023-03-05,US,affiliate,small_business
C014034,2023-03-05,US,affiliate,consumer
C014035,2023-03-05,US,paid_social,small_business
C014036,2023-03-05,CA,referral,small_business
C014037,2023-03-05,CA,paid_search,enterprise
C014038,2023-03-05,DE,organic,consumer
C014039,2023-03-05,US,paid_search,small_business
C014040,2023-03-05,US,organic,consumer
C014041,2023-03-05,DE,paid_search,consumer
C014042,2023-03-05,US,referral,consumer
C014043,2023-03-05,US,affiliate,enterprise
C014044,2023-03-05,US,organic,consumer
C014045,2023-03-05,US,paid_search,consumer
C014046,2023-03-05,US,referral,consumer
C014047,2023-03-05,DE,paid_social,consumer
C014048,2023-03-05,US,organic,consumer
C014049,2023-03-05,US,paid_social,consumer
C014050,2023-03-05,US,paid_search,consumer
C014051,2023-03-05,AU,referral,consumer
C014052,2023-03-05,GB,paid_social,consumer
C014053,2023-03-05,US,referral,consumer
C014054,2023-03-05,US,paid_search,consumer
C014055,2023-03-05,US,paid_search,consumer
C014056,2023-03-05,AU,paid_social,consumer
C014057,2023-03-05,US,paid_social,consumer
C014058,2023-03-05,US,organic,consumer
C014059,2023-03-05,US,referral,consumer
C014060,2023-03-05,US,referral,small_business
C014061,2023-03-05,US,paid_search,consumer
C014062,2023-03-05,US,paid_search,small_business
C014063,2023-03-05,US,paid_social,consumer
C014064,2023-03-05,US,organic,consumer
C014065,2023-03-05,US,paid_search,consumer
C014066,2023-03-05,CA,organic,small_business
C014067,2023-03-06,US,organic,consumer
C014068,2023-03-06,US,organic,consumer
C014069,2023-03-06,US,affiliate,consumer
C014070,2023-03-06,US,paid_search,consumer
C014071,2023-03-06,US,paid_search,consumer
C014072,2023-03-06,US,paid_search,consumer
C014073,2023-03-06,DE,organic,consumer
C014074,2023-03-06,GB,paid_social,consumer
C014075,2023-03-06,US,organic,consumer
C014076,2023-03-06,US,paid_search,consumer
C014077,2023-03-06,US,paid_search,consumer
C014078,2023-03-06,US,organic,consumer
C014079,2023-03-06,US,paid_social,consumer
C014080,2023-03-06,US,paid_search,consumer
C014081,2023-03-06,US,organic,enterprise
C014082,2023-03-06,GB,paid_search,consumer
C014083,2023-03-06,US,referral,consumer
C014084,2023-03-06,GB,organic,consumer
C014085,2023-03-06,GB,affiliate,consumer
C014086,2023-03-06,US,organic,consumer
C014087,2023-03-06,US,paid_search,consumer
C014088,2023-03-06,US,paid_search,consumer
C014089,2023-03-06,US,organic,consumer
C014090,2023-03-06,GB,organic,small_business
C014091,2023-03-06,US,referral,small_business
C014092,2023-03-06,US,referral,small_business
C014093,2023-03-06,GB,affiliate,consumer
C014094,2023-03-06,US,organic,consumer
C014095,2023-03-06,US,paid_social,consumer
C014096,2023-03-06,US,paid_search,consumer
C014097,2023-03-06,US,paid_search,consumer
C014098,2023-03-06,AU,paid_social,consumer
C014099,2023-03-06,AU,affiliate,consumer
C014100,2023-03-06,CA,paid_search,consumer
C014101,2023-03-06,AU,paid_search,consumer
C014102,2023-03-06,US,paid_search,consumer
C014103,2023-03-06,GB,referral,small_business
C014104,2023-03-06,CA,paid_search,consumer
C014105,2023-03-06,US,organic,small_business
C014106,2023-03-06,AU,paid_social,consumer
C014107,2023-03-06,US,affiliate,consumer
C014108,2023-03-06,AU,organic,consumer
C014109,2023-03-06,CA,affiliate,consumer
C014110,2023-03-06,GB,paid_search,consumer
C014111,2023-03-06,US,paid_social,consumer
C014112,2023-03-06,US,paid_social,consumer
C014113,2023-03-06,AU,organic,consumer
C014114,2023-03-06,US,affiliate,small_business
C014115,2023-03-06,CA,organic,consumer
C014116,2023-03-06,AU,referral,consumer
C014117,2023-03-06,AU,paid_social,consumer
C014118,2023-03-06,DE,paid_social,consumer
C014119,2023-03-06,CA,paid_social,small_business
C014120,2023-03-06,US,affiliate,small_business
C014121,2023-03-06,US,paid_search,enterprise
C014122,2023-03-06,US,paid_social,consumer
C014123,2023-03-06,US,affiliate,consumer
C014124,2023-03-06,US,organic,consumer
C014125,2023-03-06,GB,paid_social,consumer
C014126,2023-03-06,US,organic,consumer
C014127,2023-03-06,CA,paid_search,consumer
C014128,2023-03-06,US,organic,consumer
C014129,2023-03-06,CA,paid_social,consumer
C014130,2023-03-06,US,affiliate,consumer
C014131,2023-03-06,US,organic,small_business
C014132,2023-03-06,US,affiliate,consumer
C014133,2023-03-06,US,affiliate,consumer
C014134,2023-03-06,CA,paid_social,consumer
C014135,2023-03-06,US,paid_social,consumer
C014136,2023-03-06,AU,affiliate,small_business
C014137,2023-03-06,US,affiliate,consumer
C014138,2023-03-06,US,affiliate,consumer
C014139,2023-03-06,US,organic,consumer
C014140,2023-03-06,US,organic,small_business
C014141,2023-03-06,US,paid_social,consumer
C014142,2023-03-06,US,referral,consumer
C014143,2023-03-06,US,paid_social,consumer
C014144,2023-03-06,DE,paid_search,consumer
C014145,2023-03-06,CA,paid_social,consumer
C014146,2023-03-06,US,organic,consumer
C014147,2023-03-06,US,affiliate,small_business
C014148,2023-03-06,US,organic,consumer
C014149,2023-03-06,US,organic,consumer
C014150,2023-03-06,US,paid_search,small_business
C014151,2023-03-06,AU,paid_search,consumer
C014152,2023-03-06,US,paid_social,consumer
C014153,2023-03-06,US,referral,consumer
C014154,2023-03-06,US,paid_social,small_business
C014155,2023-03-06,US,paid_search,consumer
C014156,2023-03-06,GB,paid_social,consumer
C014157,2023-03-06,US,paid_search,consumer
C014158,2023-03-06,US,paid_search,consumer
C014159,2023-03-06,US,referral,small_business
C014160,2023-03-06,US,paid_social,small_business
C014161,2023-03-06,AU,paid_social,consumer
C014162,2023-03-06,US,referral,consumer
C014163,2023-03-06,US,referral,consumer
C014164,2023-03-06,DE,affiliate,enterprise
C014165,2023-03-06,US,paid_search,small_business
C014166,2023-03-06,US,referral,consumer
C014167,2023-03-06,US,organic,consumer
C014168,2023-03-06,US,organic,consumer
C014169,2023-03-06,US,organic,consumer
C014170,2023-03-06,US,paid_social,consumer
C014171,2023-03-06,CA,paid_search,consumer
C014172,2023-03-06,US,organic,small_business
C014173,2023-03-06,US,organic,consumer
C014174,2023-03-06,DE,paid_social,consumer
C014175,2023-03-06,US,referral,consumer
C014176,2023-03-06,GB,affiliate,consumer
C014177,2023-03-06,DE,paid_social,small_business
C014178,2023-03-06,US,paid_social,small_business
C014179,2023-03-06,US,organic,consumer
C014180,2023-03-06,US,affiliate,consumer
C014181,2023-03-06,AU,paid_social,small_business
C014182,2023-03-06,US,organic,consumer
C014183,2023-03-06,US,paid_search,consumer
C014184,2023-03-06,US,paid_social,small_business
C014185,2023-03-06,CA,organic,consumer
C014186,2023-03-06,GB,organic,consumer
C014187,2023-03-06,US,paid_search,consumer
C014188,2023-03-06,US,affiliate,consumer
C014189,2023-03-06,US,paid_search,small_business
C014190,2023-03-06,US,paid_search,consumer
C014191,2023-03-06,CA,organic,consumer
C014192,2023-03-06,CA,paid_social,consumer
C014193,2023-03-06,US,paid_social,small_business
C014194,2023-03-06,US,paid_social,consumer
C014195,2023-03-06,US,referral,small_business
C014196,2023-03-06,US,paid_social,consumer
C014197,2023-03-06,CA,organic,consumer
C014198,2023-03-06,US,paid_search,small_business
C014199,2023-03-06,US,organic,consumer
C014200,2023-03-06,CA,paid_social,consumer
C014201,2023-03-06,CA,organic,consumer
C014202,2023-03-06,GB,organic,consumer
C014203,2023-03-06,US,paid_social,consumer
C014204,2023-03-06,US,paid_search,consumer
C014205,2023-03-06,US,affiliate,consumer
C014206,2023-03-06,US,organic,small_business
C014207,2023-03-06,GB,paid_search,consumer
C014208,2023-03-06,US,paid_search,consumer
C014209,2023-03-06,US,organic,consumer
C014210,2023-03-06,US,paid_search,consumer
C014211,2023-03-06,AU,paid_social,consumer
C014212,2023-03-06,US,organic,small_business
C014213,2023-03-06,AU,organic,consumer
C014214,2023-03-06,US,organic,consumer
C014215,2023-03-06,US,paid_social,consumer
C014216,2023-03-06,CA,affiliate,consumer
C014217,2023-03-06,GB,affiliate,consumer
C014218,2023-03-06,US,paid_social,consumer
C014219,2023-03-06,US,paid_search,small_business
C014220,2023-03-06,US,referral,consumer
C014221,2023-03-06,US,organic,small_business
C014222,2023-03-06,GB,paid_search,consumer
C014223,2023-03-06,US,affiliate,consumer
C014224,2023-03-06,US,referral,consumer
C014225,2023-03-06,US,organic,small_business
C014226,2023-03-06,US,referral,consumer
C014227,2023-03-06,US,referral,consumer
C014228,2023-03-06,US,paid_social,consumer
C014229,2023-03-06,CA,affiliate,small_business
C014230,2023-03-06,US,paid_social,consumer
C014231,2023-03-06,GB,paid_search,consumer
C014232,2023-03-06,US,paid_search,consumer
C014233,2023-03-06,US,affiliate,consumer
C014234,2023-03-06,AU,paid_social,consumer
C014235,2023-03-06,CA,referral,consumer
C014236,2023-03-06,US,organic,consumer
C014237,2023-03-06,US,paid_search,consumer
C014238,2023-03-06,US,affiliate,consumer
C014239,2023-03-06,US,paid_search,consumer
C014240,2023-03-06,US,paid_search,consumer
C014241,2023-03-06,US,paid_search,consumer
C014242,2023-03-06,DE,paid_social,small_business
C014243,2023-03-06,US,paid_social,consumer
C014244,2023-03-06,GB,paid_search,consumer
C014245,2023-03-06,AU,organic,small_business
C014246,2023-03-06,CA,organic,consumer
C014247,2023-03-06,AU,affiliate,consumer
C014248,2023-03-06,US,organic,small_business
C014249,2023-03-06,US,paid_social,consumer
C014250,2023-03-06,DE,organic,consumer
C014251,2023-03-06,US,paid_social,consumer
C014252,2023-03-06,US,affiliate,consumer
C014253,2023-03-06,US,organic,small_business
C014254,2023-03-06,US,organic,consumer
C014255,2023-03-06,US,organic,consumer
C014256,2023-03-06,US,paid_search,small_business
C014257,2023-03-06,US,paid_social,consumer
C014258,2023-03-06,CA,affiliate,small_business
C014259,2023-03-06,US,organic,consumer
C014260,2023-03-06,US,paid_social,consumer
C014261,2023-03-06,US,affiliate,consumer
C014262,2023-03-06,AU,paid_search,consumer
C014263,2023-03-06,CA,paid_search,consumer
C014264,2023-03-06,US,organic,consumer
C014265,2023-03-06,US,paid_search,consumer
C014266,2023-03-06,DE,paid_social,enterprise
C014267,2023-03-06,US,organic,consumer
C014268,2023-03-06,US,organic,consumer
C014269,2023-03-06,CA,organic,consumer
C014270,2023-03-06,US,organic,consumer
C014271,2023-03-06,US,organic,consumer
C014272,2023-03-06,US,paid_search,small_business
C014273,2023-03-06,GB,paid_social,consumer
C014274,2023-03-06,CA,affiliate,consumer
C014275,2023-03-06,US,referral,consumer
C014276,2023-03-06,US,paid_search,consumer
C014277,2023-03-06,US,organic,consumer
C014278,2023-03-06,US,paid_social,consumer
C014279,2023-03-06,US,organic,consumer
C014280,2023-03-06,US,organic,consumer
C014281,2023-03-06,US,paid_social,consumer
C014282,2023-03-06,CA,paid_search,consumer
C014283,2023-03-06,CA,organic,consumer
C014284,2023-03-06,US,affiliate,consumer
C014285,2023-03-06,US,organic,consumer
C014286,2023-03-06,US,organic,consumer
C014287,2023-03-07,US,paid_search,consumer
C014288,2023-03-07,US,organic,consumer
C014289,2023-03-07,US,paid_social,consumer
C014290,2023-03-07,US,paid_search,consumer
C014291,2023-03-07,GB,affiliate,consumer
C014292,2023-03-07,AU,organic,consumer
C014293,2023-03-07,CA,paid_social,consumer
C014294,2023-03-07,GB,organic,small_business
C014295,2023-03-07,GB,paid_search,consumer
C014296,2023-03-07,DE,organic,consumer
C014297,2023-03-07,US,organic,consumer
C014298,2023-03-07,US,paid_search,small_business
C014299,2023-03-07,US,organic,consumer
C014300,2023-03-07,US,paid_social,consumer
C014301,2023-03-07,US,paid_search,small_business
C014302,2023-03-07,AU,affiliate,consumer
C014303,2023-03-07,US,paid_search,small_business
C014304,2023-03-07,US,paid_search,consumer
C014305,2023-03-07,DE,referral,consumer
C014306,2023-03-07,US,paid_social,small_business
C014307,2023-03-07,US,paid_social,consumer
C014308,2023-03-07,US,paid_social,consumer
C014309,2023-03-07,DE,paid_social,consumer
C014310,2023-03-07,GB,affiliate,consumer
C014311,2023-03-07,GB,organic,consumer
C014312,2023-03-07,US,paid_search,consumer
C014313,2023-03-07,AU,organic,enterprise
C014314,2023-03-07,US,paid_social,consumer
C014315,2023-03-07,US,organic,small_business
C014316,2023-03-07,GB,paid_search,consumer
C014317,2023-03-07,US,referral,consumer
C014318,2023-03-07,GB,paid_search,consumer
C014319,2023-03-07,DE,paid_social,consumer
C014320,2023-03-07,US,organic,consumer
C014321,2023-03-07,US,paid_search,consumer
C014322,2023-03-07,CA,organic,consumer
C014323,2023-03-07,CA,paid_search,consumer
C014324,2023-03-07,US,paid_social,small_business
C014325,2023-03-07,US,organic,consumer
C014326,2023-03-07,US,affiliate,consumer
C014327,2023-03-07,DE,organic,consumer
C014328,2023-03-07,US,organic,consumer
C014329,2023-03-07,DE,paid_social,consumer
C014330,2023-03-07,US,paid_social,enterprise
C014331,2023-03-07,US,organic,consumer
C014332,2023-03-07,GB,affiliate,enterprise
C014333,2023-03-07,AU,paid_social,consumer
C014334,2023-03-07,US,paid_search,consumer
C014335,2023-03-07,US,referral,small_business
C014336,2023-03-07,US,organic,consumer
C014337,2023-03-07,US,organic,consumer
C014338,2023-03-07,US,organic,consumer
C014339,2023-03-07,US,affiliate,small_business
C014340,2023-03-07,US,paid_social,consumer
C014341,2023-03-07,US,referral,consumer
C014342,2023-03-07,CA,organic,consumer
C014343,2023-03-07,US,affiliate,consumer
C014344,2023-03-07,CA,organic,consumer
C014345,2023-03-07,AU,paid_search,consumer
C014346,2023-03-07,AU,organic,consumer
C014347,2023-03-07,GB,paid_search,consumer
C014348,2023-03-07,CA,organic,consumer
C014349,2023-03-07,AU,paid_search,consumer
C014350,2023-03-07,US,paid_social,consumer
C014351,2023-03-07,GB,paid_social,consumer
C014352,2023-03-07,US,paid_search,consumer
C014353,2023-03-07,US,referral,consumer
C014354,2023-03-07,US,paid_social,consumer
C014355,2023-03-07,US,organic,consumer
C014356,2023-03-07,DE,organic,consumer
C014357,2023-03-07,CA,paid_search,consumer
C014358,2023-03-07,US,paid_social,consumer
C014359,2023-03-07,US,paid_search,consumer
C014360,2023-03-07,US,affiliate,consumer
C014361,2023-03-07,US,referral,consumer
C014362,2023-03-07,US,organic,consumer
C014363,2023-03-07,US,organic,consumer
C014364,2023-03-07,US,referral,consumer
C014365,2023-03-07,CA,organic,consumer
C014366,2023-03-07,US,organic,small_business
C014367,2023-03-07,US,organic,consumer
C014368,2023-03-07,GB,paid_search,consumer
C014369,2023-03-07,US,organic,consumer
C014370,2023-03-07,GB,referral,consumer
C014371,2023-03-07,US,paid_search,consumer
C014372,2023-03-07,US,paid_social,consumer
C014373,2023-03-07,GB,paid_search,consumer
C014374,2023-03-07,CA,paid_search,consumer
C014375,2023-03-07,US,organic,consumer
C014376,2023-03-07,US,referral,consumer
C014377,2023-03-07,US,organic,consumer
C014378,2023-03-07,US,referral,consumer
C014379,2023-03-07,US,paid_social,consumer
C014380,2023-03-07,US,paid_social,consumer
C014381,2023-03-07,US,organic,consumer
C014382,2023-03-07,CA,paid_social,consumer
C014383,2023-03-07,DE,paid_search,enterprise
C014384,2023-03-07,GB,paid_social,consumer
C014385,2023-03-07,US,affiliate,consumer
C014386,2023-03-07,US,organic,consumer
C014387,2023-03-07,US,referral,consumer
C014388,2023-03-07,CA,organic,consumer
C014389,2023-03-07,US,referral,consumer
C014390,2023-03-07,CA,organic,consumer
C014391,2023-03-07,US,organic,consumer
C014392,2023-03-07,US,referral,consumer
C014393,2023-03-07,US,paid_search,consumer
C014394,2023-03-07,US,paid_search,enterprise
C014395,2023-03-07,GB,paid_social,consumer
C014396,2023-03-07,US,paid_search,small_business
C014397,2023-03-07,US,organic,small_business
C014398,2023-03-07,US,referral,small_business
C014399,2023-03-07,US,paid_search,small_business
C014400,2023-03-07,US,organic,consumer
C014401,2023-03-07,AU,paid_social,consumer
C014402,2023-03-07,AU,paid_search,consumer
C014403,2023-03-07,US,referral,small_business
C014404,2023-03-07,US,organic,small_business
C014405,2023-03-07,CA,paid_search,consumer
C014406,2023-03-07,CA,paid_search,consumer
C014407,2023-03-07,GB,affiliate,small_business
C014408,2023-03-07,US,paid_social,consumer
C014409,2023-03-07,US,paid_search,small_business
C014410,2023-03-07,US,paid_search,small_business
C014411,2023-03-07,US,referral,consumer
C014412,2023-03-07,AU,paid_search,consumer
C014413,2023-03-07,GB,organic,consumer
C014414,2023-03-07,US,affiliate,consumer
C014415,2023-03-07,US,organic,consumer
C014416,2023-03-07,CA,organic,consumer
C014417,2023-03-07,US,paid_social,consumer
C014418,2023-03-07,US,paid_social,small_business
C014419,2023-03-07,DE,affiliate,consumer
C014420,2023-03-07,US,referral,consumer
C014421,2023-03-07,US,organic,consumer
C014422,2023-03-07,AU,paid_search,small_business
C014423,2023-03-07,US,paid_social,consumer
C014424,2023-03-07,US,paid_social,consumer
C014425,2023-03-07,US,paid_search,small_business
C014426,2023-03-07,US,organic,consumer
C014427,2023-03-07,DE,organic,small_business
C014428,2023-03-07,GB,paid_search,consumer
C014429,2023-03-07,CA,paid_search,consumer
C014430,2023-03-07,US,organic,consumer
C014431,2023-03-07,GB,paid_social,small_business
C014432,2023-03-07,US,paid_search,consumer
C014433,2023-03-07,CA,paid_search,consumer
C014434,2023-03-07,DE,organic,consumer
C014435,2023-03-07,US,paid_search,consumer
C014436,2023-03-07,US,referral,consumer
C014437,2023-03-07,US,affiliate,small_business
C014438,2023-03-07,US,organic,consumer
C014439,2023-03-07,US,paid_social,consumer
C014440,2023-03-07,US,organic,consumer
C014441,2023-03-07,US,paid_social,consumer
C014442,2023-03-07,DE,organic,consumer
C014443,2023-03-07,US,paid_search,consumer
C014444,2023-03-07,US,paid_search,small_business
C014445,2023-03-07,US,organic,consumer
C014446,2023-03-07,US,paid_social,small_business
C014447,2023-03-07,US,paid_social,consumer
C014448,2023-03-07,US,organic,consumer
C014449,2023-03-07,US,paid_social,small_business
C014450,2023-03-07,US,referral,small_business
C014451,2023-03-07,US,paid_social,small_business
C014452,2023-03-07,US,paid_social,consumer
C014453,2023-03-07,GB,paid_social,small_business
C014454,2023-03-07,US,referral,consumer
C014455,2023-03-07,US,referral,consumer
C014456,2023-03-07,US,organic,consumer
C014457,2023-03-07,US,paid_search,consumer
C014458,2023-03-07,GB,affiliate,consumer
C014459,2023-03-07,DE,organic,small_business
C014460,2023-03-07,DE,paid_search,consumer
C014461,2023-03-07,US,paid_search,consumer
C014462,2023-03-07,CA,organic,small_business
C014463,2023-03-07,US,paid_search,consumer
C014464,2023-03-07,GB,organic,consumer
C014465,2023-03-07,AU,paid_search,consumer
C014466,2023-03-07,CA,organic,consumer
C014467,2023-03-07,US,organic,consumer
C014468,2023-03-07,US,paid_social,small_business
C014469,2023-03-07,US,paid_social,small_business
C014470,2023-03-07,US,paid_social,consumer
C014471,2023-03-07,US,affiliate,consumer
C014472,2023-03-07,CA,paid_social,consumer
C014473,2023-03-07,AU,affiliate,consumer
C014474,2023-03-07,GB,paid_search,enterprise
C014475,2023-03-07,US,paid_search,consumer
C014476,2023-03-07,US,paid_social,consumer
C014477,2023-03-07,AU,paid_social,consumer
C014478,2023-03-07,US,referral,small_business
C014479,2023-03-07,US,organic,consumer
C014480,2023-03-07,US,organic,consumer
C014481,2023-03-07,US,paid_search,consumer
C014482,2023-03-07,US,organic,consumer
C014483,2023-03-07,US,paid_search,consumer
C014484,2023-03-07,US,paid_search,consumer
C014485,2023-03-07,US,paid_search,consumer
C014486,2023-03-07,AU,paid_social,consumer
C014487,2023-03-07,US,referral,consumer
C014488,2023-03-07,US,paid_search,consumer
C014489,2023-03-07,CA,referral,consumer
C014490,2023-03-07,US,paid_search,consumer
C014491,2023-03-07,US,organic,consumer
C014492,2023-03-07,CA,paid_search,consumer
C014493,2023-03-07,US,paid_search,consumer
C014494,2023-03-07,US,organic,consumer
C014495,2023-03-07,DE,organic,consumer
C014496,2023-03-07,US,referral,consumer
C014497,2023-03-07,AU,paid_search,consumer
C014498,2023-03-07,US,paid_search,consumer
C014499,2023-03-07,US,paid_social,consumer
C014500,2023-03-07,US,paid_social,consumer
C014501,2023-03-07,US,paid_search,consumer
C014502,2023-03-07,US,organic,small_business
C014503,2023-03-07,US,organic,consumer
C014504,2023-03-07,US,organic,consumer
C014505,2023-03-07,US,affiliate,consumer
C014506,2023-03-07,DE,organic,consumer
C014507,2023-03-08,US,paid_social,consumer
C014508,2023-03-08,US,referral,consumer
C014509,2023-03-08,US,paid_social,consumer
C014510,2023-03-08,US,paid_search,consumer
C014511,2023-03-08,US,affiliate,consumer
C014512,2023-03-08,GB,organic,consumer
C014513,2023-03-08,DE,paid_search,consumer
C014514,2023-03-08,GB,referral,consumer
C014515,2023-03-08,CA,referral,consumer
C014516,2023-03-08,US,affiliate,consumer
C014517,2023-03-08,DE,paid_search,consumer
C014518,2023-03-08,DE,organic,consumer
C014519,2023-03-08,US,paid_search,consumer
C014520,2023-03-08,US,organic,consumer
C014521,2023-03-08,DE,paid_social,consumer
C014522,2023-03-08,US,paid_social,small_business
C014523,2023-03-08,US,paid_social,enterprise
C014524,2023-03-08,US,organic,small_business
C014525,2023-03-08,CA,paid_social,consumer
C014526,2023-03-08,GB,referral,consumer
C014527,2023-03-08,US,paid_search,consumer
C014528,2023-03-08,AU,paid_search,consumer
C014529,2023-03-08,CA,organic,consumer
C014530,2023-03-08,CA,paid_social,consumer
C014531,2023-03-08,US,organic,consumer
C014532,2023-03-08,US,referral,consumer
C014533,2023-03-08,DE,referral,consumer
C014534,2023-03-08,US,paid_social,small_business
C014535,2023-03-08,US,referral,consumer
C014536,2023-03-08,US,paid_social,consumer
C014537,2023-03-08,US,organic,enterprise
C014538,2023-03-08,US,paid_social,small_business
C014539,2023-03-08,DE,paid_social,consumer
C014540,2023-03-08,US,referral,consumer
C014541,2023-03-08,US,affiliate,consumer
C014542,2023-03-08,US,organic,consumer
C014543,2023-03-08,DE,organic,small_business
C014544,2023-03-08,US,referral,small_business
C014545,2023-03-08,US,organic,consumer
C014546,2023-03-08,AU,paid_search,consumer
C014547,2023-03-08,US,organic,consumer
C014548,2023-03-08,US,paid_search,consumer
C014549,2023-03-08,US,paid_social,small_business
C014550,2023-03-08,DE,referral,consumer
C014551,2023-03-08,DE,affiliate,small_business
C014552,2023-03-08,US,organic,consumer
C014553,2023-03-08,US,paid_social,consumer
C014554,2023-03-08,US,organic,consumer
C014555,2023-03-08,US,referral,consumer
C014556,2023-03-08,US,affiliate,small_business
C014557,2023-03-08,US,paid_social,consumer
C014558,2023-03-08,US,paid_search,small_business
C014559,2023-03-08,US,organic,consumer
C014560,2023-03-08,US,paid_search,consumer
C014561,2023-03-08,US,organic,consumer
C014562,2023-03-08,DE,organic,consumer
C014563,2023-03-08,US,organic,consumer
C014564,2023-03-08,GB,organic,consumer
C014565,2023-03-08,US,paid_search,consumer
C014566,2023-03-08,US,organic,consumer
C014567,2023-03-08,GB,paid_search,consumer
C014568,2023-03-08,US,paid_search,consumer
C014569,2023-03-08,US,paid_search,small_business
C014570,2023-03-08,DE,referral,consumer
C014571,2023-03-08,US,organic,small_business
C014572,2023-03-08,US,paid_search,consumer
C014573,2023-03-08,US,organic,consumer
C014574,2023-03-08,US,referral,consumer
C014575,2023-03-08,US,organic,consumer
C014576,2023-03-08,DE,referral,consumer
C014577,2023-03-08,US,paid_search,consumer
C014578,2023-03-08,US,referral,consumer
C014579,2023-03-08,US,organic,consumer
C014580,2023-03-08,US,organic,consumer
C014581,2023-03-08,US,paid_social,enterprise
C014582,2023-03-08,US,affiliate,consumer
C014583,2023-03-08,GB,referral,consumer
C014584,2023-03-08,US,affiliate,consumer
C014585,2023-03-08,US,organic,consumer
C014586,2023-03-08,US,referral,consumer
C014587,2023-03-08,US,organic,consumer
C014588,2023-03-08,US,paid_social,consumer
C014589,2023-03-08,CA,paid_search,small_business
C014590,2023-03-08,US,organic,consumer
C014591,2023-03-08,US,paid_search,consumer
C014592,2023-03-08,US,organic,consumer
C014593,2023-03-08,US,organic,consumer
C014594,2023-03-08,AU,paid_search,consumer
C014595,2023-03-08,US,affiliate,consumer
C014596,2023-03-08,DE,paid_social,consumer
C014597,2023-03-08,US,organic,small_business
C014598,2023-03-08,AU,paid_social,consumer
C014599,2023-03-08,US,organic,consumer
C014600,2023-03-08,US,referral,small_business
C014601,2023-03-08,US,paid_search,enterprise
C014602,2023-03-08,US,organic,consumer
C014603,2023-03-08,GB,referral,enterprise
C014604,2023-03-08,US,paid_search,consumer
C014605,2023-03-08,DE,paid_search,small_business
C014606,2023-03-08,US,organic,consumer
C014607,2023-03-08,US,affiliate,small_business
C014608,2023-03-08,US,paid_search,consumer
C014609,2023-03-08,US,referral,consumer
C014610,2023-03-08,US,organic,small_business
C014611,2023-03-08,US,paid_social,consumer
C014612,2023-03-08,US,organic,consumer
C014613,2023-03-08,US,affiliate,consumer
C014614,2023-03-08,AU,paid_social,consumer
C014615,2023-03-08,CA,referral,consumer
C014616,2023-03-08,US,paid_search,consumer
C014617,2023-03-08,US,organic,consumer
C014618,2023-03-08,US,referral,consumer
C014619,2023-03-08,US,organic,enterprise
C014620,2023-03-08,CA,organic,consumer
C014621,2023-03-08,AU,paid_social,consumer
C014622,2023-03-08,US,paid_social,consumer
C014623,2023-03-08,US,organic,small_business
C014624,2023-03-08,CA,organic,small_business
C014625,2023-03-08,CA,paid_social,consumer
C014626,2023-03-08,AU,paid_social,consumer
C014627,2023-03-08,US,paid_social,consumer
C014628,2023-03-08,US,organic,consumer
C014629,2023-03-08,US,referral,consumer
C014630,2023-03-08,DE,referral,consumer
C014631,2023-03-08,CA,paid_search,consumer
C014632,2023-03-08,CA,paid_search,consumer
C014633,2023-03-08,US,paid_search,consumer
C014634,2023-03-08,US,paid_social,consumer
C014635,2023-03-08,CA,organic,consumer
C014636,2023-03-08,US,paid_search,consumer
C014637,2023-03-08,US,organic,consumer
C014638,2023-03-08,CA,organic,consumer
C014639,2023-03-08,US,paid_search,consumer
C014640,2023-03-08,AU,referral,consumer
C014641,2023-03-08,AU,paid_search,consumer
C014642,2023-03-08,US,referral,small_business
C014643,2023-03-08,CA,organic,small_business
C014644,2023-03-08,US,referral,consumer
C014645,2023-03-08,US,referral,small_business
C014646,2023-03-08,DE,paid_search,small_business
C014647,2023-03-08,US,paid_social,consumer
C014648,2023-03-08,US,paid_search,consumer
C014649,2023-03-08,CA,organic,consumer
C014650,2023-03-08,US,paid_social,consumer
C014651,2023-03-08,US,paid_search,consumer
C014652,2023-03-08,US,paid_search,small_business
C014653,2023-03-08,US,referral,small_business
C014654,2023-03-08,US,affiliate,small_business
C014655,2023-03-08,AU,paid_search,consumer
C014656,2023-03-08,US,organic,consumer
C014657,2023-03-08,US,referral,consumer
C014658,2023-03-08,US,organic,enterprise
C014659,2023-03-08,DE,paid_search,consumer
C014660,2023-03-08,US,paid_social,consumer
C014661,2023-03-08,CA,paid_search,consumer
C014662,2023-03-08,US,paid_search,consumer
C014663,2023-03-08,US,paid_social,consumer
C014664,2023-03-08,US,paid_social,consumer
C014665,2023-03-08,US,referral,consumer
C014666,2023-03-08,US,paid_search,consumer
C014667,2023-03-08,US,affiliate,consumer
C014668,2023-03-08,US,paid_social,consumer
C014669,2023-03-08,CA,affiliate,consumer
C014670,2023-03-08,US,organic,consumer
C014671,2023-03-08,US,paid_social,small_business
C014672,2023-03-08,US,paid_social,consumer
C014673,2023-03-08,US,organic,consumer
C014674,2023-03-08,US,organic,consumer
C014675,2023-03-08,US,organic,consumer
C014676,2023-03-08,US,paid_search,consumer
C014677,2023-03-08,US,referral,consumer
C014678,2023-03-08,US,organic,consumer
C014679,2023-03-08,US,affiliate,small_business
C014680,2023-03-08,US,organic,consumer
C014681,2023-03-08,US,paid_social,consumer
C014682,2023-03-08,US,paid_social,consumer
C014683,2023-03-08,US,organic,consumer
C014684,2023-03-08,US,organic,consumer
C014685,2023-03-08,CA,paid_social,consumer
C014686,2023-03-08,US,organic,consumer
C014687,2023-03-08,DE,paid_search,small_business
C014688,2023-03-08,US,organic,consumer
C014689,2023-03-08,US,paid_search,consumer
C014690,2023-03-08,US,paid_search,consumer
C014691,2023-03-08,US,paid_search,consumer
C014692,2023-03-08,US,paid_search,enterprise
C014693,2023-03-08,CA,paid_search,consumer
C014694,2023-03-08,AU,paid_search,consumer
C014695,2023-03-08,US,paid_search,consumer
C014696,2023-03-08,US,referral,consumer
C014697,2023-03-08,US,paid_social,consumer
C014698,2023-03-08,DE,paid_social,small_business
C014699,2023-03-08,CA,organic,small_business
C014700,2023-03-08,DE,paid_social,consumer
C014701,2023-03-08,GB,referral,consumer
C014702,2023-03-08,US,organic,consumer
C014703,2023-03-08,US,paid_social,consumer
C014704,2023-03-08,US,paid_social,consumer
C014705,2023-03-08,US,organic,consumer
C014706,2023-03-08,US,referral,consumer
C014707,2023-03-08,GB,referral,consumer
C014708,2023-03-08,US,organic,consumer
C014709,2023-03-08,CA,affiliate,consumer
C014710,2023-03-08,US,organic,consumer
C014711,2023-03-08,US,organic,consumer
C014712,2023-03-08,US,paid_search,consumer
C014713,2023-03-08,US,paid_social,consumer
C014714,2023-03-08,GB,paid_social,consumer
C014715,2023-03-08,US,affiliate,consumer
C014716,2023-03-08,US,affiliate,small_business
C014717,2023-03-08,US,organic,small_business
C014718,2023-03-08,CA,paid_social,small_business
C014719,2023-03-08,AU,paid_social,consumer
C014720,2023-03-08,GB,organic,consumer
C014721,2023-03-08,US,organic,consumer
C014722,2023-03-08,US,paid_social,consumer
C014723,2023-03-08,US,referral,consumer
C014724,2023-03-08,US,organic,consumer
C014725,2023-03-08,AU,paid_search,consumer
C014726,2023-03-08,US,organic,consumer
C014727,2023-03-09,US,paid_search,consumer
C014728,2023-03-09,US,paid_search,consumer
C014729,2023-03-09,GB,paid_social,small_business
C014730,2023-03-09,US,organic,consumer
C014731,2023-03-09,DE,referral,consumer
C014732,2023-03-09,US,paid_social,consumer
C014733,2023-03-09,AU,paid_social,consumer
C014734,2023-03-09,DE,paid_social,consumer
C014735,2023-03-09,US,organic,consumer
C014736,2023-03-09,GB,affiliate,consumer
C014737,2023-03-09,US,organic,small_business
C014738,2023-03-09,US,affiliate,consumer
C014739,2023-03-09,US,affiliate,consumer
C014740,2023-03-09,US,paid_search,consumer
C014741,2023-03-09,US,paid_social,consumer
C014742,2023-03-09,US,organic,small_business
C014743,2023-03-09,AU,paid_search,consumer
C014744,2023-03-09,US,referral,consumer
C014745,2023-03-09,US,paid_social,consumer
C014746,2023-03-09,DE,paid_social,consumer
C014747,2023-03-09,DE,paid_search,small_business
C014748,2023-03-09,US,referral,consumer
C014749,2023-03-09,DE,paid_search,consumer
C014750,2023-03-09,DE,organic,consumer
C014751,2023-03-09,US,paid_social,small_business
C014752,2023-03-09,AU,organic,consumer
C014753,2023-03-09,US,organic,small_business
C014754,2023-03-09,US,organic,small_business
C014755,2023-03-09,US,organic,consumer
C014756,2023-03-09,US,paid_social,consumer
C014757,2023-03-09,US,organic,consumer
C014758,2023-03-09,US,paid_search,small_business
C014759,2023-03-09,US,organic,consumer
C014760,2023-03-09,US,paid_search,consumer
C014761,2023-03-09,US,paid_search,small_business
C014762,2023-03-09,GB,paid_search,consumer
C014763,2023-03-09,US,referral,consumer
C014764,2023-03-09,DE,paid_search,consumer
C014765,2023-03-09,US,paid_social,consumer
C014766,2023-03-09,US,organic,consumer
C014767,2023-03-09,US,paid_search,consumer
C014768,2023-03-09,US,organic,consumer
C014769,2023-03-09,US,referral,consumer
C014770,2023-03-09,US,paid_search,consumer
C014771,2023-03-09,US,referral,consumer
C014772,2023-03-09,US,paid_social,consumer
C014773,2023-03-09,DE,organic,consumer
C014774,2023-03-09,US,paid_search,consumer
C014775,2023-03-09,DE,referral,consumer
C014776,2023-03-09,US,organic,consumer
C014777,2023-03-09,US,paid_search,consumer
C014778,2023-03-09,US,organic,consumer
C014779,2023-03-09,US,paid_search,consumer
C014780,2023-03-09,US,paid_search,consumer
C014781,2023-03-09,US,paid_search,consumer
C014782,2023-03-09,US,paid_search,small_business
C014783,2023-03-09,CA,paid_search,small_business
C014784,2023-03-09,CA,paid_social,consumer
C014785,2023-03-09,GB,organic,small_business
C014786,2023-03-09,US,paid_search,consumer
C014787,2023-03-09,GB,paid_search,consumer
C014788,2023-03-09,US,referral,consumer
C014789,2023-03-09,US,paid_search,consumer
C014790,2023-03-09,US,affiliate,consumer
C014791,2023-03-09,DE,referral,consumer
C014792,2023-03-09,US,paid_social,consumer
C014793,2023-03-09,US,paid_search,consumer
C014794,2023-03-09,US,organic,small_business
C014795,2023-03-09,CA,paid_search,consumer
C014796,2023-03-09,US,organic,consumer
C014797,2023-03-09,US,paid_social,consumer
C014798,2023-03-09,US,paid_social,consumer
C014799,2023-03-09,US,paid_search,consumer
C014800,2023-03-09,GB,organic,consumer
C014801,2023-03-09,US,affiliate,consumer
C014802,2023-03-09,CA,paid_search,consumer
C014803,2023-03-09,GB,organic,consumer
C014804,2023-03-09,AU,paid_social,consumer
C014805,2023-03-09,US,paid_search,consumer
C014806,2023-03-09,GB,paid_search,consumer
C014807,2023-03-09,DE,paid_social,consumer
C014808,2023-03-09,US,referral,small_business
C014809,2023-03-09,US,paid_social,consumer
C014810,2023-03-09,US,affiliate,consumer
C014811,2023-03-09,US,organic,small_business
C014812,2023-03-09,DE,paid_social,small_business
C014813,2023-03-09,AU,organic,consumer
C014814,2023-03-09,US,paid_search,consumer
C014815,2023-03-09,US,organic,consumer
C014816,2023-03-09,US,paid_search,small_business
C014817,2023-03-09,US,paid_search,consumer
C014818,2023-03-09,DE,referral,consumer
C014819,2023-03-09,US,paid_search,consumer
C014820,2023-03-09,GB,paid_social,consumer
C014821,2023-03-09,AU,organic,consumer
C014822,2023-03-09,US,paid_search,small_business
C014823,2023-03-09,US,referral,consumer
C014824,2023-03-09,GB,referral,consumer
C014825,2023-03-09,US,referral,consumer
C014826,2023-03-09,US,paid_search,consumer
C014827,2023-03-09,US,paid_search,consumer
C014828,2023-03-09,DE,organic,consumer
C014829,2023-03-09,CA,affiliate,consumer
C014830,2023-03-09,CA,referral,consumer
C014831,2023-03-09,US,organic,consumer
C014832,2023-03-09,US,affiliate,consumer
C014833,2023-03-09,AU,paid_search,consumer
C014834,2023-03-09,CA,paid_social,consumer
C014835,2023-03-09,US,organic,consumer
C014836,2023-03-09,DE,paid_social,small_business
C014837,2023-03-09,AU,organic,consumer
C014838,2023-03-09,US,organic,consumer
C014839,2023-03-09,US,paid_search,consumer
C014840,2023-03-09,US,referral,consumer
C014841,2023-03-09,US,affiliate,consumer
C014842,2023-03-09,DE,paid_search,consumer
C014843,2023-03-09,US,paid_search,consumer
C014844,2023-03-09,US,organic,consumer
C014845,2023-03-09,AU,paid_social,consumer
C014846,2023-03-09,US,paid_social,consumer
C014847,2023-03-09,US,referral,consumer
C014848,2023-03-09,US,paid_search,consumer
C014849,2023-03-09,AU,paid_social,consumer
C014850,2023-03-09,US,paid_search,consumer
C014851,2023-03-09,US,paid_search,small_business
C014852,2023-03-09,US,organic,consumer
C014853,2023-03-09,AU,paid_social,consumer
C014854,2023-03-09,US,paid_search,consumer
C014855,2023-03-09,GB,paid_social,consumer
C014856,2023-03-09,DE,organic,consumer
C014857,2023-03-09,AU,affiliate,small_business
C014858,2023-03-09,DE,paid_search,consumer
C014859,2023-03-09,CA,organic,consumer
C014860,2023-03-09,AU,organic,consumer
C014861,2023-03-09,DE,organic,consumer
C014862,2023-03-09,US,organic,small_business
C014863,2023-03-09,CA,paid_social,consumer
C014864,2023-03-09,US,paid_search,small_business
C014865,2023-03-09,GB,paid_social,consumer
C014866,2023-03-09,CA,organic,consumer
C014867,2023-03-09,CA,organic,small_business
C014868,2023-03-09,US,paid_search,consumer
C014869,2023-03-09,US,organic,small_business
C014870,2023-03-09,US,paid_social,consumer
C014871,2023-03-09,US,paid_search,consumer
C014872,2023-03-09,US,paid_search,small_business
C014873,2023-03-09,US,affiliate,consumer
C014874,2023-03-09,GB,paid_search,consumer
C014875,2023-03-09,US,paid_search,small_business
C014876,2023-03-09,CA,referral,consumer
C014877,2023-03-09,US,organic,consumer
C014878,2023-03-09,US,paid_search,consumer
C014879,2023-03-09,GB,paid_social,consumer
C014880,2023-03-09,CA,paid_social,consumer
C014881,2023-03-09,US,organic,consumer
C014882,2023-03-09,AU,paid_search,consumer
C014883,2023-03-09,US,organic,small_business
C014884,2023-03-09,US,organic,small_business
C014885,2023-03-09,US,referral,consumer
C014886,2023-03-09,US,paid_search,consumer
C014887,2023-03-09,US,organic,consumer
C014888,2023-03-09,CA,referral,consumer
C014889,2023-03-09,US,paid_search,consumer
C014890,2023-03-09,US,organic,consumer
C014891,2023-03-09,US,paid_search,enterprise
C014892,2023-03-09,US,paid_social,consumer
C014893,2023-03-09,US,referral,consumer
C014894,2023-03-09,US,paid_search,consumer
C014895,2023-03-09,US,paid_social,consumer
C014896,2023-03-09,GB,paid_search,consumer
C014897,2023-03-09,CA,organic,consumer
C014898,2023-03-09,GB,paid_search,consumer
C014899,2023-03-09,US,paid_social,consumer
C014900,2023-03-09,CA,affiliate,small_business
C014901,2023-03-09,DE,paid_search,consumer
C014902,2023-03-09,US,organic,consumer
C014903,2023-03-09,CA,paid_search,consumer
C014904,2023-03-09,GB,referral,consumer
C014905,2023-03-09,US,paid_social,consumer
C014906,2023-03-09,CA,paid_social,consumer
C014907,2023-03-09,US,organic,consumer
C014908,2023-03-09,US,paid_social,consumer
C014909,2023-03-09,DE,paid_search,consumer
C014910,2023-03-09,CA,paid_search,consumer
C014911,2023-03-09,US,organic,consumer
C014912,2023-03-09,GB,referral,consumer
C014913,2023-03-09,CA,organic,consumer
C014914,2023-03-09,GB,affiliate,small_business
C014915,2023-03-09,DE,organic,consumer
C014916,2023-03-09,US,paid_search,consumer
C014917,2023-03-09,US,affiliate,small_business
C014918,2023-03-09,US,organic,consumer
C014919,2023-03-09,US,paid_social,consumer
C014920,2023-03-09,GB,paid_search,consumer
C014921,2023-03-09,US,referral,consumer
C014922,2023-03-09,US,paid_social,small_business
C014923,2023-03-09,CA,paid_social,consumer
C014924,2023-03-09,US,referral,consumer
C014925,2023-03-09,US,organic,consumer
C014926,2023-03-09,US,paid_search,consumer
C014927,2023-03-09,US,paid_search,small_business
C014928,2023-03-09,DE,organic,consumer
C014929,2023-03-09,US,paid_social,small_business
C014930,2023-03-09,DE,organic,consumer
C014931,2023-03-09,US,affiliate,consumer
C014932,2023-03-09,US,paid_social,consumer
C014933,2023-03-09,US,referral,consumer
C014934,2023-03-09,US,paid_social,consumer
C014935,2023-03-09,US,paid_search,consumer
C014936,2023-03-09,CA,organic,consumer
C014937,2023-03-09,US,affiliate,consumer
C014938,2023-03-09,DE,affiliate,consumer
C014939,2023-03-09,US,organic,consumer
C014940,2023-03-09,US,organic,consumer
C014941,2023-03-09,US,paid_social,small_business
C014942,2023-03-09,US,organic,consumer
C014943,2023-03-09,US,organic,small_business
C014944,2023-03-09,US,affiliate,consumer
C014945,2023-03-09,US,organic,consumer
C014946,2023-03-09,US,organic,consumer
C014947,2023-03-10,US,paid_social,consumer
C014948,2023-03-10,US,organic,consumer
C014949,2023-03-10,US,affiliate,consumer
C014950,2023-03-10,US,paid_social,consumer
C014951,2023-03-10,GB,paid_search,consumer
C014952,2023-03-10,US,referral,consumer
C014953,2023-03-10,US,organic,consumer
C014954,2023-03-10,GB,paid_search,small_business
C014955,2023-03-10,AU,paid_social,consumer
C014956,2023-03-10,US,organic,consumer
C014957,2023-03-10,US,paid_search,consumer
C014958,2023-03-10,US,affiliate,consumer
C014959,2023-03-10,DE,paid_social,consumer
C014960,2023-03-10,US,paid_social,consumer
C014961,2023-03-10,US,referral,consumer
C014962,2023-03-10,US,paid_social,consumer
C014963,2023-03-10,CA,organic,consumer
C014964,2023-03-10,AU,referral,consumer
C014965,2023-03-10,CA,referral,consumer
C014966,2023-03-10,US,referral,consumer
C014967,2023-03-10,GB,paid_social,consumer
C014968,2023-03-10,US,affiliate,consumer
C014969,2023-03-10,US,paid_search,consumer
C014970,2023-03-10,US,referral,small_business
C014971,2023-03-10,US,paid_search,consumer
C014972,2023-03-10,US,organic,consumer
C014973,2023-03-10,US,paid_search,consumer
C014974,2023-03-10,AU,paid_search,consumer
C014975,2023-03-10,US,organic,consumer
C014976,2023-03-10,US,organic,consumer
C014977,2023-03-10,US,organic,consumer
C014978,2023-03-10,US,referral,consumer
C014979,2023-03-10,US,affiliate,consumer
C014980,2023-03-10,US,paid_search,consumer
C014981,2023-03-10,AU,paid_social,consumer
C014982,2023-03-10,US,paid_social,consumer
C014983,2023-03-10,US,referral,consumer
C014984,2023-03-10,US,affiliate,consumer
C014985,2023-03-10,GB,organic,small_business
C014986,2023-03-10,US,paid_social,consumer
C014987,2023-03-10,US,paid_social,consumer
C014988,2023-03-10,GB,referral,enterprise
C014989,2023-03-10,CA,paid_social,small_business
C014990,2023-03-10,US,organic,consumer
C014991,2023-03-10,US,paid_search,small_business
C014992,2023-03-10,US,organic,consumer
C014993,2023-03-10,US,organic,consumer
C014994,2023-03-10,US,paid_search,consumer
C014995,2023-03-10,US,affiliate,consumer
C014996,2023-03-10,US,paid_social,small_business
C014997,2023-03-10,US,paid_social,consumer
C014998,2023-03-10,CA,organic,consumer
C014999,2023-03-10,US,organic,consumer
C015000,2023-03-10,CA,organic,consumer
C015001,2023-03-10,GB,referral,consumer
C015002,2023-03-10,US,affiliate,consumer
C015003,2023-03-10,GB,paid_social,consumer
C015004,2023-03-10,GB,organic,consumer
C015005,2023-03-10,US,organic,consumer
C015006,2023-03-10,GB,referral,small_business
C015007,2023-03-10,US,affiliate,consumer
C015008,2023-03-10,CA,referral,consumer
C015009,2023-03-10,US,referral,consumer
C015010,2023-03-10,US,affiliate,consumer
C015011,2023-03-10,GB,organic,small_business
C015012,2023-03-10,US,organic,small_business
C015013,2023-03-10,CA,organic,consumer
C015014,2023-03-10,US,affiliate,consumer
C015015,2023-03-10,US,paid_search,consumer
C015016,2023-03-10,US,paid_search,small_business
C015017,2023-03-10,US,paid_social,consumer
C015018,2023-03-10,CA,affiliate,consumer
C015019,2023-03-10,US,paid_search,consumer
C015020,2023-03-10,AU,referral,small_business
C015021,2023-03-10,US,organic,enterprise
C015022,2023-03-10,US,paid_search,consumer
C015023,2023-03-10,AU,organic,consumer
C015024,2023-03-10,US,organic,consumer
C015025,2023-03-10,AU,paid_social,consumer
C015026,2023-03-10,US,paid_search,consumer
C015027,2023-03-10,US,referral,enterprise
C015028,2023-03-10,US,referral,consumer
C015029,2023-03-10,US,paid_search,consumer
C015030,2023-03-10,US,paid_social,consumer
C015031,2023-03-10,AU,paid_search,consumer
C015032,2023-03-10,US,affiliate,consumer
C015033,2023-03-10,US,organic,small_business
C015034,2023-03-10,AU,paid_search,consumer
C015035,2023-03-10,CA,paid_social,consumer
C015036,2023-03-10,GB,paid_social,consumer
C015037,2023-03-10,US,paid_search,small_business
C015038,2023-03-10,US,paid_social,consumer
C015039,2023-03-10,US,organic,small_business
C015040,2023-03-10,CA,organic,consumer
C015041,2023-03-10,CA,organic,consumer
C015042,2023-03-10,GB,paid_social,consumer
C015043,2023-03-10,AU,organic,consumer
C015044,2023-03-10,CA,organic,consumer
C015045,2023-03-10,DE,paid_social,consumer
C015046,2023-03-10,US,paid_search,consumer
C015047,2023-03-10,US,paid_search,consumer
C015048,2023-03-10,US,paid_social,consumer
C015049,2023-03-10,US,organic,consumer
C015050,2023-03-10,DE,paid_social,consumer
C015051,2023-03-10,US,organic,consumer
C015052,2023-03-10,DE,affiliate,consumer
C015053,2023-03-10,US,organic,consumer
C015054,2023-03-10,US,organic,small_business
C015055,2023-03-10,CA,paid_search,small_business
C015056,2023-03-10,US,paid_search,consumer
C015057,2023-03-10,US,paid_search,small_business
C015058,2023-03-10,US,organic,consumer
C015059,2023-03-10,GB,referral,small_business
C015060,2023-03-10,US,referral,consumer
C015061,2023-03-10,US,organic,consumer
C015062,2023-03-10,US,organic,consumer
C015063,2023-03-10,US,referral,consumer
C015064,2023-03-10,US,affiliate,consumer
C015065,2023-03-10,US,organic,consumer
C015066,2023-03-10,US,organic,consumer
C015067,2023-03-10,US,paid_social,consumer
C015068,2023-03-10,US,affiliate,consumer
C015069,2023-03-10,US,organic,consumer
C015070,2023-03-10,GB,paid_search,consumer
C015071,2023-03-10,DE,organic,consumer
C015072,2023-03-10,CA,affiliate,consumer
C015073,2023-03-10,AU,organic,small_business
C015074,2023-03-10,US,paid_social,consumer
C015075,2023-03-10,US,paid_social,consumer
C015076,2023-03-10,US,paid_search,consumer
C015077,2023-03-10,DE,paid_social,consumer
C015078,2023-03-10,US,referral,consumer
C015079,2023-03-10,CA,paid_search,consumer
C015080,2023-03-10,US,paid_search,consumer
C015081,2023-03-10,US,paid_search,consumer
C015082,2023-03-10,GB,organic,consumer
C015083,2023-03-10,CA,organic,consumer
C015084,2023-03-10,DE,organic,consumer
C015085,2023-03-10,US,paid_social,consumer
C015086,2023-03-10,CA,affiliate,consumer
C015087,2023-03-10,US,organic,consumer
C015088,2023-03-10,CA,referral,consumer
C015089,2023-03-10,AU,affiliate,consumer
C015090,2023-03-10,US,referral,consumer
C015091,2023-03-10,US,affiliate,consumer
C015092,2023-03-10,AU,paid_social,consumer
C015093,2023-03-10,US,referral,enterprise
C015094,2023-03-10,US,referral,consumer
C015095,2023-03-10,US,referral,small_business
C015096,2023-03-10,US,referral,consumer
C015097,2023-03-10,AU,paid_social,consumer
C015098,2023-03-10,GB,paid_social,consumer
C015099,2023-03-10,US,paid_social,consumer
C015100,2023-03-10,GB,paid_social,consumer
C015101,2023-03-10,DE,organic,consumer
C015102,2023-03-10,US,referral,consumer
C015103,2023-03-10,US,organic,consumer
C015104,2023-03-10,GB,referral,consumer
C015105,2023-03-10,US,organic,consumer
C015106,2023-03-10,US,organic,consumer
C015107,2023-03-10,US,paid_social,consumer
C015108,2023-03-10,US,paid_social,small_business
C015109,2023-03-10,GB,referral,small_business
C015110,2023-03-10,US,referral,consumer
C015111,2023-03-10,DE,referral,consumer
C015112,2023-03-10,US,organic,small_business
C015113,2023-03-10,CA,paid_search,consumer
C015114,2023-03-10,GB,paid_social,consumer
C015115,2023-03-10,US,organic,consumer
C015116,2023-03-10,US,paid_search,consumer
C015117,2023-03-10,US,referral,small_business
C015118,2023-03-10,DE,referral,consumer
C015119,2023-03-10,GB,paid_search,small_business
C015120,2023-03-10,CA,referral,small_business
C015121,2023-03-10,US,referral,consumer
C015122,2023-03-10,CA,referral,consumer
C015123,2023-03-10,DE,paid_social,consumer
C015124,2023-03-10,US,organic,enterprise
C015125,2023-03-10,US,paid_social,small_business
C015126,2023-03-10,AU,organic,consumer
C015127,2023-03-10,AU,paid_social,consumer
C015128,2023-03-10,US,organic,consumer
C015129,2023-03-10,US,paid_search,enterprise
C015130,2023-03-10,GB,paid_search,consumer
C015131,2023-03-10,GB,paid_social,consumer
C015132,2023-03-10,US,paid_social,consumer
C015133,2023-03-10,US,organic,small_business
C015134,2023-03-10,US,organic,consumer
C015135,2023-03-10,AU,organic,consumer
C015136,2023-03-10,US,paid_search,small_business
C015137,2023-03-10,DE,paid_search,consumer
C015138,2023-03-10,US,paid_search,consumer
C015139,2023-03-10,US,organic,consumer
C015140,2023-03-10,CA,organic,consumer
C015141,2023-03-10,US,referral,consumer
C015142,2023-03-10,US,organic,consumer
C015143,2023-03-10,GB,organic,small_business
C015144,2023-03-10,US,paid_search,small_business
C015145,2023-03-10,US,affiliate,small_business
C015146,2023-03-10,DE,organic,small_business
C015147,2023-03-10,US,referral,small_business
C015148,2023-03-10,US,paid_search,small_business
C015149,2023-03-10,US,affiliate,consumer
C015150,2023-03-10,US,referral,consumer
C015151,2023-03-10,CA,referral,consumer
C015152,2023-03-10,US,organic,enterprise
C015153,2023-03-10,US,paid_social,consumer
C015154,2023-03-10,US,paid_search,small_business
C015155,2023-03-10,CA,organic,small_business
C015156,2023-03-10,US,referral,small_business
C015157,2023-03-10,US,organic,consumer
C015158,2023-03-10,US,organic,consumer
C015159,2023-03-10,US,paid_search,consumer
C015160,2023-03-10,US,paid_search,consumer
C015161,2023-03-10,GB,paid_search,consumer
C015162,2023-03-10,US,affiliate,small_business
C015163,2023-03-10,US,paid_search,consumer
C015164,2023-03-10,DE,affiliate,consumer
C015165,2023-03-10,GB,paid_social,consumer
C015166,2023-03-11,US,paid_search,small_business
C015167,2023-03-11,DE,paid_search,consumer
C015168,2023-03-11,US,organic,consumer
C015169,2023-03-11,US,organic,consumer
C015170,2023-03-11,US,paid_social,consumer
C015171,2023-03-11,US,paid_social,consumer
C015172,2023-03-11,US,paid_search,consumer
C015173,2023-03-11,US,paid_search,consumer
C015174,2023-03-11,US,referral,consumer
C015175,2023-03-11,US,organic,consumer
C015176,2023-03-11,US,referral,consumer
C015177,2023-03-11,AU,paid_social,consumer
C015178,2023-03-11,US,paid_social,consumer
C015179,2023-03-11,US,referral,small_business
C015180,2023-03-11,DE,organic,consumer
C015181,2023-03-11,GB,affiliate,small_business
C015182,2023-03-11,US,paid_search,small_business
C015183,2023-03-11,US,organic,consumer
C015184,2023-03-11,US,affiliate,consumer
C015185,2023-03-11,US,paid_social,consumer
C015186,2023-03-11,US,organic,consumer
C015187,2023-03-11,US,affiliate,consumer
C015188,2023-03-11,US,organic,consumer
C015189,2023-03-11,US,organic,consumer
C015190,2023-03-11,US,organic,consumer
C015191,2023-03-11,AU,paid_search,consumer
C015192,2023-03-11,AU,paid_search,small_business
C015193,2023-03-11,US,organic,small_business
C015194,2023-03-11,US,paid_search,consumer
C015195,2023-03-11,CA,organic,consumer
C015196,2023-03-11,US,referral,consumer
C015197,2023-03-11,US,paid_search,consumer
C015198,2023-03-11,US,affiliate,small_business
C015199,2023-03-11,US,referral,consumer
C015200,2023-03-11,CA,paid_social,consumer
C015201,2023-03-11,US,paid_social,consumer
C015202,2023-03-11,US,paid_search,consumer
C015203,2023-03-11,US,organic,consumer
C015204,2023-03-11,CA,referral,consumer
C015205,2023-03-11,US,paid_social,small_business
C015206,2023-03-11,US,paid_search,consumer
C015207,2023-03-11,US,organic,enterprise
C015208,2023-03-11,CA,organic,consumer
C015209,2023-03-11,DE,referral,consumer
C015210,2023-03-11,US,referral,small_business
C015211,2023-03-11,US,affiliate,consumer
C015212,2023-03-11,GB,organic,consumer
C015213,2023-03-11,CA,paid_search,consumer
C015214,2023-03-11,US,referral,consumer
C015215,2023-03-11,US,organic,consumer
C015216,2023-03-11,DE,paid_search,consumer
C015217,2023-03-11,DE,organic,consumer
C015218,2023-03-11,US,affiliate,consumer
C015219,2023-03-11,US,paid_search,consumer
C015220,2023-03-11,AU,paid_search,consumer
C015221,2023-03-11,US,paid_social,small_business
C015222,2023-03-11,GB,paid_search,consumer
C015223,2023-03-11,AU,paid_social,consumer
C015224,2023-03-11,DE,organic,consumer
C015225,2023-03-11,US,organic,consumer
C015226,2023-03-11,GB,affiliate,consumer
C015227,2023-03-11,US,paid_search,consumer
C015228,2023-03-11,US,paid_search,consumer
C015229,2023-03-11,US,paid_search,consumer
C015230,2023-03-11,US,organic,consumer
C015231,2023-03-11,CA,organic,consumer
C015232,2023-03-11,DE,organic,consumer
C015233,2023-03-11,DE,paid_social,consumer
C015234,2023-03-11,US,affiliate,small_business
C015235,2023-03-11,US,paid_social,consumer
C015236,2023-03-11,GB,organic,consumer
C015237,2023-03-11,US,organic,small_business
C015238,2023-03-11,US,paid_search,consumer
C015239,2023-03-11,GB,organic,small_business
C015240,2023-03-11,AU,paid_social,consumer
C015241,2023-03-11,DE,paid_social,enterprise
C015242,2023-03-11,DE,paid_social,consumer
C015243,2023-03-11,US,paid_social,consumer
C015244,2023-03-11,US,paid_social,consumer
C015245,2023-03-11,US,referral,consumer
C015246,2023-03-11,AU,paid_social,consumer
C015247,2023-03-11,US,affiliate,consumer
C015248,2023-03-11,DE,paid_search,consumer
C015249,2023-03-11,DE,paid_social,consumer
C015250,2023-03-11,GB,referral,consumer
C015251,2023-03-11,AU,paid_social,consumer
C015252,2023-03-11,CA,paid_social,small_business
C015253,2023-03-11,DE,organic,small_business
C015254,2023-03-11,US,paid_search,small_business
C015255,2023-03-11,US,organic,consumer
C015256,2023-03-11,US,paid_social,consumer
C015257,2023-03-11,GB,referral,consumer
C015258,2023-03-11,US,organic,small_business
C015259,2023-03-11,US,referral,consumer
C015260,2023-03-11,US,affiliate,consumer
C015261,2023-03-11,US,paid_search,consumer
C015262,2023-03-11,CA,referral,consumer
C015263,2023-03-11,AU,organic,small_business
C015264,2023-03-11,GB,paid_social,consumer
C015265,2023-03-11,AU,referral,small_business
C015266,2023-03-11,US,organic,consumer
C015267,2023-03-11,US,paid_social,consumer
C015268,2023-03-11,CA,paid_social,consumer
C015269,2023-03-11,US,paid_social,consumer
C015270,2023-03-11,DE,paid_search,consumer
C015271,2023-03-11,US,affiliate,consumer
C015272,2023-03-11,US,organic,consumer
C015273,2023-03-11,US,affiliate,consumer
C015274,2023-03-11,US,paid_search,consumer
C015275,2023-03-11,US,paid_search,consumer
C015276,2023-03-11,GB,paid_search,consumer
C015277,2023-03-11,CA,affiliate,consumer
C015278,2023-03-11,DE,organic,consumer
C015279,2023-03-11,GB,affiliate,consumer
C015280,2023-03-11,CA,paid_social,consumer
C015281,2023-03-11,US,paid_search,consumer
C015282,2023-03-11,US,organic,consumer
C015283,2023-03-11,US,organic,consumer
C015284,2023-03-11,US,referral,consumer
C015285,2023-03-11,US,referral,consumer
C015286,2023-03-11,US,paid_social,consumer
C015287,2023-03-11,US,organic,consumer
C015288,2023-03-11,US,paid_social,small_business
C015289,2023-03-11,CA,organic,consumer
C015290,2023-03-11,US,paid_social,small_business
C015291,2023-03-11,CA,referral,consumer
C015292,2023-03-11,US,paid_social,consumer
C015293,2023-03-11,CA,organic,consumer
C015294,2023-03-11,US,affiliate,consumer
C015295,2023-03-11,CA,paid_social,consumer
C015296,2023-03-11,US,organic,consumer
C015297,2023-03-11,US,referral,consumer
C015298,2023-03-11,CA,affiliate,consumer
C015299,2023-03-11,US,referral,small_business
C015300,2023-03-11,US,organic,consumer
C015301,2023-03-11,US,paid_search,small_business
C015302,2023-03-11,US,paid_social,consumer
C015303,2023-03-11,GB,paid_search,consumer
C015304,2023-03-11,US,paid_search,small_business
C015305,2023-03-11,US,referral,consumer
C015306,2023-03-11,CA,organic,consumer
C015307,2023-03-11,US,referral,consumer
C015308,2023-03-11,US,paid_search,small_business
C015309,2023-03-11,US,organic,consumer
C015310,2023-03-11,US,organic,consumer
C015311,2023-03-11,US,organic,consumer
C015312,2023-03-11,US,paid_search,enterprise
C015313,2023-03-11,US,paid_search,consumer
C015314,2023-03-11,US,paid_search,consumer
C015315,2023-03-11,US,organic,consumer
C015316,2023-03-11,AU,paid_search,consumer
C015317,2023-03-11,US,organic,consumer
C015318,2023-03-11,CA,paid_social,consumer
C015319,2023-03-11,GB,organic,consumer
C015320,2023-03-11,US,organic,consumer
C015321,2023-03-11,US,affiliate,consumer
C015322,2023-03-11,US,paid_social,consumer
C015323,2023-03-11,US,paid_search,consumer
C015324,2023-03-11,US,affiliate,enterprise
C015325,2023-03-11,AU,affiliate,consumer
C015326,2023-03-11,GB,organic,enterprise
C015327,2023-03-11,DE,referral,consumer
C015328,2023-03-11,US,paid_search,consumer
C015329,2023-03-11,US,paid_search,consumer
C015330,2023-03-11,DE,referral,consumer
C015331,2023-03-11,CA,organic,consumer
C015332,2023-03-11,US,paid_search,consumer
C015333,2023-03-11,US,paid_social,consumer
C015334,2023-03-11,AU,referral,consumer
C015335,2023-03-11,US,paid_search,consumer
C015336,2023-03-11,US,affiliate,consumer
C015337,2023-03-11,US,organic,consumer
C015338,2023-03-11,US,referral,consumer
C015339,2023-03-11,AU,organic,consumer
C015340,2023-03-11,AU,paid_social,consumer
C015341,2023-03-11,US,paid_social,small_business
C015342,2023-03-11,DE,referral,consumer
C015343,2023-03-11,US,affiliate,consumer
C015344,2023-03-11,DE,referral,consumer
C015345,2023-03-11,CA,paid_social,consumer
C015346,2023-03-11,AU,referral,small_business
C015347,2023-03-11,US,organic,small_business
C015348,2023-03-11,CA,referral,consumer
C015349,2023-03-11,US,paid_search,consumer
C015350,2023-03-11,DE,organic,consumer
C015351,2023-03-11,DE,paid_social,consumer
C015352,2023-03-11,US,organic,small_business
C015353,2023-03-11,US,paid_search,consumer
C015354,2023-03-11,CA,organic,consumer
C015355,2023-03-11,US,paid_search,consumer
C015356,2023-03-11,US,paid_search,consumer
C015357,2023-03-11,DE,paid_search,consumer
C015358,2023-03-11,CA,affiliate,small_business
C015359,2023-03-11,AU,paid_search,consumer
C015360,2023-03-11,US,paid_social,consumer
C015361,2023-03-11,GB,organic,consumer
C015362,2023-03-11,CA,organic,consumer
C015363,2023-03-11,CA,paid_social,consumer
C015364,2023-03-11,US,referral,consumer
C015365,2023-03-11,US,paid_search,consumer
C015366,2023-03-11,US,referral,consumer
C015367,2023-03-11,US,referral,consumer
C015368,2023-03-11,US,referral,consumer
C015369,2023-03-11,CA,paid_social,consumer
C015370,2023-03-11,US,paid_social,consumer
C015371,2023-03-11,CA,organic,consumer
C015372,2023-03-11,US,organic,enterprise
C015373,2023-03-11,US,organic,small_business
C015374,2023-03-11,GB,paid_social,consumer
C015375,2023-03-11,US,paid_social,enterprise
C015376,2023-03-11,US,paid_search,consumer
C015377,2023-03-11,AU,organic,consumer
C015378,2023-03-11,US,paid_social,consumer
C015379,2023-03-11,US,affiliate,consumer
C015380,2023-03-11,AU,paid_search,small_business
C015381,2023-03-11,US,referral,small_business
C015382,2023-03-11,GB,paid_search,consumer
C015383,2023-03-11,CA,organic,consumer
C015384,2023-03-11,US,organic,consumer
C015385,2023-03-11,US,organic,consumer
C015386,2023-03-12,US,referral,consumer
C015387,2023-03-12,US,organic,consumer
C015388,2023-03-12,US,paid_social,small_business
C015389,2023-03-12,US,organic,consumer
C015390,2023-03-12,GB,paid_search,consumer
C015391,2023-03-12,US,paid_search,small_business
C015392,2023-03-12,US,referral,small_business
C015393,2023-03-12,US,organic,consumer
C015394,2023-03-12,US,paid_search,consumer
C015395,2023-03-12,US,referral,consumer
C015396,2023-03-12,US,organic,consumer
C015397,2023-03-12,US,paid_search,consumer
C015398,2023-03-12,US,paid_search,consumer
C015399,2023-03-12,AU,referral,enterprise
C015400,2023-03-12,US,affiliate,consumer
C015401,2023-03-12,DE,referral,consumer
C015402,2023-03-12,US,paid_search,enterprise
C015403,2023-03-12,US,paid_social,consumer
C015404,2023-03-12,US,organic,consumer
C015405,2023-03-12,US,paid_social,small_business
C015406,2023-03-12,US,paid_search,consumer
C015407,2023-03-12,US,affiliate,consumer
C015408,2023-03-12,US,paid_search,consumer
C015409,2023-03-12,DE,organic,small_business
C015410,2023-03-12,US,organic,consumer
C015411,2023-03-12,US,paid_social,consumer
C015412,2023-03-12,US,paid_search,consumer
C015413,2023-03-12,US,organic,consumer
C015414,2023-03-12,US,paid_search,small_business
C015415,2023-03-12,GB,paid_social,consumer
C015416,2023-03-12,US,organic,consumer
C015417,2023-03-12,DE,paid_search,small_business
C015418,2023-03-12,US,organic,consumer
C015419,2023-03-12,US,paid_social,consumer
C015420,2023-03-12,DE,organic,consumer
C015421,2023-03-12,US,paid_search,consumer
C015422,2023-03-12,AU,organic,consumer
C015423,2023-03-12,DE,organic,small_business
C015424,2023-03-12,AU,organic,consumer
C015425,2023-03-12,US,organic,consumer
C015426,2023-03-12,CA,referral,consumer
C015427,2023-03-12,US,paid_search,consumer
C015428,2023-03-12,US,paid_search,consumer
C015429,2023-03-12,DE,paid_search,consumer
C015430,2023-03-12,GB,paid_search,consumer
C015431,2023-03-12,US,paid_search,consumer
C015432,2023-03-12,US,paid_search,consumer
C015433,2023-03-12,US,organic,consumer
C015434,2023-03-12,DE,paid_search,enterprise
C015435,2023-03-12,AU,referral,consumer
C015436,2023-03-12,US,organic,small_business
C015437,2023-03-12,DE,paid_social,consumer
C015438,2023-03-12,US,referral,consumer
C015439,2023-03-12,US,paid_search,consumer
C015440,2023-03-12,DE,organic,consumer
C015441,2023-03-12,US,referral,consumer
C015442,2023-03-12,AU,paid_social,small_business
C015443,2023-03-12,GB,paid_social,consumer
C015444,2023-03-12,CA,paid_search,small_business
C015445,2023-03-12,AU,affiliate,consumer
C015446,2023-03-12,CA,affiliate,enterprise
C015447,2023-03-12,US,referral,enterprise
C015448,2023-03-12,US,paid_social,consumer
C015449,2023-03-12,US,referral,small_business
C015450,2023-03-12,US,organic,small_business
C015451,2023-03-12,US,referral,consumer
C015452,2023-03-12,US,referral,consumer
C015453,2023-03-12,US,referral,consumer
C015454,2023-03-12,US,paid_search,consumer
C015455,2023-03-12,US,affiliate,consumer
C015456,2023-03-12,US,organic,small_business
C015457,2023-03-12,CA,affiliate,consumer
C015458,2023-03-12,AU,organic,consumer
C015459,2023-03-12,CA,paid_search,consumer
C015460,2023-03-12,US,organic,consumer
C015461,2023-03-12,CA,paid_social,small_business
C015462,2023-03-12,US,paid_search,consumer
C015463,2023-03-12,AU,paid_search,consumer
C015464,2023-03-12,GB,paid_social,consumer
C015465,2023-03-12,US,affiliate,consumer
C015466,2023-03-12,GB,organic,consumer
C015467,2023-03-12,US,organic,consumer
C015468,2023-03-12,US,paid_social,consumer
C015469,2023-03-12,US,organic,consumer
C015470,2023-03-12,US,paid_social,consumer
C015471,2023-03-12,US,paid_social,consumer
C015472,2023-03-12,AU,referral,small_business
C015473,2023-03-12,US,organic,consumer
C015474,2023-03-12,GB,paid_social,consumer
C015475,2023-03-12,GB,paid_social,consumer
C015476,2023-03-12,US,referral,small_business
C015477,2023-03-12,DE,organic,consumer
C015478,2023-03-12,US,organic,consumer
C015479,2023-03-12,US,organic,consumer
C015480,2023-03-12,US,paid_social,consumer
C015481,2023-03-12,CA,organic,consumer
C015482,2023-03-12,US,paid_search,small_business
C015483,2023-03-12,US,organic,consumer
C015484,2023-03-12,AU,affiliate,consumer
C015485,2023-03-12,CA,referral,small_business
C015486,2023-03-12,US,affiliate,consumer
C015487,2023-03-12,DE,paid_search,consumer
C015488,2023-03-12,AU,paid_search,consumer
C015489,2023-03-12,US,affiliate,consumer
C015490,2023-03-12,US,organic,consumer
C015491,2023-03-12,US,organic,consumer
C015492,2023-03-12,US,organic,small_business
C015493,2023-03-12,US,organic,consumer
C015494,2023-03-12,US,organic,small_business
C015495,2023-03-12,US,paid_search,consumer
C015496,2023-03-12,DE,paid_search,consumer
C015497,2023-03-12,US,paid_social,consumer
C015498,2023-03-12,US,paid_search,consumer
C015499,2023-03-12,CA,organic,consumer
C015500,2023-03-12,US,affiliate,enterprise
C015501,2023-03-12,US,organic,consumer
C015502,2023-03-12,DE,organic,small_business
C015503,2023-03-12,US,referral,consumer
C015504,2023-03-12,US,paid_social,consumer
C015505,2023-03-12,US,organic,small_business
C015506,2023-03-12,AU,paid_search,consumer
C015507,2023-03-12,DE,affiliate,consumer
C015508,2023-03-12,DE,paid_social,consumer
C015509,2023-03-12,US,paid_search,consumer
C015510,2023-03-12,US,paid_social,consumer
C015511,2023-03-12,US,paid_social,consumer
C015512,2023-03-12,US,organic,small_business
C015513,2023-03-12,DE,paid_search,small_business
C015514,2023-03-12,US,paid_search,consumer
C015515,2023-03-12,CA,affiliate,small_business
C015516,2023-03-12,US,organic,consumer
C015517,2023-03-12,US,organic,small_business
C015518,2023-03-12,US,paid_search,consumer
C015519,2023-03-12,US,paid_social,small_business
C015520,2023-03-12,US,organic,small_business
C015521,2023-03-12,US,referral,consumer
C015522,2023-03-12,US,paid_social,consumer
C015523,2023-03-12,US,paid_social,consumer
C015524,2023-03-12,DE,organic,consumer
C015525,2023-03-12,US,organic,consumer
C015526,2023-03-12,US,organic,consumer
C015527,2023-03-12,US,paid_social,small_business
C015528,2023-03-12,US,organic,consumer
C015529,2023-03-12,GB,affiliate,consumer
C015530,2023-03-12,US,paid_search,small_business
C015531,2023-03-12,US,organic,small_business
C015532,2023-03-12,DE,organic,consumer
C015533,2023-03-12,GB,referral,consumer
C015534,2023-03-12,US,organic,consumer
C015535,2023-03-12,US,paid_search,consumer
C015536,2023-03-12,CA,referral,consumer
C015537,2023-03-12,US,affiliate,consumer
C015538,2023-03-12,US,referral,consumer
C015539,2023-03-12,AU,paid_social,consumer
C015540,2023-03-12,US,paid_social,consumer
C015541,2023-03-12,US,referral,consumer
C015542,2023-03-12,GB,affiliate,consumer
C015543,2023-03-12,US,paid_search,consumer
C015544,2023-03-12,US,organic,consumer
C015545,2023-03-12,CA,organic,consumer
C015546,2023-03-12,US,referral,consumer
C015547,2023-03-12,GB,paid_search,consumer
C015548,2023-03-12,US,organic,consumer
C015549,2023-03-12,US,organic,consumer
C015550,2023-03-12,GB,paid_search,consumer
C015551,2023-03-12,CA,paid_search,consumer
C015552,2023-03-12,US,organic,consumer
C015553,2023-03-12,CA,referral,consumer
C015554,2023-03-12,US,organic,consumer
C015555,2023-03-12,CA,affiliate,consumer
C015556,2023-03-12,US,paid_social,consumer
C015557,2023-03-12,US,referral,consumer
C015558,2023-03-12,US,paid_search,consumer
C015559,2023-03-12,US,affiliate,consumer
C015560,2023-03-12,US,organic,consumer
C015561,2023-03-12,US,paid_search,consumer
C015562,2023-03-12,US,paid_search,consumer
C015563,2023-03-12,CA,paid_search,consumer
C015564,2023-03-12,CA,organic,consumer
C015565,2023-03-12,US,paid_search,small_business
C015566,2023-03-12,US,paid_search,consumer
C015567,2023-03-12,US,organic,consumer
C015568,2023-03-12,GB,organic,consumer
C015569,2023-03-12,US,paid_search,enterprise
C015570,2023-03-12,CA,organic,small_business
C015571,2023-03-12,US,organic,consumer
C015572,2023-03-12,US,referral,consumer
C015573,2023-03-12,CA,referral,consumer
C015574,2023-03-12,US,organic,consumer
C015575,2023-03-12,CA,organic,consumer
C015576,2023-03-12,GB,organic,consumer
C015577,2023-03-12,DE,organic,consumer
C015578,2023-03-12,US,paid_search,consumer
C015579,2023-03-12,US,organic,consumer
C015580,2023-03-12,GB,organic,consumer
C015581,2023-03-12,DE,paid_search,consumer
C015582,2023-03-12,US,organic,consumer
C015583,2023-03-12,US,affiliate,consumer
C015584,2023-03-12,US,paid_social,consumer
C015585,2023-03-12,US,organic,consumer
C015586,2023-03-12,CA,organic,consumer
C015587,2023-03-12,US,referral,consumer
C015588,2023-03-12,GB,organic,consumer
C015589,2023-03-12,US,organic,small_business
C015590,2023-03-12,US,referral,consumer
C015591,2023-03-12,AU,organic,consumer
C015592,2023-03-12,GB,referral,consumer
C015593,2023-03-12,US,paid_search,consumer
C015594,2023-03-12,US,paid_search,consumer
C015595,2023-03-12,US,paid_social,consumer
C015596,2023-03-12,US,referral,consumer
C015597,2023-03-12,US,organic,small_business
C015598,2023-03-12,US,organic,small_business
C015599,2023-03-12,US,paid_social,consumer
C015600,2023-03-12,US,paid_search,small_business
C015601,2023-03-12,US,referral,consumer
C015602,2023-03-12,US,referral,consumer
C015603,2023-03-12,DE,organic,consumer
C015604,2023-03-12,DE,organic,small_business
C015605,2023-03-12,US,referral,consumer
C015606,2023-03-13,US,organic,consumer
C015607,2023-03-13,US,affiliate,consumer
C015608,2023-03-13,GB,paid_search,consumer
C015609,2023-03-13,US,organic,consumer
C015610,2023-03-13,US,paid_search,consumer
C015611,2023-03-13,US,paid_search,consumer
C015612,2023-03-13,US,paid_social,consumer
C015613,2023-03-13,US,paid_search,consumer
C015614,2023-03-13,US,referral,consumer
C015615,2023-03-13,US,referral,consumer
C015616,2023-03-13,US,paid_social,consumer
C015617,2023-03-13,US,organic,consumer
C015618,2023-03-13,CA,organic,consumer
C015619,2023-03-13,AU,paid_social,consumer
C015620,2023-03-13,US,organic,small_business
C015621,2023-03-13,US,organic,consumer
C015622,2023-03-13,AU,paid_social,consumer
C015623,2023-03-13,US,organic,consumer
C015624,2023-03-13,US,organic,consumer
C015625,2023-03-13,GB,organic,consumer
C015626,2023-03-13,US,paid_social,small_business
C015627,2023-03-13,CA,paid_search,consumer
C015628,2023-03-13,US,organic,consumer
C015629,2023-03-13,US,paid_search,consumer
C015630,2023-03-13,US,organic,consumer
C015631,2023-03-13,US,paid_social,small_business
C015632,2023-03-13,US,paid_social,consumer
C015633,2023-03-13,US,organic,consumer
C015634,2023-03-13,AU,paid_search,consumer
C015635,2023-03-13,US,paid_social,consumer
C015636,2023-03-13,GB,affiliate,consumer
C015637,2023-03-13,US,paid_social,consumer
C015638,2023-03-13,CA,paid_search,consumer
C015639,2023-03-13,CA,paid_search,consumer
C015640,2023-03-13,US,organic,consumer
C015641,2023-03-13,US,organic,enterprise
C015642,2023-03-13,CA,affiliate,small_business
C015643,2023-03-13,US,organic,consumer
C015644,2023-03-13,GB,organic,consumer
C015645,2023-03-13,CA,organic,small_business
C015646,2023-03-13,US,affiliate,consumer
C015647,2023-03-13,US,paid_search,consumer
C015648,2023-03-13,GB,organic,consumer
C015649,2023-03-13,US,referral,small_business
C015650,2023-03-13,US,organic,small_business
C015651,2023-03-13,US,organic,consumer
C015652,2023-03-13,CA,referral,consumer
C015653,2023-03-13,US,organic,consumer
C015654,2023-03-13,US,organic,consumer
C015655,2023-03-13,AU,organic,consumer
C015656,2023-03-13,DE,affiliate,consumer
C015657,2023-03-13,US,referral,consumer
C015658,2023-03-13,US,affiliate,consumer
C015659,2023-03-13,US,organic,consumer
C015660,2023-03-13,US,paid_search,consumer
C015661,2023-03-13,DE,affiliate,consumer
C015662,2023-03-13,GB,referral,consumer
C015663,2023-03-13,US,organic,small_business
C015664,2023-03-13,US,paid_social,consumer
C015665,2023-03-13,US,paid_search,consumer
C015666,2023-03-13,AU,affiliate,consumer
C015667,2023-03-13,US,paid_search,consumer
C015668,2023-03-13,DE,affiliate,consumer
C015669,2023-03-13,US,paid_search,consumer
C015670,2023-03-13,US,paid_social,small_business
C015671,2023-03-13,US,referral,consumer
C015672,2023-03-13,CA,organic,consumer
C015673,2023-03-13,AU,referral,consumer
C015674,2023-03-13,US,referral,consumer
C015675,2023-03-13,CA,paid_search,consumer
C015676,2023-03-13,US,organic,consumer
C015677,2023-03-13,DE,referral,small_business
C015678,2023-03-13,AU,paid_search,consumer
C015679,2023-03-13,US,affiliate,consumer
C015680,2023-03-13,GB,paid_search,consumer
C015681,2023-03-13,DE,paid_search,consumer
C015682,2023-03-13,US,paid_social,consumer
C015683,2023-03-13,US,referral,consumer
C015684,2023-03-13,US,organic,enterprise
C015685,2023-03-13,CA,affiliate,consumer
C015686,2023-03-13,CA,referral,consumer
C015687,2023-03-13,CA,paid_search,consumer
C015688,2023-03-13,US,referral,consumer
C015689,2023-03-13,US,organic,consumer
C015690,2023-03-13,US,paid_search,consumer
C015691,2023-03-13,US,organic,consumer
C015692,2023-03-13,AU,referral,consumer
C015693,2023-03-13,US,paid_social,consumer
C015694,2023-03-13,US,affiliate,consumer
C015695,2023-03-13,US,paid_search,consumer
C015696,2023-03-13,US,affiliate,consumer
C015697,2023-03-13,DE,paid_search,consumer
C015698,2023-03-13,AU,paid_search,small_business
C015699,2023-03-13,US,paid_search,consumer
C015700,2023-03-13,GB,paid_search,consumer
C015701,2023-03-13,AU,referral,small_business
C015702,2023-03-13,US,paid_search,consumer
C015703,2023-03-13,US,paid_social,consumer
C015704,2023-03-13,US,paid_search,small_business
C015705,2023-03-13,US,affiliate,enterprise
C015706,2023-03-13,GB,affiliate,consumer
C015707,2023-03-13,US,paid_search,consumer
C015708,2023-03-13,US,organic,small_business
C015709,2023-03-13,US,paid_search,consumer
C015710,2023-03-13,US,paid_social,consumer
C015711,2023-03-13,GB,paid_search,consumer
C015712,2023-03-13,DE,paid_search,consumer
C015713,2023-03-13,US,paid_social,consumer
C015714,2023-03-13,DE,paid_social,small_business
C015715,2023-03-13,DE,organic,consumer
C015716,2023-03-13,US,organic,consumer
C015717,2023-03-13,US,organic,consumer
C015718,2023-03-13,US,referral,consumer
C015719,2023-03-13,CA,paid_search,consumer
C015720,2023-03-13,CA,organic,consumer
C015721,2023-03-13,US,organic,consumer
C015722,2023-03-13,AU,referral,consumer
C015723,2023-03-13,US,organic,consumer
C015724,2023-03-13,GB,paid_search,consumer
C015725,2023-03-13,CA,affiliate,consumer
C015726,2023-03-13,US,referral,consumer
C015727,2023-03-13,CA,paid_search,consumer
C015728,2023-03-13,US,organic,consumer
C015729,2023-03-13,US,affiliate,consumer
C015730,2023-03-13,US,organic,consumer
C015731,2023-03-13,US,referral,consumer
C015732,2023-03-13,AU,organic,consumer
C015733,2023-03-13,GB,affiliate,small_business
C015734,2023-03-13,US,organic,consumer
C015735,2023-03-13,US,organic,small_business
C015736,2023-03-13,DE,organic,consumer
C015737,2023-03-13,US,referral,consumer
C015738,2023-03-13,DE,paid_social,consumer
C015739,2023-03-13,AU,paid_search,consumer
C015740,2023-03-13,US,referral,consumer
C015741,2023-03-13,GB,organic,consumer
C015742,2023-03-13,US,paid_social,consumer
C015743,2023-03-13,CA,organic,small_business
C015744,2023-03-13,GB,referral,consumer
C015745,2023-03-13,US,referral,consumer
C015746,2023-03-13,AU,paid_social,consumer
C015747,2023-03-13,US,organic,consumer
C015748,2023-03-13,US,referral,consumer
C015749,2023-03-13,US,paid_social,small_business
C015750,2023-03-13,AU,organic,consumer
C015751,2023-03-13,AU,organic,consumer
C015752,2023-03-13,US,affiliate,consumer
C015753,2023-03-13,GB,paid_search,consumer
C015754,2023-03-13,AU,paid_social,consumer
C015755,2023-03-13,US,organic,small_business
C015756,2023-03-13,AU,organic,small_business
C015757,2023-03-13,US,paid_social,consumer
C015758,2023-03-13,US,organic,small_business
C015759,2023-03-13,US,organic,consumer
C015760,2023-03-13,US,paid_search,consumer
C015761,2023-03-13,US,organic,consumer
C015762,2023-03-13,US,paid_search,consumer
C015763,2023-03-13,AU,organic,consumer
C015764,2023-03-13,US,paid_social,small_business
C015765,2023-03-13,US,affiliate,consumer
C015766,2023-03-13,CA,paid_search,consumer
C015767,2023-03-13,US,paid_search,consumer
C015768,2023-03-13,US,referral,consumer
C015769,2023-03-13,US,referral,consumer
C015770,2023-03-13,US,referral,small_business
C015771,2023-03-13,US,referral,consumer
C015772,2023-03-13,US,paid_social,consumer
C015773,2023-03-13,US,paid_search,consumer
C015774,2023-03-13,US,paid_search,consumer
C015775,2023-03-13,US,paid_social,consumer
C015776,2023-03-13,US,paid_search,small_business
C015777,2023-03-13,US,organic,consumer
C015778,2023-03-13,US,paid_search,consumer
C015779,2023-03-13,US,organic,consumer
C015780,2023-03-13,US,organic,consumer
C015781,2023-03-13,US,paid_search,consumer
C015782,2023-03-13,US,organic,consumer
C015783,2023-03-13,US,organic,consumer
C015784,2023-03-13,US,paid_social,consumer
C015785,2023-03-13,GB,paid_search,consumer
C015786,2023-03-13,US,organic,consumer
C015787,2023-03-13,CA,affiliate,consumer
C015788,2023-03-13,US,affiliate,consumer
C015789,2023-03-13,US,paid_search,consumer
C015790,2023-03-13,GB,paid_search,consumer
C015791,2023-03-13,US,organic,consumer
C015792,2023-03-13,US,paid_search,consumer
C015793,2023-03-13,CA,paid_social,consumer
C015794,2023-03-13,US,organic,consumer
C015795,2023-03-13,US,referral,consumer
C015796,2023-03-13,US,paid_social,consumer
C015797,2023-03-13,US,organic,consumer
C015798,2023-03-13,US,affiliate,consumer
C015799,2023-03-13,US,organic,consumer
C015800,2023-03-13,US,organic,consumer
C015801,2023-03-13,US,referral,enterprise
C015802,2023-03-13,US,organic,consumer
C015803,2023-03-13,DE,paid_social,consumer
C015804,2023-03-13,CA,paid_social,consumer
C015805,2023-03-13,US,paid_search,small_business
C015806,2023-03-13,AU,affiliate,consumer
C015807,2023-03-13,US,organic,consumer
C015808,2023-03-13,US,paid_social,consumer
C015809,2023-03-13,AU,affiliate,consumer
C015810,2023-03-13,US,paid_social,consumer
C015811,2023-03-13,DE,organic,consumer
C015812,2023-03-13,US,organic,small_business
C015813,2023-03-13,CA,organic,consumer
C015814,2023-03-13,US,organic,small_business
C015815,2023-03-13,GB,referral,consumer
C015816,2023-03-13,US,organic,consumer
C015817,2023-03-13,AU,paid_social,consumer
C015818,2023-03-13,US,paid_social,consumer
C015819,2023-03-13,US,referral,consumer
C015820,2023-03-13,DE,paid_social,consumer
C015821,2023-03-13,US,paid_social,small_business
C015822,2023-03-13,US,referral,consumer
C015823,2023-03-13,CA,paid_search,consumer
C015824,2023-03-13,US,affiliate,consumer
C015825,2023-03-13,US,paid_search,consumer
C015826,2023-03-14,CA,referral,consumer
C015827,2023-03-14,US,paid_search,small_business
C015828,2023-03-14,US,organic,consumer
C015829,2023-03-14,CA,paid_social,consumer
C015830,2023-03-14,CA,paid_social,enterprise
C015831,2023-03-14,AU,organic,small_business
C015832,2023-03-14,US,affiliate,consumer
C015833,2023-03-14,US,organic,consumer
C015834,2023-03-14,GB,paid_search,consumer
C015835,2023-03-14,US,organic,consumer
C015836,2023-03-14,US,organic,small_business
C015837,2023-03-14,DE,affiliate,consumer
C015838,2023-03-14,DE,organic,consumer
C015839,2023-03-14,GB,referral,consumer
C015840,2023-03-14,US,paid_social,consumer
C015841,2023-03-14,US,paid_search,consumer
C015842,2023-03-14,GB,paid_social,consumer
C015843,2023-03-14,AU,affiliate,consumer
C015844,2023-03-14,US,organic,consumer
C015845,2023-03-14,US,referral,small_business
C015846,2023-03-14,US,paid_social,consumer
C015847,2023-03-14,DE,organic,consumer
C015848,2023-03-14,US,referral,consumer
C015849,2023-03-14,CA,paid_search,consumer
C015850,2023-03-14,US,paid_social,consumer
C015851,2023-03-14,US,organic,enterprise
C015852,2023-03-14,US,paid_search,consumer
C015853,2023-03-14,DE,paid_social,consumer
C015854,2023-03-14,DE,referral,consumer
C015855,2023-03-14,US,referral,consumer
C015856,2023-03-14,US,affiliate,consumer
C015857,2023-03-14,US,referral,consumer
C015858,2023-03-14,US,affiliate,consumer
C015859,2023-03-14,US,organic,small_business
C015860,2023-03-14,US,affiliate,consumer
C015861,2023-03-14,CA,organic,consumer
C015862,2023-03-14,CA,paid_search,consumer
C015863,2023-03-14,US,paid_search,small_business
C015864,2023-03-14,US,paid_social,consumer
C015865,2023-03-14,US,referral,consumer
C015866,2023-03-14,US,paid_search,consumer
C015867,2023-03-14,US,referral,consumer
C015868,2023-03-14,US,affiliate,consumer
C015869,2023-03-14,US,organic,consumer
C015870,2023-03-14,US,referral,consumer
C015871,2023-03-14,AU,paid_search,consumer
C015872,2023-03-14,US,paid_search,small_business
C015873,2023-03-14,CA,organic,consumer
C015874,2023-03-14,US,paid_search,consumer
C015875,2023-03-14,US,paid_social,small_business
C015876,2023-03-14,US,organic,consumer
C015877,2023-03-14,US,organic,consumer
C015878,2023-03-14,US,paid_search,consumer
C015879,2023-03-14,CA,paid_social,consumer
C015880,2023-03-14,DE,referral,consumer
C015881,2023-03-14,US,organic,consumer
C015882,2023-03-14,US,organic,consumer
C015883,2023-03-14,US,affiliate,consumer
C015884,2023-03-14,US,paid_social,consumer
C015885,2023-03-14,US,referral,small_business
C015886,2023-03-14,US,organic,consumer
C015887,2023-03-14,US,organic,consumer
C015888,2023-03-14,DE,organic,consumer
C015889,2023-03-14,US,organic,consumer
C015890,2023-03-14,US,referral,enterprise
C015891,2023-03-14,US,organic,consumer
C015892,2023-03-14,US,affiliate,consumer
C015893,2023-03-14,DE,paid_search,consumer
C015894,2023-03-14,DE,organic,consumer
C015895,2023-03-14,AU,paid_social,consumer
C015896,2023-03-14,US,organic,consumer
C015897,2023-03-14,US,organic,small_business
C015898,2023-03-14,AU,organic,consumer
C015899,2023-03-14,US,paid_search,consumer
C015900,2023-03-14,US,paid_search,consumer
C015901,2023-03-14,CA,organic,consumer
C015902,2023-03-14,CA,paid_social,small_business
C015903,2023-03-14,US,organic,consumer
C015904,2023-03-14,AU,referral,consumer
C015905,2023-03-14,AU,organic,consumer
C015906,2023-03-14,GB,paid_social,consumer
C015907,2023-03-14,US,paid_social,consumer
C015908,2023-03-14,GB,referral,consumer
C015909,2023-03-14,US,referral,consumer
C015910,2023-03-14,US,paid_social,consumer
C015911,2023-03-14,CA,paid_social,consumer
C015912,2023-03-14,US,organic,consumer
C015913,2023-03-14,US,referral,consumer
C015914,2023-03-14,GB,paid_social,consumer
C015915,2023-03-14,GB,paid_social,small_business
C015916,2023-03-14,US,paid_social,consumer
C015917,2023-03-14,CA,paid_search,consumer
C015918,2023-03-14,US,organic,consumer
C015919,2023-03-14,US,paid_search,consumer
C015920,2023-03-14,US,organic,consumer
C015921,2023-03-14,US,organic,consumer
C015922,2023-03-14,AU,organic,consumer
C015923,2023-03-14,US,referral,consumer
C015924,2023-03-14,CA,organic,consumer
C015925,2023-03-14,US,organic,consumer
C015926,2023-03-14,US,organic,consumer
C015927,2023-03-14,US,organic,consumer
C015928,2023-03-14,US,paid_social,consumer
C015929,2023-03-14,US,affiliate,consumer
C015930,2023-03-14,US,referral,consumer
C015931,2023-03-14,US,paid_search,consumer
C015932,2023-03-14,DE,organic,small_business
C015933,2023-03-14,DE,referral,consumer
C015934,2023-03-14,US,paid_search,consumer
C015935,2023-03-14,AU,paid_search,consumer
C015936,2023-03-14,CA,paid_search,consumer
C015937,2023-03-14,US,paid_social,consumer
C015938,2023-03-14,US,organic,consumer
C015939,2023-03-14,DE,affiliate,consumer
C015940,2023-03-14,GB,organic,consumer
C015941,2023-03-14,DE,organic,small_business
C015942,2023-03-14,US,organic,consumer
C015943,2023-03-14,DE,referral,consumer
C015944,2023-03-14,US,affiliate,small_business
C015945,2023-03-14,AU,referral,consumer
C015946,2023-03-14,CA,organic,consumer
C015947,2023-03-14,GB,organic,small_business
C015948,2023-03-14,CA,affiliate,consumer
C015949,2023-03-14,US,organic,consumer
C015950,2023-03-14,US,affiliate,consumer
C015951,2023-03-14,GB,paid_search,consumer
C015952,2023-03-14,US,referral,consumer
C015953,2023-03-14,US,organic,consumer
C015954,2023-03-14,DE,affiliate,consumer
C015955,2023-03-14,DE,paid_social,consumer
C015956,2023-03-14,US,organic,small_business
C015957,2023-03-14,US,paid_social,consumer
C015958,2023-03-14,US,paid_search,consumer
C015959,2023-03-14,CA,paid_search,consumer
C015960,2023-03-14,CA,paid_social,consumer
C015961,2023-03-14,AU,paid_social,consumer
C015962,2023-03-14,US,affiliate,consumer
C015963,2023-03-14,US,paid_search,consumer
C015964,2023-03-14,CA,organic,consumer
C015965,2023-03-14,US,organic,small_business
C015966,2023-03-14,US,paid_search,consumer
C015967,2023-03-14,DE,organic,consumer
C015968,2023-03-14,US,paid_search,consumer
C015969,2023-03-14,US,affiliate,consumer
C015970,2023-03-14,CA,paid_search,consumer
C015971,2023-03-14,US,referral,small_business
C015972,2023-03-14,US,paid_search,consumer
C015973,2023-03-14,GB,organic,small_business
C015974,2023-03-14,US,paid_search,consumer
C015975,2023-03-14,US,organic,consumer
C015976,2023-03-14,AU,referral,consumer
C015977,2023-03-14,CA,organic,consumer
C015978,2023-03-14,AU,referral,consumer
C015979,2023-03-14,US,affiliate,consumer
C015980,2023-03-14,DE,paid_social,small_business
C015981,2023-03-14,US,paid_search,consumer
C015982,2023-03-14,DE,paid_social,consumer
C015983,2023-03-14,US,organic,consumer
C015984,2023-03-14,GB,paid_search,consumer
C015985,2023-03-14,US,referral,consumer
C015986,2023-03-14,US,paid_search,consumer
C015987,2023-03-14,US,organic,consumer
C015988,2023-03-14,US,paid_search,consumer
C015989,2023-03-14,US,organic,consumer
C015990,2023-03-14,US,affiliate,consumer
C015991,2023-03-14,DE,paid_social,small_business
C015992,2023-03-14,AU,organic,consumer
C015993,2023-03-14,US,paid_social,consumer
C015994,2023-03-14,US,organic,consumer
C015995,2023-03-14,US,affiliate,consumer
C015996,2023-03-14,US,organic,consumer
C015997,2023-03-14,DE,referral,consumer
C015998,2023-03-14,US,affiliate,consumer
C015999,2023-03-14,US,organic,consumer
C016000,2023-03-14,US,paid_search,consumer
C016001,2023-03-14,US,organic,consumer
C016002,2023-03-14,GB,paid_search,enterprise
C016003,2023-03-14,US,paid_search,consumer
C016004,2023-03-14,US,organic,small_business
C016005,2023-03-14,GB,paid_search,small_business
C016006,2023-03-14,GB,organic,consumer
C016007,2023-03-14,US,affiliate,small_business
C016008,2023-03-14,US,organic,small_business
C016009,2023-03-14,US,paid_search,consumer
C016010,2023-03-14,US,organic,consumer
C016011,2023-03-14,GB,referral,consumer
C016012,2023-03-14,US,paid_social,consumer
C016013,2023-03-14,AU,paid_search,consumer
C016014,2023-03-14,GB,referral,consumer
C016015,2023-03-14,US,paid_social,consumer
C016016,2023-03-14,DE,organic,consumer
C016017,2023-03-14,AU,referral,consumer
C016018,2023-03-14,US,paid_search,consumer
C016019,2023-03-14,DE,organic,consumer
C016020,2023-03-14,US,referral,small_business
C016021,2023-03-14,US,organic,consumer
C016022,2023-03-14,US,organic,consumer
C016023,2023-03-14,US,paid_social,small_business
C016024,2023-03-14,DE,paid_social,small_business
C016025,2023-03-14,US,paid_social,consumer
C016026,2023-03-14,CA,paid_search,consumer
C016027,2023-03-14,US,referral,consumer
C016028,2023-03-14,US,organic,consumer
C016029,2023-03-14,GB,affiliate,consumer
C016030,2023-03-14,CA,affiliate,consumer
C016031,2023-03-14,CA,affiliate,consumer
C016032,2023-03-14,US,paid_search,consumer
C016033,2023-03-14,GB,paid_search,consumer
C016034,2023-03-14,US,organic,consumer
C016035,2023-03-14,GB,affiliate,consumer
C016036,2023-03-14,US,paid_search,consumer
C016037,2023-03-14,GB,referral,consumer
C016038,2023-03-14,US,organic,small_business
C016039,2023-03-14,CA,paid_search,enterprise
C016040,2023-03-14,AU,organic,small_business
C016041,2023-03-14,AU,referral,consumer
C016042,2023-03-14,US,affiliate,consumer
C016043,2023-03-14,GB,affiliate,consumer
C016044,2023-03-14,US,organic,consumer
C016045,2023-03-15,GB,paid_search,enterprise
C016046,2023-03-15,US,organic,consumer
C016047,2023-03-15,AU,organic,consumer
C016048,2023-03-15,GB,organic,consumer
C016049,2023-03-15,US,paid_search,consumer
C016050,2023-03-15,GB,paid_search,consumer
C016051,2023-03-15,AU,paid_search,consumer
C016052,2023-03-15,DE,paid_search,consumer
C016053,2023-03-15,US,referral,consumer
C016054,2023-03-15,US,paid_social,consumer
C016055,2023-03-15,US,paid_search,consumer
C016056,2023-03-15,US,affiliate,consumer
C016057,2023-03-15,US,paid_search,consumer
C016058,2023-03-15,US,organic,small_business
C016059,2023-03-15,US,referral,consumer
C016060,2023-03-15,GB,referral,consumer
C016061,2023-03-15,GB,paid_social,consumer
C016062,2023-03-15,US,organic,consumer
C016063,2023-03-15,CA,paid_search,consumer
C016064,2023-03-15,AU,paid_search,consumer
C016065,2023-03-15,AU,referral,consumer
C016066,2023-03-15,US,paid_social,consumer
C016067,2023-03-15,US,paid_search,consumer
C016068,2023-03-15,US,paid_search,consumer
C016069,2023-03-15,CA,organic,small_business
C016070,2023-03-15,AU,affiliate,consumer
C016071,2023-03-15,CA,paid_social,consumer
C016072,2023-03-15,US,paid_search,consumer
C016073,2023-03-15,US,referral,small_business
C016074,2023-03-15,US,referral,consumer
C016075,2023-03-15,US,paid_search,consumer
C016076,2023-03-15,US,affiliate,enterprise
C016077,2023-03-15,US,organic,consumer
C016078,2023-03-15,GB,organic,consumer
C016079,2023-03-15,DE,paid_search,consumer
C016080,2023-03-15,US,organic,consumer
C016081,2023-03-15,GB,paid_social,consumer
C016082,2023-03-15,US,organic,consumer
C016083,2023-03-15,US,organic,consumer
C016084,2023-03-15,US,referral,consumer
C016085,2023-03-15,US,referral,consumer
C016086,2023-03-15,AU,organic,consumer
C016087,2023-03-15,US,paid_search,small_business
C016088,2023-03-15,DE,paid_search,consumer
C016089,2023-03-15,US,paid_search,enterprise
C016090,2023-03-15,US,paid_social,small_business
C016091,2023-03-15,US,paid_search,enterprise
C016092,2023-03-15,US,referral,consumer
C016093,2023-03-15,AU,affiliate,consumer
C016094,2023-03-15,AU,organic,consumer
C016095,2023-03-15,US,paid_search,consumer
C016096,2023-03-15,DE,paid_search,small_business
C016097,2023-03-15,AU,paid_search,small_business
C016098,2023-03-15,DE,organic,consumer
C016099,2023-03-15,CA,organic,consumer
C016100,2023-03-15,DE,paid_social,consumer
C016101,2023-03-15,US,paid_social,small_business
C016102,2023-03-15,US,organic,consumer
C016103,2023-03-15,US,paid_search,small_business
C016104,2023-03-15,US,referral,consumer
C016105,2023-03-15,US,referral,small_business
C016106,2023-03-15,US,paid_social,consumer
C016107,2023-03-15,AU,affiliate,consumer
C016108,2023-03-15,US,organic,consumer
C016109,2023-03-15,AU,paid_search,small_business
C016110,2023-03-15,US,paid_search,consumer
C016111,2023-03-15,US,paid_search,small_business
C016112,2023-03-15,US,paid_social,consumer
C016113,2023-03-15,US,paid_search,consumer
C016114,2023-03-15,US,paid_search,consumer
C016115,2023-03-15,US,organic,consumer
C016116,2023-03-15,GB,affiliate,consumer
C016117,2023-03-15,US,organic,consumer
C016118,2023-03-15,US,organic,small_business
C016119,2023-03-15,US,paid_social,small_business
C016120,2023-03-15,DE,organic,consumer
C016121,2023-03-15,GB,organic,consumer
C016122,2023-03-15,DE,organic,consumer
C016123,2023-03-15,US,affiliate,consumer
C016124,2023-03-15,US,organic,consumer
C016125,2023-03-15,GB,affiliate,consumer
C016126,2023-03-15,US,organic,consumer
C016127,2023-03-15,CA,referral,small_business
C016128,2023-03-15,US,organic,consumer
C016129,2023-03-15,GB,affiliate,consumer
C016130,2023-03-15,US,affiliate,consumer
C016131,2023-03-15,US,paid_search,consumer
C016132,2023-03-15,AU,paid_social,consumer
C016133,2023-03-15,US,organic,consumer
C016134,2023-03-15,US,paid_social,consumer
C016135,2023-03-15,DE,paid_social,consumer
C016136,2023-03-15,US,organic,small_business
C016137,2023-03-15,CA,paid_search,consumer
C016138,2023-03-15,US,referral,consumer
C016139,2023-03-15,CA,organic,consumer
C016140,2023-03-15,DE,organic,consumer
C016141,2023-03-15,US,paid_social,enterprise
C016142,2023-03-15,US,paid_search,consumer
C016143,2023-03-15,US,referral,consumer
C016144,2023-03-15,US,referral,small_business
C016145,2023-03-15,US,referral,consumer
C016146,2023-03-15,DE,organic,consumer
C016147,2023-03-15,CA,affiliate,consumer
C016148,2023-03-15,DE,paid_search,small_business
C016149,2023-03-15,CA,paid_search,consumer
C016150,2023-03-15,AU,paid_social,consumer
C016151,2023-03-15,US,paid_social,consumer
C016152,2023-03-15,CA,organic,consumer
C016153,2023-03-15,US,referral,consumer
C016154,2023-03-15,US,paid_social,small_business
C016155,2023-03-15,US,paid_social,consumer
C016156,2023-03-15,US,organic,consumer
C016157,2023-03-15,US,paid_social,consumer
C016158,2023-03-15,US,paid_social,consumer
C016159,2023-03-15,AU,paid_search,consumer
C016160,2023-03-15,GB,referral,consumer
C016161,2023-03-15,US,referral,consumer
C016162,2023-03-15,US,paid_search,consumer
C016163,2023-03-15,US,organic,consumer
C016164,2023-03-15,US,paid_social,consumer
C016165,2023-03-15,GB,paid_search,consumer
C016166,2023-03-15,AU,organic,consumer
C016167,2023-03-15,DE,paid_search,consumer
C016168,2023-03-15,CA,paid_social,consumer
C016169,2023-03-15,US,paid_social,consumer
C016170,2023-03-15,US,paid_social,consumer
C016171,2023-03-15,GB,paid_search,consumer
C016172,2023-03-15,US,paid_search,consumer
C016173,2023-03-15,AU,referral,consumer
C016174,2023-03-15,US,paid_search,small_business
C016175,2023-03-15,US,paid_search,consumer
C016176,2023-03-15,US,referral,consumer
C016177,2023-03-15,US,organic,consumer
C016178,2023-03-15,US,paid_search,consumer
C016179,2023-03-15,AU,paid_social,consumer
C016180,2023-03-15,CA,paid_social,consumer
C016181,2023-03-15,US,paid_search,small_business
C016182,2023-03-15,CA,affiliate,consumer
C016183,2023-03-15,AU,organic,consumer
C016184,2023-03-15,US,organic,consumer
C016185,2023-03-15,US,paid_social,consumer
C016186,2023-03-15,US,paid_search,enterprise
C016187,2023-03-15,US,organic,consumer
C016188,2023-03-15,US,referral,consumer
C016189,2023-03-15,US,organic,consumer
C016190,2023-03-15,US,referral,consumer
C016191,2023-03-15,US,affiliate,consumer
C016192,2023-03-15,CA,organic,consumer
C016193,2023-03-15,CA,referral,consumer
C016194,2023-03-15,US,paid_social,consumer
C016195,2023-03-15,US,paid_social,consumer
C016196,2023-03-15,AU,paid_search,consumer
C016197,2023-03-15,US,paid_social,consumer
C016198,2023-03-15,US,paid_search,consumer
C016199,2023-03-15,US,organic,consumer
C016200,2023-03-15,US,organic,enterprise
C016201,2023-03-15,US,affiliate,small_business
C016202,2023-03-15,US,paid_social,small_business
C016203,2023-03-15,DE,paid_social,consumer
C016204,2023-03-15,US,affiliate,consumer
C016205,2023-03-15,AU,organic,consumer
C016206,2023-03-15,US,paid_social,consumer
C016207,2023-03-15,US,organic,consumer
C016208,2023-03-15,US,affiliate,consumer
C016209,2023-03-15,US,referral,enterprise
C016210,2023-03-15,US,organic,consumer
C016211,2023-03-15,US,organic,consumer
C016212,2023-03-15,US,organic,consumer
C016213,2023-03-15,US,paid_social,consumer
C016214,2023-03-15,GB,paid_search,consumer
C016215,2023-03-15,DE,paid_search,consumer
C016216,2023-03-15,GB,paid_search,consumer
C016217,2023-03-15,US,paid_search,consumer
C016218,2023-03-15,US,paid_social,consumer
C016219,2023-03-15,GB,organic,small_business
C016220,2023-03-15,US,paid_social,consumer
C016221,2023-03-15,US,paid_search,small_business
C016222,2023-03-15,US,referral,consumer
C016223,2023-03-15,CA,organic,consumer
C016224,2023-03-15,US,paid_social,consumer
C016225,2023-03-15,US,organic,consumer
C016226,2023-03-15,US,organic,consumer
C016227,2023-03-15,US,referral,consumer
C016228,2023-03-15,US,paid_search,consumer
C016229,2023-03-15,US,organic,consumer
C016230,2023-03-15,US,affiliate,consumer
C016231,2023-03-15,AU,paid_search,consumer
C016232,2023-03-15,DE,paid_search,consumer
C016233,2023-03-15,US,affiliate,consumer
C016234,2023-03-15,CA,affiliate,consumer
C016235,2023-03-15,US,paid_search,consumer
C016236,2023-03-15,US,affiliate,enterprise
C016237,2023-03-15,US,affiliate,enterprise
C016238,2023-03-15,US,referral,consumer
C016239,2023-03-15,US,referral,consumer
C016240,2023-03-15,US,organic,consumer
C016241,2023-03-15,US,affiliate,consumer
C016242,2023-03-15,AU,paid_search,consumer
C016243,2023-03-15,US,referral,consumer
C016244,2023-03-15,US,paid_search,consumer
C016245,2023-03-15,GB,paid_search,consumer
C016246,2023-03-15,US,referral,consumer
C016247,2023-03-15,US,paid_search,small_business
C016248,2023-03-15,US,paid_search,consumer
C016249,2023-03-15,US,organic,consumer
C016250,2023-03-15,US,paid_search,consumer
C016251,2023-03-15,US,referral,consumer
C016252,2023-03-15,GB,organic,consumer
C016253,2023-03-15,US,organic,small_business
C016254,2023-03-15,DE,paid_search,small_business
C016255,2023-03-15,US,paid_social,consumer
C016256,2023-03-15,CA,paid_social,enterprise
C016257,2023-03-15,US,organic,consumer
C016258,2023-03-15,US,organic,consumer
C016259,2023-03-15,US,organic,consumer
C016260,2023-03-15,US,referral,consumer
C016261,2023-03-15,US,organic,consumer
C016262,2023-03-15,GB,paid_social,consumer
C016263,2023-03-15,US,organic,consumer
C016264,2023-03-15,CA,paid_search,consumer
C016265,2023-03-16,US,paid_search,consumer
C016266,2023-03-16,AU,paid_search,consumer
C016267,2023-03-16,GB,organic,consumer
C016268,2023-03-16,US,paid_search,consumer
C016269,2023-03-16,US,paid_social,consumer
C016270,2023-03-16,US,paid_social,consumer
C016271,2023-03-16,AU,organic,consumer
C016272,2023-03-16,US,paid_search,consumer
C016273,2023-03-16,DE,organic,consumer
C016274,2023-03-16,AU,affiliate,small_business
C016275,2023-03-16,GB,organic,consumer
C016276,2023-03-16,GB,referral,consumer
C016277,2023-03-16,CA,paid_search,consumer
C016278,2023-03-16,US,paid_social,small_business
C016279,2023-03-16,AU,paid_search,small_business
C016280,2023-03-16,GB,paid_search,consumer
C016281,2023-03-16,US,paid_social,consumer
C016282,2023-03-16,DE,referral,small_business
C016283,2023-03-16,DE,paid_search,consumer
C016284,2023-03-16,US,paid_social,consumer
C016285,2023-03-16,GB,paid_social,consumer
C016286,2023-03-16,US,organic,consumer
C016287,2023-03-16,US,organic,small_business
C016288,2023-03-16,US,paid_social,consumer
C016289,2023-03-16,CA,paid_social,small_business
C016290,2023-03-16,US,referral,consumer
C016291,2023-03-16,AU,paid_social,consumer
C016292,2023-03-16,US,paid_search,consumer
C016293,2023-03-16,AU,organic,consumer
C016294,2023-03-16,US,affiliate,consumer
C016295,2023-03-16,US,paid_search,consumer
C016296,2023-03-16,CA,paid_social,consumer
C016297,2023-03-16,US,referral,consumer
C016298,2023-03-16,DE,referral,consumer
C016299,2023-03-16,US,affiliate,consumer
C016300,2023-03-16,US,referral,consumer
C016301,2023-03-16,DE,affiliate,consumer
C016302,2023-03-16,US,organic,small_business
C016303,2023-03-16,US,organic,consumer
C016304,2023-03-16,US,organic,consumer
C016305,2023-03-16,US,affiliate,consumer
C016306,2023-03-16,US,organic,consumer
C016307,2023-03-16,US,paid_social,consumer
C016308,2023-03-16,US,organic,consumer
C016309,2023-03-16,US,organic,consumer
C016310,2023-03-16,US,organic,consumer
C016311,2023-03-16,CA,paid_social,small_business
C016312,2023-03-16,GB,organic,consumer
C016313,2023-03-16,US,paid_social,consumer
C016314,2023-03-16,AU,affiliate,consumer
C016315,2023-03-16,US,referral,enterprise
C016316,2023-03-16,CA,paid_search,small_business
C016317,2023-03-16,GB,organic,consumer
C016318,2023-03-16,GB,organic,consumer
C016319,2023-03-16,GB,paid_search,enterprise
C016320,2023-03-16,US,affiliate,consumer
C016321,2023-03-16,CA,referral,consumer
C016322,2023-03-16,US,organic,consumer
C016323,2023-03-16,US,organic,consumer
C016324,2023-03-16,CA,organic,consumer
C016325,2023-03-16,US,affiliate,consumer
C016326,2023-03-16,US,affiliate,consumer
C016327,2023-03-16,US,referral,small_business
C016328,2023-03-16,CA,organic,consumer
C016329,2023-03-16,DE,paid_search,enterprise
C016330,2023-03-16,US,paid_social,consumer
C016331,2023-03-16,US,organic,consumer
C016332,2023-03-16,DE,affiliate,consumer
C016333,2023-03-16,US,paid_social,consumer
C016334,2023-03-16,US,organic,small_business
C016335,2023-03-16,GB,paid_social,small_business
C016336,2023-03-16,DE,paid_search,consumer
C016337,2023-03-16,GB,referral,consumer
C016338,2023-03-16,GB,affiliate,consumer
C016339,2023-03-16,GB,paid_social,consumer
C016340,2023-03-16,US,affiliate,consumer
C016341,2023-03-16,US,paid_search,consumer
C016342,2023-03-16,US,paid_search,consumer
C016343,2023-03-16,US,referral,consumer
C016344,2023-03-16,US,paid_social,consumer
C016345,2023-03-16,US,paid_social,consumer
C016346,2023-03-16,US,organic,consumer
C016347,2023-03-16,US,paid_search,consumer
C016348,2023-03-16,US,referral,consumer
C016349,2023-03-16,AU,paid_social,consumer
C016350,2023-03-16,AU,paid_search,consumer
C016351,2023-03-16,US,paid_social,consumer
C016352,2023-03-16,AU,affiliate,small_business
C016353,2023-03-16,US,paid_search,small_business
C016354,2023-03-16,US,referral,consumer
C016355,2023-03-16,CA,affiliate,consumer
C016356,2023-03-16,US,paid_social,consumer
C016357,2023-03-16,GB,paid_social,consumer
C016358,2023-03-16,US,paid_social,consumer
C016359,2023-03-16,GB,organic,consumer
C016360,2023-03-16,CA,organic,small_business
C016361,2023-03-16,US,organic,consumer
C016362,2023-03-16,US,paid_social,consumer
C016363,2023-03-16,US,organic,consumer
C016364,2023-03-16,US,organic,consumer
C016365,2023-03-16,US,paid_search,small_business
C016366,2023-03-16,US,paid_search,consumer
C016367,2023-03-16,DE,paid_search,consumer
C016368,2023-03-16,US,paid_search,consumer
C016369,2023-03-16,US,paid_search,consumer
C016370,2023-03-16,DE,organic,consumer
C016371,2023-03-16,US,affiliate,consumer
C016372,2023-03-16,US,paid_social,consumer
C016373,2023-03-16,US,referral,consumer
C016374,2023-03-16,DE,organic,consumer
C016375,2023-03-16,US,referral,consumer
C016376,2023-03-16,US,paid_search,consumer
C016377,2023-03-16,US,referral,small_business
C016378,2023-03-16,GB,paid_social,consumer
C016379,2023-03-16,US,paid_search,consumer
C016380,2023-03-16,US,paid_search,consumer
C016381,2023-03-16,US,referral,consumer
C016382,2023-03-16,DE,paid_social,consumer
C016383,2023-03-16,US,affiliate,small_business
C016384,2023-03-16,US,paid_social,consumer
C016385,2023-03-16,AU,organic,consumer
C016386,2023-03-16,AU,affiliate,consumer
C016387,2023-03-16,US,referral,consumer
C016388,2023-03-16,DE,referral,small_business
C016389,2023-03-16,CA,referral,consumer
C016390,2023-03-16,US,referral,consumer
C016391,2023-03-16,GB,referral,consumer
C016392,2023-03-16,CA,organic,consumer
C016393,2023-03-16,US,paid_search,small_business
C016394,2023-03-16,US,organic,small_business
C016395,2023-03-16,US,organic,consumer
C016396,2023-03-16,DE,organic,consumer
C016397,2023-03-16,US,paid_social,consumer
C016398,2023-03-16,US,organic,small_business
C016399,2023-03-16,AU,paid_search,enterprise
C016400,2023-03-16,GB,paid_social,consumer
C016401,2023-03-16,US,affiliate,small_business
C016402,2023-03-16,DE,paid_search,consumer
C016403,2023-03-16,CA,organic,consumer
C016404,2023-03-16,US,referral,consumer
C016405,2023-03-16,US,referral,consumer
C016406,2023-03-16,US,affiliate,consumer
C016407,2023-03-16,US,organic,consumer
C016408,2023-03-16,AU,organic,consumer
C016409,2023-03-16,US,organic,consumer
C016410,2023-03-16,US,paid_social,small_business
C016411,2023-03-16,US,referral,consumer
C016412,2023-03-16,US,organic,consumer
C016413,2023-03-16,GB,paid_social,small_business
C016414,2023-03-16,DE,paid_search,consumer
C016415,2023-03-16,US,organic,consumer
C016416,2023-03-16,GB,organic,consumer
C016417,2023-03-16,US,paid_search,consumer
C016418,2023-03-16,US,organic,consumer
C016419,2023-03-16,US,organic,consumer
C016420,2023-03-16,US,referral,consumer
C016421,2023-03-16,US,paid_search,consumer
C016422,2023-03-16,US,paid_social,enterprise
C016423,2023-03-16,DE,paid_search,consumer
C016424,2023-03-16,US,paid_social,consumer
C016425,2023-03-16,US,paid_search,consumer
C016426,2023-03-16,US,paid_search,consumer
C016427,2023-03-16,US,organic,consumer
C016428,2023-03-16,AU,paid_social,enterprise
C016429,2023-03-16,US,paid_social,consumer
C016430,2023-03-16,US,paid_search,consumer
C016431,2023-03-16,DE,organic,consumer
C016432,2023-03-16,US,organic,consumer
C016433,2023-03-16,DE,referral,consumer
C016434,2023-03-16,GB,paid_social,consumer
C016435,2023-03-16,DE,organic,consumer
C016436,2023-03-16,GB,referral,small_business
C016437,2023-03-16,DE,organic,consumer
C016438,2023-03-16,US,organic,consumer
C016439,2023-03-16,US,affiliate,consumer
C016440,2023-03-16,AU,organic,consumer
C016441,2023-03-16,US,organic,consumer
C016442,2023-03-16,US,paid_search,consumer
C016443,2023-03-16,US,referral,consumer
C016444,2023-03-16,US,organic,consumer
C016445,2023-03-16,DE,paid_search,small_business
C016446,2023-03-16,US,organic,consumer
C016447,2023-03-16,US,paid_search,consumer
C016448,2023-03-16,US,organic,consumer
C016449,2023-03-16,AU,paid_social,consumer
C016450,2023-03-16,AU,paid_social,consumer
C016451,2023-03-16,AU,referral,consumer
C016452,2023-03-16,US,affiliate,consumer
C016453,2023-03-16,US,paid_social,enterprise
C016454,2023-03-16,US,organic,consumer
C016455,2023-03-16,CA,organic,consumer
C016456,2023-03-16,US,paid_social,consumer
C016457,2023-03-16,US,paid_search,consumer
C016458,2023-03-16,US,organic,consumer
C016459,2023-03-16,CA,paid_search,consumer
C016460,2023-03-16,CA,paid_social,consumer
C016461,2023-03-16,AU,paid_search,consumer
C016462,2023-03-16,US,paid_search,consumer
C016463,2023-03-16,US,paid_search,small_business
C016464,2023-03-16,US,organic,consumer
C016465,2023-03-16,US,paid_social,consumer
C016466,2023-03-16,US,organic,small_business
C016467,2023-03-16,GB,paid_social,consumer
C016468,2023-03-16,AU,paid_search,consumer
C016469,2023-03-16,US,paid_search,small_business
C016470,2023-03-16,US,referral,consumer
C016471,2023-03-16,US,organic,consumer
C016472,2023-03-16,CA,paid_social,consumer
C016473,2023-03-16,US,organic,consumer
C016474,2023-03-16,GB,organic,small_business
C016475,2023-03-16,US,paid_social,consumer
C016476,2023-03-16,DE,affiliate,consumer
C016477,2023-03-16,US,paid_search,consumer
C016478,2023-03-16,US,paid_social,consumer
C016479,2023-03-16,US,paid_search,small_business
C016480,2023-03-16,CA,referral,consumer
C016481,2023-03-16,US,paid_search,enterprise
C016482,2023-03-16,GB,referral,small_business
C016483,2023-03-16,US,affiliate,consumer
C016484,2023-03-16,US,paid_social,consumer
C016485,2023-03-17,GB,affiliate,consumer
C016486,2023-03-17,US,paid_social,consumer
C016487,2023-03-17,US,organic,consumer
C016488,2023-03-17,AU,paid_search,consumer
C016489,2023-03-17,US,organic,consumer
C016490,2023-03-17,US,referral,consumer
C016491,2023-03-17,AU,organic,small_business
C016492,2023-03-17,US,referral,consumer
C016493,2023-03-17,US,paid_search,consumer
C016494,2023-03-17,US,paid_search,small_business
C016495,2023-03-17,US,paid_search,consumer
C016496,2023-03-17,US,paid_social,consumer
C016497,2023-03-17,CA,affiliate,consumer
C016498,2023-03-17,CA,paid_social,consumer
C016499,2023-03-17,CA,affiliate,small_business
C016500,2023-03-17,AU,paid_search,consumer
C016501,2023-03-17,GB,paid_search,consumer
C016502,2023-03-17,GB,paid_social,consumer
C016503,2023-03-17,CA,paid_search,consumer
C016504,2023-03-17,US,paid_social,consumer
C016505,2023-03-17,US,organic,consumer
C016506,2023-03-17,US,paid_search,small_business
C016507,2023-03-17,AU,affiliate,consumer
C016508,2023-03-17,AU,affiliate,consumer
C016509,2023-03-17,US,paid_search,consumer
C016510,2023-03-17,US,organic,consumer
C016511,2023-03-17,GB,paid_social,consumer
C016512,2023-03-17,AU,paid_search,consumer
C016513,2023-03-17,AU,organic,small_business
C016514,2023-03-17,US,paid_social,consumer
C016515,2023-03-17,CA,referral,small_business
C016516,2023-03-17,US,paid_search,consumer
C016517,2023-03-17,US,referral,consumer
C016518,2023-03-17,CA,referral,consumer
C016519,2023-03-17,US,paid_search,small_business
C016520,2023-03-17,US,organic,consumer
C016521,2023-03-17,GB,paid_search,consumer
C016522,2023-03-17,US,organic,consumer
C016523,2023-03-17,US,paid_social,consumer
C016524,2023-03-17,DE,organic,consumer
C016525,2023-03-17,US,paid_search,consumer
C016526,2023-03-17,US,referral,consumer
C016527,2023-03-17,US,organic,consumer
C016528,2023-03-17,US,organic,consumer
C016529,2023-03-17,US,organic,consumer
C016530,2023-03-17,GB,organic,consumer
C016531,2023-03-17,AU,paid_search,consumer
C016532,2023-03-17,DE,paid_search,consumer
C016533,2023-03-17,AU,paid_search,consumer
C016534,2023-03-17,US,paid_social,small_business
C016535,2023-03-17,US,organic,consumer
C016536,2023-03-17,US,paid_social,consumer
C016537,2023-03-17,US,paid_search,consumer
C016538,2023-03-17,CA,organic,consumer
C016539,2023-03-17,US,organic,consumer
C016540,2023-03-17,US,affiliate,consumer
C016541,2023-03-17,US,paid_social,consumer
C016542,2023-03-17,AU,organic,consumer
C016543,2023-03-17,US,affiliate,consumer
C016544,2023-03-17,US,referral,consumer
C016545,2023-03-17,GB,referral,consumer
C016546,2023-03-17,US,organic,small_business
C016547,2023-03-17,US,paid_search,consumer
C016548,2023-03-17,US,paid_social,consumer
C016549,2023-03-17,US,paid_search,consumer
C016550,2023-03-17,US,organic,consumer
C016551,2023-03-17,AU,paid_social,consumer
C016552,2023-03-17,US,paid_search,consumer
C016553,2023-03-17,GB,organic,consumer
C016554,2023-03-17,DE,paid_search,consumer
C016555,2023-03-17,US,organic,consumer
C016556,2023-03-17,US,organic,consumer
C016557,2023-03-17,US,organic,consumer
C016558,2023-03-17,US,referral,small_business
C016559,2023-03-17,US,paid_search,consumer
C016560,2023-03-17,US,referral,consumer
C016561,2023-03-17,US,organic,small_business
C016562,2023-03-17,US,paid_search,consumer
C016563,2023-03-17,US,affiliate,consumer
C016564,2023-03-17,AU,referral,consumer
C016565,2023-03-17,US,paid_social,consumer
C016566,2023-03-17,US,paid_social,consumer
C016567,2023-03-17,AU,paid_social,consumer
C016568,2023-03-17,US,paid_social,consumer
C016569,2023-03-17,US,affiliate,consumer
C016570,2023-03-17,US,organic,consumer
C016571,2023-03-17,US,organic,consumer
C016572,2023-03-17,CA,paid_search,consumer
C016573,2023-03-17,US,organic,consumer
C016574,2023-03-17,US,paid_search,small_business
C016575,2023-03-17,US,paid_social,consumer
C016576,2023-03-17,AU,paid_search,consumer
C016577,2023-03-17,US,paid_search,consumer
C016578,2023-03-17,GB,organic,small_business
C016579,2023-03-17,CA,referral,consumer
C016580,2023-03-17,US,paid_social,consumer
C016581,2023-03-17,GB,paid_social,consumer
C016582,2023-03-17,US,organic,consumer
C016583,2023-03-17,AU,paid_search,consumer
C016584,2023-03-17,US,organic,small_business
C016585,2023-03-17,CA,organic,consumer
C016586,2023-03-17,US,paid_search,consumer
C016587,2023-03-17,US,referral,consumer
C016588,2023-03-17,AU,affiliate,consumer
C016589,2023-03-17,GB,organic,small_business
C016590,2023-03-17,US,organic,consumer
C016591,2023-03-17,US,organic,consumer
C016592,2023-03-17,US,organic,consumer
C016593,2023-03-17,AU,referral,consumer
C016594,2023-03-17,AU,paid_search,consumer
C016595,2023-03-17,US,paid_social,consumer
C016596,2023-03-17,US,organic,small_business
C016597,2023-03-17,AU,organic,small_business
C016598,2023-03-17,US,affiliate,consumer
C016599,2023-03-17,US,paid_social,consumer
C016600,2023-03-17,GB,paid_social,consumer
C016601,2023-03-17,US,organic,consumer
C016602,2023-03-17,US,paid_search,small_business
C016603,2023-03-17,US,organic,enterprise
C016604,2023-03-17,US,paid_search,consumer
C016605,2023-03-17,US,paid_social,consumer
C016606,2023-03-17,DE,referral,consumer
C016607,2023-03-17,US,organic,consumer
C016608,2023-03-17,AU,paid_search,small_business
C016609,2023-03-17,US,organic,consumer
C016610,2023-03-17,US,paid_search,consumer
C016611,2023-03-17,US,paid_social,consumer
C016612,2023-03-17,US,organic,consumer
C016613,2023-03-17,GB,organic,consumer
C016614,2023-03-17,US,paid_search,consumer
C016615,2023-03-17,US,organic,consumer
C016616,2023-03-17,US,organic,consumer
C016617,2023-03-17,GB,affiliate,consumer
C016618,2023-03-17,US,referral,consumer
C016619,2023-03-17,GB,organic,consumer
C016620,2023-03-17,DE,organic,consumer
C016621,2023-03-17,DE,paid_social,consumer
C016622,2023-03-17,US,paid_search,consumer
C016623,2023-03-17,US,paid_search,consumer
C016624,2023-03-17,GB,referral,consumer
C016625,2023-03-17,US,organic,consumer
C016626,2023-03-17,US,affiliate,consumer
C016627,2023-03-17,US,affiliate,consumer
C016628,2023-03-17,CA,organic,consumer
C016629,2023-03-17,US,paid_social,consumer
C016630,2023-03-17,US,paid_social,consumer
C016631,2023-03-17,US,organic,consumer
C016632,2023-03-17,US,organic,consumer
C016633,2023-03-17,US,referral,consumer
C016634,2023-03-17,US,affiliate,small_business
C016635,2023-03-17,US,organic,consumer
C016636,2023-03-17,DE,paid_search,consumer
C016637,2023-03-17,AU,organic,enterprise
C016638,2023-03-17,US,organic,consumer
C016639,2023-03-17,CA,paid_search,consumer
C016640,2023-03-17,US,paid_search,consumer
C016641,2023-03-17,US,paid_social,small_business
C016642,2023-03-17,DE,paid_search,consumer
C016643,2023-03-17,CA,organic,consumer
C016644,2023-03-17,US,referral,consumer
C016645,2023-03-17,US,referral,consumer
C016646,2023-03-17,US,paid_search,consumer
C016647,2023-03-17,DE,paid_search,consumer
C016648,2023-03-17,CA,paid_search,consumer
C016649,2023-03-17,US,paid_search,consumer
C016650,2023-03-17,DE,organic,consumer
C016651,2023-03-17,US,organic,consumer
C016652,2023-03-17,US,paid_social,consumer
C016653,2023-03-17,AU,organic,consumer
C016654,2023-03-17,US,referral,consumer
C016655,2023-03-17,US,paid_social,consumer
C016656,2023-03-17,DE,organic,small_business
C016657,2023-03-17,AU,referral,consumer
C016658,2023-03-17,CA,referral,consumer
C016659,2023-03-17,US,organic,consumer
C016660,2023-03-17,US,organic,consumer
C016661,2023-03-17,US,paid_search,consumer
C016662,2023-03-17,AU,paid_social,consumer
C016663,2023-03-17,US,referral,consumer
C016664,2023-03-17,GB,paid_social,consumer
C016665,2023-03-17,US,affiliate,consumer
C016666,2023-03-17,US,organic,small_business
C016667,2023-03-17,CA,organic,consumer
C016668,2023-03-17,US,paid_search,consumer
C016669,2023-03-17,DE,paid_social,consumer
C016670,2023-03-17,AU,affiliate,consumer
C016671,2023-03-17,CA,affiliate,consumer
C016672,2023-03-17,DE,referral,small_business
C016673,2023-03-17,CA,paid_search,consumer
C016674,2023-03-17,US,paid_social,consumer
C016675,2023-03-17,US,referral,small_business
C016676,2023-03-17,AU,paid_search,small_business
C016677,2023-03-17,US,paid_social,small_business
C016678,2023-03-17,US,affiliate,consumer
C016679,2023-03-17,DE,referral,consumer
C016680,2023-03-17,GB,paid_search,consumer
C016681,2023-03-17,US,organic,consumer
C016682,2023-03-17,US,organic,consumer
C016683,2023-03-17,US,paid_social,consumer
C016684,2023-03-17,GB,paid_social,consumer
C016685,2023-03-17,US,paid_social,consumer
C016686,2023-03-17,AU,referral,consumer
C016687,2023-03-17,DE,paid_search,consumer
C016688,2023-03-17,GB,paid_search,consumer
C016689,2023-03-17,US,organic,consumer
C016690,2023-03-17,CA,organic,consumer
C016691,2023-03-17,US,paid_social,consumer
C016692,2023-03-17,US,paid_search,consumer
C016693,2023-03-17,US,referral,consumer
C016694,2023-03-17,US,organic,consumer
C016695,2023-03-17,US,paid_search,consumer
C016696,2023-03-17,US,organic,consumer
C016697,2023-03-17,US,paid_search,consumer
C016698,2023-03-17,GB,paid_social,consumer
C016699,2023-03-17,AU,paid_search,consumer
C016700,2023-03-17,AU,paid_search,consumer
C016701,2023-03-17,GB,organic,consumer
C016702,2023-03-17,AU,paid_social,small_business
C016703,2023-03-17,US,organic,consumer
C016704,2023-03-17,CA,paid_social,consumer
C016705,2023-03-18,US,referral,consumer
C016706,2023-03-18,CA,paid_search,consumer
C016707,2023-03-18,DE,organic,consumer
C016708,2023-03-18,US,paid_social,consumer
C016709,2023-03-18,DE,paid_search,consumer
C016710,2023-03-18,US,paid_social,consumer
C016711,2023-03-18,US,paid_social,small_business
C016712,2023-03-18,US,paid_social,consumer
C016713,2023-03-18,US,organic,consumer
C016714,2023-03-18,DE,organic,small_business
C016715,2023-03-18,US,affiliate,small_business
C016716,2023-03-18,US,paid_search,consumer
C016717,2023-03-18,US,organic,consumer
C016718,2023-03-18,GB,referral,consumer
C016719,2023-03-18,US,paid_social,consumer
C016720,2023-03-18,GB,organic,consumer
C016721,2023-03-18,CA,organic,consumer
C016722,2023-03-18,US,organic,consumer
C016723,2023-03-18,US,paid_social,consumer
C016724,2023-03-18,US,paid_social,consumer
C016725,2023-03-18,US,paid_social,consumer
C016726,2023-03-18,US,organic,consumer
C016727,2023-03-18,US,referral,consumer
C016728,2023-03-18,US,referral,consumer
C016729,2023-03-18,DE,organic,consumer
C016730,2023-03-18,CA,paid_search,consumer
C016731,2023-03-18,US,paid_search,consumer
C016732,2023-03-18,US,organic,consumer
C016733,2023-03-18,US,paid_search,consumer
C016734,2023-03-18,AU,affiliate,consumer
C016735,2023-03-18,CA,paid_social,consumer
C016736,2023-03-18,US,organic,small_business
C016737,2023-03-18,US,organic,consumer
C016738,2023-03-18,US,referral,small_business
C016739,2023-03-18,US,organic,small_business
C016740,2023-03-18,US,organic,enterprise
C016741,2023-03-18,DE,paid_social,small_business
C016742,2023-03-18,US,paid_social,consumer
C016743,2023-03-18,CA,organic,consumer
C016744,2023-03-18,US,paid_social,consumer
C016745,2023-03-18,US,organic,consumer
C016746,2023-03-18,US,paid_search,consumer
C016747,2023-03-18,US,affiliate,consumer
C016748,2023-03-18,GB,referral,consumer
C016749,2023-03-18,US,organic,enterprise
C016750,2023-03-18,US,referral,consumer
C016751,2023-03-18,US,paid_search,consumer
C016752,2023-03-18,AU,organic,consumer
C016753,2023-03-18,US,paid_social,consumer
C016754,2023-03-18,US,affiliate,consumer
C016755,2023-03-18,AU,affiliate,small_business
C016756,2023-03-18,AU,paid_search,consumer
C016757,2023-03-18,CA,paid_social,consumer
C016758,2023-03-18,GB,organic,consumer
C016759,2023-03-18,US,organic,consumer
C016760,2023-03-18,US,paid_search,consumer
C016761,2023-03-18,US,paid_social,consumer
C016762,2023-03-18,US,organic,consumer
C016763,2023-03-18,US,organic,consumer
C016764,2023-03-18,CA,paid_social,consumer
C016765,2023-03-18,AU,paid_search,consumer
C016766,2023-03-18,US,paid_social,consumer
C016767,2023-03-18,US,organic,small_business
C016768,2023-03-18,AU,organic,consumer
C016769,2023-03-18,US,organic,consumer
C016770,2023-03-18,US,paid_social,consumer
C016771,2023-03-18,CA,organic,consumer
C016772,2023-03-18,US,referral,consumer
C016773,2023-03-18,US,paid_search,consumer
C016774,2023-03-18,CA,paid_social,small_business
C016775,2023-03-18,CA,paid_search,consumer
C016776,2023-03-18,US,organic,consumer
C016777,2023-03-18,US,paid_search,consumer
C016778,2023-03-18,GB,paid_search,consumer
C016779,2023-03-18,US,paid_search,consumer
C016780,2023-03-18,US,paid_social,consumer
C016781,2023-03-18,CA,organic,consumer
C016782,2023-03-18,US,paid_search,consumer
C016783,2023-03-18,CA,paid_search,consumer
C016784,2023-03-18,US,paid_search,consumer
C016785,2023-03-18,US,paid_search,consumer
C016786,2023-03-18,US,paid_search,consumer
C016787,2023-03-18,US,organic,consumer
C016788,2023-03-18,US,organic,small_business
C016789,2023-03-18,US,paid_search,consumer
C016790,2023-03-18,GB,organic,consumer
C016791,2023-03-18,CA,paid_social,consumer
C016792,2023-03-18,US,paid_social,consumer
C016793,2023-03-18,US,paid_social,consumer
C016794,2023-03-18,US,paid_social,consumer
C016795,2023-03-18,US,organic,small_business
C016796,2023-03-18,DE,organic,consumer
C016797,2023-03-18,CA,paid_search,small_business
C016798,2023-03-18,US,organic,consumer
C016799,2023-03-18,US,paid_social,enterprise
C016800,2023-03-18,GB,paid_search,consumer
C016801,2023-03-18,US,organic,small_business
C016802,2023-03-18,AU,affiliate,small_business
C016803,2023-03-18,US,organic,consumer
C016804,2023-03-18,US,paid_search,consumer
C016805,2023-03-18,CA,affiliate,consumer
C016806,2023-03-18,US,paid_social,consumer
C016807,2023-03-18,US,organic,consumer
C016808,2023-03-18,US,paid_search,small_business
C016809,2023-03-18,US,paid_social,consumer
C016810,2023-03-18,US,paid_social,consumer
C016811,2023-03-18,US,paid_social,consumer
C016812,2023-03-18,US,organic,consumer
C016813,2023-03-18,US,organic,consumer
C016814,2023-03-18,US,referral,enterprise
C016815,2023-03-18,US,organic,consumer
C016816,2023-03-18,US,paid_social,consumer
C016817,2023-03-18,US,affiliate,enterprise
C016818,2023-03-18,GB,paid_search,consumer
C016819,2023-03-18,US,organic,consumer
C016820,2023-03-18,US,paid_search,consumer
C016821,2023-03-18,DE,paid_social,consumer
C016822,2023-03-18,US,organic,enterprise
C016823,2023-03-18,DE,paid_search,consumer
C016824,2023-03-18,US,paid_search,small_business
C016825,2023-03-18,DE,paid_social,consumer
C016826,2023-03-18,US,affiliate,consumer
C016827,2023-03-18,US,affiliate,consumer
C016828,2023-03-18,GB,paid_social,consumer
C016829,2023-03-18,US,paid_search,consumer
C016830,2023-03-18,AU,organic,consumer
C016831,2023-03-18,US,referral,consumer
C016832,2023-03-18,DE,paid_search,consumer
C016833,2023-03-18,US,organic,consumer
C016834,2023-03-18,US,paid_social,consumer
C016835,2023-03-18,US,affiliate,consumer
C016836,2023-03-18,GB,paid_search,small_business
C016837,2023-03-18,GB,paid_social,consumer
C016838,2023-03-18,AU,organic,consumer
C016839,2023-03-18,AU,paid_search,consumer
C016840,2023-03-18,GB,affiliate,consumer
C016841,2023-03-18,GB,paid_search,consumer
C016842,2023-03-18,US,organic,consumer
C016843,2023-03-18,AU,organic,consumer
C016844,2023-03-18,US,referral,consumer
C016845,2023-03-18,US,referral,consumer
C016846,2023-03-18,US,paid_search,consumer
C016847,2023-03-18,US,referral,consumer
C016848,2023-03-18,AU,referral,small_business
C016849,2023-03-18,US,paid_search,consumer
C016850,2023-03-18,US,paid_search,consumer
C016851,2023-03-18,US,organic,consumer
C016852,2023-03-18,AU,paid_social,consumer
C016853,2023-03-18,US,organic,consumer
C016854,2023-03-18,US,paid_social,consumer
C016855,2023-03-18,CA,organic,consumer
C016856,2023-03-18,US,referral,consumer
C016857,2023-03-18,AU,paid_search,consumer
C016858,2023-03-18,US,paid_social,consumer
C016859,2023-03-18,US,referral,consumer
C016860,2023-03-18,US,paid_social,consumer
C016861,2023-03-18,US,paid_search,consumer
C016862,2023-03-18,US,paid_search,consumer
C016863,2023-03-18,US,affiliate,consumer
C016864,2023-03-18,AU,organic,consumer
C016865,2023-03-18,CA,paid_search,consumer
C016866,2023-03-18,GB,affiliate,consumer
C016867,2023-03-18,GB,paid_social,consumer
C016868,2023-03-18,US,paid_search,small_business
C016869,2023-03-18,US,paid_search,consumer
C016870,2023-03-18,US,affiliate,consumer
C016871,2023-03-18,DE,organic,consumer
C016872,2023-03-18,AU,paid_social,consumer
C016873,2023-03-18,GB,organic,small_business
C016874,2023-03-18,US,paid_search,consumer
C016875,2023-03-18,US,paid_social,consumer
C016876,2023-03-18,US,paid_social,consumer
C016877,2023-03-18,DE,organic,consumer
C016878,2023-03-18,US,paid_search,consumer
C016879,2023-03-18,US,paid_social,consumer
C016880,2023-03-18,GB,paid_search,consumer
C016881,2023-03-18,GB,affiliate,consumer
C016882,2023-03-18,US,referral,consumer
C016883,2023-03-18,US,referral,consumer
C016884,2023-03-18,US,paid_search,consumer
C016885,2023-03-18,AU,affiliate,consumer
C016886,2023-03-18,CA,paid_search,small_business
C016887,2023-03-18,US,paid_search,consumer
C016888,2023-03-18,US,paid_social,small_business
C016889,2023-03-18,US,paid_social,consumer
C016890,2023-03-18,GB,organic,consumer
C016891,2023-03-18,US,paid_social,consumer
C016892,2023-03-18,US,paid_search,consumer
C016893,2023-03-18,GB,paid_search,consumer
C016894,2023-03-18,CA,organic,consumer
C016895,2023-03-18,US,paid_search,small_business
C016896,2023-03-18,DE,organic,consumer
C016897,2023-03-18,US,paid_search,enterprise
C016898,2023-03-18,US,paid_search,consumer
C016899,2023-03-18,US,paid_search,consumer
C016900,2023-03-18,GB,organic,consumer
C016901,2023-03-18,GB,organic,consumer
C016902,2023-03-18,AU,referral,consumer
C016903,2023-03-18,US,paid_social,small_business
C016904,2023-03-18,AU,paid_search,consumer
C016905,2023-03-18,US,organic,consumer
C016906,2023-03-18,CA,referral,consumer
C016907,2023-03-18,US,organic,consumer
C016908,2023-03-18,US,organic,consumer
C016909,2023-03-18,US,organic,consumer
C016910,2023-03-18,DE,affiliate,small_business
C016911,2023-03-18,GB,paid_search,consumer
C016912,2023-03-18,US,paid_search,small_business
C016913,2023-03-18,US,paid_search,small_business
C016914,2023-03-18,US,paid_social,consumer
C016915,2023-03-18,US,affiliate,small_business
C016916,2023-03-18,DE,paid_search,small_business
C016917,2023-03-18,DE,paid_social,consumer
C016918,2023-03-18,US,referral,consumer
C016919,2023-03-18,CA,referral,consumer
C016920,2023-03-18,US,organic,consumer
C016921,2023-03-18,US,paid_social,consumer
C016922,2023-03-18,US,paid_search,consumer
C016923,2023-03-18,US,referral,consumer
C016924,2023-03-18,US,organic,consumer
C016925,2023-03-19,US,paid_social,consumer
C016926,2023-03-19,US,referral,consumer
C016927,2023-03-19,GB,organic,consumer
C016928,2023-03-19,DE,paid_search,consumer
C016929,2023-03-19,CA,paid_search,small_business
C016930,2023-03-19,US,organic,consumer
C016931,2023-03-19,US,affiliate,consumer
C016932,2023-03-19,DE,organic,consumer
C016933,2023-03-19,US,referral,consumer
C016934,2023-03-19,US,referral,small_business
C016935,2023-03-19,US,paid_search,consumer
C016936,2023-03-19,DE,organic,consumer
C016937,2023-03-19,US,paid_search,consumer
C016938,2023-03-19,GB,paid_search,consumer
C016939,2023-03-19,GB,referral,consumer
C016940,2023-03-19,DE,organic,consumer
C016941,2023-03-19,US,organic,small_business
C016942,2023-03-19,US,organic,consumer
C016943,2023-03-19,US,paid_search,consumer
C016944,2023-03-19,GB,referral,consumer
C016945,2023-03-19,US,referral,consumer
C016946,2023-03-19,US,organic,small_business
C016947,2023-03-19,US,paid_search,consumer
C016948,2023-03-19,US,paid_search,consumer
C016949,2023-03-19,US,paid_search,consumer
C016950,2023-03-19,US,organic,consumer
C016951,2023-03-19,US,referral,small_business
C016952,2023-03-19,US,paid_social,consumer
C016953,2023-03-19,DE,paid_social,consumer
C016954,2023-03-19,US,organic,consumer
C016955,2023-03-19,US,paid_social,consumer
C016956,2023-03-19,US,paid_search,consumer
C016957,2023-03-19,US,referral,consumer
C016958,2023-03-19,CA,paid_search,consumer
C016959,2023-03-19,US,paid_search,small_business
C016960,2023-03-19,GB,paid_social,consumer
C016961,2023-03-19,CA,paid_search,consumer
C016962,2023-03-19,US,paid_search,consumer
C016963,2023-03-19,GB,referral,consumer
C016964,2023-03-19,US,paid_search,consumer
C016965,2023-03-19,US,paid_search,consumer
C016966,2023-03-19,US,paid_search,consumer
C016967,2023-03-19,GB,paid_search,consumer
C016968,2023-03-19,US,paid_social,consumer
C016969,2023-03-19,US,referral,consumer
C016970,2023-03-19,US,referral,consumer
C016971,2023-03-19,AU,referral,consumer
C016972,2023-03-19,US,paid_social,consumer
C016973,2023-03-19,US,referral,consumer
C016974,2023-03-19,US,referral,small_business
C016975,2023-03-19,AU,affiliate,consumer
C016976,2023-03-19,US,paid_social,consumer
C016977,2023-03-19,US,paid_social,consumer
C016978,2023-03-19,US,referral,consumer
C016979,2023-03-19,US,organic,small_business
C016980,2023-03-19,US,paid_search,consumer
C016981,2023-03-19,CA,affiliate,consumer
C016982,2023-03-19,US,affiliate,consumer
C016983,2023-03-19,DE,referral,consumer
C016984,2023-03-19,US,affiliate,consumer
C016985,2023-03-19,US,paid_search,consumer
C016986,2023-03-19,US,referral,enterprise
C016987,2023-03-19,GB,affiliate,consumer
C016988,2023-03-19,US,affiliate,small_business
C016989,2023-03-19,US,paid_social,consumer
C016990,2023-03-19,GB,referral,consumer
C016991,2023-03-19,US,paid_search,consumer
C016992,2023-03-19,US,referral,consumer
C016993,2023-03-19,US,paid_search,consumer
C016994,2023-03-19,US,paid_search,consumer
C016995,2023-03-19,US,organic,consumer
C016996,2023-03-19,CA,paid_search,small_business
C016997,2023-03-19,GB,paid_search,consumer
C016998,2023-03-19,US,affiliate,consumer
C016999,2023-03-19,US,paid_social,consumer
C017000,2023-03-19,US,organic,consumer
C017001,2023-03-19,US,paid_social,consumer
C017002,2023-03-19,CA,affiliate,small_business
C017003,2023-03-19,AU,referral,consumer
C017004,2023-03-19,US,organic,consumer
C017005,2023-03-19,US,paid_search,consumer
C017006,2023-03-19,US,organic,consumer
C017007,2023-03-19,CA,paid_social,consumer
C017008,2023-03-19,AU,affiliate,consumer
C017009,2023-03-19,US,paid_search,small_business
C017010,2023-03-19,US,paid_search,consumer
C017011,2023-03-19,US,paid_search,consumer
C017012,2023-03-19,US,referral,small_business
C017013,2023-03-19,CA,organic,small_business
C017014,2023-03-19,CA,paid_search,consumer
C017015,2023-03-19,US,paid_search,consumer
C017016,2023-03-19,CA,paid_search,consumer
C017017,2023-03-19,US,paid_social,consumer
C017018,2023-03-19,GB,organic,consumer
C017019,2023-03-19,US,affiliate,consumer
C017020,2023-03-19,US,referral,consumer
C017021,2023-03-19,US,paid_search,consumer
C017022,2023-03-19,US,organic,consumer
C017023,2023-03-19,US,paid_social,consumer
C017024,2023-03-19,DE,paid_search,consumer
C017025,2023-03-19,US,paid_search,consumer
C017026,2023-03-19,DE,paid_search,consumer
C017027,2023-03-19,GB,organic,consumer
C017028,2023-03-19,US,organic,consumer
C017029,2023-03-19,US,organic,small_business
C017030,2023-03-19,DE,organic,consumer
C017031,2023-03-19,US,paid_search,consumer
C017032,2023-03-19,US,referral,consumer
C017033,2023-03-19,DE,paid_search,consumer
C017034,2023-03-19,US,organic,small_business
C017035,2023-03-19,AU,affiliate,consumer
C017036,2023-03-19,US,organic,small_business
C017037,2023-03-19,US,affiliate,consumer
C017038,2023-03-19,US,organic,consumer
C017039,2023-03-19,DE,referral,consumer
C017040,2023-03-19,US,referral,enterprise
C017041,2023-03-19,US,paid_social,consumer
C017042,2023-03-19,DE,paid_search,consumer
C017043,2023-03-19,CA,organic,consumer
C017044,2023-03-19,CA,paid_social,consumer
C017045,2023-03-19,DE,organic,consumer
C017046,2023-03-19,US,organic,consumer
C017047,2023-03-19,US,paid_search,consumer
C017048,2023-03-19,US,paid_search,consumer
C017049,2023-03-19,AU,paid_search,consumer
C017050,2023-03-19,US,paid_search,consumer
C017051,2023-03-19,US,paid_social,consumer
C017052,2023-03-19,US,paid_social,consumer
C017053,2023-03-19,CA,organic,consumer
C017054,2023-03-19,US,organic,consumer
C017055,2023-03-19,US,paid_search,consumer
C017056,2023-03-19,AU,referral,consumer
C017057,2023-03-19,AU,organic,consumer
C017058,2023-03-19,US,paid_social,small_business
C017059,2023-03-19,US,organic,consumer
C017060,2023-03-19,CA,paid_social,consumer
C017061,2023-03-19,US,organic,consumer
C017062,2023-03-19,AU,affiliate,consumer
C017063,2023-03-19,US,paid_search,consumer
C017064,2023-03-19,US,referral,consumer
C017065,2023-03-19,CA,paid_social,consumer
C017066,2023-03-19,US,affiliate,consumer
C017067,2023-03-19,US,paid_social,consumer
C017068,2023-03-19,AU,paid_search,consumer
C017069,2023-03-19,US,paid_social,consumer
C017070,2023-03-19,US,affiliate,small_business
C017071,2023-03-19,US,paid_social,consumer
C017072,2023-03-19,US,organic,small_business
C017073,2023-03-19,AU,organic,small_business
C017074,2023-03-19,CA,affiliate,consumer
C017075,2023-03-19,US,organic,small_business
C017076,2023-03-19,US,affiliate,consumer
C017077,2023-03-19,AU,referral,consumer
C017078,2023-03-19,DE,paid_search,consumer
C017079,2023-03-19,US,paid_social,consumer
C017080,2023-03-19,AU,paid_social,consumer
C017081,2023-03-19,US,affiliate,consumer
C017082,2023-03-19,US,paid_social,consumer
C017083,2023-03-19,US,paid_search,consumer
C017084,2023-03-19,US,organic,consumer
C017085,2023-03-19,GB,referral,consumer
C017086,2023-03-19,GB,referral,consumer
C017087,2023-03-19,GB,referral,consumer
C017088,2023-03-19,US,organic,consumer
C017089,2023-03-19,US,organic,consumer
C017090,2023-03-19,US,organic,consumer
C017091,2023-03-19,GB,organic,consumer
C017092,2023-03-19,US,organic,consumer
C017093,2023-03-19,US,organic,consumer
C017094,2023-03-19,US,referral,consumer
C017095,2023-03-19,US,affiliate,consumer
C017096,2023-03-19,US,referral,consumer
C017097,2023-03-19,US,organic,consumer
C017098,2023-03-19,US,paid_search,consumer
C017099,2023-03-19,US,paid_search,consumer
C017100,2023-03-19,US,paid_social,consumer
C017101,2023-03-19,DE,paid_social,consumer
C017102,2023-03-19,US,organic,consumer
C017103,2023-03-19,US,paid_search,consumer
C017104,2023-03-19,AU,referral,consumer
C017105,2023-03-19,US,referral,consumer
C017106,2023-03-19,US,affiliate,consumer
C017107,2023-03-19,US,organic,consumer
C017108,2023-03-19,US,affiliate,small_business
C017109,2023-03-19,AU,affiliate,consumer
C017110,2023-03-19,US,referral,small_business
C017111,2023-03-19,US,referral,small_business
C017112,2023-03-19,US,paid_search,consumer
C017113,2023-03-19,US,paid_social,consumer
C017114,2023-03-19,CA,organic,consumer
C017115,2023-03-19,AU,referral,consumer
C017116,2023-03-19,US,paid_search,consumer
C017117,2023-03-19,GB,organic,consumer
C017118,2023-03-19,US,organic,consumer
C017119,2023-03-19,US,organic,small_business
C017120,2023-03-19,AU,paid_search,consumer
C017121,2023-03-19,DE,paid_search,consumer
C017122,2023-03-19,US,paid_social,consumer
C017123,2023-03-19,US,paid_search,small_business
C017124,2023-03-19,US,affiliate,consumer
C017125,2023-03-19,US,organic,consumer
C017126,2023-03-19,US,paid_search,consumer
C017127,2023-03-19,US,paid_social,consumer
C017128,2023-03-19,AU,paid_search,consumer
C017129,2023-03-19,AU,affiliate,consumer
C017130,2023-03-19,DE,paid_search,consumer
C017131,2023-03-19,CA,referral,enterprise
C017132,2023-03-19,US,organic,consumer
C017133,2023-03-19,DE,referral,consumer
C017134,2023-03-19,AU,paid_search,consumer
C017135,2023-03-19,DE,paid_search,consumer
C017136,2023-03-19,US,organic,consumer
C017137,2023-03-19,US,referral,consumer
C017138,2023-03-19,US,organic,consumer
C017139,2023-03-19,DE,paid_search,consumer
C017140,2023-03-19,US,paid_social,consumer
C017141,2023-03-19,AU,organic,consumer
C017142,2023-03-19,DE,paid_search,consumer
C017143,2023-03-19,US,paid_social,consumer
C017144,2023-03-20,CA,organic,consumer
C017145,2023-03-20,US,paid_search,consumer
C017146,2023-03-20,US,organic,consumer
C017147,2023-03-20,US,paid_social,consumer
C017148,2023-03-20,US,paid_search,consumer
C017149,2023-03-20,US,paid_social,consumer
C017150,2023-03-20,US,paid_search,consumer
C017151,2023-03-20,US,organic,consumer
C017152,2023-03-20,GB,affiliate,small_business
C017153,2023-03-20,US,paid_social,small_business
C017154,2023-03-20,GB,paid_social,consumer
C017155,2023-03-20,US,referral,consumer
C017156,2023-03-20,US,paid_search,consumer
C017157,2023-03-20,US,paid_search,consumer
C017158,2023-03-20,US,affiliate,consumer
C017159,2023-03-20,US,referral,consumer
C017160,2023-03-20,US,organic,consumer
C017161,2023-03-20,GB,paid_social,consumer
C017162,2023-03-20,CA,paid_search,consumer
C017163,2023-03-20,GB,organic,consumer
C017164,2023-03-20,US,organic,consumer
C017165,2023-03-20,US,paid_social,enterprise
C017166,2023-03-20,US,organic,consumer
C017167,2023-03-20,AU,organic,consumer
C017168,2023-03-20,US,organic,consumer
C017169,2023-03-20,US,paid_social,consumer
C017170,2023-03-20,US,organic,consumer
C017171,2023-03-20,US,paid_social,consumer
C017172,2023-03-20,US,organic,consumer
C017173,2023-03-20,US,paid_search,consumer
C017174,2023-03-20,US,organic,consumer
C017175,2023-03-20,US,organic,consumer
C017176,2023-03-20,CA,paid_search,consumer
C017177,2023-03-20,US,organic,small_business
C017178,2023-03-20,US,paid_search,small_business
C017179,2023-03-20,DE,referral,consumer
C017180,2023-03-20,US,organic,small_business
C017181,2023-03-20,US,paid_search,consumer
C017182,2023-03-20,US,referral,consumer
C017183,2023-03-20,US,organic,consumer
C017184,2023-03-20,US,paid_social,consumer
C017185,2023-03-20,GB,paid_social,consumer
C017186,2023-03-20,US,referral,consumer
C017187,2023-03-20,US,organic,consumer
C017188,2023-03-20,US,paid_search,small_business
C017189,2023-03-20,GB,organic,consumer
C017190,2023-03-20,DE,paid_social,consumer
C017191,2023-03-20,US,paid_social,consumer
C017192,2023-03-20,US,paid_search,consumer
C017193,2023-03-20,GB,paid_social,consumer
C017194,2023-03-20,CA,organic,consumer
C017195,2023-03-20,US,referral,consumer
C017196,2023-03-20,GB,paid_search,consumer
C017197,2023-03-20,US,referral,consumer
C017198,2023-03-20,DE,paid_search,consumer
C017199,2023-03-20,US,organic,enterprise
C017200,2023-03-20,CA,referral,consumer
C017201,2023-03-20,US,paid_social,consumer
C017202,2023-03-20,GB,organic,consumer
C017203,2023-03-20,US,paid_search,consumer
C017204,2023-03-20,US,affiliate,enterprise
C017205,2023-03-20,US,affiliate,consumer
C017206,2023-03-20,CA,organic,consumer
C017207,2023-03-20,CA,organic,consumer
C017208,2023-03-20,US,paid_search,consumer
C017209,2023-03-20,CA,paid_search,consumer
C017210,2023-03-20,GB,paid_search,small_business
C017211,2023-03-20,CA,paid_social,consumer
C017212,2023-03-20,US,organic,consumer
C017213,2023-03-20,AU,referral,consumer
C017214,2023-03-20,AU,organic,consumer
C017215,2023-03-20,GB,organic,consumer
C017216,2023-03-20,US,referral,consumer
C017217,2023-03-20,DE,affiliate,consumer
C017218,2023-03-20,US,referral,consumer
C017219,2023-03-20,US,paid_search,consumer
C017220,2023-03-20,US,paid_social,consumer
C017221,2023-03-20,US,paid_social,enterprise
C017222,2023-03-20,CA,paid_search,consumer
C017223,2023-03-20,AU,referral,consumer
C017224,2023-03-20,US,paid_social,small_business
C017225,2023-03-20,CA,organic,consumer
C017226,2023-03-20,DE,referral,enterprise
C017227,2023-03-20,GB,affiliate,consumer
C017228,2023-03-20,GB,paid_search,consumer
C017229,2023-03-20,US,organic,consumer
C017230,2023-03-20,CA,paid_search,consumer
C017231,2023-03-20,US,affiliate,consumer
C017232,2023-03-20,GB,referral,consumer
C017233,2023-03-20,GB,organic,small_business
C017234,2023-03-20,GB,organic,consumer
C017235,2023-03-20,US,paid_social,consumer
C017236,2023-03-20,US,organic,consumer
C017237,2023-03-20,US,paid_social,enterprise
C017238,2023-03-20,US,affiliate,consumer
C017239,2023-03-20,AU,referral,consumer
C017240,2023-03-20,US,organic,consumer
C017241,2023-03-20,US,paid_search,consumer
C017242,2023-03-20,US,paid_social,consumer
C017243,2023-03-20,US,paid_search,small_business
C017244,2023-03-20,US,affiliate,consumer
C017245,2023-03-20,US,organic,small_business
C017246,2023-03-20,US,paid_search,consumer
C017247,2023-03-20,US,paid_search,consumer
C017248,2023-03-20,AU,paid_social,consumer
C017249,2023-03-20,CA,organic,small_business
C017250,2023-03-20,DE,paid_search,consumer
C017251,2023-03-20,US,paid_social,consumer
C017252,2023-03-20,US,referral,consumer
C017253,2023-03-20,US,paid_social,consumer
C017254,2023-03-20,AU,affiliate,consumer
C017255,2023-03-20,AU,organic,consumer
C017256,2023-03-20,GB,referral,consumer
C017257,2023-03-20,US,organic,small_business
C017258,2023-03-20,GB,paid_social,consumer
C017259,2023-03-20,US,paid_search,consumer
C017260,2023-03-20,US,organic,consumer
C017261,2023-03-20,AU,organic,consumer
C017262,2023-03-20,US,paid_social,consumer
C017263,2023-03-20,AU,paid_search,consumer
C017264,2023-03-20,US,affiliate,consumer
C017265,2023-03-20,US,paid_social,consumer
C017266,2023-03-20,GB,paid_search,consumer
C017267,2023-03-20,GB,paid_search,consumer
C017268,2023-03-20,US,organic,small_business
C017269,2023-03-20,US,paid_social,consumer
C017270,2023-03-20,CA,paid_search,consumer
C017271,2023-03-20,US,organic,consumer
C017272,2023-03-20,US,paid_social,small_business
C017273,2023-03-20,US,paid_search,small_business
C017274,2023-03-20,US,paid_search,consumer
C017275,2023-03-20,DE,paid_social,consumer
C017276,2023-03-20,US,referral,consumer
C017277,2023-03-20,US,organic,consumer
C017278,2023-03-20,DE,paid_social,enterprise
C017279,2023-03-20,US,affiliate,consumer
C017280,2023-03-20,US,referral,consumer
C017281,2023-03-20,CA,organic,consumer
C017282,2023-03-20,US,organic,consumer
C017283,2023-03-20,AU,paid_social,consumer
C017284,2023-03-20,GB,organic,small_business
C017285,2023-03-20,DE,organic,small_business
C017286,2023-03-20,CA,paid_search,consumer
C017287,2023-03-20,GB,organic,consumer
C017288,2023-03-20,DE,affiliate,consumer
C017289,2023-03-20,CA,paid_social,small_business
C017290,2023-03-20,CA,paid_search,small_business
C017291,2023-03-20,US,paid_search,consumer
C017292,2023-03-20,US,affiliate,consumer
C017293,2023-03-20,US,organic,consumer
C017294,2023-03-20,US,organic,small_business
C017295,2023-03-20,AU,organic,small_business
C017296,2023-03-20,US,organic,consumer
C017297,2023-03-20,US,paid_social,small_business
C017298,2023-03-20,US,paid_social,consumer
C017299,2023-03-20,US,paid_social,consumer
C017300,2023-03-20,US,paid_social,consumer
C017301,2023-03-20,US,organic,consumer
C017302,2023-03-20,CA,paid_social,consumer
C017303,2023-03-20,US,referral,consumer
C017304,2023-03-20,US,affiliate,consumer
C017305,2023-03-20,US,organic,enterprise
C017306,2023-03-20,US,paid_search,consumer
C017307,2023-03-20,US,organic,consumer
C017308,2023-03-20,GB,paid_social,consumer
C017309,2023-03-20,US,paid_search,consumer
C017310,2023-03-20,US,organic,consumer
C017311,2023-03-20,GB,paid_social,consumer
C017312,2023-03-20,US,organic,small_business
C017313,2023-03-20,US,paid_search,consumer
C017314,2023-03-20,GB,paid_search,consumer
C017315,2023-03-20,US,paid_search,consumer
C017316,2023-03-20,US,organic,consumer
C017317,2023-03-20,US,paid_search,consumer
C017318,2023-03-20,CA,affiliate,consumer
C017319,2023-03-20,US,organic,consumer
C017320,2023-03-20,AU,paid_social,consumer
C017321,2023-03-20,CA,paid_search,consumer
C017322,2023-03-20,CA,paid_social,consumer
C017323,2023-03-20,US,organic,small_business
C017324,2023-03-20,US,referral,consumer
C017325,2023-03-20,US,organic,consumer
C017326,2023-03-20,US,organic,consumer
C017327,2023-03-20,US,paid_search,consumer
C017328,2023-03-20,US,referral,consumer
C017329,2023-03-20,GB,affiliate,small_business
C017330,2023-03-20,AU,organic,consumer
C017331,2023-03-20,US,organic,consumer
C017332,2023-03-20,US,paid_search,consumer
C017333,2023-03-20,US,organic,small_business
C017334,2023-03-20,US,referral,consumer
C017335,2023-03-20,AU,organic,consumer
C017336,2023-03-20,GB,paid_social,consumer
C017337,2023-03-20,US,paid_search,consumer
C017338,2023-03-20,DE,paid_search,small_business
C017339,2023-03-20,CA,paid_social,consumer
C017340,2023-03-20,US,organic,consumer
C017341,2023-03-20,AU,organic,consumer
C017342,2023-03-20,US,paid_social,consumer
C017343,2023-03-20,US,affiliate,consumer
C017344,2023-03-20,CA,organic,small_business
C017345,2023-03-20,DE,referral,consumer
C017346,2023-03-20,US,paid_search,enterprise
C017347,2023-03-20,US,organic,small_business
C017348,2023-03-20,AU,paid_social,small_business
C017349,2023-03-20,US,organic,small_business
C017350,2023-03-20,US,paid_social,consumer
C017351,2023-03-20,US,paid_social,small_business
C017352,2023-03-20,US,paid_search,consumer
C017353,2023-03-20,CA,organic,consumer
C017354,2023-03-20,US,organic,consumer
C017355,2023-03-20,DE,referral,consumer
C017356,2023-03-20,US,paid_social,consumer
C017357,2023-03-20,GB,referral,consumer
C017358,2023-03-20,US,referral,consumer
C017359,2023-03-20,DE,paid_search,consumer
C017360,2023-03-20,US,organic,small_business
C017361,2023-03-20,US,referral,consumer
C017362,2023-03-20,GB,affiliate,consumer
C017363,2023-03-20,US,organic,consumer
C017364,2023-03-21,DE,paid_social,consumer
C017365,2023-03-21,US,referral,consumer
C017366,2023-03-21,US,paid_search,consumer
C017367,2023-03-21,US,paid_search,consumer
C017368,2023-03-21,US,affiliate,consumer
C017369,2023-03-21,US,paid_social,consumer
C017370,2023-03-21,US,organic,small_business
C017371,2023-03-21,US,organic,consumer
C017372,2023-03-21,AU,paid_search,small_business
C017373,2023-03-21,CA,organic,consumer
C017374,2023-03-21,DE,paid_social,consumer
C017375,2023-03-21,AU,organic,consumer
C017376,2023-03-21,US,referral,small_business
C017377,2023-03-21,CA,organic,consumer
C017378,2023-03-21,GB,organic,consumer
C017379,2023-03-21,US,affiliate,small_business
C017380,2023-03-21,AU,paid_social,small_business
C017381,2023-03-21,US,affiliate,consumer
C017382,2023-03-21,US,paid_search,consumer
C017383,2023-03-21,US,organic,consumer
C017384,2023-03-21,GB,organic,consumer
C017385,2023-03-21,US,referral,consumer
C017386,2023-03-21,DE,referral,consumer
C017387,2023-03-21,AU,organic,consumer
C017388,2023-03-21,US,referral,consumer
C017389,2023-03-21,GB,paid_social,consumer
C017390,2023-03-21,US,organic,consumer
C017391,2023-03-21,US,paid_search,enterprise
C017392,2023-03-21,CA,organic,consumer
C017393,2023-03-21,DE,paid_search,consumer
C017394,2023-03-21,CA,organic,consumer
C017395,2023-03-21,AU,referral,consumer
C017396,2023-03-21,US,organic,consumer
C017397,2023-03-21,US,organic,consumer
C017398,2023-03-21,US,paid_social,consumer
C017399,2023-03-21,US,paid_social,consumer
C017400,2023-03-21,US,organic,consumer
C017401,2023-03-21,CA,paid_search,consumer
C017402,2023-03-21,US,paid_search,consumer
C017403,2023-03-21,DE,referral,small_business
C017404,2023-03-21,GB,organic,consumer
C017405,2023-03-21,US,paid_search,small_business
C017406,2023-03-21,US,paid_social,consumer
C017407,2023-03-21,US,organic,consumer
C017408,2023-03-21,GB,paid_social,consumer
C017409,2023-03-21,US,organic,consumer
C017410,2023-03-21,US,referral,consumer
C017411,2023-03-21,US,paid_search,consumer
C017412,2023-03-21,US,organic,consumer
C017413,2023-03-21,CA,organic,consumer
C017414,2023-03-21,GB,paid_search,consumer
C017415,2023-03-21,US,organic,consumer
C017416,2023-03-21,US,paid_search,consumer
C017417,2023-03-21,US,affiliate,consumer
C017418,2023-03-21,CA,paid_search,consumer
C017419,2023-03-21,US,paid_search,small_business
C017420,2023-03-21,DE,paid_social,consumer
C017421,2023-03-21,CA,paid_search,consumer
C017422,2023-03-21,US,organic,consumer
C017423,2023-03-21,US,referral,consumer
C017424,2023-03-21,US,paid_search,consumer
C017425,2023-03-21,US,organic,consumer
C017426,2023-03-21,US,referral,enterprise
C017427,2023-03-21,CA,paid_search,small_business
C017428,2023-03-21,US,organic,consumer
C017429,2023-03-21,US,referral,consumer
C017430,2023-03-21,US,referral,consumer
C017431,2023-03-21,US,paid_social,consumer
C017432,2023-03-21,US,organic,consumer
C017433,2023-03-21,AU,paid_search,small_business
C017434,2023-03-21,AU,paid_social,small_business
C017435,2023-03-21,US,paid_social,consumer
C017436,2023-03-21,AU,organic,consumer
C017437,2023-03-21,US,paid_search,consumer
C017438,2023-03-21,US,organic,consumer
C017439,2023-03-21,US,affiliate,consumer
C017440,2023-03-21,US,organic,consumer
C017441,2023-03-21,US,paid_search,consumer
C017442,2023-03-21,US,paid_social,consumer
C017443,2023-03-21,US,paid_social,consumer
C017444,2023-03-21,US,organic,consumer
C017445,2023-03-21,US,affiliate,consumer
C017446,2023-03-21,DE,organic,consumer
C017447,2023-03-21,US,paid_social,small_business
C017448,2023-03-21,US,affiliate,small_business
C017449,2023-03-21,US,organic,consumer
C017450,2023-03-21,US,referral,small_business
C017451,2023-03-21,US,organic,consumer
C017452,2023-03-21,US,affiliate,consumer
C017453,2023-03-21,GB,affiliate,consumer
C017454,2023-03-21,US,referral,consumer
C017455,2023-03-21,CA,paid_search,consumer
C017456,2023-03-21,CA,affiliate,small_business
C017457,2023-03-21,US,paid_search,consumer
C017458,2023-03-21,DE,paid_search,consumer
C017459,2023-03-21,CA,paid_search,small_business
C017460,2023-03-21,US,paid_search,consumer
C017461,2023-03-21,US,paid_social,consumer
C017462,2023-03-21,US,affiliate,consumer
C017463,2023-03-21,US,organic,small_business
C017464,2023-03-21,US,organic,consumer
C017465,2023-03-21,US,organic,consumer
C017466,2023-03-21,US,organic,small_business
C017467,2023-03-21,CA,paid_search,consumer
C017468,2023-03-21,US,referral,consumer
C017469,2023-03-21,US,paid_social,consumer
C017470,2023-03-21,US,paid_social,consumer
C017471,2023-03-21,US,affiliate,enterprise
C017472,2023-03-21,US,affiliate,consumer
C017473,2023-03-21,US,affiliate,small_business
C017474,2023-03-21,US,organic,consumer
C017475,2023-03-21,CA,affiliate,consumer
C017476,2023-03-21,US,paid_social,small_business
C017477,2023-03-21,CA,organic,consumer
C017478,2023-03-21,US,organic,consumer
C017479,2023-03-21,US,paid_search,consumer
C017480,2023-03-21,US,organic,small_business
C017481,2023-03-21,CA,paid_social,consumer
C017482,2023-03-21,US,paid_search,consumer
C017483,2023-03-21,US,affiliate,small_business
C017484,2023-03-21,US,paid_search,consumer
C017485,2023-03-21,DE,referral,consumer
C017486,2023-03-21,US,organic,consumer
C017487,2023-03-21,US,affiliate,consumer
C017488,2023-03-21,CA,affiliate,consumer
C017489,2023-03-21,AU,organic,small_business
C017490,2023-03-21,AU,referral,consumer
C017491,2023-03-21,US,organic,consumer
C017492,2023-03-21,US,paid_social,consumer
C017493,2023-03-21,DE,paid_search,small_business
C017494,2023-03-21,GB,organic,consumer
C017495,2023-03-21,US,affiliate,small_business
C017496,2023-03-21,US,organic,consumer
C017497,2023-03-21,CA,organic,consumer
C017498,2023-03-21,US,organic,small_business
C017499,2023-03-21,US,paid_social,consumer
C017500,2023-03-21,US,referral,consumer
C017501,2023-03-21,US,referral,consumer
C017502,2023-03-21,CA,paid_search,consumer
C017503,2023-03-21,AU,referral,consumer
C017504,2023-03-21,US,organic,consumer
C017505,2023-03-21,US,referral,consumer
C017506,2023-03-21,DE,paid_search,consumer
C017507,2023-03-21,US,referral,consumer
C017508,2023-03-21,GB,referral,small_business
C017509,2023-03-21,US,paid_social,consumer
C017510,2023-03-21,US,organic,consumer
C017511,2023-03-21,AU,referral,consumer
C017512,2023-03-21,US,organic,consumer
C017513,2023-03-21,US,organic,consumer
C017514,2023-03-21,DE,organic,consumer
C017515,2023-03-21,GB,affiliate,consumer
C017516,2023-03-21,US,paid_search,enterprise
C017517,2023-03-21,US,organic,consumer
C017518,2023-03-21,US,referral,consumer
C017519,2023-03-21,US,referral,consumer
C017520,2023-03-21,US,organic,consumer
C017521,2023-03-21,US,organic,consumer
C017522,2023-03-21,AU,organic,consumer
C017523,2023-03-21,GB,paid_search,consumer
C017524,2023-03-21,US,organic,small_business
C017525,2023-03-21,US,organic,small_business
C017526,2023-03-21,US,organic,consumer
C017527,2023-03-21,GB,affiliate,consumer
C017528,2023-03-21,AU,referral,consumer
C017529,2023-03-21,DE,paid_social,consumer
C017530,2023-03-21,DE,organic,consumer
C017531,2023-03-21,US,paid_search,consumer
C017532,2023-03-21,CA,paid_social,small_business
C017533,2023-03-21,US,referral,consumer
C017534,2023-03-21,US,organic,consumer
C017535,2023-03-21,GB,affiliate,consumer
C017536,2023-03-21,US,organic,consumer
C017537,2023-03-21,US,affiliate,consumer
C017538,2023-03-21,US,paid_search,consumer
C017539,2023-03-21,US,referral,consumer
C017540,2023-03-21,US,organic,consumer
C017541,2023-03-21,US,paid_social,consumer
C017542,2023-03-21,US,referral,consumer
C017543,2023-03-21,US,organic,consumer
C017544,2023-03-21,US,referral,small_business
C017545,2023-03-21,US,paid_search,consumer
C017546,2023-03-21,US,organic,consumer
C017547,2023-03-21,US,organic,consumer
C017548,2023-03-21,CA,paid_search,consumer
C017549,2023-03-21,DE,organic,consumer
C017550,2023-03-21,US,paid_search,consumer
C017551,2023-03-21,US,organic,small_business
C017552,2023-03-21,US,paid_social,consumer
C017553,2023-03-21,US,organic,consumer
C017554,2023-03-21,US,organic,consumer
C017555,2023-03-21,GB,affiliate,consumer
C017556,2023-03-21,US,paid_search,consumer
C017557,2023-03-21,DE,referral,consumer
C017558,2023-03-21,US,paid_social,small_business
C017559,2023-03-21,US,organic,consumer
C017560,2023-03-21,US,organic,consumer
C017561,2023-03-21,US,paid_search,consumer
C017562,2023-03-21,AU,paid_search,consumer
C017563,2023-03-21,GB,paid_search,consumer
C017564,2023-03-21,CA,paid_search,consumer
C017565,2023-03-21,US,paid_search,consumer
C017566,2023-03-21,DE,affiliate,small_business
C017567,2023-03-21,US,paid_search,small_business
C017568,2023-03-21,GB,organic,consumer
C017569,2023-03-21,US,paid_search,consumer
C017570,2023-03-21,US,organic,small_business
C017571,2023-03-21,US,organic,small_business
C017572,2023-03-21,US,affiliate,consumer
C017573,2023-03-21,US,referral,consumer
C017574,2023-03-21,US,referral,consumer
C017575,2023-03-21,AU,referral,consumer
C017576,2023-03-21,CA,organic,consumer
C017577,2023-03-21,GB,organic,consumer
C017578,2023-03-21,US,paid_social,consumer
C017579,2023-03-21,US,paid_social,consumer
C017580,2023-03-21,US,organic,consumer
C017581,2023-03-21,US,paid_search,consumer
C017582,2023-03-21,US,paid_social,small_business
C017583,2023-03-21,GB,paid_search,consumer
C017584,2023-03-22,DE,organic,consumer
C017585,2023-03-22,US,affiliate,consumer
C017586,2023-03-22,US,organic,small_business
C017587,2023-03-22,DE,affiliate,consumer
C017588,2023-03-22,DE,referral,consumer
C017589,2023-03-22,US,organic,small_business
C017590,2023-03-22,US,paid_search,consumer
C017591,2023-03-22,US,organic,consumer
C017592,2023-03-22,US,paid_search,consumer
C017593,2023-03-22,US,affiliate,consumer
C017594,2023-03-22,CA,paid_search,consumer
C017595,2023-03-22,US,paid_search,consumer
C017596,2023-03-22,AU,paid_search,consumer
C017597,2023-03-22,CA,organic,consumer
C017598,2023-03-22,US,paid_social,small_business
C017599,2023-03-22,US,organic,consumer
C017600,2023-03-22,DE,referral,consumer
C017601,2023-03-22,US,paid_social,consumer
C017602,2023-03-22,US,organic,consumer
C017603,2023-03-22,US,paid_social,consumer
C017604,2023-03-22,US,organic,small_business
C017605,2023-03-22,GB,paid_search,small_business
C017606,2023-03-22,US,paid_search,consumer
C017607,2023-03-22,US,paid_social,consumer
C017608,2023-03-22,US,paid_search,small_business
C017609,2023-03-22,US,organic,consumer
C017610,2023-03-22,US,paid_search,small_business
C017611,2023-03-22,AU,paid_social,small_business
C017612,2023-03-22,CA,organic,consumer
C017613,2023-03-22,AU,paid_search,consumer
C017614,2023-03-22,CA,paid_search,consumer
C017615,2023-03-22,CA,paid_search,consumer
C017616,2023-03-22,US,paid_social,consumer
C017617,2023-03-22,US,referral,consumer
C017618,2023-03-22,US,paid_social,consumer
C017619,2023-03-22,US,referral,consumer
C017620,2023-03-22,US,paid_search,consumer
C017621,2023-03-22,GB,organic,consumer
C017622,2023-03-22,GB,affiliate,consumer
C017623,2023-03-22,US,paid_social,consumer
C017624,2023-03-22,US,organic,small_business
C017625,2023-03-22,US,paid_social,consumer
C017626,2023-03-22,US,paid_social,small_business
C017627,2023-03-22,US,paid_social,consumer
C017628,2023-03-22,US,organic,consumer
C017629,2023-03-22,US,paid_search,consumer
C017630,2023-03-22,US,organic,consumer
C017631,2023-03-22,US,paid_search,consumer
C017632,2023-03-22,US,affiliate,consumer
C017633,2023-03-22,US,paid_social,consumer
C017634,2023-03-22,GB,referral,small_business
C017635,2023-03-22,AU,organic,consumer
C017636,2023-03-22,AU,paid_social,consumer
C017637,2023-03-22,US,organic,consumer
C017638,2023-03-22,US,referral,consumer
C017639,2023-03-22,US,paid_search,consumer
C017640,2023-03-22,US,referral,small_business
C017641,2023-03-22,US,organic,small_business
C017642,2023-03-22,US,organic,consumer
C017643,2023-03-22,US,organic,small_business
C017644,2023-03-22,AU,paid_search,consumer
C017645,2023-03-22,GB,affiliate,consumer
C017646,2023-03-22,US,organic,small_business
C017647,2023-03-22,US,referral,consumer
C017648,2023-03-22,AU,paid_social,consumer
C017649,2023-03-22,US,organic,consumer
C017650,2023-03-22,US,paid_social,consumer
C017651,2023-03-22,US,paid_search,consumer
C017652,2023-03-22,US,organic,consumer
C017653,2023-03-22,US,organic,consumer
C017654,2023-03-22,CA,paid_search,small_business
C017655,2023-03-22,AU,paid_social,consumer
C017656,2023-03-22,US,organic,consumer
C017657,2023-03-22,US,affiliate,consumer
C017658,2023-03-22,CA,paid_search,consumer
C017659,2023-03-22,US,paid_social,small_business
C017660,2023-03-22,US,paid_search,consumer
C017661,2023-03-22,US,referral,consumer
C017662,2023-03-22,US,paid_social,consumer
C017663,2023-03-22,DE,paid_search,consumer
C017664,2023-03-22,AU,organic,consumer
C017665,2023-03-22,US,referral,consumer
C017666,2023-03-22,US,paid_search,small_business
C017667,2023-03-22,US,affiliate,consumer
C017668,2023-03-22,CA,paid_search,consumer
C017669,2023-03-22,US,organic,consumer
C017670,2023-03-22,US,paid_social,consumer
C017671,2023-03-22,US,paid_search,consumer
C017672,2023-03-22,GB,paid_search,consumer
C017673,2023-03-22,AU,organic,consumer
C017674,2023-03-22,US,paid_search,consumer
C017675,2023-03-22,US,paid_search,consumer
C017676,2023-03-22,US,paid_social,consumer
C017677,2023-03-22,US,paid_search,consumer
C017678,2023-03-22,GB,organic,consumer
C017679,2023-03-22,US,paid_search,consumer
C017680,2023-03-22,DE,paid_search,consumer
C017681,2023-03-22,US,referral,consumer
C017682,2023-03-22,US,referral,consumer
C017683,2023-03-22,US,organic,consumer
C017684,2023-03-22,DE,organic,consumer
C017685,2023-03-22,DE,organic,consumer
C017686,2023-03-22,US,affiliate,consumer
C017687,2023-03-22,GB,referral,consumer
C017688,2023-03-22,US,organic,consumer
C017689,2023-03-22,US,referral,consumer
C017690,2023-03-22,US,paid_search,consumer
C017691,2023-03-22,AU,paid_search,consumer
C017692,2023-03-22,US,paid_search,consumer
C017693,2023-03-22,GB,organic,consumer
C017694,2023-03-22,US,affiliate,consumer
C017695,2023-03-22,US,paid_social,consumer
C017696,2023-03-22,GB,paid_search,consumer
C017697,2023-03-22,GB,organic,small_business
C017698,2023-03-22,US,organic,consumer
C017699,2023-03-22,US,paid_search,consumer
C017700,2023-03-22,US,paid_search,consumer
C017701,2023-03-22,US,paid_social,consumer
C017702,2023-03-22,CA,referral,consumer
C017703,2023-03-22,US,organic,consumer
C017704,2023-03-22,US,paid_search,consumer
C017705,2023-03-22,CA,paid_search,consumer
C017706,2023-03-22,US,paid_social,consumer
C017707,2023-03-22,US,organic,consumer
C017708,2023-03-22,CA,paid_search,consumer
C017709,2023-03-22,AU,paid_search,consumer
C017710,2023-03-22,US,organic,consumer
C017711,2023-03-22,CA,affiliate,consumer
C017712,2023-03-22,US,organic,consumer
C017713,2023-03-22,US,organic,consumer
C017714,2023-03-22,GB,affiliate,small_business
C017715,2023-03-22,GB,organic,consumer
C017716,2023-03-22,US,paid_search,consumer
C017717,2023-03-22,AU,paid_search,consumer
C017718,2023-03-22,US,organic,consumer
C017719,2023-03-22,US,referral,consumer
C017720,2023-03-22,US,paid_social,consumer
C017721,2023-03-22,US,organic,consumer
C017722,2023-03-22,US,organic,consumer
C017723,2023-03-22,DE,paid_social,small_business
C017724,2023-03-22,DE,organic,consumer
C017725,2023-03-22,GB,organic,consumer
C017726,2023-03-22,US,paid_search,consumer
C017727,2023-03-22,DE,paid_social,consumer
C017728,2023-03-22,CA,referral,small_business
C017729,2023-03-22,US,organic,consumer
C017730,2023-03-22,US,paid_social,consumer
C017731,2023-03-22,US,paid_search,consumer
C017732,2023-03-22,US,paid_search,consumer
C017733,2023-03-22,CA,referral,consumer
C017734,2023-03-22,CA,paid_social,consumer
C017735,2023-03-22,US,affiliate,consumer
C017736,2023-03-22,US,organic,small_business
C017737,2023-03-22,GB,paid_search,consumer
C017738,2023-03-22,US,referral,consumer
C017739,2023-03-22,US,paid_search,consumer
C017740,2023-03-22,GB,organic,small_business
C017741,2023-03-22,US,organic,consumer
C017742,2023-03-22,US,organic,consumer
C017743,2023-03-22,GB,paid_search,consumer
C017744,2023-03-22,US,paid_social,small_business
C017745,2023-03-22,US,paid_search,small_business
C017746,2023-03-22,US,referral,small_business
C017747,2023-03-22,US,organic,consumer
C017748,2023-03-22,US,paid_social,consumer
C017749,2023-03-22,US,paid_search,consumer
C017750,2023-03-22,US,organic,small_business
C017751,2023-03-22,US,referral,enterprise
C017752,2023-03-22,US,paid_search,small_business
C017753,2023-03-22,US,referral,consumer
C017754,2023-03-22,GB,organic,consumer
C017755,2023-03-22,AU,paid_search,small_business
C017756,2023-03-22,US,paid_social,consumer
C017757,2023-03-22,US,organic,consumer
C017758,2023-03-22,US,affiliate,consumer
C017759,2023-03-22,US,paid_search,small_business
C017760,2023-03-22,US,paid_social,consumer
C017761,2023-03-22,US,referral,consumer
C017762,2023-03-22,US,paid_search,small_business
C017763,2023-03-22,US,organic,consumer
C017764,2023-03-22,US,organic,consumer
C017765,2023-03-22,CA,paid_search,consumer
C017766,2023-03-22,US,referral,consumer
C017767,2023-03-22,AU,organic,small_business
C017768,2023-03-22,GB,paid_social,consumer
C017769,2023-03-22,US,referral,consumer
C017770,2023-03-22,US,paid_search,consumer
C017771,2023-03-22,CA,referral,small_business
C017772,2023-03-22,US,paid_search,consumer
C017773,2023-03-22,US,paid_social,consumer
C017774,2023-03-22,US,organic,consumer
C017775,2023-03-22,US,affiliate,consumer
C017776,2023-03-22,CA,paid_social,consumer
C017777,2023-03-22,AU,affiliate,consumer
C017778,2023-03-22,DE,organic,consumer
C017779,2023-03-22,US,organic,consumer
C017780,2023-03-22,US,organic,consumer
C017781,2023-03-22,US,referral,consumer
C017782,2023-03-22,US,referral,consumer
C017783,2023-03-22,DE,paid_search,small_business
C017784,2023-03-22,CA,organic,consumer
C017785,2023-03-22,US,referral,consumer
C017786,2023-03-22,DE,paid_search,consumer
C017787,2023-03-22,US,paid_search,consumer
C017788,2023-03-22,US,organic,consumer
C017789,2023-03-22,US,paid_search,small_business
C017790,2023-03-22,US,paid_social,consumer
C017791,2023-03-22,US,paid_search,enterprise
C017792,2023-03-22,US,paid_social,consumer
C017793,2023-03-22,CA,organic,consumer
C017794,2023-03-22,US,organic,consumer
C017795,2023-03-22,US,organic,consumer
C017796,2023-03-22,US,paid_search,small_business
C017797,2023-03-22,US,organic,consumer
C017798,2023-03-22,US,paid_social,small_business
C017799,2023-03-22,AU,organic,consumer
C017800,2023-03-22,US,organic,consumer
C017801,2023-03-22,US,referral,consumer
C017802,2023-03-22,US,referral,consumer
C017803,2023-03-22,US,organic,consumer
C017804,2023-03-23,US,organic,consumer
C017805,2023-03-23,CA,paid_search,consumer
C017806,2023-03-23,US,paid_social,small_business
C017807,2023-03-23,GB,paid_social,consumer
C017808,2023-03-23,US,organic,consumer
C017809,2023-03-23,US,organic,consumer
C017810,2023-03-23,GB,paid_social,consumer
C017811,2023-03-23,US,affiliate,consumer
C017812,2023-03-23,US,paid_search,consumer
C017813,2023-03-23,US,organic,consumer
C017814,2023-03-23,CA,affiliate,consumer
C017815,2023-03-23,AU,paid_search,consumer
C017816,2023-03-23,US,paid_search,consumer
C017817,2023-03-23,DE,referral,consumer
C017818,2023-03-23,US,organic,enterprise
C017819,2023-03-23,US,referral,consumer
C017820,2023-03-23,US,organic,consumer
C017821,2023-03-23,US,affiliate,small_business
C017822,2023-03-23,GB,referral,consumer
C017823,2023-03-23,GB,paid_search,small_business
C017824,2023-03-23,US,referral,consumer
C017825,2023-03-23,DE,paid_search,consumer
C017826,2023-03-23,DE,affiliate,consumer
C017827,2023-03-23,US,paid_social,consumer
C017828,2023-03-23,US,paid_search,consumer
C017829,2023-03-23,US,referral,consumer
C017830,2023-03-23,US,paid_search,consumer
C017831,2023-03-23,US,paid_social,consumer
C017832,2023-03-23,CA,affiliate,consumer
C017833,2023-03-23,GB,paid_social,consumer
C017834,2023-03-23,US,paid_search,consumer
C017835,2023-03-23,US,paid_social,consumer
C017836,2023-03-23,CA,paid_social,consumer
C017837,2023-03-23,US,referral,consumer
C017838,2023-03-23,US,organic,consumer
C017839,2023-03-23,CA,referral,consumer
C017840,2023-03-23,DE,referral,consumer
C017841,2023-03-23,US,affiliate,consumer
C017842,2023-03-23,US,affiliate,consumer
C017843,2023-03-23,US,paid_search,consumer
C017844,2023-03-23,US,affiliate,consumer
C017845,2023-03-23,US,paid_social,consumer
C017846,2023-03-23,US,paid_search,consumer
C017847,2023-03-23,GB,affiliate,consumer
C017848,2023-03-23,CA,paid_search,consumer
C017849,2023-03-23,CA,paid_social,consumer
C017850,2023-03-23,US,organic,small_business
C017851,2023-03-23,GB,paid_search,consumer
C017852,2023-03-23,US,paid_search,consumer
C017853,2023-03-23,GB,paid_social,consumer
C017854,2023-03-23,GB,affiliate,small_business
C017855,2023-03-23,AU,organic,consumer
C017856,2023-03-23,DE,paid_social,consumer
C017857,2023-03-23,US,organic,consumer
C017858,2023-03-23,US,affiliate,small_business
C017859,2023-03-23,GB,paid_search,consumer
C017860,2023-03-23,US,referral,consumer
C017861,2023-03-23,US,paid_search,consumer
C017862,2023-03-23,US,organic,consumer
C017863,2023-03-23,US,organic,consumer
C017864,2023-03-23,US,paid_search,consumer
C017865,2023-03-23,CA,paid_search,consumer
C017866,2023-03-23,US,referral,consumer
C017867,2023-03-23,DE,referral,consumer
C017868,2023-03-23,US,paid_social,consumer
C017869,2023-03-23,US,paid_social,consumer
C017870,2023-03-23,GB,referral,small_business
C017871,2023-03-23,US,referral,consumer
C017872,2023-03-23,AU,paid_search,consumer
C017873,2023-03-23,US,organic,consumer
C017874,2023-03-23,US,referral,small_business
C017875,2023-03-23,AU,organic,consumer
C017876,2023-03-23,US,paid_social,consumer
C017877,2023-03-23,US,paid_search,consumer
C017878,2023-03-23,US,referral,consumer
C017879,2023-03-23,US,referral,consumer
C017880,2023-03-23,CA,affiliate,consumer
C017881,2023-03-23,GB,paid_search,consumer
C017882,2023-03-23,DE,organic,consumer
C017883,2023-03-23,DE,paid_social,consumer
C017884,2023-03-23,GB,paid_social,consumer
C017885,2023-03-23,US,paid_search,consumer
C017886,2023-03-23,US,referral,consumer
C017887,2023-03-23,GB,affiliate,small_business
C017888,2023-03-23,US,paid_search,consumer
C017889,2023-03-23,CA,paid_social,consumer
C017890,2023-03-23,US,paid_social,consumer
C017891,2023-03-23,US,paid_search,consumer
C017892,2023-03-23,US,paid_social,small_business
C017893,2023-03-23,US,organic,consumer
C017894,2023-03-23,US,organic,consumer
C017895,2023-03-23,GB,organic,consumer
C017896,2023-03-23,US,paid_search,consumer
C017897,2023-03-23,AU,organic,consumer
C017898,2023-03-23,AU,affiliate,consumer
C017899,2023-03-23,US,paid_social,consumer
C017900,2023-03-23,AU,referral,small_business
C017901,2023-03-23,US,paid_search,consumer
C017902,2023-03-23,US,paid_search,enterprise
C017903,2023-03-23,US,referral,consumer
C017904,2023-03-23,US,paid_search,small_business
C017905,2023-03-23,US,referral,consumer
C017906,2023-03-23,AU,organic,consumer
C017907,2023-03-23,US,organic,consumer
C017908,2023-03-23,US,paid_search,consumer
C017909,2023-03-23,GB,organic,consumer
C017910,2023-03-23,US,paid_social,consumer
C017911,2023-03-23,AU,organic,consumer
C017912,2023-03-23,GB,paid_search,consumer
C017913,2023-03-23,AU,affiliate,consumer
C017914,2023-03-23,US,paid_search,consumer
C017915,2023-03-23,AU,paid_search,consumer
C017916,2023-03-23,US,affiliate,small_business
C017917,2023-03-23,GB,organic,enterprise
C017918,2023-03-23,AU,organic,consumer
C017919,2023-03-23,US,organic,consumer
C017920,2023-03-23,AU,paid_search,consumer
C017921,2023-03-23,AU,organic,consumer
C017922,2023-03-23,US,affiliate,consumer
C017923,2023-03-23,DE,paid_social,consumer
C017924,2023-03-23,US,organic,consumer
C017925,2023-03-23,GB,affiliate,consumer
C017926,2023-03-23,US,organic,consumer
C017927,2023-03-23,AU,referral,consumer
C017928,2023-03-23,US,paid_social,consumer
C017929,2023-03-23,GB,paid_social,consumer
C017930,2023-03-23,US,organic,consumer
C017931,2023-03-23,US,paid_social,consumer
C017932,2023-03-23,CA,paid_social,consumer
C017933,2023-03-23,US,paid_social,consumer
C017934,2023-03-23,US,referral,consumer
C017935,2023-03-23,US,paid_social,consumer
C017936,2023-03-23,US,organic,consumer
C017937,2023-03-23,US,paid_social,consumer
C017938,2023-03-23,US,organic,consumer
C017939,2023-03-23,GB,referral,consumer
C017940,2023-03-23,US,paid_search,consumer
C017941,2023-03-23,US,paid_search,consumer
C017942,2023-03-23,GB,organic,small_business
C017943,2023-03-23,CA,paid_search,consumer
C017944,2023-03-23,US,paid_social,consumer
C017945,2023-03-23,US,paid_search,consumer
C017946,2023-03-23,US,paid_social,consumer
C017947,2023-03-23,US,referral,consumer
C017948,2023-03-23,US,organic,consumer
C017949,2023-03-23,US,organic,consumer
C017950,2023-03-23,US,referral,consumer
C017951,2023-03-23,GB,referral,consumer
C017952,2023-03-23,US,organic,consumer
C017953,2023-03-23,CA,organic,consumer
C017954,2023-03-23,US,paid_search,small_business
C017955,2023-03-23,US,paid_search,consumer
C017956,2023-03-23,US,referral,consumer
C017957,2023-03-23,US,paid_search,small_business
C017958,2023-03-23,AU,organic,consumer
C017959,2023-03-23,GB,paid_search,consumer
C017960,2023-03-23,CA,organic,small_business
C017961,2023-03-23,US,organic,consumer
C017962,2023-03-23,CA,paid_social,enterprise
C017963,2023-03-23,AU,organic,consumer
C017964,2023-03-23,US,paid_social,small_business
C017965,2023-03-23,US,paid_social,consumer
C017966,2023-03-23,US,paid_search,consumer
C017967,2023-03-23,CA,affiliate,consumer
C017968,2023-03-23,US,affiliate,consumer
C017969,2023-03-23,US,referral,consumer
C017970,2023-03-23,US,referral,small_business
C017971,2023-03-23,US,organic,consumer
C017972,2023-03-23,US,organic,consumer
C017973,2023-03-23,GB,affiliate,consumer
C017974,2023-03-23,US,paid_social,consumer
C017975,2023-03-23,GB,paid_search,small_business
C017976,2023-03-23,US,organic,consumer
C017977,2023-03-23,US,organic,consumer
C017978,2023-03-23,US,organic,small_business
C017979,2023-03-23,US,paid_search,consumer
C017980,2023-03-23,GB,organic,consumer
C017981,2023-03-23,US,organic,consumer
C017982,2023-03-23,GB,paid_search,consumer
C017983,2023-03-23,DE,affiliate,consumer
C017984,2023-03-23,US,paid_search,consumer
C017985,2023-03-23,DE,paid_social,consumer
C017986,2023-03-23,US,paid_search,consumer
C017987,2023-03-23,DE,paid_social,consumer
C017988,2023-03-23,US,referral,consumer
C017989,2023-03-23,US,paid_social,small_business
C017990,2023-03-23,US,paid_social,consumer
C017991,2023-03-23,GB,paid_search,consumer
C017992,2023-03-23,US,paid_social,consumer
C017993,2023-03-23,US,paid_social,consumer
C017994,2023-03-23,US,paid_social,enterprise
C017995,2023-03-23,US,paid_social,consumer
C017996,2023-03-23,US,paid_search,consumer
C017997,2023-03-23,US,paid_social,consumer
C017998,2023-03-23,US,paid_search,consumer
C017999,2023-03-23,US,paid_search,consumer
C018000,2023-03-23,US,organic,small_business
C018001,2023-03-23,DE,paid_social,consumer
C018002,2023-03-23,US,paid_search,consumer
C018003,2023-03-23,US,referral,consumer
C018004,2023-03-23,US,paid_search,small_business
C018005,2023-03-23,US,organic,consumer
C018006,2023-03-23,US,affiliate,consumer
C018007,2023-03-23,US,paid_social,consumer
C018008,2023-03-23,US,organic,consumer
C018009,2023-03-23,US,paid_search,consumer
C018010,2023-03-23,DE,affiliate,consumer
C018011,2023-03-23,US,referral,small_business
C018012,2023-03-23,AU,paid_search,consumer
C018013,2023-03-23,CA,referral,consumer
C018014,2023-03-23,US,paid_search,small_business
C018015,2023-03-23,US,paid_search,consumer
C018016,2023-03-23,US,organic,consumer
C018017,2023-03-23,US,paid_social,enterprise
C018018,2023-03-23,US,referral,consumer
C018019,2023-03-23,AU,paid_social,consumer
C018020,2023-03-23,GB,paid_search,small_business
C018021,2023-03-23,US,organic,consumer
C018022,2023-03-23,US,paid_search,consumer
C018023,2023-03-24,DE,organic,consumer
C018024,2023-03-24,US,organic,consumer
C018025,2023-03-24,US,affiliate,consumer
C018026,2023-03-24,AU,paid_social,consumer
C018027,2023-03-24,US,paid_search,consumer
C018028,2023-03-24,US,referral,consumer
C018029,2023-03-24,GB,organic,consumer
C018030,2023-03-24,CA,paid_social,consumer
C018031,2023-03-24,US,paid_social,consumer
C018032,2023-03-24,US,referral,consumer
C018033,2023-03-24,US,organic,small_business
C018034,2023-03-24,DE,paid_search,enterprise
C018035,2023-03-24,CA,paid_social,consumer
C018036,2023-03-24,US,paid_search,consumer
C018037,2023-03-24,US,referral,consumer
C018038,2023-03-24,DE,paid_social,consumer
C018039,2023-03-24,US,paid_social,consumer
C018040,2023-03-24,AU,organic,consumer
C018041,2023-03-24,US,organic,consumer
C018042,2023-03-24,AU,organic,consumer
C018043,2023-03-24,CA,referral,enterprise
C018044,2023-03-24,CA,referral,consumer
C018045,2023-03-24,CA,referral,consumer
C018046,2023-03-24,US,paid_search,consumer
C018047,2023-03-24,US,organic,consumer
C018048,2023-03-24,DE,organic,consumer
C018049,2023-03-24,AU,paid_social,consumer
C018050,2023-03-24,US,organic,consumer
C018051,2023-03-24,AU,referral,consumer
C018052,2023-03-24,US,referral,small_business
C018053,2023-03-24,DE,organic,consumer
C018054,2023-03-24,US,organic,consumer
C018055,2023-03-24,US,paid_search,consumer
C018056,2023-03-24,US,organic,consumer
C018057,2023-03-24,US,paid_social,small_business
C018058,2023-03-24,US,paid_search,consumer
C018059,2023-03-24,CA,referral,consumer
C018060,2023-03-24,CA,paid_social,consumer
C018061,2023-03-24,US,paid_search,consumer
C018062,2023-03-24,US,organic,consumer
C018063,2023-03-24,GB,paid_search,consumer
C018064,2023-03-24,US,paid_search,small_business
C018065,2023-03-24,US,paid_social,consumer
C018066,2023-03-24,US,paid_search,consumer
C018067,2023-03-24,US,affiliate,consumer
C018068,2023-03-24,US,referral,consumer
C018069,2023-03-24,US,paid_search,consumer
C018070,2023-03-24,US,paid_social,consumer
C018071,2023-03-24,DE,organic,consumer
C018072,2023-03-24,US,referral,consumer
C018073,2023-03-24,US,organic,consumer
C018074,2023-03-24,US,paid_search,consumer
C018075,2023-03-24,US,paid_search,consumer
C018076,2023-03-24,GB,paid_social,consumer
C018077,2023-03-24,CA,organic,consumer
C018078,2023-03-24,US,affiliate,enterprise
C018079,2023-03-24,US,referral,consumer
C018080,2023-03-24,US,affiliate,consumer
C018081,2023-03-24,US,paid_social,consumer
C018082,2023-03-24,US,paid_social,consumer
C018083,2023-03-24,DE,affiliate,small_business
C018084,2023-03-24,US,paid_social,consumer
C018085,2023-03-24,AU,organic,consumer
C018086,2023-03-24,US,paid_search,consumer
C018087,2023-03-24,AU,organic,consumer
C018088,2023-03-24,US,paid_social,consumer
C018089,2023-03-24,US,referral,small_business
C018090,2023-03-24,US,affiliate,consumer
C018091,2023-03-24,AU,organic,small_business
C018092,2023-03-24,US,paid_search,consumer
C018093,2023-03-24,US,paid_social,consumer
C018094,2023-03-24,US,referral,consumer
C018095,2023-03-24,AU,paid_social,small_business
C018096,2023-03-24,US,paid_search,small_business
C018097,2023-03-24,DE,paid_social,consumer
C018098,2023-03-24,GB,paid_social,small_business
C018099,2023-03-24,US,referral,consumer
C018100,2023-03-24,US,paid_social,consumer
C018101,2023-03-24,US,affiliate,consumer
C018102,2023-03-24,GB,paid_search,consumer
C018103,2023-03-24,GB,organic,consumer
C018104,2023-03-24,GB,paid_search,consumer
C018105,2023-03-24,AU,organic,consumer
C018106,2023-03-24,US,paid_search,consumer
C018107,2023-03-24,US,organic,small_business
C018108,2023-03-24,DE,organic,consumer
C018109,2023-03-24,US,paid_search,consumer
C018110,2023-03-24,US,affiliate,consumer
C018111,2023-03-24,US,paid_social,small_business
C018112,2023-03-24,US,paid_search,consumer
C018113,2023-03-24,US,organic,consumer
C018114,2023-03-24,US,paid_social,consumer
C018115,2023-03-24,US,organic,consumer
C018116,2023-03-24,AU,paid_search,consumer
C018117,2023-03-24,US,paid_search,consumer
C018118,2023-03-24,DE,organic,consumer
C018119,2023-03-24,US,paid_search,small_business
C018120,2023-03-24,US,organic,consumer
C018121,2023-03-24,US,paid_social,consumer
C018122,2023-03-24,US,affiliate,consumer
C018123,2023-03-24,US,referral,consumer
C018124,2023-03-24,CA,affiliate,consumer
C018125,2023-03-24,US,organic,small_business
C018126,2023-03-24,US,paid_search,small_business
C018127,2023-03-24,US,organic,consumer
C018128,2023-03-24,US,referral,consumer
C018129,2023-03-24,US,paid_social,small_business
C018130,2023-03-24,US,organic,consumer
C018131,2023-03-24,CA,paid_social,consumer
C018132,2023-03-24,AU,referral,consumer
C018133,2023-03-24,CA,organic,consumer
C018134,2023-03-24,US,referral,consumer
C018135,2023-03-24,AU,paid_search,consumer
C018136,2023-03-24,US,referral,small_business
C018137,2023-03-24,US,paid_search,consumer
C018138,2023-03-24,US,paid_social,small_business
C018139,2023-03-24,US,organic,consumer
C018140,2023-03-24,US,paid_search,small_business
C018141,2023-03-24,DE,paid_social,consumer
C018142,2023-03-24,AU,paid_search,consumer
C018143,2023-03-24,US,paid_search,consumer
C018144,2023-03-24,US,organic,consumer
C018145,2023-03-24,AU,referral,consumer
C018146,2023-03-24,US,paid_social,consumer
C018147,2023-03-24,US,paid_search,consumer
C018148,2023-03-24,US,organic,consumer
C018149,2023-03-24,DE,paid_social,consumer
C018150,2023-03-24,CA,affiliate,consumer
C018151,2023-03-24,US,paid_social,consumer
C018152,2023-03-24,US,affiliate,consumer
C018153,2023-03-24,GB,paid_search,enterprise
C018154,2023-03-24,US,paid_search,consumer
C018155,2023-03-24,US,organic,consumer
C018156,2023-03-24,AU,paid_social,consumer
C018157,2023-03-24,US,referral,enterprise
C018158,2023-03-24,US,paid_social,consumer
C018159,2023-03-24,DE,affiliate,consumer
C018160,2023-03-24,US,paid_social,consumer
C018161,2023-03-24,US,paid_search,consumer
C018162,2023-03-24,US,paid_social,consumer
C018163,2023-03-24,CA,referral,consumer
C018164,2023-03-24,US,paid_social,consumer
C018165,2023-03-24,CA,affiliate,consumer
C018166,2023-03-24,CA,affiliate,consumer
C018167,2023-03-24,US,organic,consumer
C018168,2023-03-24,US,organic,consumer
C018169,2023-03-24,US,referral,consumer
C018170,2023-03-24,US,paid_social,consumer
C018171,2023-03-24,US,paid_social,consumer
C018172,2023-03-24,US,organic,consumer
C018173,2023-03-24,US,organic,enterprise
C018174,2023-03-24,CA,organic,consumer
C018175,2023-03-24,US,paid_search,consumer
C018176,2023-03-24,GB,affiliate,consumer
C018177,2023-03-24,AU,referral,consumer
C018178,2023-03-24,AU,paid_search,enterprise
C018179,2023-03-24,US,paid_search,consumer
C018180,2023-03-24,GB,organic,consumer
C018181,2023-03-24,DE,referral,consumer
C018182,2023-03-24,US,organic,consumer
C018183,2023-03-24,US,paid_search,consumer
C018184,2023-03-24,US,organic,consumer
C018185,2023-03-24,US,paid_search,consumer
C018186,2023-03-24,US,paid_search,consumer
C018187,2023-03-24,AU,organic,consumer
C018188,2023-03-24,US,paid_search,consumer
C018189,2023-03-24,DE,organic,consumer
C018190,2023-03-24,US,organic,small_business
C018191,2023-03-24,DE,paid_social,consumer
C018192,2023-03-24,DE,paid_search,small_business
C018193,2023-03-24,US,organic,consumer
C018194,2023-03-24,US,paid_search,consumer
C018195,2023-03-24,US,affiliate,consumer
C018196,2023-03-24,US,paid_search,consumer
C018197,2023-03-24,US,paid_social,consumer
C018198,2023-03-24,US,referral,consumer
C018199,2023-03-24,US,referral,consumer
C018200,2023-03-24,US,paid_social,small_business
C018201,2023-03-24,US,organic,consumer
C018202,2023-03-24,US,affiliate,consumer
C018203,2023-03-24,DE,paid_social,consumer
C018204,2023-03-24,CA,paid_search,consumer
C018205,2023-03-24,CA,affiliate,enterprise
C018206,2023-03-24,US,organic,consumer
C018207,2023-03-24,US,paid_social,consumer
C018208,2023-03-24,US,organic,enterprise
C018209,2023-03-24,US,organic,small_business
C018210,2023-03-24,US,paid_social,consumer
C018211,2023-03-24,AU,paid_search,consumer
C018212,2023-03-24,US,paid_social,consumer
C018213,2023-03-24,US,paid_social,consumer
C018214,2023-03-24,US,organic,small_business
C018215,2023-03-24,US,paid_social,consumer
C018216,2023-03-24,US,paid_search,small_business
C018217,2023-03-24,US,paid_search,consumer
C018218,2023-03-24,DE,paid_search,consumer
C018219,2023-03-24,US,paid_search,small_business
C018220,2023-03-24,US,organic,consumer
C018221,2023-03-24,US,paid_search,consumer
C018222,2023-03-24,GB,affiliate,consumer
C018223,2023-03-24,US,referral,consumer
C018224,2023-03-24,US,paid_search,consumer
C018225,2023-03-24,US,paid_search,consumer
C018226,2023-03-24,GB,referral,consumer
C018227,2023-03-24,US,organic,consumer
C018228,2023-03-24,DE,paid_search,consumer
C018229,2023-03-24,US,affiliate,consumer
C018230,2023-03-24,CA,referral,small_business
C018231,2023-03-24,AU,referral,consumer
C018232,2023-03-24,US,paid_search,small_business
C018233,2023-03-24,US,organic,consumer
C018234,2023-03-24,AU,organic,consumer
C018235,2023-03-24,US,organic,consumer
C018236,2023-03-24,US,paid_search,small_business
C018237,2023-03-24,AU,paid_search,small_business
C018238,2023-03-24,US,organic,consumer
C018239,2023-03-24,US,paid_social,consumer
C018240,2023-03-24,AU,paid_search,consumer
C018241,2023-03-24,US,organic,consumer
C018242,2023-03-24,US,paid_search,consumer
C018243,2023-03-25,US,organic,consumer
C018244,2023-03-25,US,paid_social,consumer
C018245,2023-03-25,AU,affiliate,consumer
C018246,2023-03-25,US,organic,consumer
C018247,2023-03-25,US,paid_social,consumer
C018248,2023-03-25,US,paid_search,consumer
C018249,2023-03-25,US,organic,consumer
C018250,2023-03-25,GB,paid_social,consumer
C018251,2023-03-25,CA,paid_search,small_business
C018252,2023-03-25,DE,affiliate,consumer
C018253,2023-03-25,CA,paid_search,consumer
C018254,2023-03-25,US,paid_social,consumer
C018255,2023-03-25,CA,paid_social,small_business
C018256,2023-03-25,US,paid_search,consumer
C018257,2023-03-25,US,paid_search,small_business
C018258,2023-03-25,US,paid_social,small_business
C018259,2023-03-25,US,affiliate,consumer
C018260,2023-03-25,US,organic,consumer
C018261,2023-03-25,DE,organic,consumer
C018262,2023-03-25,US,organic,consumer
C018263,2023-03-25,GB,organic,small_business
C018264,2023-03-25,GB,organic,consumer
C018265,2023-03-25,GB,paid_search,consumer
C018266,2023-03-25,DE,paid_search,consumer
C018267,2023-03-25,US,paid_search,consumer
C018268,2023-03-25,US,affiliate,small_business
C018269,2023-03-25,CA,referral,consumer
C018270,2023-03-25,US,organic,consumer
C018271,2023-03-25,US,paid_social,consumer
C018272,2023-03-25,CA,paid_social,consumer
C018273,2023-03-25,CA,paid_search,consumer
C018274,2023-03-25,AU,organic,consumer
C018275,2023-03-25,US,paid_search,consumer
C018276,2023-03-25,US,organic,consumer
C018277,2023-03-25,US,affiliate,consumer
C018278,2023-03-25,CA,organic,consumer
C018279,2023-03-25,GB,affiliate,small_business
C018280,2023-03-25,AU,organic,consumer
C018281,2023-03-25,US,organic,enterprise
C018282,2023-03-25,US,paid_social,small_business
C018283,2023-03-25,DE,paid_social,small_business
C018284,2023-03-25,US,paid_search,consumer
C018285,2023-03-25,US,referral,consumer
C018286,2023-03-25,AU,paid_social,consumer
C018287,2023-03-25,US,paid_search,small_business
C018288,2023-03-25,GB,paid_search,consumer
C018289,2023-03-25,US,paid_search,small_business
C018290,2023-03-25,US,paid_social,consumer
C018291,2023-03-25,CA,referral,consumer
C018292,2023-03-25,US,paid_social,small_business
C018293,2023-03-25,US,affiliate,consumer
C018294,2023-03-25,CA,paid_search,small_business
C018295,2023-03-25,US,organic,small_business
C018296,2023-03-25,US,affiliate,small_business
C018297,2023-03-25,CA,referral,small_business
C018298,2023-03-25,DE,paid_search,consumer
C018299,2023-03-25,DE,organic,consumer
C018300,2023-03-25,CA,paid_search,consumer
C018301,2023-03-25,US,organic,small_business
C018302,2023-03-25,US,organic,consumer
C018303,2023-03-25,US,paid_search,small_business
C018304,2023-03-25,DE,organic,consumer
C018305,2023-03-25,US,paid_social,consumer
C018306,2023-03-25,US,paid_search,consumer
C018307,2023-03-25,US,paid_search,consumer
C018308,2023-03-25,DE,organic,consumer
C018309,2023-03-25,US,paid_search,consumer
C018310,2023-03-25,US,organic,consumer
C018311,2023-03-25,GB,organic,consumer
C018312,2023-03-25,US,referral,consumer
C018313,2023-03-25,CA,paid_search,small_business
C018314,2023-03-25,DE,paid_social,consumer
C018315,2023-03-25,DE,affiliate,consumer
C018316,2023-03-25,US,paid_search,consumer
C018317,2023-03-25,US,paid_social,consumer
C018318,2023-03-25,US,affiliate,consumer
C018319,2023-03-25,US,referral,small_business
C018320,2023-03-25,US,paid_search,consumer
C018321,2023-03-25,US,organic,consumer
C018322,2023-03-25,US,organic,consumer
C018323,2023-03-25,DE,organic,consumer
C018324,2023-03-25,AU,affiliate,small_business
C018325,2023-03-25,US,paid_search,consumer
C018326,2023-03-25,CA,organic,consumer
C018327,2023-03-25,US,paid_search,consumer
C018328,2023-03-25,US,paid_search,small_business
C018329,2023-03-25,DE,organic,small_business
C018330,2023-03-25,US,paid_search,consumer
C018331,2023-03-25,DE,paid_social,consumer
C018332,2023-03-25,US,organic,consumer
C018333,2023-03-25,US,organic,consumer
C018334,2023-03-25,GB,affiliate,enterprise
C018335,2023-03-25,GB,paid_search,small_business
C018336,2023-03-25,AU,paid_social,consumer
C018337,2023-03-25,US,affiliate,consumer
C018338,2023-03-25,US,organic,consumer
C018339,2023-03-25,CA,organic,consumer
C018340,2023-03-25,GB,paid_search,small_business
C018341,2023-03-25,US,paid_search,consumer
C018342,2023-03-25,CA,paid_search,consumer
C018343,2023-03-25,GB,referral,consumer
C018344,2023-03-25,US,paid_social,consumer
C018345,2023-03-25,DE,paid_social,consumer
C018346,2023-03-25,DE,referral,consumer
C018347,2023-03-25,US,referral,consumer
C018348,2023-03-25,GB,paid_social,consumer
C018349,2023-03-25,AU,referral,consumer
C018350,2023-03-25,US,organic,consumer
C018351,2023-03-25,US,paid_social,consumer
C018352,2023-03-25,US,paid_social,enterprise
C018353,2023-03-25,CA,organic,consumer
C018354,2023-03-25,CA,paid_search,consumer
C018355,2023-03-25,US,paid_social,consumer
C018356,2023-03-25,CA,referral,consumer
C018357,2023-03-25,US,paid_search,consumer
C018358,2023-03-25,CA,organic,consumer
C018359,2023-03-25,US,referral,consumer
C018360,2023-03-25,US,paid_social,consumer
C018361,2023-03-25,US,organic,small_business
C018362,2023-03-25,US,referral,consumer
C018363,2023-03-25,AU,paid_search,consumer
C018364,2023-03-25,AU,affiliate,consumer
C018365,2023-03-25,AU,paid_social,consumer
C018366,2023-03-25,GB,referral,consumer
C018367,2023-03-25,US,paid_social,consumer
C018368,2023-03-25,US,paid_search,consumer
C018369,2023-03-25,US,paid_search,consumer
C018370,2023-03-25,GB,paid_social,consumer
C018371,2023-03-25,US,paid_social,small_business
C018372,2023-03-25,US,paid_search,consumer
C018373,2023-03-25,US,paid_search,consumer
C018374,2023-03-25,CA,paid_social,consumer
C018375,2023-03-25,US,organic,consumer
C018376,2023-03-25,US,paid_search,small_business
C018377,2023-03-25,US,affiliate,consumer
C018378,2023-03-25,US,organic,consumer
C018379,2023-03-25,US,organic,consumer
C018380,2023-03-25,US,paid_social,small_business
C018381,2023-03-25,US,organic,consumer
C018382,2023-03-25,AU,paid_social,consumer
C018383,2023-03-25,CA,organic,consumer
C018384,2023-03-25,CA,affiliate,consumer
C018385,2023-03-25,US,paid_social,small_business
C018386,2023-03-25,US,paid_search,consumer
C018387,2023-03-25,CA,paid_search,consumer
C018388,2023-03-25,US,paid_search,small_business
C018389,2023-03-25,CA,affiliate,consumer
C018390,2023-03-25,GB,paid_search,small_business
C018391,2023-03-25,CA,organic,consumer
C018392,2023-03-25,US,referral,consumer
C018393,2023-03-25,US,referral,consumer
C018394,2023-03-25,GB,paid_search,consumer
C018395,2023-03-25,DE,paid_social,consumer
C018396,2023-03-25,US,organic,consumer
C018397,2023-03-25,AU,organic,consumer
C018398,2023-03-25,US,organic,small_business
C018399,2023-03-25,US,paid_search,consumer
C018400,2023-03-25,CA,affiliate,consumer
C018401,2023-03-25,US,paid_search,consumer
C018402,2023-03-25,US,affiliate,small_business
C018403,2023-03-25,US,paid_search,consumer
C018404,2023-03-25,DE,paid_search,consumer
C018405,2023-03-25,CA,paid_search,consumer
C018406,2023-03-25,CA,organic,consumer
C018407,2023-03-25,US,paid_social,consumer
C018408,2023-03-25,US,paid_search,consumer
C018409,2023-03-25,US,paid_search,consumer
C018410,2023-03-25,US,referral,consumer
C018411,2023-03-25,CA,paid_social,consumer
C018412,2023-03-25,US,organic,enterprise
C018413,2023-03-25,DE,paid_social,consumer
C018414,2023-03-25,CA,paid_social,enterprise
C018415,2023-03-25,AU,paid_social,consumer
C018416,2023-03-25,GB,referral,consumer
C018417,2023-03-25,US,organic,small_business
C018418,2023-03-25,US,paid_social,consumer
C018419,2023-03-25,US,organic,consumer
C018420,2023-03-25,GB,affiliate,consumer
C018421,2023-03-25,US,referral,consumer
C018422,2023-03-25,US,paid_search,consumer
C018423,2023-03-25,US,referral,consumer
C018424,2023-03-25,US,paid_social,consumer
C018425,2023-03-25,US,paid_search,consumer
C018426,2023-03-25,US,organic,consumer
C018427,2023-03-25,DE,organic,consumer
C018428,2023-03-25,US,paid_social,small_business
C018429,2023-03-25,US,paid_search,small_business
C018430,2023-03-25,US,paid_search,consumer
C018431,2023-03-25,US,paid_search,consumer
C018432,2023-03-25,US,referral,consumer
C018433,2023-03-25,US,paid_search,enterprise
C018434,2023-03-25,CA,paid_social,consumer
C018435,2023-03-25,US,paid_search,consumer
C018436,2023-03-25,DE,paid_search,consumer
C018437,2023-03-25,US,paid_social,consumer
C018438,2023-03-25,US,paid_search,consumer
C018439,2023-03-25,US,referral,consumer
C018440,2023-03-25,US,paid_search,consumer
C018441,2023-03-25,GB,organic,consumer
C018442,2023-03-25,DE,organic,consumer
C018443,2023-03-25,US,paid_search,consumer
C018444,2023-03-25,US,paid_search,consumer
C018445,2023-03-25,US,organic,enterprise
C018446,2023-03-25,US,paid_search,small_business
C018447,2023-03-25,AU,referral,consumer
C018448,2023-03-25,US,paid_social,consumer
C018449,2023-03-25,US,paid_search,consumer
C018450,2023-03-25,US,paid_social,small_business
C018451,2023-03-25,US,organic,consumer
C018452,2023-03-25,CA,paid_social,consumer
C018453,2023-03-25,US,paid_search,consumer
C018454,2023-03-25,US,referral,consumer
C018455,2023-03-25,DE,organic,consumer
C018456,2023-03-25,CA,paid_search,consumer
C018457,2023-03-25,DE,organic,consumer
C018458,2023-03-25,DE,referral,small_business
C018459,2023-03-25,US,organic,consumer
C018460,2023-03-25,CA,referral,consumer
C018461,2023-03-25,US,paid_search,small_business
C018462,2023-03-25,US,affiliate,consumer
C018463,2023-03-26,US,paid_search,consumer
C018464,2023-03-26,US,affiliate,enterprise
C018465,2023-03-26,US,organic,consumer
C018466,2023-03-26,GB,organic,consumer
C018467,2023-03-26,CA,organic,consumer
C018468,2023-03-26,US,organic,consumer
C018469,2023-03-26,GB,paid_social,consumer
C018470,2023-03-26,DE,organic,consumer
C018471,2023-03-26,US,paid_social,consumer
C018472,2023-03-26,US,paid_social,consumer
C018473,2023-03-26,CA,paid_search,consumer
C018474,2023-03-26,GB,paid_search,consumer
C018475,2023-03-26,US,paid_search,small_business
C018476,2023-03-26,US,organic,small_business
C018477,2023-03-26,US,paid_social,consumer
C018478,2023-03-26,GB,paid_search,consumer
C018479,2023-03-26,CA,organic,consumer
C018480,2023-03-26,US,organic,small_business
C018481,2023-03-26,CA,paid_social,small_business
C018482,2023-03-26,CA,paid_search,consumer
C018483,2023-03-26,AU,referral,consumer
C018484,2023-03-26,US,paid_search,small_business
C018485,2023-03-26,US,organic,small_business
C018486,2023-03-26,US,organic,consumer
C018487,2023-03-26,US,referral,consumer
C018488,2023-03-26,GB,referral,consumer
C018489,2023-03-26,US,referral,consumer
C018490,2023-03-26,DE,paid_social,consumer
C018491,2023-03-26,GB,paid_search,consumer
C018492,2023-03-26,AU,organic,enterprise
C018493,2023-03-26,AU,paid_social,small_business
C018494,2023-03-26,US,paid_search,consumer
C018495,2023-03-26,GB,affiliate,consumer
C018496,2023-03-26,CA,organic,consumer
C018497,2023-03-26,US,organic,consumer
C018498,2023-03-26,US,referral,consumer
C018499,2023-03-26,US,referral,consumer
C018500,2023-03-26,GB,paid_social,consumer
C018501,2023-03-26,US,organic,consumer
C018502,2023-03-26,US,paid_social,consumer
C018503,2023-03-26,US,affiliate,consumer
C018504,2023-03-26,AU,organic,consumer
C018505,2023-03-26,US,referral,consumer
C018506,2023-03-26,US,referral,consumer
C018507,2023-03-26,US,paid_search,consumer
C018508,2023-03-26,US,organic,consumer
C018509,2023-03-26,US,referral,consumer
C018510,2023-03-26,US,paid_search,small_business
C018511,2023-03-26,US,organic,small_business
C018512,2023-03-26,CA,referral,consumer
C018513,2023-03-26,AU,paid_social,consumer
C018514,2023-03-26,US,paid_social,consumer
C018515,2023-03-26,US,paid_search,consumer
C018516,2023-03-26,US,organic,consumer
C018517,2023-03-26,DE,paid_search,small_business
C018518,2023-03-26,US,organic,consumer
C018519,2023-03-26,GB,paid_social,consumer
C018520,2023-03-26,US,paid_search,consumer
C018521,2023-03-26,US,organic,consumer
C018522,2023-03-26,US,paid_search,consumer
C018523,2023-03-26,GB,paid_social,consumer
C018524,2023-03-26,US,paid_social,small_business
C018525,2023-03-26,US,paid_search,consumer
C018526,2023-03-26,CA,affiliate,consumer
C018527,2023-03-26,US,referral,consumer
C018528,2023-03-26,US,organic,consumer
C018529,2023-03-26,AU,paid_social,small_business
C018530,2023-03-26,US,organic,consumer
C018531,2023-03-26,CA,referral,consumer
C018532,2023-03-26,US,paid_search,consumer
C018533,2023-03-26,GB,referral,consumer
C018534,2023-03-26,US,affiliate,consumer
C018535,2023-03-26,US,organic,small_business
C018536,2023-03-26,AU,paid_search,consumer
C018537,2023-03-26,GB,affiliate,consumer
C018538,2023-03-26,US,organic,consumer
C018539,2023-03-26,CA,paid_search,small_business
C018540,2023-03-26,US,organic,consumer
C018541,2023-03-26,CA,referral,consumer
C018542,2023-03-26,US,paid_search,consumer
C018543,2023-03-26,US,paid_search,consumer
C018544,2023-03-26,US,paid_search,consumer
C018545,2023-03-26,US,organic,consumer
C018546,2023-03-26,US,paid_search,consumer
C018547,2023-03-26,US,paid_search,consumer
C018548,2023-03-26,US,referral,small_business
C018549,2023-03-26,GB,paid_search,small_business
C018550,2023-03-26,US,referral,consumer
C018551,2023-03-26,GB,paid_search,consumer
C018552,2023-03-26,US,organic,consumer
C018553,2023-03-26,US,referral,consumer
C018554,2023-03-26,US,paid_search,consumer
C018555,2023-03-26,US,organic,small_business
C018556,2023-03-26,US,organic,consumer
C018557,2023-03-26,US,paid_search,consumer
C018558,2023-03-26,US,organic,consumer
C018559,2023-03-26,GB,organic,consumer
C018560,2023-03-26,CA,affiliate,consumer
C018561,2023-03-26,US,paid_search,consumer
C018562,2023-03-26,GB,referral,consumer
C018563,2023-03-26,US,paid_social,consumer
C018564,2023-03-26,US,paid_search,consumer
C018565,2023-03-26,US,organic,consumer
C018566,2023-03-26,AU,paid_search,consumer
C018567,2023-03-26,US,organic,consumer
C018568,2023-03-26,AU,paid_search,consumer
C018569,2023-03-26,US,paid_social,consumer
C018570,2023-03-26,GB,affiliate,consumer
C018571,2023-03-26,US,paid_search,consumer
C018572,2023-03-26,US,organic,consumer
C018573,2023-03-26,DE,affiliate,consumer
C018574,2023-03-26,US,organic,small_business
C018575,2023-03-26,US,organic,consumer
C018576,2023-03-26,CA,organic,consumer
C018577,2023-03-26,US,paid_search,consumer
C018578,2023-03-26,US,organic,consumer
C018579,2023-03-26,US,paid_search,consumer
C018580,2023-03-26,US,paid_social,small_business
C018581,2023-03-26,US,paid_social,small_business
C018582,2023-03-26,AU,paid_social,small_business
C018583,2023-03-26,US,referral,small_business
C018584,2023-03-26,US,referral,small_business
C018585,2023-03-26,DE,paid_search,small_business
C018586,2023-03-26,US,referral,consumer
C018587,2023-03-26,AU,paid_social,consumer
C018588,2023-03-26,US,paid_search,consumer
C018589,2023-03-26,US,organic,consumer
C018590,2023-03-26,DE,organic,consumer
C018591,2023-03-26,AU,organic,consumer
C018592,2023-03-26,US,paid_social,consumer
C018593,2023-03-26,US,paid_search,enterprise
C018594,2023-03-26,US,paid_social,consumer
C018595,2023-03-26,US,paid_social,consumer
C018596,2023-03-26,GB,organic,consumer
C018597,2023-03-26,US,organic,consumer
C018598,2023-03-26,US,affiliate,consumer
C018599,2023-03-26,US,affiliate,small_business
C018600,2023-03-26,US,referral,consumer
C018601,2023-03-26,AU,referral,consumer
C018602,2023-03-26,US,paid_social,consumer
C018603,2023-03-26,CA,paid_social,small_business
C018604,2023-03-26,US,affiliate,small_business
C018605,2023-03-26,US,organic,consumer
C018606,2023-03-26,US,paid_search,consumer
C018607,2023-03-26,US,referral,consumer
C018608,2023-03-26,US,organic,consumer
C018609,2023-03-26,US,paid_search,consumer
C018610,2023-03-26,US,paid_social,consumer
C018611,2023-03-26,US,affiliate,consumer
C018612,2023-03-26,US,paid_search,enterprise
C018613,2023-03-26,AU,affiliate,consumer
C018614,2023-03-26,US,paid_social,consumer
C018615,2023-03-26,US,organic,consumer
C018616,2023-03-26,CA,paid_social,small_business
C018617,2023-03-26,US,paid_social,consumer
C018618,2023-03-26,US,organic,consumer
C018619,2023-03-26,US,paid_search,consumer
C018620,2023-03-26,AU,organic,consumer
C018621,2023-03-26,US,organic,consumer
C018622,2023-03-26,US,organic,consumer
C018623,2023-03-26,US,affiliate,consumer
C018624,2023-03-26,CA,organic,consumer
C018625,2023-03-26,CA,organic,consumer
C018626,2023-03-26,US,organic,consumer
C018627,2023-03-26,US,affiliate,consumer
C018628,2023-03-26,AU,affiliate,consumer
C018629,2023-03-26,US,paid_search,consumer
C018630,2023-03-26,US,paid_search,consumer
C018631,2023-03-26,DE,paid_social,consumer
C018632,2023-03-26,AU,affiliate,consumer
C018633,2023-03-26,DE,paid_search,consumer
C018634,2023-03-26,US,paid_social,consumer
C018635,2023-03-26,DE,paid_search,consumer
C018636,2023-03-26,US,organic,consumer
C018637,2023-03-26,US,paid_social,consumer
C018638,2023-03-26,CA,referral,small_business
C018639,2023-03-26,CA,organic,consumer
C018640,2023-03-26,US,paid_search,consumer
C018641,2023-03-26,GB,paid_search,small_business
C018642,2023-03-26,US,organic,consumer
C018643,2023-03-26,US,paid_search,consumer
C018644,2023-03-26,US,organic,consumer
C018645,2023-03-26,US,referral,consumer
C018646,2023-03-26,US,organic,consumer
C018647,2023-03-26,US,organic,consumer
C018648,2023-03-26,GB,organic,enterprise
C018649,2023-03-26,US,paid_search,consumer
C018650,2023-03-26,US,affiliate,small_business
C018651,2023-03-26,CA,referral,consumer
C018652,2023-03-26,US,referral,small_business
C018653,2023-03-26,GB,referral,consumer
C018654,2023-03-26,US,paid_social,consumer
C018655,2023-03-26,US,paid_social,consumer
C018656,2023-03-26,US,organic,consumer
C018657,2023-03-26,US,paid_social,consumer
C018658,2023-03-26,AU,paid_search,consumer
C018659,2023-03-26,US,paid_search,consumer
C018660,2023-03-26,CA,paid_search,consumer
C018661,2023-03-26,US,paid_search,consumer
C018662,2023-03-26,US,paid_search,consumer
C018663,2023-03-26,DE,referral,enterprise
C018664,2023-03-26,GB,paid_search,consumer
C018665,2023-03-26,US,referral,consumer
C018666,2023-03-26,US,referral,consumer
C018667,2023-03-26,US,paid_search,consumer
C018668,2023-03-26,CA,organic,small_business
C018669,2023-03-26,US,paid_social,consumer
C018670,2023-03-26,US,organic,consumer
C018671,2023-03-26,CA,organic,consumer
C018672,2023-03-26,US,paid_social,consumer
C018673,2023-03-26,US,paid_search,small_business
C018674,2023-03-26,CA,organic,consumer
C018675,2023-03-26,CA,organic,consumer
C018676,2023-03-26,US,paid_social,consumer
C018677,2023-03-26,AU,paid_social,consumer
C018678,2023-03-26,US,affiliate,consumer
C018679,2023-03-26,GB,paid_search,consumer
C018680,2023-03-26,US,organic,consumer
C018681,2023-03-26,US,affiliate,consumer
C018682,2023-03-26,US,paid_social,small_business
C018683,2023-03-27,DE,paid_social,consumer
C018684,2023-03-27,US,paid_search,consumer
C018685,2023-03-27,AU,paid_search,small_business
C018686,2023-03-27,AU,paid_search,small_business
C018687,2023-03-27,US,referral,consumer
C018688,2023-03-27,DE,paid_search,small_business
C018689,2023-03-27,US,paid_search,consumer
C018690,2023-03-27,AU,referral,consumer
C018691,2023-03-27,US,referral,consumer
C018692,2023-03-27,US,affiliate,consumer
C018693,2023-03-27,CA,organic,consumer
C018694,2023-03-27,US,referral,consumer
C018695,2023-03-27,CA,referral,small_business
C018696,2023-03-27,US,organic,consumer
C018697,2023-03-27,US,organic,small_business
C018698,2023-03-27,US,affiliate,consumer
C018699,2023-03-27,GB,organic,consumer
C018700,2023-03-27,AU,paid_search,small_business
C018701,2023-03-27,DE,paid_search,consumer
C018702,2023-03-27,US,referral,consumer
C018703,2023-03-27,US,paid_social,consumer
C018704,2023-03-27,US,referral,consumer
C018705,2023-03-27,US,paid_search,consumer
C018706,2023-03-27,US,referral,consumer
C018707,2023-03-27,US,paid_social,enterprise
C018708,2023-03-27,US,paid_search,consumer
C018709,2023-03-27,GB,paid_search,enterprise
C018710,2023-03-27,US,paid_search,consumer
C018711,2023-03-27,US,organic,consumer
C018712,2023-03-27,US,paid_search,consumer
C018713,2023-03-27,US,organic,consumer
C018714,2023-03-27,CA,organic,consumer
C018715,2023-03-27,DE,paid_social,small_business
C018716,2023-03-27,US,organic,consumer
C018717,2023-03-27,AU,organic,consumer
C018718,2023-03-27,DE,paid_search,consumer
C018719,2023-03-27,US,paid_social,consumer
C018720,2023-03-27,US,organic,consumer
C018721,2023-03-27,AU,referral,consumer
C018722,2023-03-27,AU,paid_social,consumer
C018723,2023-03-27,US,referral,consumer
C018724,2023-03-27,GB,organic,consumer
C018725,2023-03-27,CA,organic,consumer
C018726,2023-03-27,US,referral,consumer
C018727,2023-03-27,GB,paid_social,consumer
C018728,2023-03-27,AU,referral,consumer
C018729,2023-03-27,US,paid_search,consumer
C018730,2023-03-27,GB,organic,consumer
C018731,2023-03-27,GB,organic,consumer
C018732,2023-03-27,DE,paid_search,consumer
C018733,2023-03-27,CA,referral,consumer
C018734,2023-03-27,US,organic,consumer
C018735,2023-03-27,US,paid_search,small_business
C018736,2023-03-27,CA,organic,consumer
C018737,2023-03-27,US,paid_search,consumer
C018738,2023-03-27,US,organic,consumer
C018739,2023-03-27,DE,affiliate,small_business
C018740,2023-03-27,US,organic,consumer
C018741,2023-03-27,US,organic,consumer
C018742,2023-03-27,US,paid_search,small_business
C018743,2023-03-27,DE,referral,consumer
C018744,2023-03-27,US,organic,consumer
C018745,2023-03-27,US,paid_social,consumer
C018746,2023-03-27,CA,organic,consumer
C018747,2023-03-27,GB,organic,consumer
C018748,2023-03-27,DE,paid_search,consumer
C018749,2023-03-27,US,paid_social,consumer
C018750,2023-03-27,US,paid_search,consumer
C018751,2023-03-27,US,referral,consumer
C018752,2023-03-27,CA,referral,consumer
C018753,2023-03-27,US,paid_search,consumer
C018754,2023-03-27,US,paid_search,consumer
C018755,2023-03-27,CA,paid_social,small_business
C018756,2023-03-27,US,affiliate,consumer
C018757,2023-03-27,US,referral,consumer
C018758,2023-03-27,GB,organic,consumer
C018759,2023-03-27,DE,organic,consumer
C018760,2023-03-27,CA,referral,consumer
C018761,2023-03-27,US,organic,consumer
C018762,2023-03-27,AU,affiliate,consumer
C018763,2023-03-27,US,affiliate,small_business
C018764,2023-03-27,US,referral,consumer
C018765,2023-03-27,US,organic,consumer
C018766,2023-03-27,US,referral,consumer
C018767,2023-03-27,DE,referral,consumer
C018768,2023-03-27,US,organic,consumer
C018769,2023-03-27,CA,paid_search,consumer
C018770,2023-03-27,US,paid_search,consumer
C018771,2023-03-27,US,paid_search,enterprise
C018772,2023-03-27,US,organic,consumer
C018773,2023-03-27,US,referral,consumer
C018774,2023-03-27,GB,organic,consumer
C018775,2023-03-27,US,paid_social,consumer
C018776,2023-03-27,US,organic,consumer
C018777,2023-03-27,US,organic,small_business
C018778,2023-03-27,AU,paid_search,small_business
C018779,2023-03-27,US,affiliate,consumer
C018780,2023-03-27,US,paid_social,consumer
C018781,2023-03-27,US,affiliate,small_business
C018782,2023-03-27,AU,paid_social,consumer
C018783,2023-03-27,DE,referral,consumer
C018784,2023-03-27,CA,organic,consumer
C018785,2023-03-27,AU,paid_social,consumer
C018786,2023-03-27,US,paid_social,consumer
C018787,2023-03-27,US,organic,consumer
C018788,2023-03-27,US,referral,consumer
C018789,2023-03-27,US,paid_search,consumer
C018790,2023-03-27,US,affiliate,consumer
C018791,2023-03-27,US,organic,consumer
C018792,2023-03-27,US,referral,consumer
C018793,2023-03-27,DE,paid_search,consumer
C018794,2023-03-27,US,referral,consumer
C018795,2023-03-27,US,paid_social,consumer
C018796,2023-03-27,AU,organic,consumer
C018797,2023-03-27,US,paid_social,consumer
C018798,2023-03-27,US,referral,consumer
C018799,2023-03-27,CA,organic,consumer
C018800,2023-03-27,US,referral,consumer
C018801,2023-03-27,US,paid_social,consumer
C018802,2023-03-27,US,organic,consumer
C018803,2023-03-27,US,organic,consumer
C018804,2023-03-27,DE,organic,small_business
C018805,2023-03-27,US,organic,small_business
C018806,2023-03-27,US,paid_social,consumer
C018807,2023-03-27,US,paid_search,consumer
C018808,2023-03-27,US,paid_social,consumer
C018809,2023-03-27,DE,organic,consumer
C018810,2023-03-27,US,referral,consumer
C018811,2023-03-27,US,referral,consumer
C018812,2023-03-27,US,paid_search,consumer
C018813,2023-03-27,CA,paid_social,consumer
C018814,2023-03-27,US,organic,consumer
C018815,2023-03-27,CA,paid_search,consumer
C018816,2023-03-27,US,affiliate,consumer
C018817,2023-03-27,US,affiliate,consumer
C018818,2023-03-27,US,organic,small_business
C018819,2023-03-27,US,affiliate,consumer
C018820,2023-03-27,DE,affiliate,consumer
C018821,2023-03-27,US,organic,consumer
C018822,2023-03-27,US,referral,consumer
C018823,2023-03-27,US,paid_social,small_business
C018824,2023-03-27,US,organic,consumer
C018825,2023-03-27,US,referral,consumer
C018826,2023-03-27,US,paid_search,consumer
C018827,2023-03-27,DE,paid_search,consumer
C018828,2023-03-27,CA,paid_search,consumer
C018829,2023-03-27,US,paid_search,small_business
C018830,2023-03-27,US,paid_search,consumer
C018831,2023-03-27,AU,affiliate,small_business
C018832,2023-03-27,CA,referral,consumer
C018833,2023-03-27,US,organic,small_business
C018834,2023-03-27,AU,paid_social,enterprise
C018835,2023-03-27,US,affiliate,consumer
C018836,2023-03-27,US,paid_search,consumer
C018837,2023-03-27,US,organic,consumer
C018838,2023-03-27,GB,referral,consumer
C018839,2023-03-27,US,organic,consumer
C018840,2023-03-27,US,paid_social,consumer
C018841,2023-03-27,US,paid_search,consumer
C018842,2023-03-27,US,organic,small_business
C018843,2023-03-27,US,paid_search,consumer
C018844,2023-03-27,US,organic,consumer
C018845,2023-03-27,AU,organic,consumer
C018846,2023-03-27,US,affiliate,consumer
C018847,2023-03-27,US,affiliate,consumer
C018848,2023-03-27,US,paid_search,enterprise
C018849,2023-03-27,GB,organic,consumer
C018850,2023-03-27,DE,paid_social,consumer
C018851,2023-03-27,US,paid_search,consumer
C018852,2023-03-27,AU,referral,consumer
C018853,2023-03-27,CA,paid_search,consumer
C018854,2023-03-27,DE,organic,consumer
C018855,2023-03-27,AU,organic,consumer
C018856,2023-03-27,US,paid_social,consumer
C018857,2023-03-27,DE,organic,consumer
C018858,2023-03-27,US,paid_social,small_business
C018859,2023-03-27,GB,paid_social,consumer
C018860,2023-03-27,DE,organic,consumer
C018861,2023-03-27,US,affiliate,consumer
C018862,2023-03-27,US,affiliate,small_business
C018863,2023-03-27,US,organic,consumer
C018864,2023-03-27,US,affiliate,consumer
C018865,2023-03-27,US,organic,consumer
C018866,2023-03-27,US,paid_search,consumer
C018867,2023-03-27,CA,organic,small_business
C018868,2023-03-27,US,paid_search,small_business
C018869,2023-03-27,US,paid_social,small_business
C018870,2023-03-27,AU,organic,small_business
C018871,2023-03-27,US,paid_social,consumer
C018872,2023-03-27,DE,organic,small_business
C018873,2023-03-27,GB,organic,consumer
C018874,2023-03-27,CA,paid_search,consumer
C018875,2023-03-27,US,paid_social,consumer
C018876,2023-03-27,CA,affiliate,consumer
C018877,2023-03-27,GB,referral,consumer
C018878,2023-03-27,US,paid_social,small_business
C018879,2023-03-27,CA,organic,consumer
C018880,2023-03-27,DE,paid_search,consumer
C018881,2023-03-27,US,paid_search,consumer
C018882,2023-03-27,US,affiliate,small_business
C018883,2023-03-27,US,paid_search,consumer
C018884,2023-03-27,US,affiliate,small_business
C018885,2023-03-27,DE,organic,consumer
C018886,2023-03-27,US,paid_search,consumer
C018887,2023-03-27,US,paid_social,consumer
C018888,2023-03-27,US,organic,consumer
C018889,2023-03-27,US,paid_social,consumer
C018890,2023-03-27,CA,paid_search,consumer
C018891,2023-03-27,US,affiliate,consumer
C018892,2023-03-27,DE,referral,consumer
C018893,2023-03-27,GB,paid_search,consumer
C018894,2023-03-27,GB,paid_social,consumer
C018895,2023-03-27,US,paid_social,consumer
C018896,2023-03-27,DE,organic,consumer
C018897,2023-03-27,US,referral,consumer
C018898,2023-03-27,AU,paid_search,consumer
C018899,2023-03-27,US,organic,consumer
C018900,2023-03-27,US,paid_social,consumer
C018901,2023-03-27,US,paid_search,consumer
C018902,2023-03-27,GB,affiliate,consumer
C018903,2023-03-28,US,organic,consumer
C018904,2023-03-28,US,referral,small_business
C018905,2023-03-28,US,referral,consumer
C018906,2023-03-28,US,paid_search,consumer
C018907,2023-03-28,DE,affiliate,consumer
C018908,2023-03-28,US,paid_social,consumer
C018909,2023-03-28,US,paid_search,consumer
C018910,2023-03-28,US,referral,small_business
C018911,2023-03-28,US,paid_search,consumer
C018912,2023-03-28,DE,organic,consumer
C018913,2023-03-28,US,referral,consumer
C018914,2023-03-28,DE,paid_social,consumer
C018915,2023-03-28,GB,referral,consumer
C018916,2023-03-28,DE,organic,consumer
C018917,2023-03-28,US,paid_search,consumer
C018918,2023-03-28,US,paid_search,consumer
C018919,2023-03-28,US,paid_search,consumer
C018920,2023-03-28,AU,affiliate,consumer
C018921,2023-03-28,DE,paid_social,small_business
C018922,2023-03-28,US,affiliate,consumer
C018923,2023-03-28,US,paid_search,consumer
C018924,2023-03-28,US,organic,small_business
C018925,2023-03-28,CA,paid_social,consumer
C018926,2023-03-28,US,referral,small_business
C018927,2023-03-28,US,affiliate,consumer
C018928,2023-03-28,US,affiliate,consumer
C018929,2023-03-28,GB,paid_search,consumer
C018930,2023-03-28,US,paid_search,consumer
C018931,2023-03-28,DE,organic,consumer
C018932,2023-03-28,GB,paid_search,consumer
C018933,2023-03-28,AU,paid_search,consumer
C018934,2023-03-28,US,organic,consumer
C018935,2023-03-28,AU,paid_search,consumer
C018936,2023-03-28,US,affiliate,consumer
C018937,2023-03-28,US,paid_social,consumer
C018938,2023-03-28,US,organic,consumer
C018939,2023-03-28,GB,paid_social,small_business
C018940,2023-03-28,DE,paid_search,consumer
C018941,2023-03-28,US,organic,small_business
C018942,2023-03-28,DE,organic,consumer
C018943,2023-03-28,DE,paid_social,consumer
C018944,2023-03-28,US,paid_search,consumer
C018945,2023-03-28,AU,affiliate,consumer
C018946,2023-03-28,US,paid_social,consumer
C018947,2023-03-28,US,paid_social,consumer
C018948,2023-03-28,US,organic,small_business
C018949,2023-03-28,US,referral,consumer
C018950,2023-03-28,AU,referral,consumer
C018951,2023-03-28,AU,organic,consumer
C018952,2023-03-28,GB,organic,consumer
C018953,2023-03-28,US,paid_search,consumer
C018954,2023-03-28,GB,organic,consumer
C018955,2023-03-28,US,paid_social,small_business
C018956,2023-03-28,US,paid_search,consumer
C018957,2023-03-28,US,organic,consumer
C018958,2023-03-28,US,referral,consumer
C018959,2023-03-28,US,referral,enterprise
C018960,2023-03-28,US,referral,consumer
C018961,2023-03-28,CA,referral,small_business
C018962,2023-03-28,US,organic,enterprise
C018963,2023-03-28,CA,organic,small_business
C018964,2023-03-28,US,paid_social,consumer
C018965,2023-03-28,US,paid_search,consumer
C018966,2023-03-28,US,affiliate,consumer
C018967,2023-03-28,US,paid_search,consumer
C018968,2023-03-28,US,organic,consumer
C018969,2023-03-28,AU,organic,consumer
C018970,2023-03-28,DE,paid_social,consumer
C018971,2023-03-28,CA,paid_search,consumer
C018972,2023-03-28,CA,organic,consumer
C018973,2023-03-28,US,paid_search,small_business
C018974,2023-03-28,GB,paid_search,consumer
C018975,2023-03-28,DE,affiliate,small_business
C018976,2023-03-28,US,organic,consumer
C018977,2023-03-28,US,paid_search,consumer
C018978,2023-03-28,GB,organic,consumer
C018979,2023-03-28,CA,affiliate,consumer
C018980,2023-03-28,CA,organic,consumer
C018981,2023-03-28,US,paid_search,consumer
C018982,2023-03-28,AU,organic,consumer
C018983,2023-03-28,US,paid_social,consumer
C018984,2023-03-28,AU,organic,small_business
C018985,2023-03-28,US,paid_social,consumer
C018986,2023-03-28,US,paid_social,consumer
C018987,2023-03-28,GB,paid_search,consumer
C018988,2023-03-28,US,organic,consumer
C018989,2023-03-28,US,organic,consumer
C018990,2023-03-28,US,paid_search,consumer
C018991,2023-03-28,US,paid_search,consumer
C018992,2023-03-28,US,referral,consumer
C018993,2023-03-28,US,organic,consumer
C018994,2023-03-28,US,organic,consumer
C018995,2023-03-28,US,organic,consumer
C018996,2023-03-28,DE,paid_search,consumer
C018997,2023-03-28,GB,organic,consumer
C018998,2023-03-28,US,paid_search,enterprise
C018999,2023-03-28,US,organic,consumer
C019000,2023-03-28,CA,affiliate,consumer
C019001,2023-03-28,CA,organic,consumer
C019002,2023-03-28,GB,paid_search,consumer
C019003,2023-03-28,CA,referral,small_business
C019004,2023-03-28,AU,referral,consumer
C019005,2023-03-28,GB,paid_search,consumer
C019006,2023-03-28,US,organic,consumer
C019007,2023-03-28,US,affiliate,consumer
C019008,2023-03-28,US,paid_social,consumer
C019009,2023-03-28,US,referral,consumer
C019010,2023-03-28,US,paid_social,consumer
C019011,2023-03-28,AU,paid_search,consumer
C019012,2023-03-28,US,paid_social,consumer
C019013,2023-03-28,US,paid_social,consumer
C019014,2023-03-28,GB,affiliate,consumer
C019015,2023-03-28,AU,referral,consumer
C019016,2023-03-28,US,affiliate,consumer
C019017,2023-03-28,US,paid_search,consumer
C019018,2023-03-28,US,paid_social,consumer
C019019,2023-03-28,DE,paid_search,consumer
C019020,2023-03-28,DE,paid_social,consumer
C019021,2023-03-28,DE,paid_search,consumer
C019022,2023-03-28,US,paid_social,consumer
C019023,2023-03-28,US,organic,consumer
C019024,2023-03-28,US,organic,enterprise
C019025,2023-03-28,US,organic,consumer
C019026,2023-03-28,US,referral,consumer
C019027,2023-03-28,US,paid_social,consumer
C019028,2023-03-28,US,referral,consumer
C019029,2023-03-28,US,paid_social,small_business
C019030,2023-03-28,CA,paid_social,consumer
C019031,2023-03-28,US,organic,consumer
C019032,2023-03-28,US,referral,consumer
C019033,2023-03-28,CA,paid_social,small_business
C019034,2023-03-28,AU,organic,consumer
C019035,2023-03-28,US,organic,consumer
C019036,2023-03-28,CA,paid_social,consumer
C019037,2023-03-28,AU,affiliate,consumer
C019038,2023-03-28,CA,referral,consumer
C019039,2023-03-28,DE,paid_search,consumer
C019040,2023-03-28,US,organic,consumer
C019041,2023-03-28,GB,organic,consumer
C019042,2023-03-28,CA,paid_social,consumer
C019043,2023-03-28,US,organic,consumer
C019044,2023-03-28,DE,paid_search,small_business
C019045,2023-03-28,US,referral,small_business
C019046,2023-03-28,US,referral,consumer
C019047,2023-03-28,AU,affiliate,consumer
C019048,2023-03-28,US,affiliate,consumer
C019049,2023-03-28,US,referral,small_business
C019050,2023-03-28,US,affiliate,consumer
C019051,2023-03-28,US,organic,consumer
C019052,2023-03-28,DE,paid_social,consumer
C019053,2023-03-28,US,organic,small_business
C019054,2023-03-28,US,organic,consumer
C019055,2023-03-28,US,affiliate,consumer
C019056,2023-03-28,US,organic,consumer
C019057,2023-03-28,CA,organic,consumer
C019058,2023-03-28,US,referral,consumer
C019059,2023-03-28,CA,organic,consumer
C019060,2023-03-28,DE,referral,consumer
C019061,2023-03-28,US,paid_social,consumer
C019062,2023-03-28,GB,paid_social,consumer
C019063,2023-03-28,US,organic,consumer
C019064,2023-03-28,US,paid_social,consumer
C019065,2023-03-28,US,paid_search,consumer
C019066,2023-03-28,US,referral,small_business
C019067,2023-03-28,US,paid_social,consumer
C019068,2023-03-28,GB,affiliate,small_business
C019069,2023-03-28,US,paid_social,consumer
C019070,2023-03-28,US,organic,consumer
C019071,2023-03-28,US,organic,small_business
C019072,2023-03-28,US,organic,consumer
C019073,2023-03-28,US,organic,consumer
C019074,2023-03-28,US,organic,consumer
C019075,2023-03-28,US,organic,consumer
C019076,2023-03-28,DE,paid_social,consumer
C019077,2023-03-28,US,affiliate,small_business
C019078,2023-03-28,AU,organic,consumer
C019079,2023-03-28,US,referral,consumer
C019080,2023-03-28,US,organic,consumer
C019081,2023-03-28,US,paid_search,small_business
C019082,2023-03-28,US,paid_social,small_business
C019083,2023-03-28,CA,paid_search,consumer
C019084,2023-03-28,DE,organic,consumer
C019085,2023-03-28,US,paid_search,consumer
C019086,2023-03-28,US,referral,consumer
C019087,2023-03-28,US,organic,consumer
C019088,2023-03-28,US,organic,consumer
C019089,2023-03-28,US,organic,consumer
C019090,2023-03-28,GB,organic,consumer
C019091,2023-03-28,US,affiliate,consumer
C019092,2023-03-28,US,paid_search,consumer
C019093,2023-03-28,US,affiliate,small_business
C019094,2023-03-28,US,paid_search,consumer
C019095,2023-03-28,AU,organic,consumer
C019096,2023-03-28,AU,referral,consumer
C019097,2023-03-28,US,paid_search,consumer
C019098,2023-03-28,US,organic,consumer
C019099,2023-03-28,GB,organic,consumer
C019100,2023-03-28,AU,affiliate,small_business
C019101,2023-03-28,GB,organic,consumer
C019102,2023-03-28,US,paid_social,small_business
C019103,2023-03-28,US,paid_search,consumer
C019104,2023-03-28,US,paid_social,consumer
C019105,2023-03-28,US,paid_search,consumer
C019106,2023-03-28,US,paid_search,consumer
C019107,2023-03-28,US,organic,small_business
C019108,2023-03-28,US,paid_social,consumer
C019109,2023-03-28,US,organic,consumer
C019110,2023-03-28,US,affiliate,small_business
C019111,2023-03-28,DE,referral,consumer
C019112,2023-03-28,US,paid_social,consumer
C019113,2023-03-28,US,organic,consumer
C019114,2023-03-28,US,organic,consumer
C019115,2023-03-28,DE,referral,consumer
C019116,2023-03-28,US,organic,consumer
C019117,2023-03-28,US,organic,consumer
C019118,2023-03-28,AU,organic,consumer
C019119,2023-03-28,US,paid_search,consumer
C019120,2023-03-28,US,paid_social,consumer
C019121,2023-03-28,US,referral,consumer
C019122,2023-03-29,US,paid_search,consumer
C019123,2023-03-29,GB,organic,small_business
C019124,2023-03-29,US,paid_search,consumer
C019125,2023-03-29,CA,paid_search,consumer
C019126,2023-03-29,US,paid_search,consumer
C019127,2023-03-29,US,paid_search,consumer
C019128,2023-03-29,US,paid_social,small_business
C019129,2023-03-29,US,paid_social,consumer
C019130,2023-03-29,US,referral,enterprise
C019131,2023-03-29,CA,paid_search,consumer
C019132,2023-03-29,CA,affiliate,small_business
C019133,2023-03-29,US,organic,consumer
C019134,2023-03-29,US,referral,small_business
C019135,2023-03-29,US,paid_social,consumer
C019136,2023-03-29,US,organic,consumer
C019137,2023-03-29,DE,organic,consumer
C019138,2023-03-29,US,affiliate,consumer
C019139,2023-03-29,AU,paid_social,consumer
C019140,2023-03-29,US,paid_search,consumer
C019141,2023-03-29,AU,affiliate,consumer
C019142,2023-03-29,US,referral,consumer
C019143,2023-03-29,AU,referral,consumer
C019144,2023-03-29,US,referral,small_business
C019145,2023-03-29,US,paid_social,small_business
C019146,2023-03-29,US,affiliate,consumer
C019147,2023-03-29,US,organic,consumer
C019148,2023-03-29,US,paid_search,consumer
C019149,2023-03-29,DE,paid_search,consumer
C019150,2023-03-29,US,paid_search,consumer
C019151,2023-03-29,US,organic,consumer
C019152,2023-03-29,GB,affiliate,consumer
C019153,2023-03-29,US,organic,consumer
C019154,2023-03-29,GB,paid_search,consumer
C019155,2023-03-29,US,referral,consumer
C019156,2023-03-29,US,paid_social,consumer
C019157,2023-03-29,CA,organic,small_business
C019158,2023-03-29,US,paid_social,small_business
C019159,2023-03-29,DE,organic,consumer
C019160,2023-03-29,US,paid_social,consumer
C019161,2023-03-29,US,affiliate,consumer
C019162,2023-03-29,US,referral,consumer
C019163,2023-03-29,GB,affiliate,enterprise
C019164,2023-03-29,US,organic,consumer
C019165,2023-03-29,US,organic,consumer
C019166,2023-03-29,GB,affiliate,small_business
C019167,2023-03-29,US,organic,consumer
C019168,2023-03-29,US,affiliate,consumer
C019169,2023-03-29,US,organic,consumer
C019170,2023-03-29,US,organic,small_business
C019171,2023-03-29,US,paid_search,consumer
C019172,2023-03-29,US,paid_search,consumer
C019173,2023-03-29,US,referral,consumer
C019174,2023-03-29,AU,organic,consumer
C019175,2023-03-29,GB,paid_search,consumer
C019176,2023-03-29,US,organic,consumer
C019177,2023-03-29,DE,paid_social,consumer
C019178,2023-03-29,US,affiliate,consumer
C019179,2023-03-29,US,affiliate,small_business
C019180,2023-03-29,DE,organic,consumer
C019181,2023-03-29,US,paid_social,consumer
C019182,2023-03-29,GB,affiliate,consumer
C019183,2023-03-29,US,referral,consumer
C019184,2023-03-29,AU,referral,small_business
C019185,2023-03-29,US,paid_social,consumer
C019186,2023-03-29,GB,paid_social,small_business
C019187,2023-03-29,US,affiliate,consumer
C019188,2023-03-29,US,organic,enterprise
C019189,2023-03-29,US,referral,consumer
C019190,2023-03-29,US,paid_search,consumer
C019191,2023-03-29,CA,organic,small_business
C019192,2023-03-29,US,paid_social,consumer
C019193,2023-03-29,US,paid_social,consumer
C019194,2023-03-29,AU,affiliate,consumer
C019195,2023-03-29,GB,referral,enterprise
C019196,2023-03-29,CA,paid_social,consumer
C019197,2023-03-29,US,referral,consumer
C019198,2023-03-29,US,organic,consumer
C019199,2023-03-29,AU,paid_search,consumer
C019200,2023-03-29,CA,organic,consumer
C019201,2023-03-29,US,paid_search,small_business
C019202,2023-03-29,AU,paid_social,consumer
C019203,2023-03-29,GB,paid_social,consumer
C019204,2023-03-29,US,organic,consumer
C019205,2023-03-29,US,affiliate,consumer
C019206,2023-03-29,US,paid_search,consumer
C019207,2023-03-29,US,paid_social,consumer
C019208,2023-03-29,US,organic,consumer
C019209,2023-03-29,US,referral,consumer
C019210,2023-03-29,US,paid_social,consumer
C019211,2023-03-29,US,organic,consumer
C019212,2023-03-29,AU,paid_social,small_business
C019213,2023-03-29,US,referral,consumer
C019214,2023-03-29,CA,organic,consumer
C019215,2023-03-29,US,paid_social,consumer
C019216,2023-03-29,US,paid_search,consumer
C019217,2023-03-29,GB,affiliate,consumer
C019218,2023-03-29,US,paid_social,consumer
C019219,2023-03-29,US,paid_search,consumer
C019220,2023-03-29,AU,paid_search,consumer
C019221,2023-03-29,US,referral,consumer
C019222,2023-03-29,US,organic,consumer
C019223,2023-03-29,US,paid_social,consumer
C019224,2023-03-29,AU,referral,consumer
C019225,2023-03-29,US,paid_search,small_business
C019226,2023-03-29,GB,paid_social,small_business
C019227,2023-03-29,AU,paid_social,small_business
C019228,2023-03-29,US,paid_social,consumer
C019229,2023-03-29,CA,referral,consumer
C019230,2023-03-29,AU,referral,consumer
C019231,2023-03-29,DE,paid_search,enterprise
C019232,2023-03-29,US,affiliate,small_business
C019233,2023-03-29,US,paid_search,consumer
C019234,2023-03-29,CA,paid_social,consumer
C019235,2023-03-29,US,paid_social,consumer
C019236,2023-03-29,GB,affiliate,consumer
C019237,2023-03-29,US,paid_search,consumer
C019238,2023-03-29,US,paid_search,small_business
C019239,2023-03-29,US,paid_social,consumer
C019240,2023-03-29,US,referral,consumer
C019241,2023-03-29,US,organic,consumer
C019242,2023-03-29,US,paid_search,consumer
C019243,2023-03-29,AU,paid_search,consumer
C019244,2023-03-29,CA,paid_search,consumer
C019245,2023-03-29,AU,affiliate,small_business
C019246,2023-03-29,DE,paid_search,consumer
C019247,2023-03-29,US,organic,consumer
C019248,2023-03-29,US,organic,consumer
C019249,2023-03-29,US,paid_search,small_business
C019250,2023-03-29,US,paid_social,consumer
C019251,2023-03-29,US,referral,consumer
C019252,2023-03-29,US,paid_social,consumer
C019253,2023-03-29,AU,affiliate,consumer
C019254,2023-03-29,CA,referral,consumer
C019255,2023-03-29,GB,referral,consumer
C019256,2023-03-29,US,paid_search,small_business
C019257,2023-03-29,CA,organic,enterprise
C019258,2023-03-29,GB,referral,consumer
C019259,2023-03-29,CA,organic,consumer
C019260,2023-03-29,US,paid_social,consumer
C019261,2023-03-29,US,paid_search,consumer
C019262,2023-03-29,DE,affiliate,consumer
C019263,2023-03-29,US,paid_search,consumer
C019264,2023-03-29,US,organic,consumer
C019265,2023-03-29,DE,referral,small_business
C019266,2023-03-29,US,organic,consumer
C019267,2023-03-29,GB,organic,consumer
C019268,2023-03-29,US,paid_social,consumer
C019269,2023-03-29,US,paid_social,consumer
C019270,2023-03-29,US,paid_search,consumer
C019271,2023-03-29,US,affiliate,consumer
C019272,2023-03-29,DE,paid_search,consumer
C019273,2023-03-29,US,paid_social,consumer
C019274,2023-03-29,US,affiliate,consumer
C019275,2023-03-29,DE,paid_social,consumer
C019276,2023-03-29,US,paid_search,small_business
C019277,2023-03-29,US,organic,consumer
C019278,2023-03-29,US,referral,consumer
C019279,2023-03-29,US,organic,consumer
C019280,2023-03-29,US,organic,consumer
C019281,2023-03-29,AU,paid_search,consumer
C019282,2023-03-29,US,organic,consumer
C019283,2023-03-29,US,paid_search,consumer
C019284,2023-03-29,US,paid_search,small_business
C019285,2023-03-29,US,organic,consumer
C019286,2023-03-29,US,organic,small_business
C019287,2023-03-29,US,organic,consumer
C019288,2023-03-29,CA,referral,consumer
C019289,2023-03-29,CA,organic,consumer
C019290,2023-03-29,DE,referral,consumer
C019291,2023-03-29,DE,paid_search,consumer
C019292,2023-03-29,US,paid_social,consumer
C019293,2023-03-29,US,referral,consumer
C019294,2023-03-29,US,paid_social,small_business
C019295,2023-03-29,US,paid_social,consumer
C019296,2023-03-29,US,organic,small_business
C019297,2023-03-29,DE,paid_search,small_business
C019298,2023-03-29,US,paid_search,small_business
C019299,2023-03-29,GB,paid_search,small_business
C019300,2023-03-29,CA,paid_search,consumer
C019301,2023-03-29,US,paid_social,small_business
C019302,2023-03-29,US,paid_search,consumer
C019303,2023-03-29,US,paid_search,small_business
C019304,2023-03-29,CA,organic,consumer
C019305,2023-03-29,US,paid_search,consumer
C019306,2023-03-29,US,organic,consumer
C019307,2023-03-29,CA,referral,small_business
C019308,2023-03-29,US,paid_search,consumer
C019309,2023-03-29,US,organic,consumer
C019310,2023-03-29,US,paid_search,consumer
C019311,2023-03-29,US,paid_search,consumer
C019312,2023-03-29,US,paid_search,consumer
C019313,2023-03-29,GB,organic,small_business
C019314,2023-03-29,US,paid_social,consumer
C019315,2023-03-29,US,affiliate,small_business
C019316,2023-03-29,US,paid_search,consumer
C019317,2023-03-29,US,organic,consumer
C019318,2023-03-29,CA,paid_social,consumer
C019319,2023-03-29,US,organic,consumer
C019320,2023-03-29,US,paid_search,consumer
C019321,2023-03-29,US,paid_social,consumer
C019322,2023-03-29,DE,paid_search,consumer
C019323,2023-03-29,GB,paid_search,consumer
C019324,2023-03-29,US,organic,consumer
C019325,2023-03-29,US,referral,consumer
C019326,2023-03-29,US,paid_search,small_business
C019327,2023-03-29,US,paid_social,consumer
C019328,2023-03-29,US,referral,consumer
C019329,2023-03-29,AU,paid_social,consumer
C019330,2023-03-29,US,referral,consumer
C019331,2023-03-29,US,paid_social,consumer
C019332,2023-03-29,US,paid_social,consumer
C019333,2023-03-29,US,organic,consumer
C019334,2023-03-29,US,paid_search,consumer
C019335,2023-03-29,AU,organic,consumer
C019336,2023-03-29,US,paid_search,small_business
C019337,2023-03-29,US,affiliate,consumer
C019338,2023-03-29,US,organic,consumer
C019339,2023-03-29,US,organic,consumer
C019340,2023-03-29,GB,referral,consumer
C019341,2023-03-29,US,organic,consumer
C019342,2023-03-30,US,paid_search,consumer
C019343,2023-03-30,DE,paid_search,consumer
C019344,2023-03-30,GB,paid_social,consumer
C019345,2023-03-30,US,organic,consumer
C019346,2023-03-30,US,referral,small_business
C019347,2023-03-30,US,organic,consumer
C019348,2023-03-30,US,referral,consumer
C019349,2023-03-30,US,paid_search,consumer
C019350,2023-03-30,US,organic,small_business
C019351,2023-03-30,GB,paid_social,consumer
C019352,2023-03-30,AU,organic,consumer
C019353,2023-03-30,DE,paid_search,enterprise
C019354,2023-03-30,US,paid_search,consumer
C019355,2023-03-30,US,paid_search,consumer
C019356,2023-03-30,AU,referral,consumer
C019357,2023-03-30,US,referral,consumer
C019358,2023-03-30,AU,organic,consumer
C019359,2023-03-30,US,organic,consumer
C019360,2023-03-30,GB,affiliate,consumer
C019361,2023-03-30,CA,paid_social,consumer
C019362,2023-03-30,CA,paid_social,consumer
C019363,2023-03-30,GB,organic,consumer
C019364,2023-03-30,US,referral,consumer
C019365,2023-03-30,DE,organic,consumer
C019366,2023-03-30,AU,paid_search,consumer
C019367,2023-03-30,US,organic,consumer
C019368,2023-03-30,US,paid_search,consumer
C019369,2023-03-30,US,paid_social,consumer
C019370,2023-03-30,GB,paid_search,small_business
C019371,2023-03-30,US,organic,enterprise
C019372,2023-03-30,US,paid_search,consumer
C019373,2023-03-30,CA,organic,consumer
C019374,2023-03-30,GB,organic,consumer
C019375,2023-03-30,US,paid_social,consumer
C019376,2023-03-30,CA,paid_search,small_business
C019377,2023-03-30,GB,paid_search,consumer
C019378,2023-03-30,GB,organic,consumer
C019379,2023-03-30,CA,affiliate,consumer
C019380,2023-03-30,US,organic,consumer
C019381,2023-03-30,US,paid_search,consumer
C019382,2023-03-30,US,organic,consumer
C019383,2023-03-30,US,paid_search,small_business
C019384,2023-03-30,US,paid_search,small_business
C019385,2023-03-30,DE,organic,consumer
C019386,2023-03-30,AU,paid_search,consumer
C019387,2023-03-30,US,paid_search,consumer
C019388,2023-03-30,US,affiliate,small_business
C019389,2023-03-30,US,organic,consumer
C019390,2023-03-30,US,paid_social,consumer
C019391,2023-03-30,CA,referral,consumer
C019392,2023-03-30,US,organic,consumer
C019393,2023-03-30,US,organic,small_business
C019394,2023-03-30,US,referral,consumer
C019395,2023-03-30,US,organic,small_business
C019396,2023-03-30,US,affiliate,consumer
C019397,2023-03-30,US,organic,small_business
C019398,2023-03-30,US,paid_social,consumer
C019399,2023-03-30,US,referral,consumer
C019400,2023-03-30,US,organic,consumer
C019401,2023-03-30,US,paid_search,consumer
C019402,2023-03-30,US,paid_social,consumer
C019403,2023-03-30,US,referral,small_business
C019404,2023-03-30,GB,referral,consumer
C019405,2023-03-30,US,paid_social,small_business
C019406,2023-03-30,US,organic,consumer
C019407,2023-03-30,US,organic,consumer
C019408,2023-03-30,AU,referral,consumer
C019409,2023-03-30,US,paid_search,consumer
C019410,2023-03-30,US,paid_social,consumer
C019411,2023-03-30,US,paid_search,consumer
C019412,2023-03-30,GB,paid_search,consumer
C019413,2023-03-30,DE,organic,consumer
C019414,2023-03-30,US,organic,consumer
C019415,2023-03-30,GB,organic,consumer
C019416,2023-03-30,CA,referral,small_business
C019417,2023-03-30,GB,paid_social,consumer
C019418,2023-03-30,US,paid_social,consumer
C019419,2023-03-30,DE,referral,consumer
C019420,2023-03-30,AU,paid_social,consumer
C019421,2023-03-30,US,paid_search,consumer
C019422,2023-03-30,US,referral,consumer
C019423,2023-03-30,AU,paid_social,consumer
C019424,2023-03-30,US,affiliate,consumer
C019425,2023-03-30,CA,paid_search,consumer
C019426,2023-03-30,US,affiliate,small_business
C019427,2023-03-30,US,paid_search,small_business
C019428,2023-03-30,CA,paid_search,small_business
C019429,2023-03-30,US,paid_social,consumer
C019430,2023-03-30,GB,paid_search,small_business
C019431,2023-03-30,US,paid_search,consumer
C019432,2023-03-30,US,referral,consumer
C019433,2023-03-30,US,paid_social,consumer
C019434,2023-03-30,US,paid_search,consumer
C019435,2023-03-30,US,organic,consumer
C019436,2023-03-30,CA,paid_search,consumer
C019437,2023-03-30,CA,paid_search,consumer
C019438,2023-03-30,US,paid_search,small_business
C019439,2023-03-30,US,paid_social,consumer
C019440,2023-03-30,US,paid_social,consumer
C019441,2023-03-30,US,paid_search,consumer
C019442,2023-03-30,US,organic,consumer
C019443,2023-03-30,US,paid_social,consumer
C019444,2023-03-30,AU,affiliate,consumer
C019445,2023-03-30,US,paid_social,consumer
C019446,2023-03-30,US,paid_social,consumer
C019447,2023-03-30,US,referral,consumer
C019448,2023-03-30,US,affiliate,consumer
C019449,2023-03-30,US,affiliate,consumer
C019450,2023-03-30,US,organic,consumer
C019451,2023-03-30,US,referral,consumer
C019452,2023-03-30,DE,organic,consumer
C019453,2023-03-30,US,organic,consumer
C019454,2023-03-30,GB,paid_social,consumer
C019455,2023-03-30,AU,organic,small_business
C019456,2023-03-30,US,paid_search,consumer
C019457,2023-03-30,US,organic,consumer
C019458,2023-03-30,US,affiliate,small_business
C019459,2023-03-30,US,referral,consumer
C019460,2023-03-30,US,organic,small_business
C019461,2023-03-30,US,paid_search,consumer
C019462,2023-03-30,US,paid_search,consumer
C019463,2023-03-30,US,organic,consumer
C019464,2023-03-30,US,paid_social,consumer
C019465,2023-03-30,US,organic,consumer
C019466,2023-03-30,AU,organic,small_business
C019467,2023-03-30,US,paid_search,consumer
C019468,2023-03-30,AU,paid_search,consumer
C019469,2023-03-30,CA,paid_search,consumer
C019470,2023-03-30,US,organic,small_business
C019471,2023-03-30,US,paid_social,consumer
C019472,2023-03-30,CA,organic,small_business
C019473,2023-03-30,DE,paid_social,consumer
C019474,2023-03-30,US,paid_search,consumer
C019475,2023-03-30,US,affiliate,small_business
C019476,2023-03-30,US,paid_search,small_business
C019477,2023-03-30,US,organic,consumer
C019478,2023-03-30,US,paid_social,consumer
C019479,2023-03-30,GB,organic,consumer
C019480,2023-03-30,US,paid_social,consumer
C019481,2023-03-30,US,referral,consumer
C019482,2023-03-30,US,affiliate,consumer
C019483,2023-03-30,US,organic,consumer
C019484,2023-03-30,US,affiliate,consumer
C019485,2023-03-30,CA,paid_search,consumer
C019486,2023-03-30,US,paid_social,consumer
C019487,2023-03-30,US,paid_social,consumer
C019488,2023-03-30,US,affiliate,consumer
C019489,2023-03-30,US,organic,consumer
C019490,2023-03-30,CA,organic,consumer
C019491,2023-03-30,US,organic,consumer
C019492,2023-03-30,GB,affiliate,small_business
C019493,2023-03-30,AU,organic,small_business
C019494,2023-03-30,US,paid_social,consumer
C019495,2023-03-30,DE,organic,small_business
C019496,2023-03-30,US,referral,consumer
C019497,2023-03-30,US,affiliate,enterprise
C019498,2023-03-30,US,paid_search,small_business
C019499,2023-03-30,US,organic,consumer
C019500,2023-03-30,US,organic,consumer
C019501,2023-03-30,DE,organic,consumer
C019502,2023-03-30,GB,referral,consumer
C019503,2023-03-30,DE,paid_social,consumer
C019504,2023-03-30,US,organic,consumer
C019505,2023-03-30,US,paid_social,consumer
C019506,2023-03-30,US,paid_social,small_business
C019507,2023-03-30,US,referral,consumer
C019508,2023-03-30,US,paid_search,small_business
C019509,2023-03-30,US,organic,consumer
C019510,2023-03-30,GB,referral,small_business
C019511,2023-03-30,US,paid_social,consumer
C019512,2023-03-30,US,paid_search,consumer
C019513,2023-03-30,US,organic,consumer
C019514,2023-03-30,US,referral,consumer
C019515,2023-03-30,US,organic,consumer
C019516,2023-03-30,US,affiliate,small_business
C019517,2023-03-30,US,paid_search,consumer
C019518,2023-03-30,US,paid_search,consumer
C019519,2023-03-30,US,paid_search,consumer
C019520,2023-03-30,US,paid_search,consumer
C019521,2023-03-30,CA,organic,small_business
C019522,2023-03-30,US,paid_search,consumer
C019523,2023-03-30,US,organic,consumer
C019524,2023-03-30,DE,organic,small_business
C019525,2023-03-30,US,paid_social,consumer
C019526,2023-03-30,US,paid_social,consumer
C019527,2023-03-30,US,referral,consumer
C019528,2023-03-30,US,affiliate,consumer
C019529,2023-03-30,GB,organic,consumer
C019530,2023-03-30,US,referral,consumer
C019531,2023-03-30,US,paid_search,consumer
C019532,2023-03-30,US,organic,consumer
C019533,2023-03-30,US,paid_search,consumer
C019534,2023-03-30,AU,organic,small_business
C019535,2023-03-30,AU,paid_social,consumer
C019536,2023-03-30,DE,referral,consumer
C019537,2023-03-30,DE,referral,consumer
C019538,2023-03-30,US,organic,consumer
C019539,2023-03-30,US,paid_search,consumer
C019540,2023-03-30,CA,paid_search,small_business
C019541,2023-03-30,US,paid_social,small_business
C019542,2023-03-30,CA,referral,consumer
C019543,2023-03-30,US,paid_search,consumer
C019544,2023-03-30,US,paid_search,consumer
C019545,2023-03-30,US,affiliate,consumer
C019546,2023-03-30,US,organic,small_business
C019547,2023-03-30,US,organic,consumer
C019548,2023-03-30,US,paid_search,small_business
C019549,2023-03-30,CA,paid_social,consumer
C019550,2023-03-30,US,organic,consumer
C019551,2023-03-30,DE,paid_search,consumer
C019552,2023-03-30,US,organic,consumer
C019553,2023-03-30,GB,paid_social,consumer
C019554,2023-03-30,US,paid_social,consumer
C019555,2023-03-30,US,paid_social,consumer
C019556,2023-03-30,CA,paid_social,small_business
C019557,2023-03-30,GB,paid_social,consumer
C019558,2023-03-30,US,organic,enterprise
C019559,2023-03-30,US,organic,consumer
C019560,2023-03-30,AU,organic,consumer
C019561,2023-03-30,US,organic,consumer
C019562,2023-03-31,CA,organic,consumer
C019563,2023-03-31,GB,organic,small_business
C019564,2023-03-31,US,referral,consumer
C019565,2023-03-31,US,referral,consumer
C019566,2023-03-31,US,referral,small_business
C019567,2023-03-31,DE,referral,consumer
C019568,2023-03-31,US,paid_social,consumer
C019569,2023-03-31,AU,referral,consumer
C019570,2023-03-31,US,affiliate,consumer
C019571,2023-03-31,US,organic,enterprise
C019572,2023-03-31,US,referral,consumer
C019573,2023-03-31,CA,referral,consumer
C019574,2023-03-31,US,affiliate,consumer
C019575,2023-03-31,CA,referral,consumer
C019576,2023-03-31,US,organic,consumer
C019577,2023-03-31,CA,organic,consumer
C019578,2023-03-31,US,organic,consumer
C019579,2023-03-31,GB,paid_search,consumer
C019580,2023-03-31,US,affiliate,small_business
C019581,2023-03-31,GB,paid_search,consumer
C019582,2023-03-31,US,paid_social,consumer
C019583,2023-03-31,US,organic,consumer
C019584,2023-03-31,US,paid_social,consumer
C019585,2023-03-31,US,paid_search,consumer
C019586,2023-03-31,DE,organic,consumer
C019587,2023-03-31,US,organic,enterprise
C019588,2023-03-31,CA,paid_search,small_business
C019589,2023-03-31,US,paid_social,consumer
C019590,2023-03-31,US,organic,small_business
C019591,2023-03-31,CA,organic,consumer
C019592,2023-03-31,CA,organic,consumer
C019593,2023-03-31,AU,organic,consumer
C019594,2023-03-31,US,organic,consumer
C019595,2023-03-31,AU,referral,enterprise
C019596,2023-03-31,US,organic,consumer
C019597,2023-03-31,US,paid_search,consumer
C019598,2023-03-31,US,paid_social,consumer
C019599,2023-03-31,US,paid_search,small_business
C019600,2023-03-31,US,organic,small_business
C019601,2023-03-31,US,paid_social,small_business
C019602,2023-03-31,US,paid_search,consumer
C019603,2023-03-31,US,paid_search,consumer
C019604,2023-03-31,US,affiliate,consumer
C019605,2023-03-31,AU,paid_search,consumer
C019606,2023-03-31,US,organic,consumer
C019607,2023-03-31,US,organic,consumer
C019608,2023-03-31,US,organic,consumer
C019609,2023-03-31,US,referral,consumer
C019610,2023-03-31,US,paid_search,consumer
C019611,2023-03-31,US,paid_search,consumer
C019612,2023-03-31,DE,referral,consumer
C019613,2023-03-31,DE,organic,consumer
C019614,2023-03-31,AU,organic,consumer
C019615,2023-03-31,US,paid_search,consumer
C019616,2023-03-31,US,paid_search,consumer
C019617,2023-03-31,DE,paid_search,consumer
C019618,2023-03-31,AU,organic,consumer
C019619,2023-03-31,US,paid_social,consumer
C019620,2023-03-31,US,affiliate,consumer
C019621,2023-03-31,US,organic,consumer
C019622,2023-03-31,GB,paid_social,small_business
C019623,2023-03-31,US,organic,consumer
C019624,2023-03-31,US,paid_search,small_business
C019625,2023-03-31,CA,organic,consumer
C019626,2023-03-31,US,organic,consumer
C019627,2023-03-31,US,paid_social,consumer
C019628,2023-03-31,AU,organic,consumer
C019629,2023-03-31,US,organic,small_business
C019630,2023-03-31,US,affiliate,consumer
C019631,2023-03-31,US,paid_social,consumer
C019632,2023-03-31,US,paid_social,consumer
C019633,2023-03-31,US,affiliate,small_business
C019634,2023-03-31,US,affiliate,consumer
C019635,2023-03-31,US,organic,consumer
C019636,2023-03-31,US,organic,consumer
C019637,2023-03-31,AU,paid_search,consumer
C019638,2023-03-31,CA,organic,consumer
C019639,2023-03-31,GB,organic,consumer
C019640,2023-03-31,US,paid_search,consumer
C019641,2023-03-31,US,paid_social,consumer
C019642,2023-03-31,CA,referral,consumer
C019643,2023-03-31,DE,organic,small_business
C019644,2023-03-31,US,affiliate,consumer
C019645,2023-03-31,US,organic,consumer
C019646,2023-03-31,GB,referral,consumer
C019647,2023-03-31,DE,paid_social,consumer
C019648,2023-03-31,DE,affiliate,consumer
C019649,2023-03-31,US,paid_search,small_business
C019650,2023-03-31,US,paid_search,consumer
C019651,2023-03-31,US,paid_search,consumer
C019652,2023-03-31,AU,paid_search,consumer
C019653,2023-03-31,US,referral,consumer
C019654,2023-03-31,US,affiliate,consumer
C019655,2023-03-31,US,organic,consumer
C019656,2023-03-31,US,organic,consumer
C019657,2023-03-31,US,organic,consumer
C019658,2023-03-31,US,organic,consumer
C019659,2023-03-31,US,paid_social,consumer
C019660,2023-03-31,US,organic,consumer
C019661,2023-03-31,US,organic,consumer
C019662,2023-03-31,CA,paid_social,consumer
C019663,2023-03-31,US,paid_search,consumer
C019664,2023-03-31,US,paid_search,consumer
C019665,2023-03-31,DE,organic,consumer
C019666,2023-03-31,GB,paid_social,consumer
C019667,2023-03-31,US,paid_search,consumer
C019668,2023-03-31,US,affiliate,consumer
C019669,2023-03-31,US,paid_search,consumer
C019670,2023-03-31,GB,paid_search,small_business
C019671,2023-03-31,DE,organic,consumer
C019672,2023-03-31,DE,paid_search,small_business
C019673,2023-03-31,US,organic,consumer
C019674,2023-03-31,AU,paid_social,consumer
C019675,2023-03-31,US,paid_search,consumer
C019676,2023-03-31,US,paid_search,consumer
C019677,2023-03-31,US,paid_social,consumer
C019678,2023-03-31,CA,paid_search,consumer
C019679,2023-03-31,US,organic,consumer
C019680,2023-03-31,US,organic,consumer
C019681,2023-03-31,CA,paid_social,consumer
C019682,2023-03-31,US,referral,consumer
C019683,2023-03-31,DE,paid_search,small_business
C019684,2023-03-31,US,organic,consumer
C019685,2023-03-31,US,paid_search,consumer
C019686,2023-03-31,DE,paid_search,consumer
C019687,2023-03-31,US,paid_search,enterprise
C019688,2023-03-31,GB,affiliate,consumer
C019689,2023-03-31,US,organic,enterprise
C019690,2023-03-31,US,referral,small_business
C019691,2023-03-31,US,referral,consumer
C019692,2023-03-31,AU,paid_search,consumer
C019693,2023-03-31,GB,paid_social,consumer
C019694,2023-03-31,DE,paid_search,consumer
C019695,2023-03-31,US,affiliate,consumer
C019696,2023-03-31,US,affiliate,consumer
C019697,2023-03-31,CA,organic,small_business
C019698,2023-03-31,US,referral,consumer
C019699,2023-03-31,AU,organic,consumer
C019700,2023-03-31,US,organic,consumer
C019701,2023-03-31,CA,paid_search,consumer
C019702,2023-03-31,US,paid_social,consumer
C019703,2023-03-31,US,referral,consumer
C019704,2023-03-31,US,paid_social,enterprise
C019705,2023-03-31,GB,affiliate,consumer
C019706,2023-03-31,US,paid_social,small_business
C019707,2023-03-31,US,paid_social,consumer
C019708,2023-03-31,US,organic,consumer
C019709,2023-03-31,US,organic,consumer
C019710,2023-03-31,GB,organic,consumer
C019711,2023-03-31,CA,paid_search,consumer
C019712,2023-03-31,CA,organic,enterprise
C019713,2023-03-31,US,referral,consumer
C019714,2023-03-31,US,organic,consumer
C019715,2023-03-31,US,paid_search,consumer
C019716,2023-03-31,US,paid_search,consumer
C019717,2023-03-31,CA,organic,consumer
C019718,2023-03-31,US,paid_social,consumer
C019719,2023-03-31,GB,paid_search,consumer
C019720,2023-03-31,US,organic,consumer
C019721,2023-03-31,US,organic,consumer
C019722,2023-03-31,US,paid_search,consumer
C019723,2023-03-31,US,organic,consumer
C019724,2023-03-31,US,paid_search,consumer
C019725,2023-03-31,CA,paid_search,consumer
C019726,2023-03-31,GB,paid_social,consumer
C019727,2023-03-31,US,referral,consumer
C019728,2023-03-31,US,paid_social,small_business
C019729,2023-03-31,GB,affiliate,consumer
C019730,2023-03-31,AU,paid_social,consumer
C019731,2023-03-31,US,paid_social,small_business
C019732,2023-03-31,DE,paid_social,consumer
C019733,2023-03-31,US,organic,consumer
C019734,2023-03-31,DE,paid_search,consumer
C019735,2023-03-31,AU,paid_social,consumer
C019736,2023-03-31,US,paid_search,consumer
C019737,2023-03-31,US,paid_social,consumer
C019738,2023-03-31,GB,affiliate,small_business
C019739,2023-03-31,DE,referral,consumer
C019740,2023-03-31,US,organic,consumer
C019741,2023-03-31,GB,paid_social,small_business
C019742,2023-03-31,CA,paid_search,consumer
C019743,2023-03-31,US,organic,consumer
C019744,2023-03-31,CA,paid_search,consumer
C019745,2023-03-31,US,paid_social,consumer
C019746,2023-03-31,DE,referral,consumer
C019747,2023-03-31,GB,referral,small_business
C019748,2023-03-31,US,paid_search,consumer
C019749,2023-03-31,US,paid_search,consumer
C019750,2023-03-31,US,organic,consumer
C019751,2023-03-31,US,organic,consumer
C019752,2023-03-31,AU,organic,consumer
C019753,2023-03-31,US,paid_search,consumer
C019754,2023-03-31,DE,organic,small_business
C019755,2023-03-31,US,referral,small_business
C019756,2023-03-31,US,organic,consumer
C019757,2023-03-31,DE,organic,consumer
C019758,2023-03-31,US,paid_search,consumer
C019759,2023-03-31,US,affiliate,consumer
C019760,2023-03-31,AU,affiliate,consumer
C019761,2023-03-31,CA,paid_search,consumer
C019762,2023-03-31,US,paid_search,small_business
C019763,2023-03-31,US,organic,consumer
C019764,2023-03-31,US,paid_social,consumer
C019765,2023-03-31,CA,paid_search,consumer
C019766,2023-03-31,GB,organic,consumer
C019767,2023-03-31,AU,organic,consumer
C019768,2023-03-31,GB,affiliate,small_business
C019769,2023-03-31,GB,paid_search,consumer
C019770,2023-03-31,US,paid_social,consumer
C019771,2023-03-31,GB,paid_search,enterprise
C019772,2023-03-31,US,organic,consumer
C019773,2023-03-31,US,paid_social,consumer
C019774,2023-03-31,US,referral,consumer
C019775,2023-03-31,DE,paid_search,small_business
C019776,2023-03-31,US,paid_social,consumer
C019777,2023-03-31,US,affiliate,consumer
C019778,2023-03-31,US,paid_social,consumer
C019779,2023-03-31,US,referral,small_business
C019780,2023-03-31,DE,affiliate,consumer
C019781,2023-03-31,CA,organic,consumer
C019782,2023-04-01,AU,paid_search,small_business
C019783,2023-04-01,US,paid_search,small_business
C019784,2023-04-01,DE,paid_search,consumer
C019785,2023-04-01,DE,paid_social,consumer
C019786,2023-04-01,US,paid_search,enterprise
C019787,2023-04-01,US,paid_social,consumer
C019788,2023-04-01,US,referral,consumer
C019789,2023-04-01,DE,paid_search,consumer
C019790,2023-04-01,DE,organic,consumer
C019791,2023-04-01,US,referral,consumer
C019792,2023-04-01,US,paid_search,enterprise
C019793,2023-04-01,US,paid_social,consumer
C019794,2023-04-01,US,paid_search,consumer
C019795,2023-04-01,GB,organic,consumer
C019796,2023-04-01,US,organic,consumer
C019797,2023-04-01,AU,affiliate,consumer
C019798,2023-04-01,US,paid_social,consumer
C019799,2023-04-01,US,organic,consumer
C019800,2023-04-01,US,paid_search,small_business
C019801,2023-04-01,CA,paid_search,consumer
C019802,2023-04-01,US,paid_social,small_business
C019803,2023-04-01,US,organic,consumer
C019804,2023-04-01,US,referral,consumer
C019805,2023-04-01,US,organic,consumer
C019806,2023-04-01,US,referral,consumer
C019807,2023-04-01,US,paid_social,consumer
C019808,2023-04-01,US,paid_search,consumer
C019809,2023-04-01,US,referral,small_business
C019810,2023-04-01,US,paid_social,consumer
C019811,2023-04-01,US,paid_search,consumer
C019812,2023-04-01,US,organic,consumer
C019813,2023-04-01,US,paid_search,consumer
C019814,2023-04-01,AU,referral,consumer
C019815,2023-04-01,US,affiliate,consumer
C019816,2023-04-01,GB,paid_social,consumer
C019817,2023-04-01,CA,organic,consumer
C019818,2023-04-01,US,organic,consumer
C019819,2023-04-01,CA,paid_search,consumer
C019820,2023-04-01,US,affiliate,consumer
C019821,2023-04-01,US,paid_social,consumer
C019822,2023-04-01,DE,paid_social,consumer
C019823,2023-04-01,US,paid_social,consumer
C019824,2023-04-01,US,paid_search,consumer
C019825,2023-04-01,US,paid_social,consumer
C019826,2023-04-01,AU,referral,consumer
C019827,2023-04-01,US,paid_search,consumer
C019828,2023-04-01,US,referral,consumer
C019829,2023-04-01,US,paid_social,consumer
C019830,2023-04-01,US,paid_social,consumer
C019831,2023-04-01,GB,organic,consumer
C019832,2023-04-01,US,organic,consumer
C019833,2023-04-01,US,paid_social,small_business
C019834,2023-04-01,US,paid_social,consumer
C019835,2023-04-01,DE,organic,consumer
C019836,2023-04-01,CA,paid_search,consumer
C019837,2023-04-01,US,organic,consumer
C019838,2023-04-01,GB,organic,consumer
C019839,2023-04-01,US,organic,consumer
C019840,2023-04-01,GB,organic,consumer
C019841,2023-04-01,US,paid_search,consumer
C019842,2023-04-01,US,paid_search,small_business
C019843,2023-04-01,CA,paid_search,consumer
C019844,2023-04-01,CA,organic,small_business
C019845,2023-04-01,GB,paid_social,consumer
C019846,2023-04-01,US,organic,consumer
C019847,2023-04-01,CA,paid_search,consumer
C019848,2023-04-01,US,referral,consumer
C019849,2023-04-01,DE,affiliate,consumer
C019850,2023-04-01,US,paid_search,enterprise
C019851,2023-04-01,US,paid_search,consumer
C019852,2023-04-01,US,paid_search,consumer
C019853,2023-04-01,US,referral,consumer
C019854,2023-04-01,CA,affiliate,consumer
C019855,2023-04-01,US,paid_social,consumer
C019856,2023-04-01,US,organic,consumer
C019857,2023-04-01,AU,organic,consumer
C019858,2023-04-01,US,organic,consumer
C019859,2023-04-01,US,organic,consumer
C019860,2023-04-01,US,organic,small_business
C019861,2023-04-01,DE,paid_social,small_business
C019862,2023-04-01,US,organic,consumer
C019863,2023-04-01,US,paid_search,consumer
C019864,2023-04-01,CA,organic,consumer
C019865,2023-04-01,GB,paid_search,consumer
C019866,2023-04-01,US,paid_social,consumer
C019867,2023-04-01,US,organic,consumer
C019868,2023-04-01,US,paid_search,small_business
C019869,2023-04-01,DE,organic,consumer
C019870,2023-04-01,CA,paid_social,consumer
C019871,2023-04-01,US,paid_search,consumer
C019872,2023-04-01,AU,organic,consumer
C019873,2023-04-01,CA,referral,consumer
C019874,2023-04-01,CA,paid_search,consumer
C019875,2023-04-01,GB,organic,enterprise
C019876,2023-04-01,AU,referral,consumer
C019877,2023-04-01,US,referral,consumer
C019878,2023-04-01,US,paid_search,consumer
C019879,2023-04-01,US,organic,small_business
C019880,2023-04-01,GB,paid_search,small_business
C019881,2023-04-01,US,paid_social,enterprise
C019882,2023-04-01,CA,affiliate,consumer
C019883,2023-04-01,GB,organic,consumer
C019884,2023-04-01,US,organic,consumer
C019885,2023-04-01,GB,organic,consumer
C019886,2023-04-01,US,paid_social,small_business
C019887,2023-04-01,DE,paid_search,consumer
C019888,2023-04-01,US,referral,small_business
C019889,2023-04-01,US,paid_search,consumer
C019890,2023-04-01,US,organic,consumer
C019891,2023-04-01,US,paid_search,consumer
C019892,2023-04-01,US,paid_social,enterprise
C019893,2023-04-01,US,organic,consumer
C019894,2023-04-01,US,paid_search,consumer
C019895,2023-04-01,US,paid_social,consumer
C019896,2023-04-01,US,paid_search,consumer
C019897,2023-04-01,US,paid_search,consumer
C019898,2023-04-01,US,paid_search,consumer
C019899,2023-04-01,US,affiliate,consumer
C019900,2023-04-01,AU,paid_search,consumer
C019901,2023-04-01,US,paid_social,consumer
C019902,2023-04-01,US,paid_social,consumer
C019903,2023-04-01,US,paid_social,consumer
C019904,2023-04-01,US,paid_search,enterprise
C019905,2023-04-01,US,organic,consumer
C019906,2023-04-01,US,referral,consumer
C019907,2023-04-01,US,paid_social,consumer
C019908,2023-04-01,CA,paid_search,consumer
C019909,2023-04-01,US,paid_social,consumer
C019910,2023-04-01,US,paid_social,consumer
C019911,2023-04-01,US,paid_search,consumer
C019912,2023-04-01,AU,affiliate,small_business
C019913,2023-04-01,AU,paid_social,consumer
C019914,2023-04-01,US,referral,consumer
C019915,2023-04-01,US,referral,consumer
C019916,2023-04-01,AU,paid_social,consumer
C019917,2023-04-01,US,paid_search,consumer
C019918,2023-04-01,US,affiliate,consumer
C019919,2023-04-01,US,organic,consumer
C019920,2023-04-01,US,paid_social,consumer
C019921,2023-04-01,US,referral,small_business
C019922,2023-04-01,US,paid_search,consumer
C019923,2023-04-01,US,paid_social,consumer
C019924,2023-04-01,CA,paid_search,consumer
C019925,2023-04-01,CA,organic,enterprise
C019926,2023-04-01,AU,paid_social,consumer
C019927,2023-04-01,CA,paid_search,consumer
C019928,2023-04-01,CA,organic,consumer
C019929,2023-04-01,US,organic,consumer
C019930,2023-04-01,CA,organic,consumer
C019931,2023-04-01,US,affiliate,consumer
C019932,2023-04-01,US,paid_search,small_business
C019933,2023-04-01,CA,organic,consumer
C019934,2023-04-01,US,affiliate,consumer
C019935,2023-04-01,US,referral,consumer
C019936,2023-04-01,GB,organic,consumer
C019937,2023-04-01,AU,affiliate,consumer
C019938,2023-04-01,CA,referral,consumer
C019939,2023-04-01,US,organic,small_business
C019940,2023-04-01,US,organic,enterprise
C019941,2023-04-01,CA,paid_social,enterprise
C019942,2023-04-01,US,paid_search,consumer
C019943,2023-04-01,US,referral,consumer
C019944,2023-04-01,US,paid_search,small_business
C019945,2023-04-01,US,paid_search,consumer
C019946,2023-04-01,US,referral,consumer
C019947,2023-04-01,AU,paid_social,consumer
C019948,2023-04-01,AU,paid_social,consumer
C019949,2023-04-01,US,organic,consumer
C019950,2023-04-01,US,organic,enterprise
C019951,2023-04-01,US,paid_social,consumer
C019952,2023-04-01,US,paid_search,consumer
C019953,2023-04-01,US,paid_social,consumer
C019954,2023-04-01,CA,paid_search,consumer
C019955,2023-04-01,US,paid_search,consumer
C019956,2023-04-01,DE,paid_search,small_business
C019957,2023-04-01,GB,paid_search,consumer
C019958,2023-04-01,US,paid_search,consumer
C019959,2023-04-01,US,organic,small_business
C019960,2023-04-01,US,paid_social,consumer
C019961,2023-04-01,US,organic,consumer
C019962,2023-04-01,US,organic,consumer
C019963,2023-04-01,GB,organic,consumer
C019964,2023-04-01,US,organic,consumer
C019965,2023-04-01,US,organic,consumer
C019966,2023-04-01,US,paid_social,small_business
C019967,2023-04-01,CA,referral,consumer
C019968,2023-04-01,US,paid_search,consumer
C019969,2023-04-01,US,affiliate,consumer
C019970,2023-04-01,US,referral,consumer
C019971,2023-04-01,GB,organic,consumer
C019972,2023-04-01,US,paid_search,consumer
C019973,2023-04-01,US,paid_social,small_business
C019974,2023-04-01,US,paid_search,consumer
C019975,2023-04-01,US,paid_search,small_business
C019976,2023-04-01,DE,paid_search,consumer
C019977,2023-04-01,US,paid_search,small_business
C019978,2023-04-01,US,organic,consumer
C019979,2023-04-01,AU,organic,small_business
C019980,2023-04-01,US,organic,consumer
C019981,2023-04-01,US,paid_search,consumer
C019982,2023-04-01,US,paid_search,consumer
C019983,2023-04-01,US,organic,consumer
C019984,2023-04-01,AU,paid_search,small_business
C019985,2023-04-01,CA,organic,consumer
C019986,2023-04-01,US,paid_social,small_business
C019987,2023-04-01,US,affiliate,small_business
C019988,2023-04-01,US,paid_search,consumer
C019989,2023-04-01,DE,paid_search,consumer
C019990,2023-04-01,GB,paid_search,consumer
C019991,2023-04-01,US,paid_social,enterprise
C019992,2023-04-01,US,organic,consumer
C019993,2023-04-01,US,paid_social,consumer
C019994,2023-04-01,CA,paid_search,consumer
C019995,2023-04-01,US,organic,consumer
C019996,2023-04-01,US,referral,consumer
C019997,2023-04-01,US,paid_search,consumer
C019998,2023-04-01,US,referral,consumer
C019999,2023-04-01,AU,organic,consumer
C020000,2023-04-01,US,paid_search,small_business
