refund_id,payment_id,order_id,refunded_at,refund_reason,amount
R000001,PAY0000016,O0000013,2025-07-20T18:11:46Z,damaged,34.50
R000002,PAY0000021,O0000018,2024-11-28T09:21:28Z,customer_return,1672.37
R000003,PAY0000032,O0000029,2023-04-01T15:50:20Z,duplicate,74.50
R000004,PAY0000040,O0000037,2023-08-11T19:50:45Z,customer_return,112.90
R000005,PAY0000041,O0000038,2024-10-21T06:30:39Z,late_delivery,560.70
R000006,PAY0000070,O0000065,2025-03-14T19:25:25Z,late_delivery,446.36
R000007,PAY0000079,O0000074,2023-01-30T22:05:40Z,duplicate,1370.80
R000008,PAY0000088,O0000083,2023-04-10T22:39:59Z,damaged,185.47
R000009,PAY0000100,O0000095,2025-01-25T16:06:19Z,damaged,12.44
R000010,PAY0000107,O0000102,2024-03-15T10:58:22Z,duplicate,51.19
R000011,PAY0000114,O0000108,2024-04-08T18:55:00Z,late_delivery,1072.69
R000012,PAY0000157,O0000150,2025-06-10T08:33:24Z,customer_return,797.18
R000013,PAY0000171,O0000164,2024-04-17T08:58:41Z,customer_return,345.47
R000014,PAY0000180,O0000172,2023-01-09T06:34:34Z,duplicate,821.54
R000015,PAY0000188,O0000179,2025-12-18T15:31:21Z,duplicate,38.60
R000016,PAY0000197,O0000187,2023-02-25T05:14:11Z,damaged,969.09
R000017,PAY0000205,O0000195,2024-03-02T23:23:03Z,duplicate,105.29
R000018,PAY0000219,O0000208,2025-06-18T13:05:53Z,late_delivery,1432.20
R000019,PAY0000264,O0000249,2025-05-10T06:59:29Z,late_delivery,83.35
R000020,PAY0000285,O0000270,2025-12-31T23:58:51Z,duplicate,1114.22
R000021,PAY0000288,O0000273,2023-07-19T00:26:44Z,customer_return,546.16
R000022,PAY0000291,O0000276,2024-09-13T20:24:21Z,damaged,41.68
R000023,PAY0000295,O0000280,2023-12-12T02:44:07Z,damaged,25.52
R000024,PAY0000336,O0000320,2024-12-08T11:49:11Z,damaged,360.45
R000025,PAY0000358,O0000341,2025-03-15T06:58:45Z,duplicate,0.17
R000026,PAY0000366,O0000349,2025-04-08T15:43:47Z,damaged,41.40
R000027,PAY0000409,O0000388,2025-11-12T14:52:19Z,duplicate,1408.24
R000028,PAY0000412,O0000390,2023-06-12T05:28:11Z,customer_return,292.40
R000029,PAY0000421,O0000399,2025-09-18T14:56:48Z,customer_return,1287.94
R000030,PAY0000433,O0000410,2025-06-17T12:48:50Z,damaged,416.68
R000031,PAY0000451,O0000426,2023-07-02T12:00:23Z,duplicate,1228.91
R000032,PAY0000455,O0000429,2024-08-12T07:44:26Z,late_delivery,306.75
R000033,PAY0000457,O0000431,2024-05-04T06:48:50Z,late_delivery,51.40
R000034,PAY0000459,O0000433,2024-08-22T05:22:34Z,damaged,305.64
R000035,PAY0000468,O0000441,2025-02-03T18:00:36Z,late_delivery,14.51
R000036,PAY0000482,O0000454,2024-05-06T00:25:09Z,customer_return,231.39
R000037,PAY0000500,O0000472,2023-01-21T10:07:09Z,late_delivery,776.44
R000038,PAY0000509,O0000480,2023-08-31T01:26:19Z,damaged,83.29
R000039,PAY0000514,O0000485,2025-10-31T10:15:39Z,damaged,71.44
R000040,PAY0000536,O0000507,2023-04-30T19:11:21Z,late_delivery,1678.62
R000041,PAY0000538,O0000509,2025-10-01T02:06:35Z,duplicate,14.51
R000042,PAY0000547,O0000517,2025-04-28T08:24:45Z,duplicate,160.74
R000043,PAY0000553,O0000523,2024-04-05T02:01:22Z,duplicate,1162.32
R000044,PAY0000557,O0000526,2024-05-29T17:04:29Z,late_delivery,54.19
R000045,PAY0000593,O0000560,2024-09-24T07:21:36Z,late_delivery,141.12
R000046,PAY0000635,O0000600,2023-05-02T19:33:32Z,customer_return,734.95
R000047,PAY0000646,O0000609,2023-05-02T11:40:25Z,duplicate,88.20
R000048,PAY0000647,O0000610,2025-10-20T23:52:10Z,duplicate,43.87
R000049,PAY0000652,O0000615,2023-02-16T06:05:50Z,duplicate,621.48
R000050,PAY0000672,O0000634,2024-11-05T05:58:09Z,customer_return,294.72
R000051,PAY0000693,O0000654,2024-02-20T04:14:08Z,customer_return,543.81
R000052,PAY0000694,O0000655,2023-03-30T12:14:02Z,customer_return,758.32
R000053,PAY0000727,O0000686,2025-08-18T16:01:41Z,late_delivery,352.05
R000054,PAY0000744,O0000702,2023-07-15T17:03:05Z,damaged,319.05
R000055,PAY0000756,O0000713,2025-05-17T21:28:24Z,damaged,384.86
R000056,PAY0000761,O0000718,2023-10-18T03:54:31Z,damaged,1039.30
R000057,PAY0000764,O0000721,2023-10-12T07:26:08Z,late_delivery,209.78
R000058,PAY0000788,O0000744,2025-06-19T14:53:22Z,duplicate,582.23
R000059,PAY0000793,O0000749,2025-01-08T12:00:22Z,late_delivery,495.84
R000060,PAY0000798,O0000754,2025-10-26T13:43:44Z,late_delivery,162.89
R000061,PAY0000804,O0000759,2024-09-30T22:40:37Z,late_delivery,84.63
R000062,PAY0000819,O0000773,2024-01-01T14:13:35Z,damaged,573.43
R000063,PAY0000836,O0000790,2024-07-06T19:29:58Z,damaged,465.93
R000064,PAY0000850,O0000803,2024-11-19T20:28:10Z,late_delivery,5.92
R000065,PAY0000863,O0000815,2023-05-07T11:19:03Z,customer_return,254.26
R000066,PAY0000880,O0000831,2024-11-06T07:45:56Z,duplicate,520.95
R000067,PAY0000895,O0000846,2024-04-07T13:22:34Z,duplicate,400.36
R000068,PAY0000901,O0000851,2024-06-27T02:57:56Z,duplicate,395.78
R000069,PAY0000903,O0000853,2023-04-12T05:55:03Z,late_delivery,63.64
R000070,PAY0000907,O0000856,2024-12-22T23:19:51Z,duplicate,988.26
R000071,PAY0000934,O0000881,2023-12-01T19:46:54Z,damaged,980.99
R000072,PAY0000941,O0000888,2024-11-24T20:48:51Z,duplicate,287.49
R000073,PAY0000950,O0000897,2025-12-25T21:53:42Z,damaged,310.75
R000074,PAY0000959,O0000906,2025-11-08T06:54:17Z,duplicate,66.73
R000075,PAY0000961,O0000908,2023-01-10T18:23:05Z,late_delivery,1085.49
R000076,PAY0000965,O0000912,2024-11-04T08:11:18Z,damaged,148.62
R000077,PAY0000971,O0000918,2023-05-18T17:28:55Z,late_delivery,660.47
R000078,PAY0001001,O0000945,2024-05-17T22:53:18Z,duplicate,779.01
R000079,PAY0001006,O0000949,2024-02-24T10:17:09Z,customer_return,236.64
R000080,PAY0001029,O0000971,2023-06-10T06:40:35Z,customer_return,292.52
R000081,PAY0001034,O0000976,2024-02-29T07:03:51Z,damaged,222.92
R000082,PAY0001037,O0000979,2025-04-19T13:47:42Z,damaged,221.35
R000083,PAY0001057,O0000998,2024-11-06T18:36:43Z,customer_return,567.85
R000084,PAY0001085,O0001026,2024-07-20T04:43:21Z,customer_return,216.22
R000085,PAY0001099,O0001039,2023-12-06T16:50:31Z,customer_return,107.50
R000086,PAY0001107,O0001046,2024-10-08T09:53:38Z,damaged,260.25
R000087,PAY0001108,O0001047,2025-02-05T13:55:21Z,duplicate,171.62
R000088,PAY0001109,O0001048,2025-09-12T08:49:55Z,duplicate,5.73
R000089,PAY0001111,O0001050,2025-07-12T23:15:33Z,customer_return,284.38
R000090,PAY0001112,O0001051,2024-02-07T07:30:17Z,customer_return,1302.10
R000091,PAY0001141,O0001079,2024-09-21T20:36:12Z,duplicate,1589.53
R000092,PAY0001162,O0001100,2023-08-28T16:16:17Z,customer_return,396.22
R000093,PAY0001166,O0001104,2023-08-13T07:58:39Z,duplicate,281.23
R000094,PAY0001197,O0001134,2023-02-26T00:58:33Z,customer_return,190.57
R000095,PAY0001199,O0001136,2024-04-28T17:29:10Z,duplicate,1885.11
R000096,PAY0001219,O0001154,2023-04-21T16:59:12Z,duplicate,92.99
R000097,PAY0001251,O0001185,2025-12-02T00:19:59Z,duplicate,1221.70
R000098,PAY0001268,O0001201,2023-07-29T07:59:11Z,duplicate,252.03
R000099,PAY0001289,O0001221,2025-12-11T16:08:08Z,late_delivery,155.50
R000100,PAY0001297,O0001229,2023-06-19T13:54:22Z,duplicate,174.06
R000101,PAY0001304,O0001236,2024-08-28T09:45:56Z,duplicate,1100.94
R000102,PAY0001308,O0001240,2023-07-03T10:52:29Z,damaged,205.21
R000103,PAY0001322,O0001253,2024-07-19T09:40:40Z,customer_return,649.83
R000104,PAY0001326,O0001257,2023-03-28T16:27:30Z,late_delivery,67.66
R000105,PAY0001348,O0001277,2024-08-11T06:59:38Z,duplicate,22.49
R000106,PAY0001372,O0001300,2023-10-29T12:00:29Z,damaged,632.69
R000107,PAY0001388,O0001315,2024-12-10T14:17:36Z,customer_return,1278.80
R000108,PAY0001416,O0001343,2024-12-25T07:22:40Z,customer_return,39.12
R000109,PAY0001430,O0001355,2024-11-28T16:30:14Z,damaged,71.53
R000110,PAY0001436,O0001361,2025-07-22T11:48:56Z,damaged,729.52
R000111,PAY0001438,O0001363,2023-01-08T03:05:14Z,duplicate,407.23
R000112,PAY0001444,O0001369,2024-12-25T08:49:38Z,duplicate,934.37
R000113,PAY0001446,O0001371,2025-04-16T16:31:42Z,customer_return,97.41
R000114,PAY0001451,O0001376,2023-07-17T20:40:38Z,late_delivery,328.79
R000115,PAY0001460,O0001383,2023-07-01T13:01:21Z,damaged,198.66
R000116,PAY0001470,O0001393,2024-08-26T17:03:41Z,customer_return,4.01
R000117,PAY0001482,O0001404,2023-04-11T23:04:15Z,late_delivery,1649.94
R000118,PAY0001484,O0001405,2025-02-13T12:19:52Z,damaged,360.95
R000119,PAY0001485,O0001406,2023-12-01T13:04:30Z,customer_return,780.30
R000120,PAY0001492,O0001413,2025-04-02T04:27:52Z,customer_return,218.74
R000121,PAY0001497,O0001418,2024-05-24T09:36:16Z,customer_return,602.77
R000122,PAY0001506,O0001427,2025-02-10T03:09:09Z,damaged,783.36
R000123,PAY0001511,O0001432,2025-10-20T11:20:43Z,damaged,109.71
R000124,PAY0001512,O0001433,2025-06-18T10:37:00Z,customer_return,1048.01
R000125,PAY0001516,O0001437,2024-08-17T10:08:30Z,late_delivery,105.43
R000126,PAY0001526,O0001446,2023-06-28T22:05:28Z,duplicate,50.90
R000127,PAY0001542,O0001462,2025-11-14T00:47:29Z,customer_return,272.83
R000128,PAY0001561,O0001480,2025-06-02T17:07:44Z,damaged,29.70
R000129,PAY0001567,O0001486,2023-06-22T00:13:02Z,damaged,107.45
R000130,PAY0001572,O0001491,2025-01-03T00:30:39Z,customer_return,895.82
R000131,PAY0001608,O0001525,2025-07-07T05:19:43Z,customer_return,387.67
R000132,PAY0001614,O0001531,2024-10-08T23:46:01Z,customer_return,237.05
R000133,PAY0001623,O0001540,2025-08-20T01:42:13Z,damaged,913.37
R000134,PAY0001625,O0001542,2023-02-27T12:24:39Z,duplicate,573.12
R000135,PAY0001637,O0001554,2025-01-13T02:48:27Z,late_delivery,1.22
R000136,PAY0001649,O0001566,2023-10-03T23:24:52Z,late_delivery,77.61
R000137,PAY0001658,O0001575,2023-12-01T05:38:41Z,customer_return,666.78
R000138,PAY0001659,O0001576,2025-09-22T00:19:17Z,duplicate,96.14
R000139,PAY0001665,O0001581,2024-10-11T08:58:29Z,late_delivery,40.32
R000140,PAY0001721,O0001635,2025-01-27T21:19:28Z,late_delivery,319.98
R000141,PAY0001739,O0001652,2023-06-10T11:48:18Z,customer_return,404.62
R000142,PAY0001756,O0001666,2023-06-10T21:13:45Z,customer_return,332.43
R000143,PAY0001769,O0001678,2023-10-03T12:30:52Z,damaged,74.60
R000144,PAY0001771,O0001680,2023-07-07T23:29:38Z,customer_return,231.10
R000145,PAY0001777,O0001686,2025-05-22T02:26:53Z,late_delivery,22.92
R000146,PAY0001789,O0001697,2023-09-17T01:44:48Z,late_delivery,69.60
R000147,PAY0001821,O0001728,2024-11-06T20:22:16Z,damaged,71.57
R000148,PAY0001828,O0001734,2023-02-04T01:09:58Z,late_delivery,251.60
R000149,PAY0001831,O0001737,2023-03-28T08:53:20Z,late_delivery,544.33
R000150,PAY0001839,O0001744,2024-10-15T14:18:55Z,damaged,518.02
R000151,PAY0001856,O0001760,2024-03-26T17:40:34Z,late_delivery,506.15
R000152,PAY0001863,O0001767,2024-07-01T01:18:39Z,damaged,133.23
R000153,PAY0001871,O0001775,2023-10-03T14:08:16Z,duplicate,244.71
R000154,PAY0001898,O0001802,2025-09-18T21:14:07Z,damaged,153.34
R000155,PAY0001913,O0001817,2025-06-22T14:16:39Z,duplicate,89.19
R000156,PAY0001920,O0001824,2025-08-06T04:04:05Z,customer_return,867.90
R000157,PAY0001921,O0001825,2023-01-09T08:51:56Z,customer_return,559.76
R000158,PAY0001924,O0001827,2023-11-09T09:20:36Z,damaged,1211.50
R000159,PAY0001988,O0001887,2025-12-03T04:09:40Z,damaged,351.08
R000160,PAY0002015,O0001912,2025-05-01T02:39:06Z,late_delivery,707.58
R000161,PAY0002046,O0001941,2024-12-21T07:04:59Z,damaged,751.16
R000162,PAY0002048,O0001942,2025-12-20T07:22:14Z,duplicate,912.72
R000163,PAY0002053,O0001947,2023-02-01T20:10:58Z,customer_return,1068.17
R000164,PAY0002066,O0001959,2024-11-03T15:57:32Z,late_delivery,181.92
R000165,PAY0002069,O0001962,2023-12-10T22:42:58Z,customer_return,803.49
R000166,PAY0002091,O0001983,2025-01-03T05:20:24Z,customer_return,104.68
R000167,PAY0002102,O0001994,2025-12-27T11:01:02Z,late_delivery,855.46
R000168,PAY0002115,O0002007,2023-08-28T10:22:15Z,customer_return,638.96
R000169,PAY0002141,O0002032,2023-08-20T09:14:53Z,damaged,166.47
R000170,PAY0002166,O0002055,2023-03-15T02:23:16Z,damaged,957.53
R000171,PAY0002184,O0002073,2025-08-03T23:17:28Z,late_delivery,496.29
R000172,PAY0002185,O0002074,2023-04-15T13:40:00Z,duplicate,108.66
R000173,PAY0002225,O0002111,2025-06-28T11:10:30Z,customer_return,1019.16
R000174,PAY0002228,O0002113,2025-05-09T17:16:07Z,duplicate,1475.63
R000175,PAY0002238,O0002123,2023-08-13T05:08:45Z,duplicate,1043.42
R000176,PAY0002250,O0002134,2024-11-20T06:09:28Z,customer_return,1754.70
R000177,PAY0002254,O0002138,2025-07-04T04:04:41Z,damaged,902.67
R000178,PAY0002257,O0002141,2024-09-13T06:25:32Z,duplicate,1511.17
R000179,PAY0002266,O0002150,2023-12-05T05:20:22Z,customer_return,587.45
R000180,PAY0002318,O0002200,2024-03-19T01:57:24Z,customer_return,629.42
R000181,PAY0002354,O0002233,2025-12-31T10:32:38Z,late_delivery,104.20
R000182,PAY0002397,O0002273,2024-09-10T08:34:24Z,customer_return,297.25
R000183,PAY0002405,O0002281,2024-01-31T20:27:52Z,customer_return,369.10
R000184,PAY0002413,O0002288,2024-08-12T18:43:42Z,duplicate,1354.37
R000185,PAY0002414,O0002289,2023-02-13T13:37:24Z,duplicate,30.88
R000186,PAY0002428,O0002302,2023-12-20T17:48:10Z,late_delivery,1260.13
R000187,PAY0002445,O0002319,2023-02-10T04:55:05Z,customer_return,244.96
R000188,PAY0002453,O0002327,2025-01-18T00:19:12Z,damaged,1800.60
R000189,PAY0002479,O0002353,2025-01-15T18:45:40Z,duplicate,621.95
R000190,PAY0002489,O0002363,2024-01-19T19:57:56Z,late_delivery,162.30
R000191,PAY0002501,O0002373,2024-02-26T05:47:21Z,damaged,22.81
R000192,PAY0002503,O0002375,2023-01-26T23:18:26Z,damaged,264.23
R000193,PAY0002507,O0002379,2023-06-10T12:32:08Z,customer_return,930.60
R000194,PAY0002542,O0002414,2023-05-29T13:40:14Z,customer_return,513.12
R000195,PAY0002558,O0002430,2025-06-15T16:07:04Z,duplicate,268.39
R000196,PAY0002570,O0002442,2025-05-15T22:28:38Z,customer_return,467.75
R000197,PAY0002571,O0002443,2024-07-17T21:45:11Z,late_delivery,258.16
R000198,PAY0002572,O0002444,2024-09-04T15:08:45Z,customer_return,171.89
R000199,PAY0002593,O0002465,2023-12-30T11:14:15Z,customer_return,423.03
R000200,PAY0002605,O0002475,2025-11-19T00:33:56Z,late_delivery,44.79
R000201,PAY0002627,O0002497,2025-05-23T23:22:09Z,duplicate,276.37
R000202,PAY0002628,O0002498,2023-09-23T13:39:13Z,damaged,912.14
R000203,PAY0002643,O0002513,2023-01-27T14:23:58Z,damaged,206.76
R000204,PAY0002662,O0002530,2024-01-30T10:27:39Z,customer_return,398.10
R000205,PAY0002680,O0002547,2024-07-01T10:44:00Z,customer_return,426.58
R000206,PAY0002682,O0002549,2025-12-15T22:37:54Z,late_delivery,303.50
R000207,PAY0002690,O0002557,2024-03-30T23:15:18Z,customer_return,809.06
R000208,PAY0002706,O0002572,2023-11-06T06:31:00Z,damaged,427.39
R000209,PAY0002716,O0002582,2023-05-12T07:15:20Z,damaged,261.14
R000210,PAY0002734,O0002597,2023-09-19T06:21:52Z,duplicate,885.05
R000211,PAY0002740,O0002603,2025-11-29T09:27:30Z,duplicate,574.45
R000212,PAY0002750,O0002613,2025-02-16T14:30:02Z,customer_return,902.74
R000213,PAY0002752,O0002615,2025-04-17T20:07:41Z,customer_return,116.28
R000214,PAY0002753,O0002616,2023-04-24T09:29:46Z,duplicate,398.29
R000215,PAY0002754,O0002617,2024-07-22T00:26:50Z,damaged,701.13
R000216,PAY0002788,O0002649,2025-03-01T02:54:44Z,duplicate,619.43
R000217,PAY0002808,O0002668,2024-06-28T12:37:25Z,late_delivery,968.98
R000218,PAY0002816,O0002676,2025-05-21T15:55:38Z,late_delivery,579.00
R000219,PAY0002836,O0002695,2025-12-31T01:23:47Z,duplicate,408.07
R000220,PAY0002838,O0002696,2023-06-04T09:50:42Z,customer_return,30.77
R000221,PAY0002841,O0002699,2023-09-09T03:20:07Z,late_delivery,510.10
R000222,PAY0002842,O0002700,2024-07-19T19:02:49Z,duplicate,894.08
R000223,PAY0002846,O0002704,2023-03-07T20:51:50Z,duplicate,41.96
R000224,PAY0002847,O0002705,2025-01-27T00:46:43Z,late_delivery,132.34
R000225,PAY0002854,O0002712,2024-07-12T16:01:44Z,damaged,428.09
R000226,PAY0002855,O0002713,2024-04-22T16:25:33Z,late_delivery,5.24
R000227,PAY0002858,O0002716,2025-02-08T08:33:49Z,damaged,332.81
R000228,PAY0002876,O0002732,2023-07-20T05:17:56Z,customer_return,456.27
R000229,PAY0002881,O0002737,2024-06-07T14:42:04Z,damaged,69.84
R000230,PAY0002890,O0002746,2024-06-03T12:41:12Z,duplicate,105.19
R000231,PAY0002902,O0002758,2023-05-23T08:43:58Z,damaged,43.79
R000232,PAY0002909,O0002765,2025-09-01T21:35:49Z,duplicate,218.97
R000233,PAY0002916,O0002772,2023-05-13T10:04:27Z,customer_return,85.20
R000234,PAY0002919,O0002775,2023-04-25T09:14:46Z,customer_return,394.87
R000235,PAY0002942,O0002796,2023-07-28T13:18:02Z,damaged,224.64
R000236,PAY0002957,O0002811,2025-11-06T23:16:34Z,damaged,146.61
R000237,PAY0002975,O0002829,2025-01-29T01:35:42Z,damaged,28.52
R000238,PAY0002978,O0002832,2023-06-12T00:21:42Z,customer_return,1015.12
R000239,PAY0002990,O0002844,2024-11-16T07:19:36Z,damaged,192.53
R000240,PAY0003001,O0002855,2023-07-09T13:49:15Z,duplicate,1280.47
R000241,PAY0003005,O0002858,2023-02-04T21:00:56Z,late_delivery,386.01
R000242,PAY0003017,O0002869,2025-03-15T21:56:24Z,damaged,363.83
R000243,PAY0003026,O0002878,2025-10-22T08:31:18Z,damaged,106.32
R000244,PAY0003052,O0002901,2025-06-09T11:30:06Z,customer_return,183.18
R000245,PAY0003053,O0002902,2024-08-22T09:09:21Z,duplicate,40.08
R000246,PAY0003058,O0002907,2025-12-06T04:19:13Z,late_delivery,1491.91
R000247,PAY0003059,O0002908,2024-08-30T04:38:35Z,customer_return,703.87
R000248,PAY0003066,O0002915,2025-09-04T05:51:01Z,duplicate,323.62
R000249,PAY0003067,O0002916,2024-11-06T19:55:32Z,late_delivery,62.57
R000250,PAY0003070,O0002919,2025-09-25T05:16:43Z,damaged,56.87
R000251,PAY0003085,O0002933,2025-09-25T05:19:37Z,damaged,988.21
R000252,PAY0003108,O0002953,2023-02-06T04:44:46Z,customer_return,178.77
R000253,PAY0003149,O0002992,2025-06-04T13:53:39Z,damaged,118.93
R000254,PAY0003162,O0003005,2024-01-08T11:50:24Z,late_delivery,232.35
R000255,PAY0003163,O0003006,2023-04-05T11:05:51Z,duplicate,1407.27
R000256,PAY0003178,O0003020,2024-04-11T19:43:40Z,duplicate,222.93
R000257,PAY0003186,O0003028,2023-06-25T08:18:40Z,damaged,410.58
R000258,PAY0003188,O0003030,2023-03-12T15:41:55Z,late_delivery,1016.41
R000259,PAY0003190,O0003031,2024-11-25T16:15:43Z,duplicate,12.62
R000260,PAY0003234,O0003074,2025-08-20T04:02:32Z,duplicate,19.36
R000261,PAY0003248,O0003088,2023-06-16T11:10:55Z,customer_return,131.74
R000262,PAY0003310,O0003148,2023-09-21T05:36:10Z,duplicate,33.87
R000263,PAY0003324,O0003162,2024-11-18T09:20:10Z,late_delivery,226.53
R000264,PAY0003347,O0003185,2025-10-01T14:07:16Z,duplicate,980.99
R000265,PAY0003350,O0003188,2023-04-22T09:44:40Z,late_delivery,406.68
R000266,PAY0003353,O0003191,2024-02-19T03:22:53Z,duplicate,129.64
R000267,PAY0003398,O0003233,2024-07-11T22:10:31Z,customer_return,26.48
R000268,PAY0003409,O0003244,2024-02-02T06:11:05Z,duplicate,160.79
R000269,PAY0003434,O0003268,2023-11-25T15:48:23Z,duplicate,52.10
R000270,PAY0003456,O0003289,2023-12-25T03:57:04Z,duplicate,334.95
R000271,PAY0003467,O0003300,2023-10-11T02:53:46Z,customer_return,184.28
R000272,PAY0003478,O0003311,2023-11-02T01:40:07Z,customer_return,149.17
R000273,PAY0003496,O0003327,2023-06-30T05:53:58Z,customer_return,257.19
R000274,PAY0003498,O0003329,2025-02-15T03:08:39Z,customer_return,194.51
R000275,PAY0003500,O0003331,2025-02-15T14:05:02Z,damaged,242.57
R000276,PAY0003501,O0003332,2024-12-25T23:46:28Z,damaged,15.96
R000277,PAY0003524,O0003355,2023-07-29T16:19:32Z,late_delivery,1197.76
R000278,PAY0003553,O0003382,2024-07-17T00:51:55Z,duplicate,152.66
R000279,PAY0003572,O0003401,2024-10-20T09:26:30Z,duplicate,106.15
R000280,PAY0003602,O0003431,2023-04-04T08:58:52Z,duplicate,220.11
R000281,PAY0003611,O0003439,2023-09-23T15:38:34Z,late_delivery,848.42
R000282,PAY0003612,O0003440,2025-03-26T03:33:01Z,duplicate,57.11
R000283,PAY0003619,O0003447,2024-06-30T03:02:59Z,late_delivery,960.60
R000284,PAY0003632,O0003459,2024-05-16T17:11:03Z,damaged,474.85
R000285,PAY0003634,O0003461,2024-07-16T08:14:49Z,customer_return,133.91
R000286,PAY0003637,O0003463,2023-12-23T19:10:02Z,duplicate,245.99
R000287,PAY0003645,O0003471,2025-01-14T00:28:34Z,duplicate,339.03
R000288,PAY0003663,O0003489,2023-09-16T15:14:49Z,damaged,27.36
R000289,PAY0003671,O0003496,2025-03-24T14:32:29Z,damaged,1201.92
R000290,PAY0003677,O0003501,2023-10-27T11:58:48Z,late_delivery,1236.37
R000291,PAY0003679,O0003503,2024-03-14T20:55:45Z,customer_return,261.46
R000292,PAY0003707,O0003528,2025-09-20T09:01:19Z,damaged,193.57
R000293,PAY0003723,O0003543,2025-03-22T01:03:56Z,damaged,851.32
R000294,PAY0003734,O0003553,2025-04-04T05:53:44Z,late_delivery,105.20
R000295,PAY0003784,O0003601,2025-01-05T11:53:03Z,late_delivery,454.12
R000296,PAY0003808,O0003623,2023-08-29T02:18:52Z,customer_return,297.30
R000297,PAY0003831,O0003644,2024-09-29T01:41:30Z,damaged,729.10
R000298,PAY0003834,O0003647,2024-12-06T16:04:35Z,damaged,143.79
R000299,PAY0003850,O0003662,2025-01-06T09:02:07Z,duplicate,771.08
R000300,PAY0003855,O0003666,2023-09-04T22:07:03Z,customer_return,232.47
R000301,PAY0003885,O0003692,2024-06-11T16:20:46Z,customer_return,681.44
R000302,PAY0003891,O0003698,2023-11-14T11:21:30Z,late_delivery,308.17
R000303,PAY0003913,O0003720,2025-03-12T01:17:31Z,duplicate,631.98
R000304,PAY0003920,O0003726,2023-05-07T21:19:31Z,damaged,301.92
R000305,PAY0003929,O0003735,2023-07-07T01:31:33Z,duplicate,297.89
R000306,PAY0003937,O0003743,2025-11-04T10:12:32Z,damaged,587.29
R000307,PAY0003956,O0003762,2025-12-31T19:00:39Z,duplicate,165.06
R000308,PAY0003967,O0003772,2023-02-09T01:37:31Z,customer_return,725.56
R000309,PAY0003973,O0003777,2024-05-01T23:20:33Z,late_delivery,150.29
R000310,PAY0003977,O0003781,2025-07-31T12:03:14Z,duplicate,365.73
R000311,PAY0003986,O0003789,2025-08-14T22:42:57Z,late_delivery,216.75
R000312,PAY0004000,O0003803,2023-10-11T08:21:19Z,duplicate,452.59
R000313,PAY0004003,O0003806,2023-06-19T17:04:24Z,customer_return,106.46
R000314,PAY0004020,O0003821,2023-03-26T04:47:38Z,damaged,1838.30
R000315,PAY0004029,O0003830,2024-06-17T16:22:03Z,duplicate,8.83
R000316,PAY0004034,O0003835,2024-09-23T22:23:43Z,damaged,357.98
R000317,PAY0004035,O0003836,2023-06-20T01:14:48Z,late_delivery,151.39
R000318,PAY0004036,O0003837,2023-10-13T15:45:08Z,damaged,15.70
R000319,PAY0004037,O0003838,2023-08-13T12:11:25Z,duplicate,1733.29
R000320,PAY0004073,O0003872,2024-01-29T02:19:26Z,customer_return,153.69
R000321,PAY0004076,O0003875,2023-03-04T15:02:31Z,customer_return,376.16
R000322,PAY0004079,O0003878,2024-07-16T12:15:07Z,duplicate,1019.43
R000323,PAY0004095,O0003894,2025-07-12T11:52:00Z,duplicate,708.42
R000324,PAY0004096,O0003895,2024-03-20T19:32:16Z,customer_return,59.34
R000325,PAY0004109,O0003907,2025-04-23T15:58:03Z,duplicate,1732.63
R000326,PAY0004145,O0003940,2024-07-01T19:21:40Z,damaged,1358.75
R000327,PAY0004162,O0003957,2023-07-10T23:52:38Z,late_delivery,153.79
R000328,PAY0004167,O0003961,2023-11-29T16:18:39Z,duplicate,454.37
R000329,PAY0004220,O0004012,2023-11-17T21:19:37Z,customer_return,45.03
R000330,PAY0004229,O0004020,2023-08-03T03:45:40Z,customer_return,1054.67
R000331,PAY0004258,O0004047,2024-04-13T21:08:46Z,damaged,1423.05
R000332,PAY0004283,O0004070,2024-03-31T16:19:28Z,duplicate,130.77
R000333,PAY0004284,O0004071,2024-08-28T17:18:29Z,late_delivery,1278.19
R000334,PAY0004289,O0004076,2023-08-18T14:14:15Z,damaged,319.92
R000335,PAY0004290,O0004077,2024-01-22T20:32:21Z,damaged,440.02
R000336,PAY0004348,O0004132,2025-10-15T08:32:56Z,late_delivery,504.58
R000337,PAY0004355,O0004139,2024-07-07T13:20:30Z,duplicate,180.43
R000338,PAY0004374,O0004158,2024-05-31T20:37:04Z,damaged,923.22
R000339,PAY0004377,O0004161,2025-01-15T12:22:27Z,customer_return,81.39
R000340,PAY0004382,O0004166,2025-11-28T19:43:41Z,late_delivery,227.25
R000341,PAY0004384,O0004168,2024-03-31T01:32:29Z,duplicate,94.51
R000342,PAY0004387,O0004171,2025-08-15T19:33:53Z,duplicate,247.91
R000343,PAY0004422,O0004205,2023-10-04T14:21:18Z,customer_return,834.62
R000344,PAY0004439,O0004221,2025-01-08T12:33:17Z,customer_return,2462.24
R000345,PAY0004440,O0004222,2024-12-09T15:53:51Z,duplicate,39.14
R000346,PAY0004452,O0004233,2024-11-24T10:55:53Z,late_delivery,1157.93
R000347,PAY0004467,O0004248,2023-09-25T19:11:46Z,customer_return,2394.17
R000348,PAY0004468,O0004249,2025-03-01T22:26:43Z,duplicate,795.95
R000349,PAY0004473,O0004254,2025-04-06T17:08:50Z,damaged,227.74
R000350,PAY0004476,O0004257,2023-06-30T17:21:59Z,damaged,949.42
R000351,PAY0004482,O0004263,2025-01-22T04:11:57Z,customer_return,22.51
R000352,PAY0004495,O0004276,2023-03-30T12:27:33Z,damaged,381.52
R000353,PAY0004506,O0004287,2025-11-13T11:39:49Z,duplicate,560.43
R000354,PAY0004543,O0004322,2024-05-21T04:03:35Z,damaged,271.67
R000355,PAY0004589,O0004367,2023-06-16T19:11:19Z,damaged,24.48
R000356,PAY0004594,O0004371,2023-04-29T12:02:28Z,customer_return,965.60
R000357,PAY0004619,O0004393,2023-07-26T02:20:04Z,late_delivery,227.00
R000358,PAY0004621,O0004395,2024-08-27T01:08:54Z,late_delivery,190.76
R000359,PAY0004657,O0004428,2023-08-28T23:11:16Z,duplicate,505.38
R000360,PAY0004673,O0004443,2023-05-12T16:00:17Z,customer_return,37.50
R000361,PAY0004704,O0004472,2023-03-07T20:13:47Z,duplicate,964.19
R000362,PAY0004707,O0004475,2024-08-30T12:49:15Z,duplicate,264.62
R000363,PAY0004731,O0004497,2024-09-07T23:18:16Z,customer_return,126.06
R000364,PAY0004733,O0004498,2024-04-02T16:48:51Z,damaged,314.90
R000365,PAY0004737,O0004502,2025-03-11T14:47:30Z,damaged,68.36
R000366,PAY0004740,O0004505,2025-12-04T18:04:40Z,customer_return,666.05
R000367,PAY0004786,O0004551,2025-03-10T19:00:29Z,damaged,23.91
R000368,PAY0004821,O0004585,2025-10-15T16:45:49Z,customer_return,993.37
R000369,PAY0004836,O0004599,2025-05-13T16:32:44Z,customer_return,1603.15
R000370,PAY0004844,O0004607,2023-05-14T05:28:53Z,late_delivery,350.49
R000371,PAY0004867,O0004628,2024-07-18T13:43:30Z,late_delivery,1118.04
R000372,PAY0004871,O0004632,2024-09-04T02:53:18Z,damaged,138.61
R000373,PAY0004896,O0004656,2025-04-01T08:27:27Z,duplicate,691.73
R000374,PAY0004899,O0004659,2025-04-13T21:04:10Z,customer_return,245.50
R000375,PAY0004902,O0004662,2024-10-15T07:52:19Z,late_delivery,587.90
R000376,PAY0004903,O0004663,2025-03-16T00:47:50Z,customer_return,1006.99
R000377,PAY0004918,O0004678,2023-10-30T04:17:27Z,duplicate,153.01
R000378,PAY0004921,O0004681,2025-09-05T08:55:49Z,damaged,68.62
R000379,PAY0004924,O0004684,2024-06-06T16:47:28Z,duplicate,296.33
R000380,PAY0004969,O0004726,2024-05-02T19:34:42Z,duplicate,815.70
R000381,PAY0004985,O0004742,2023-08-26T13:29:53Z,damaged,722.86
R000382,PAY0004994,O0004751,2025-01-03T02:56:50Z,duplicate,1025.34
R000383,PAY0005000,O0004756,2024-09-30T04:44:51Z,duplicate,387.69
R000384,PAY0005030,O0004785,2025-01-18T07:59:32Z,duplicate,312.96
R000385,PAY0005049,O0004803,2025-05-07T11:59:52Z,damaged,157.29
R000386,PAY0005054,O0004807,2025-04-15T04:58:18Z,customer_return,225.73
R000387,PAY0005093,O0004842,2023-06-27T18:33:47Z,customer_return,134.64
R000388,PAY0005106,O0004854,2025-08-04T02:09:17Z,late_delivery,1299.05
R000389,PAY0005112,O0004860,2025-06-12T18:11:25Z,duplicate,892.18
R000390,PAY0005114,O0004862,2024-04-10T19:25:16Z,customer_return,396.93
R000391,PAY0005118,O0004866,2023-12-20T13:10:04Z,damaged,778.16
R000392,PAY0005138,O0004885,2024-08-08T00:48:01Z,duplicate,310.04
R000393,PAY0005153,O0004900,2023-06-16T20:28:38Z,damaged,85.69
R000394,PAY0005179,O0004925,2023-11-04T06:19:27Z,damaged,488.21
R000395,PAY0005210,O0004953,2023-09-21T06:42:08Z,damaged,290.58
R000396,PAY0005226,O0004968,2024-04-05T05:31:44Z,duplicate,621.23
R000397,PAY0005232,O0004974,2023-10-05T10:25:16Z,customer_return,107.48
R000398,PAY0005241,O0004982,2023-07-07T23:10:26Z,damaged,837.80
R000399,PAY0005276,O0005015,2023-03-08T23:32:17Z,late_delivery,52.38
R000400,PAY0005277,O0005016,2023-03-05T05:14:20Z,late_delivery,265.45
R000401,PAY0005287,O0005026,2025-01-17T06:09:49Z,duplicate,875.11
R000402,PAY0005344,O0005079,2024-10-19T08:45:39Z,damaged,527.42
R000403,PAY0005346,O0005081,2024-11-28T18:41:54Z,customer_return,88.91
R000404,PAY0005365,O0005100,2024-07-24T04:51:28Z,late_delivery,9.48
R000405,PAY0005375,O0005109,2025-09-16T01:27:44Z,customer_return,617.85
R000406,PAY0005406,O0005139,2024-08-25T17:51:58Z,late_delivery,206.80
R000407,PAY0005407,O0005140,2025-07-11T20:25:50Z,late_delivery,214.31
R000408,PAY0005416,O0005148,2024-12-09T18:54:48Z,late_delivery,295.97
R000409,PAY0005446,O0005177,2025-06-24T06:06:59Z,damaged,292.29
R000410,PAY0005448,O0005179,2025-01-07T08:43:37Z,customer_return,861.56
R000411,PAY0005450,O0005180,2025-03-07T19:25:30Z,customer_return,456.18
R000412,PAY0005453,O0005183,2024-04-11T05:19:36Z,customer_return,313.40
R000413,PAY0005459,O0005189,2024-01-11T00:57:20Z,late_delivery,1696.94
R000414,PAY0005483,O0005211,2023-02-06T02:17:30Z,late_delivery,10.59
R000415,PAY0005501,O0005229,2024-01-23T01:21:10Z,damaged,468.85
R000416,PAY0005506,O0005234,2024-05-28T08:16:05Z,damaged,442.39
R000417,PAY0005525,O0005253,2025-09-08T12:03:02Z,duplicate,3.27
R000418,PAY0005531,O0005259,2025-04-20T08:34:41Z,duplicate,83.70
R000419,PAY0005581,O0005308,2023-03-14T15:32:44Z,customer_return,49.44
R000420,PAY0005598,O0005325,2025-06-12T04:51:04Z,late_delivery,10.98
R000421,PAY0005599,O0005326,2025-12-09T16:21:20Z,late_delivery,139.30
R000422,PAY0005616,O0005343,2023-10-06T23:25:26Z,late_delivery,1469.90
R000423,PAY0005617,O0005344,2025-02-05T00:50:36Z,customer_return,215.04
R000424,PAY0005623,O0005350,2024-08-19T06:53:22Z,damaged,317.82
R000425,PAY0005638,O0005363,2023-07-05T20:06:50Z,late_delivery,43.88
R000426,PAY0005656,O0005379,2023-12-24T22:21:43Z,duplicate,1287.81
R000427,PAY0005679,O0005402,2023-07-06T16:39:58Z,damaged,101.92
R000428,PAY0005682,O0005405,2023-04-07T02:08:55Z,customer_return,87.03
R000429,PAY0005698,O0005421,2025-04-14T07:23:52Z,late_delivery,389.07
R000430,PAY0005704,O0005426,2025-03-27T10:51:48Z,damaged,283.81
R000431,PAY0005717,O0005439,2024-05-01T12:44:54Z,damaged,4.23
R000432,PAY0005762,O0005484,2024-01-08T11:31:01Z,damaged,412.65
R000433,PAY0005776,O0005497,2025-07-31T19:24:00Z,duplicate,698.14
R000434,PAY0005777,O0005498,2025-06-26T08:29:03Z,late_delivery,67.50
R000435,PAY0005790,O0005511,2023-10-11T22:25:02Z,late_delivery,196.03
R000436,PAY0005819,O0005539,2024-12-14T16:23:10Z,duplicate,757.12
R000437,PAY0005827,O0005547,2025-04-17T00:55:37Z,late_delivery,390.53
R000438,PAY0005844,O0005560,2025-01-13T05:18:05Z,damaged,604.41
R000439,PAY0005862,O0005576,2023-09-08T10:04:17Z,customer_return,22.05
R000440,PAY0005865,O0005579,2023-12-01T16:03:45Z,customer_return,10.26
R000441,PAY0005881,O0005593,2023-04-04T02:04:20Z,damaged,445.04
R000442,PAY0005891,O0005603,2025-10-31T02:40:01Z,damaged,252.24
R000443,PAY0005905,O0005616,2024-05-24T10:27:45Z,late_delivery,451.79
R000444,PAY0005939,O0005648,2024-05-21T07:52:03Z,damaged,64.00
R000445,PAY0005941,O0005650,2025-04-29T08:13:58Z,late_delivery,955.37
R000446,PAY0005945,O0005654,2025-09-21T04:06:39Z,damaged,411.52
R000447,PAY0005948,O0005657,2023-10-25T22:32:37Z,damaged,533.75
R000448,PAY0005951,O0005660,2025-03-10T20:27:01Z,late_delivery,914.89
R000449,PAY0005964,O0005673,2025-11-05T01:34:22Z,damaged,517.39
R000450,PAY0005970,O0005679,2023-09-15T05:21:49Z,late_delivery,769.69
R000451,PAY0005984,O0005690,2023-12-01T00:30:08Z,customer_return,439.91
R000452,PAY0005985,O0005691,2024-01-01T02:40:23Z,duplicate,498.51
R000453,PAY0006008,O0005713,2023-12-01T00:23:05Z,duplicate,48.16
R000454,PAY0006011,O0005716,2024-09-16T04:07:15Z,late_delivery,461.33
R000455,PAY0006021,O0005726,2023-06-15T17:35:03Z,duplicate,288.46
R000456,PAY0006028,O0005733,2024-11-08T00:48:11Z,damaged,174.03
R000457,PAY0006052,O0005755,2023-02-26T23:20:56Z,damaged,62.39
R000458,PAY0006060,O0005762,2023-08-18T11:48:46Z,damaged,458.83
R000459,PAY0006064,O0005766,2023-03-03T14:43:18Z,customer_return,91.54
R000460,PAY0006066,O0005768,2024-05-28T00:18:43Z,customer_return,271.97
R000461,PAY0006072,O0005774,2023-11-16T05:05:15Z,damaged,112.29
R000462,PAY0006073,O0005775,2025-06-24T13:11:09Z,damaged,287.23
R000463,PAY0006090,O0005791,2023-04-11T17:42:45Z,damaged,363.70
R000464,PAY0006093,O0005794,2023-04-30T09:37:13Z,customer_return,482.84
R000465,PAY0006101,O0005801,2025-08-15T20:19:16Z,duplicate,1024.71
R000466,PAY0006109,O0005808,2025-12-12T07:35:47Z,duplicate,353.10
R000467,PAY0006130,O0005827,2024-08-29T02:10:41Z,customer_return,732.83
R000468,PAY0006131,O0005828,2023-06-06T11:30:03Z,damaged,278.14
R000469,PAY0006133,O0005830,2023-11-18T16:50:08Z,damaged,185.71
R000470,PAY0006145,O0005841,2025-04-26T03:06:01Z,customer_return,336.38
R000471,PAY0006167,O0005863,2024-06-09T19:05:35Z,late_delivery,264.09
R000472,PAY0006190,O0005885,2024-08-01T23:31:54Z,damaged,301.24
R000473,PAY0006194,O0005889,2025-07-23T01:44:18Z,late_delivery,721.49
R000474,PAY0006199,O0005893,2025-05-14T14:32:00Z,duplicate,604.89
R000475,PAY0006240,O0005929,2024-07-28T21:09:32Z,duplicate,346.45
R000476,PAY0006263,O0005949,2023-08-13T08:30:31Z,duplicate,1336.39
R000477,PAY0006272,O0005957,2025-12-31T23:20:06Z,customer_return,197.30
R000478,PAY0006273,O0005958,2024-10-20T01:38:12Z,duplicate,280.18
R000479,PAY0006287,O0005972,2025-04-15T00:41:41Z,late_delivery,143.84
R000480,PAY0006302,O0005987,2023-06-07T08:09:04Z,duplicate,1450.47
R000481,PAY0006317,O0006002,2024-08-15T07:41:55Z,late_delivery,160.30
R000482,PAY0006338,O0006021,2024-02-25T10:49:35Z,late_delivery,368.59
R000483,PAY0006343,O0006026,2024-02-09T14:17:10Z,damaged,167.65
R000484,PAY0006350,O0006032,2025-09-04T14:39:19Z,duplicate,644.47
R000485,PAY0006362,O0006043,2024-01-02T10:14:27Z,late_delivery,1484.19
R000486,PAY0006366,O0006046,2025-10-29T02:40:25Z,duplicate,190.54
R000487,PAY0006371,O0006050,2023-05-23T11:46:28Z,customer_return,744.10
R000488,PAY0006410,O0006087,2023-10-07T10:56:19Z,late_delivery,248.72
R000489,PAY0006461,O0006133,2023-07-13T01:46:29Z,damaged,57.46
R000490,PAY0006470,O0006140,2024-11-30T09:53:39Z,duplicate,1366.12
R000491,PAY0006486,O0006155,2025-02-06T13:19:22Z,late_delivery,63.89
R000492,PAY0006496,O0006164,2025-01-31T20:29:08Z,duplicate,260.19
R000493,PAY0006503,O0006171,2025-02-24T15:19:29Z,late_delivery,230.84
R000494,PAY0006511,O0006179,2023-06-28T17:22:57Z,late_delivery,15.11
R000495,PAY0006532,O0006198,2025-07-06T23:19:44Z,duplicate,319.82
R000496,PAY0006535,O0006201,2024-02-20T15:23:31Z,damaged,29.05
R000497,PAY0006542,O0006208,2023-04-11T10:32:18Z,customer_return,486.55
R000498,PAY0006549,O0006214,2024-03-27T18:47:39Z,damaged,942.98
R000499,PAY0006557,O0006222,2023-06-09T13:12:00Z,late_delivery,610.64
R000500,PAY0006563,O0006228,2023-08-07T06:56:10Z,late_delivery,191.48
R000501,PAY0006579,O0006242,2025-03-08T03:47:38Z,customer_return,34.91
R000502,PAY0006586,O0006248,2025-07-25T17:52:30Z,customer_return,316.96
R000503,PAY0006607,O0006269,2024-10-08T21:07:44Z,late_delivery,1114.61
R000504,PAY0006637,O0006296,2025-05-24T19:13:02Z,damaged,365.62
R000505,PAY0006639,O0006298,2023-09-14T13:02:25Z,customer_return,56.58
R000506,PAY0006641,O0006300,2024-08-24T13:48:11Z,late_delivery,122.83
R000507,PAY0006676,O0006333,2024-07-08T08:57:54Z,damaged,319.56
R000508,PAY0006690,O0006346,2023-04-06T20:28:37Z,duplicate,247.81
R000509,PAY0006729,O0006383,2023-12-30T03:25:19Z,duplicate,751.68
R000510,PAY0006735,O0006389,2025-07-11T13:13:02Z,late_delivery,321.70
R000511,PAY0006748,O0006401,2025-09-27T02:12:08Z,duplicate,127.39
R000512,PAY0006757,O0006410,2025-04-17T13:31:49Z,damaged,577.00
R000513,PAY0006771,O0006424,2025-11-23T14:33:23Z,damaged,91.93
R000514,PAY0006812,O0006463,2024-05-12T09:56:56Z,late_delivery,326.94
R000515,PAY0006813,O0006464,2023-02-12T08:24:22Z,customer_return,970.86
R000516,PAY0006816,O0006466,2025-11-13T16:10:32Z,customer_return,37.40
R000517,PAY0006822,O0006471,2025-12-31T05:48:44Z,late_delivery,192.71
R000518,PAY0006848,O0006496,2024-08-12T08:33:51Z,damaged,341.44
R000519,PAY0006887,O0006534,2025-07-07T06:26:23Z,duplicate,152.10
R000520,PAY0006895,O0006541,2023-02-27T12:43:02Z,duplicate,144.27
R000521,PAY0006902,O0006548,2025-11-28T14:20:32Z,damaged,486.38
R000522,PAY0006912,O0006558,2023-11-11T13:19:24Z,damaged,988.46
R000523,PAY0006913,O0006559,2025-08-13T17:47:05Z,late_delivery,508.95
R000524,PAY0006943,O0006588,2024-10-15T05:06:58Z,customer_return,234.12
R000525,PAY0006951,O0006596,2024-12-14T00:38:39Z,damaged,376.88
R000526,PAY0006961,O0006606,2024-07-24T00:48:05Z,late_delivery,8.71
R000527,PAY0006971,O0006615,2024-10-17T10:02:16Z,damaged,524.59
R000528,PAY0006973,O0006617,2023-04-16T05:40:22Z,duplicate,116.36
R000529,PAY0007022,O0006661,2023-01-23T03:44:51Z,damaged,113.94
R000530,PAY0007043,O0006680,2025-08-07T01:18:03Z,late_delivery,57.63
R000531,PAY0007051,O0006686,2024-01-21T06:42:20Z,customer_return,799.84
R000532,PAY0007074,O0006708,2024-12-30T14:33:29Z,late_delivery,920.49
R000533,PAY0007076,O0006710,2025-06-02T00:25:28Z,late_delivery,411.23
R000534,PAY0007082,O0006715,2024-10-02T21:20:25Z,duplicate,21.61
R000535,PAY0007083,O0006716,2024-12-14T21:47:01Z,duplicate,107.17
R000536,PAY0007096,O0006728,2024-09-05T23:11:30Z,customer_return,421.76
R000537,PAY0007120,O0006750,2024-07-17T20:31:14Z,duplicate,1281.01
R000538,PAY0007144,O0006773,2024-08-05T02:19:36Z,duplicate,1475.71
R000539,PAY0007148,O0006777,2025-03-15T14:01:57Z,late_delivery,55.17
R000540,PAY0007177,O0006805,2024-01-21T02:23:38Z,customer_return,368.63
R000541,PAY0007182,O0006809,2023-07-04T19:10:45Z,duplicate,88.75
R000542,PAY0007230,O0006855,2023-05-21T02:56:08Z,customer_return,311.39
R000543,PAY0007242,O0006867,2025-09-14T17:12:02Z,late_delivery,156.72
R000544,PAY0007256,O0006878,2025-12-31T09:32:30Z,late_delivery,788.98
R000545,PAY0007269,O0006891,2023-11-06T06:12:26Z,damaged,552.87
R000546,PAY0007281,O0006903,2023-05-30T14:30:42Z,duplicate,229.23
R000547,PAY0007294,O0006916,2025-03-05T18:08:53Z,duplicate,52.41
R000548,PAY0007298,O0006920,2025-09-07T01:56:28Z,duplicate,958.88
R000549,PAY0007305,O0006926,2023-09-15T18:59:47Z,damaged,38.00
R000550,PAY0007313,O0006934,2024-03-03T08:47:36Z,damaged,19.23
R000551,PAY0007331,O0006951,2024-12-17T02:35:32Z,damaged,28.45
R000552,PAY0007338,O0006958,2024-02-06T11:54:41Z,damaged,571.20
R000553,PAY0007369,O0006987,2025-05-06T14:50:04Z,customer_return,505.08
R000554,PAY0007377,O0006995,2025-03-09T12:49:11Z,duplicate,18.00
R000555,PAY0007383,O0007001,2025-01-27T14:12:15Z,damaged,52.43
R000556,PAY0007405,O0007021,2023-09-09T06:20:30Z,customer_return,1414.79
R000557,PAY0007406,O0007022,2025-09-26T07:40:32Z,customer_return,127.37
R000558,PAY0007407,O0007023,2024-08-15T07:11:15Z,damaged,843.15
R000559,PAY0007438,O0007053,2023-11-10T19:27:40Z,duplicate,229.19
R000560,PAY0007470,O0007084,2025-03-03T03:37:45Z,customer_return,557.56
R000561,PAY0007471,O0007085,2023-10-15T23:58:39Z,late_delivery,2151.40
R000562,PAY0007472,O0007086,2025-09-16T10:27:16Z,damaged,692.07
R000563,PAY0007490,O0007104,2023-12-03T23:44:48Z,late_delivery,353.83
R000564,PAY0007494,O0007108,2024-06-19T03:52:02Z,late_delivery,1088.80
R000565,PAY0007497,O0007111,2024-10-22T05:12:06Z,duplicate,211.61
R000566,PAY0007505,O0007117,2024-12-03T14:30:33Z,late_delivery,266.54
R000567,PAY0007517,O0007128,2023-04-05T01:27:38Z,duplicate,81.23
R000568,PAY0007536,O0007147,2023-10-27T23:02:43Z,damaged,402.04
R000569,PAY0007553,O0007164,2023-10-14T08:08:09Z,duplicate,209.67
R000570,PAY0007564,O0007175,2024-11-17T22:54:55Z,late_delivery,546.84
R000571,PAY0007571,O0007182,2025-11-05T02:38:56Z,late_delivery,808.74
R000572,PAY0007572,O0007183,2024-02-22T03:32:30Z,damaged,125.12
R000573,PAY0007591,O0007202,2024-03-12T22:23:15Z,customer_return,0.93
R000574,PAY0007593,O0007204,2024-06-10T22:40:33Z,damaged,329.56
R000575,PAY0007615,O0007225,2024-03-12T14:25:29Z,customer_return,95.70
R000576,PAY0007621,O0007230,2025-06-22T11:21:01Z,customer_return,80.06
R000577,PAY0007626,O0007235,2024-04-08T06:09:04Z,duplicate,165.62
R000578,PAY0007643,O0007251,2025-08-10T11:45:13Z,damaged,43.37
R000579,PAY0007658,O0007265,2025-12-31T01:29:41Z,damaged,376.01
R000580,PAY0007659,O0007266,2025-11-17T14:27:15Z,damaged,747.24
R000581,PAY0007661,O0007268,2024-02-12T21:03:33Z,customer_return,179.80
R000582,PAY0007667,O0007274,2025-01-29T09:12:50Z,damaged,212.58
R000583,PAY0007710,O0007317,2025-12-29T04:22:15Z,duplicate,66.76
R000584,PAY0007712,O0007319,2025-04-17T18:34:33Z,duplicate,228.61
R000585,PAY0007718,O0007324,2025-07-17T23:36:09Z,duplicate,770.82
R000586,PAY0007765,O0007367,2025-10-19T10:38:51Z,customer_return,382.16
R000587,PAY0007780,O0007380,2023-08-15T21:42:18Z,duplicate,1010.99
R000588,PAY0007788,O0007387,2024-07-16T15:20:00Z,damaged,161.85
R000589,PAY0007813,O0007411,2024-08-24T12:09:07Z,damaged,495.12
R000590,PAY0007817,O0007415,2023-05-16T05:48:28Z,late_delivery,1525.49
R000591,PAY0007825,O0007421,2025-01-21T03:06:36Z,damaged,384.35
R000592,PAY0007828,O0007424,2024-02-15T16:44:55Z,duplicate,23.26
R000593,PAY0007851,O0007445,2024-05-06T11:42:30Z,late_delivery,20.21
R000594,PAY0007852,O0007446,2023-08-13T08:48:30Z,customer_return,2302.50
R000595,PAY0007882,O0007473,2024-02-04T14:38:50Z,damaged,559.77
R000596,PAY0007884,O0007475,2025-06-17T13:49:48Z,duplicate,214.16
R000597,PAY0007897,O0007488,2023-09-15T10:14:46Z,late_delivery,827.24
R000598,PAY0007908,O0007498,2025-07-12T04:14:45Z,duplicate,87.63
R000599,PAY0007919,O0007507,2025-01-21T17:38:28Z,late_delivery,843.69
R000600,PAY0007921,O0007509,2024-11-02T20:26:00Z,duplicate,697.57
R000601,PAY0007958,O0007544,2025-03-19T10:50:22Z,duplicate,43.20
R000602,PAY0007962,O0007548,2024-09-04T17:42:03Z,customer_return,18.08
R000603,PAY0007981,O0007565,2024-07-19T23:38:13Z,duplicate,35.83
R000604,PAY0007982,O0007566,2023-08-10T21:37:34Z,late_delivery,657.28
R000605,PAY0007983,O0007567,2025-10-11T02:10:30Z,late_delivery,99.44
R000606,PAY0008058,O0007638,2025-02-13T13:18:05Z,customer_return,973.72
R000607,PAY0008064,O0007644,2025-04-02T01:11:48Z,duplicate,161.83
R000608,PAY0008070,O0007649,2024-03-29T11:02:26Z,duplicate,215.34
R000609,PAY0008081,O0007660,2025-09-19T08:16:42Z,damaged,1722.52
R000610,PAY0008105,O0007684,2024-09-20T01:07:07Z,customer_return,392.07
R000611,PAY0008120,O0007699,2023-07-30T03:25:37Z,customer_return,134.51
R000612,PAY0008128,O0007707,2023-09-13T18:16:10Z,duplicate,21.50
R000613,PAY0008162,O0007739,2023-03-11T01:30:26Z,customer_return,208.94
R000614,PAY0008165,O0007742,2024-12-25T02:03:05Z,duplicate,682.51
R000615,PAY0008186,O0007762,2024-05-27T12:15:03Z,damaged,889.82
R000616,PAY0008196,O0007771,2025-12-22T04:31:53Z,late_delivery,241.06
R000617,PAY0008200,O0007775,2025-04-13T20:09:39Z,customer_return,461.76
R000618,PAY0008216,O0007789,2023-05-08T22:20:54Z,damaged,747.00
R000619,PAY0008227,O0007800,2025-11-11T08:52:48Z,customer_return,10.64
R000620,PAY0008235,O0007807,2023-06-21T12:19:53Z,customer_return,316.86
R000621,PAY0008236,O0007808,2025-12-19T01:25:47Z,customer_return,281.89
R000622,PAY0008266,O0007837,2024-10-30T07:29:23Z,customer_return,45.61
R000623,PAY0008267,O0007838,2023-12-13T13:48:30Z,damaged,234.53
R000624,PAY0008268,O0007839,2024-04-01T16:05:15Z,customer_return,143.52
R000625,PAY0008290,O0007861,2024-04-28T10:08:41Z,late_delivery,249.02
R000626,PAY0008294,O0007865,2024-02-10T10:23:54Z,late_delivery,631.93
R000627,PAY0008317,O0007887,2023-05-25T08:33:29Z,late_delivery,262.65
R000628,PAY0008319,O0007889,2024-09-17T20:04:03Z,customer_return,1027.08
R000629,PAY0008359,O0007928,2025-06-06T20:55:12Z,duplicate,609.33
R000630,PAY0008360,O0007929,2023-12-06T03:45:31Z,late_delivery,386.08
R000631,PAY0008363,O0007932,2023-06-11T16:00:07Z,late_delivery,1802.30
R000632,PAY0008378,O0007946,2024-01-14T21:47:57Z,damaged,497.48
R000633,PAY0008382,O0007950,2024-02-27T16:31:13Z,duplicate,57.69
R000634,PAY0008400,O0007965,2024-06-27T03:23:47Z,customer_return,1366.95
R000635,PAY0008419,O0007983,2024-10-06T13:55:50Z,duplicate,493.08
R000636,PAY0008450,O0008013,2025-03-26T04:35:25Z,duplicate,37.49
R000637,PAY0008457,O0008020,2024-11-04T04:27:47Z,duplicate,20.18
R000638,PAY0008461,O0008024,2025-10-19T16:52:22Z,duplicate,580.28
R000639,PAY0008464,O0008027,2025-06-09T01:32:51Z,duplicate,402.60
R000640,PAY0008465,O0008028,2025-12-31T17:19:03Z,damaged,35.29
R000641,PAY0008469,O0008032,2025-03-11T13:51:15Z,customer_return,1041.47
R000642,PAY0008471,O0008034,2023-02-10T19:52:36Z,customer_return,814.20
R000643,PAY0008480,O0008042,2025-11-04T12:12:19Z,damaged,580.45
R000644,PAY0008484,O0008046,2024-04-20T12:46:25Z,duplicate,262.58
R000645,PAY0008492,O0008054,2024-12-09T18:22:38Z,duplicate,296.76
R000646,PAY0008493,O0008055,2023-10-01T14:58:01Z,duplicate,637.11
R000647,PAY0008516,O0008078,2023-05-03T01:19:28Z,late_delivery,240.37
R000648,PAY0008536,O0008097,2023-08-11T13:29:54Z,customer_return,133.22
R000649,PAY0008547,O0008108,2024-03-01T11:10:16Z,duplicate,106.71
R000650,PAY0008567,O0008127,2023-05-03T19:30:29Z,customer_return,2109.66
R000651,PAY0008577,O0008136,2023-02-24T03:39:47Z,damaged,95.52
R000652,PAY0008585,O0008144,2025-05-23T10:42:54Z,customer_return,435.54
R000653,PAY0008586,O0008145,2024-04-05T19:52:33Z,damaged,820.84
R000654,PAY0008588,O0008147,2025-08-12T02:37:05Z,late_delivery,700.31
R000655,PAY0008615,O0008172,2024-03-26T18:04:49Z,late_delivery,215.04
R000656,PAY0008616,O0008173,2023-10-21T10:40:51Z,duplicate,26.76
R000657,PAY0008618,O0008175,2025-02-28T18:17:35Z,damaged,1136.43
R000658,PAY0008619,O0008176,2023-09-27T11:37:34Z,duplicate,502.89
R000659,PAY0008625,O0008182,2025-01-13T18:23:50Z,duplicate,19.72
R000660,PAY0008659,O0008215,2025-01-24T07:12:07Z,damaged,400.11
R000661,PAY0008667,O0008222,2025-12-31T02:24:34Z,customer_return,878.95
R000662,PAY0008696,O0008249,2024-09-26T07:17:49Z,late_delivery,375.86
R000663,PAY0008706,O0008258,2025-06-30T12:57:19Z,duplicate,17.22
R000664,PAY0008707,O0008259,2025-08-29T20:00:34Z,customer_return,113.65
R000665,PAY0008712,O0008264,2025-09-14T00:01:24Z,customer_return,1310.06
R000666,PAY0008717,O0008269,2025-06-22T17:27:10Z,late_delivery,30.94
R000667,PAY0008737,O0008287,2024-11-26T01:55:37Z,damaged,15.52
R000668,PAY0008767,O0008316,2024-11-05T00:38:14Z,damaged,178.57
R000669,PAY0008778,O0008326,2024-10-01T13:10:16Z,late_delivery,154.40
R000670,PAY0008782,O0008329,2024-06-25T21:34:30Z,duplicate,1014.75
R000671,PAY0008797,O0008342,2023-12-12T16:33:12Z,late_delivery,28.20
R000672,PAY0008804,O0008349,2024-04-22T20:35:57Z,late_delivery,10.99
R000673,PAY0008812,O0008356,2023-02-28T09:38:09Z,duplicate,30.21
R000674,PAY0008816,O0008360,2023-08-09T00:20:26Z,damaged,411.38
R000675,PAY0008828,O0008371,2025-11-06T03:52:48Z,damaged,520.66
R000676,PAY0008829,O0008372,2024-04-20T08:40:04Z,duplicate,124.14
R000677,PAY0008842,O0008384,2023-02-04T10:30:36Z,duplicate,1072.50
R000678,PAY0008887,O0008427,2023-06-08T19:51:34Z,late_delivery,579.03
R000679,PAY0008888,O0008428,2023-10-28T13:24:35Z,duplicate,235.27
R000680,PAY0008894,O0008434,2024-12-24T01:00:23Z,damaged,221.34
R000681,PAY0008897,O0008437,2023-08-20T18:23:17Z,duplicate,140.36
R000682,PAY0008899,O0008439,2024-12-06T07:31:03Z,duplicate,374.38
R000683,PAY0008906,O0008446,2023-10-01T16:47:05Z,damaged,1646.18
R000684,PAY0008912,O0008452,2024-08-15T07:41:51Z,duplicate,381.84
R000685,PAY0008947,O0008485,2024-12-19T14:14:22Z,duplicate,937.14
R000686,PAY0008957,O0008495,2024-10-02T11:36:32Z,damaged,70.58
R000687,PAY0008985,O0008520,2024-11-15T01:12:30Z,late_delivery,555.24
R000688,PAY0008988,O0008523,2023-03-04T11:36:51Z,damaged,951.61
R000689,PAY0008997,O0008531,2024-01-27T13:39:32Z,damaged,634.65
R000690,PAY0009001,O0008535,2025-11-02T07:13:19Z,late_delivery,522.14
R000691,PAY0009002,O0008536,2024-09-02T16:22:35Z,late_delivery,355.75
R000692,PAY0009003,O0008537,2024-09-26T22:03:32Z,late_delivery,803.55
R000693,PAY0009027,O0008560,2024-11-23T13:45:57Z,duplicate,353.60
R000694,PAY0009034,O0008567,2024-08-09T05:01:41Z,late_delivery,868.81
R000695,PAY0009058,O0008591,2025-04-28T08:08:36Z,customer_return,14.32
R000696,PAY0009149,O0008679,2024-05-23T15:38:10Z,customer_return,1087.61
R000697,PAY0009166,O0008695,2025-08-16T18:13:43Z,duplicate,241.11
R000698,PAY0009168,O0008697,2023-03-10T11:57:30Z,damaged,265.40
R000699,PAY0009170,O0008699,2023-07-29T05:08:37Z,damaged,140.99
R000700,PAY0009172,O0008701,2025-03-11T15:17:12Z,customer_return,698.78
R000701,PAY0009203,O0008730,2024-11-01T06:56:23Z,late_delivery,113.58
R000702,PAY0009251,O0008775,2025-12-31T11:55:43Z,damaged,346.92
R000703,PAY0009253,O0008777,2023-09-04T01:46:51Z,customer_return,430.01
R000704,PAY0009290,O0008813,2023-11-03T13:37:41Z,damaged,812.08
R000705,PAY0009296,O0008819,2025-02-18T06:51:39Z,damaged,19.35
R000706,PAY0009306,O0008829,2024-09-10T09:21:12Z,damaged,18.49
R000707,PAY0009315,O0008838,2023-10-15T14:49:31Z,late_delivery,314.77
R000708,PAY0009318,O0008841,2024-11-04T05:52:12Z,damaged,110.34
R000709,PAY0009352,O0008873,2025-06-11T01:22:24Z,customer_return,230.96
R000710,PAY0009376,O0008895,2023-08-23T15:36:48Z,late_delivery,832.10
R000711,PAY0009399,O0008917,2023-09-29T10:54:42Z,duplicate,355.24
R000712,PAY0009417,O0008934,2025-01-19T01:03:20Z,duplicate,495.32
R000713,PAY0009427,O0008943,2024-01-07T19:27:57Z,damaged,183.59
R000714,PAY0009438,O0008954,2024-05-03T21:42:40Z,late_delivery,88.15
R000715,PAY0009449,O0008965,2024-09-18T01:31:23Z,duplicate,54.70
R000716,PAY0009455,O0008971,2024-06-15T07:09:27Z,damaged,67.79
R000717,PAY0009459,O0008975,2023-12-26T12:10:59Z,late_delivery,24.05
R000718,PAY0009503,O0009015,2024-09-10T12:57:25Z,damaged,74.54
R000719,PAY0009512,O0009024,2025-09-21T16:37:26Z,customer_return,8.34
R000720,PAY0009534,O0009045,2025-07-11T17:48:32Z,late_delivery,387.33
R000721,PAY0009567,O0009076,2025-02-08T01:15:01Z,customer_return,1439.50
R000722,PAY0009585,O0009092,2024-01-23T14:39:48Z,duplicate,707.15
R000723,PAY0009609,O0009114,2024-08-14T16:32:22Z,duplicate,88.48
R000724,PAY0009612,O0009117,2023-09-11T18:39:42Z,duplicate,476.59
R000725,PAY0009623,O0009128,2024-03-13T22:35:41Z,late_delivery,824.12
R000726,PAY0009624,O0009129,2025-03-10T21:09:57Z,damaged,633.14
R000727,PAY0009627,O0009132,2025-11-20T04:33:45Z,late_delivery,297.02
R000728,PAY0009642,O0009146,2024-11-29T14:16:38Z,late_delivery,964.61
R000729,PAY0009649,O0009153,2024-09-08T17:11:41Z,duplicate,28.29
R000730,PAY0009653,O0009156,2024-07-16T20:19:48Z,damaged,467.42
R000731,PAY0009659,O0009162,2023-05-11T15:21:46Z,late_delivery,22.37
R000732,PAY0009661,O0009164,2024-12-22T20:34:35Z,duplicate,1029.05
R000733,PAY0009688,O0009188,2023-08-27T02:17:37Z,late_delivery,84.91
R000734,PAY0009693,O0009192,2025-01-05T07:52:09Z,customer_return,1242.86
R000735,PAY0009696,O0009195,2024-07-21T11:05:53Z,damaged,645.18
R000736,PAY0009699,O0009197,2025-05-02T00:02:31Z,late_delivery,319.62
R000737,PAY0009703,O0009201,2023-08-14T01:36:21Z,damaged,111.37
R000738,PAY0009722,O0009218,2023-03-08T11:41:48Z,late_delivery,245.26
R000739,PAY0009729,O0009224,2025-09-10T21:17:02Z,damaged,401.82
R000740,PAY0009756,O0009250,2025-10-24T00:39:20Z,damaged,5.91
R000741,PAY0009762,O0009255,2025-02-28T20:18:46Z,customer_return,929.44
R000742,PAY0009770,O0009262,2024-09-20T15:10:59Z,customer_return,57.36
R000743,PAY0009778,O0009270,2023-07-21T13:15:27Z,damaged,364.19
R000744,PAY0009889,O0009378,2024-11-02T12:44:43Z,duplicate,477.47
R000745,PAY0009895,O0009384,2024-09-22T03:49:22Z,late_delivery,162.29
R000746,PAY0009896,O0009385,2025-06-04T07:28:45Z,customer_return,368.53
R000747,PAY0009902,O0009391,2023-01-12T22:41:38Z,duplicate,254.55
R000748,PAY0009908,O0009397,2025-06-12T19:52:41Z,customer_return,318.81
R000749,PAY0009909,O0009398,2024-07-20T22:06:41Z,late_delivery,142.34
R000750,PAY0009917,O0009406,2024-04-01T20:03:29Z,duplicate,1125.74
R000751,PAY0009933,O0009421,2024-10-16T11:11:40Z,late_delivery,1380.92
R000752,PAY0009938,O0009426,2023-12-21T14:59:34Z,late_delivery,20.12
R000753,PAY0009947,O0009435,2023-06-02T22:56:54Z,duplicate,1044.66
R000754,PAY0009964,O0009451,2025-02-11T19:45:46Z,damaged,159.26
R000755,PAY0010006,O0009491,2024-08-18T02:41:21Z,duplicate,300.77
R000756,PAY0010064,O0009545,2024-05-05T23:54:40Z,customer_return,225.83
R000757,PAY0010070,O0009551,2024-06-12T02:09:30Z,duplicate,352.52
R000758,PAY0010089,O0009570,2024-09-23T15:54:46Z,customer_return,502.91
R000759,PAY0010091,O0009572,2023-03-15T15:09:28Z,late_delivery,277.79
R000760,PAY0010095,O0009576,2023-04-20T01:04:11Z,duplicate,144.62
R000761,PAY0010128,O0009608,2024-09-02T08:02:24Z,duplicate,586.79
R000762,PAY0010130,O0009610,2024-02-03T20:01:07Z,late_delivery,395.03
R000763,PAY0010135,O0009615,2023-10-11T15:43:47Z,late_delivery,50.16
R000764,PAY0010144,O0009623,2024-10-25T19:57:33Z,late_delivery,462.17
R000765,PAY0010178,O0009656,2025-05-18T20:41:59Z,customer_return,267.48
R000766,PAY0010188,O0009666,2024-09-06T12:46:31Z,late_delivery,266.25
R000767,PAY0010205,O0009683,2025-12-31T02:07:02Z,late_delivery,434.30
R000768,PAY0010213,O0009690,2024-12-13T15:56:02Z,damaged,78.69
R000769,PAY0010225,O0009701,2024-03-28T22:12:28Z,damaged,647.30
R000770,PAY0010259,O0009735,2025-04-08T12:17:02Z,customer_return,376.84
R000771,PAY0010267,O0009743,2023-11-11T20:57:08Z,damaged,243.87
R000772,PAY0010337,O0009811,2024-09-10T01:07:33Z,damaged,63.50
R000773,PAY0010360,O0009833,2024-09-29T11:40:34Z,duplicate,94.55
R000774,PAY0010366,O0009839,2023-11-10T23:36:51Z,customer_return,846.20
R000775,PAY0010382,O0009854,2024-04-29T21:20:20Z,duplicate,74.79
R000776,PAY0010400,O0009871,2023-12-28T21:15:27Z,damaged,118.92
R000777,PAY0010412,O0009883,2023-09-08T03:14:56Z,late_delivery,356.15
R000778,PAY0010425,O0009896,2024-11-13T13:28:33Z,damaged,85.63
R000779,PAY0010430,O0009901,2025-07-25T18:01:26Z,late_delivery,50.60
R000780,PAY0010440,O0009910,2024-10-28T02:33:59Z,damaged,169.77
R000781,PAY0010441,O0009911,2023-05-18T09:22:45Z,late_delivery,326.76
R000782,PAY0010456,O0009926,2025-06-25T01:53:55Z,customer_return,210.86
R000783,PAY0010480,O0009949,2024-09-21T12:43:43Z,damaged,195.17
R000784,PAY0010501,O0009970,2024-02-19T06:03:55Z,late_delivery,65.46
R000785,PAY0010504,O0009973,2024-08-23T02:32:04Z,customer_return,24.26
R000786,PAY0010533,O0010000,2023-07-17T23:21:15Z,customer_return,764.20
R000787,PAY0010536,O0010003,2024-01-23T06:46:41Z,duplicate,339.41
R000788,PAY0010538,O0010004,2023-07-21T16:01:21Z,duplicate,577.33
R000789,PAY0010539,O0010005,2023-02-20T00:31:20Z,late_delivery,325.70
R000790,PAY0010540,O0010006,2025-03-14T08:07:03Z,damaged,762.24
R000791,PAY0010550,O0010016,2024-03-11T15:20:07Z,customer_return,1147.05
R000792,PAY0010555,O0010021,2025-10-30T04:47:19Z,duplicate,119.83
R000793,PAY0010557,O0010023,2023-09-09T07:39:07Z,late_delivery,460.63
R000794,PAY0010583,O0010049,2025-03-01T21:14:13Z,duplicate,348.18
R000795,PAY0010591,O0010057,2024-10-16T10:44:38Z,damaged,314.00
R000796,PAY0010593,O0010059,2024-04-01T12:11:18Z,customer_return,149.32
R000797,PAY0010640,O0010100,2024-08-10T00:39:28Z,customer_return,650.84
R000798,PAY0010643,O0010103,2025-01-09T04:12:18Z,duplicate,446.30
R000799,PAY0010645,O0010105,2025-01-23T19:07:24Z,damaged,265.05
R000800,PAY0010647,O0010107,2023-09-08T16:06:12Z,duplicate,24.57
R000801,PAY0010658,O0010118,2023-08-21T22:51:09Z,customer_return,858.89
R000802,PAY0010677,O0010136,2025-06-16T02:24:44Z,customer_return,397.39
R000803,PAY0010710,O0010168,2025-11-25T05:30:29Z,duplicate,192.21
R000804,PAY0010729,O0010187,2024-07-19T04:20:35Z,damaged,222.01
R000805,PAY0010736,O0010194,2025-06-27T22:16:01Z,late_delivery,133.18
R000806,PAY0010757,O0010214,2023-08-25T14:11:53Z,customer_return,830.36
R000807,PAY0010767,O0010224,2025-09-08T02:40:06Z,duplicate,234.16
R000808,PAY0010778,O0010235,2025-12-01T13:56:43Z,customer_return,255.41
R000809,PAY0010806,O0010263,2025-06-02T07:10:28Z,duplicate,366.94
R000810,PAY0010824,O0010281,2025-07-15T20:52:33Z,customer_return,73.31
R000811,PAY0010847,O0010302,2024-09-06T23:49:50Z,duplicate,1995.15
R000812,PAY0010859,O0010314,2025-07-11T15:43:08Z,damaged,157.43
R000813,PAY0010875,O0010329,2025-06-11T00:37:51Z,late_delivery,883.20
R000814,PAY0010881,O0010335,2023-09-14T14:24:27Z,customer_return,277.60
R000815,PAY0010886,O0010340,2023-10-14T15:06:26Z,damaged,73.33
R000816,PAY0010913,O0010365,2023-09-06T18:28:34Z,customer_return,1.50
R000817,PAY0010922,O0010374,2025-02-14T10:07:03Z,damaged,169.80
R000818,PAY0010939,O0010390,2025-04-26T08:42:09Z,late_delivery,1020.57
R000819,PAY0010946,O0010397,2024-11-02T05:49:47Z,duplicate,675.53
R000820,PAY0010954,O0010405,2023-08-14T16:32:16Z,customer_return,39.29
R000821,PAY0010960,O0010411,2024-04-12T13:21:24Z,customer_return,638.37
R000822,PAY0010963,O0010414,2024-05-23T15:55:39Z,duplicate,431.30
R000823,PAY0010981,O0010430,2025-10-08T02:17:14Z,damaged,161.47
R000824,PAY0010988,O0010436,2023-12-19T12:08:32Z,damaged,225.58
R000825,PAY0010991,O0010439,2023-09-02T16:01:31Z,late_delivery,61.11
R000826,PAY0010998,O0010446,2023-01-23T09:45:23Z,late_delivery,86.90
R000827,PAY0011004,O0010452,2024-03-29T05:41:58Z,customer_return,8.08
R000828,PAY0011011,O0010459,2023-06-12T18:50:36Z,duplicate,6.59
R000829,PAY0011015,O0010463,2025-05-25T06:20:13Z,duplicate,509.49
R000830,PAY0011019,O0010467,2025-03-16T18:31:57Z,late_delivery,364.87
R000831,PAY0011027,O0010475,2024-02-07T15:02:35Z,duplicate,785.13
R000832,PAY0011044,O0010492,2023-02-27T05:21:07Z,late_delivery,323.82
R000833,PAY0011066,O0010513,2023-02-19T04:57:47Z,damaged,441.97
R000834,PAY0011128,O0010570,2025-01-11T17:06:11Z,duplicate,109.74
R000835,PAY0011175,O0010613,2025-06-19T01:57:08Z,customer_return,339.85
R000836,PAY0011189,O0010627,2024-01-16T06:21:06Z,customer_return,652.84
R000837,PAY0011191,O0010629,2024-10-04T11:07:17Z,damaged,20.07
R000838,PAY0011207,O0010645,2025-07-19T18:10:49Z,late_delivery,20.57
R000839,PAY0011233,O0010669,2023-07-27T20:40:06Z,late_delivery,96.82
R000840,PAY0011244,O0010680,2023-10-07T13:40:12Z,customer_return,530.12
R000841,PAY0011282,O0010717,2025-08-12T20:46:55Z,damaged,55.90
R000842,PAY0011286,O0010720,2025-10-19T12:51:41Z,customer_return,243.44
R000843,PAY0011300,O0010734,2024-08-31T05:47:55Z,customer_return,6.72
R000844,PAY0011302,O0010736,2025-10-25T23:53:54Z,duplicate,456.18
R000845,PAY0011345,O0010779,2023-07-13T13:35:24Z,damaged,436.83
R000846,PAY0011348,O0010782,2025-02-18T21:40:30Z,late_delivery,7.03
R000847,PAY0011354,O0010788,2024-11-15T14:50:25Z,damaged,191.66
R000848,PAY0011355,O0010789,2023-05-19T05:20:16Z,duplicate,134.90
R000849,PAY0011358,O0010792,2024-12-26T22:35:57Z,late_delivery,56.42
R000850,PAY0011360,O0010794,2025-05-26T09:05:58Z,late_delivery,80.48
R000851,PAY0011364,O0010798,2024-01-20T15:15:42Z,late_delivery,1759.15
R000852,PAY0011388,O0010820,2024-09-01T12:48:04Z,damaged,159.50
R000853,PAY0011437,O0010866,2024-11-08T14:12:53Z,damaged,181.59
R000854,PAY0011486,O0010912,2025-03-27T13:21:52Z,customer_return,665.27
R000855,PAY0011504,O0010930,2025-08-27T18:06:22Z,duplicate,536.80
R000856,PAY0011509,O0010935,2024-07-01T01:33:39Z,customer_return,921.61
R000857,PAY0011516,O0010942,2025-10-25T06:25:20Z,damaged,213.09
R000858,PAY0011535,O0010961,2023-03-25T05:53:58Z,late_delivery,462.79
R000859,PAY0011536,O0010962,2024-02-22T19:16:14Z,damaged,340.57
R000860,PAY0011537,O0010963,2024-05-05T04:14:22Z,customer_return,1126.29
R000861,PAY0011547,O0010972,2023-08-28T00:37:16Z,customer_return,658.69
R000862,PAY0011552,O0010977,2024-04-18T10:33:58Z,duplicate,36.29
R000863,PAY0011559,O0010984,2024-07-22T18:07:25Z,damaged,306.80
R000864,PAY0011563,O0010988,2023-10-08T23:12:01Z,duplicate,289.06
R000865,PAY0011573,O0010997,2024-04-23T16:17:31Z,customer_return,1087.68
R000866,PAY0011615,O0011037,2025-11-03T04:37:01Z,late_delivery,213.99
R000867,PAY0011617,O0011039,2025-05-23T22:57:33Z,duplicate,286.98
R000868,PAY0011624,O0011046,2025-12-31T14:21:52Z,duplicate,1520.76
R000869,PAY0011628,O0011049,2023-11-08T00:27:33Z,duplicate,776.79
R000870,PAY0011629,O0011050,2024-12-17T18:07:33Z,customer_return,507.68
R000871,PAY0011653,O0011074,2024-08-29T09:11:13Z,late_delivery,86.69
R000872,PAY0011661,O0011082,2023-12-03T16:01:42Z,damaged,297.49
R000873,PAY0011679,O0011100,2023-04-26T09:06:48Z,customer_return,67.07
R000874,PAY0011680,O0011101,2023-05-31T00:42:26Z,late_delivery,281.80
R000875,PAY0011702,O0011123,2024-05-05T06:11:08Z,damaged,495.14
R000876,PAY0011711,O0011131,2025-12-14T16:47:55Z,damaged,14.42
R000877,PAY0011728,O0011146,2023-12-20T21:49:31Z,duplicate,185.78
R000878,PAY0011734,O0011152,2025-06-25T12:07:14Z,late_delivery,409.38
R000879,PAY0011744,O0011162,2024-11-04T16:52:08Z,late_delivery,217.45
R000880,PAY0011751,O0011169,2025-08-05T11:29:40Z,damaged,62.42
R000881,PAY0011752,O0011170,2023-09-01T13:17:20Z,customer_return,49.85
R000882,PAY0011758,O0011176,2023-04-08T07:40:50Z,customer_return,1564.77
R000883,PAY0011762,O0011179,2025-03-18T12:43:27Z,damaged,465.16
R000884,PAY0011765,O0011182,2023-04-01T02:27:21Z,late_delivery,1389.19
R000885,PAY0011783,O0011199,2023-10-10T03:41:38Z,customer_return,227.13
R000886,PAY0011785,O0011201,2025-03-31T22:35:33Z,customer_return,191.56
R000887,PAY0011805,O0011220,2024-08-27T10:41:36Z,damaged,1539.23
R000888,PAY0011826,O0011241,2024-11-10T06:23:16Z,duplicate,509.72
R000889,PAY0011828,O0011243,2023-05-23T15:18:01Z,late_delivery,191.14
R000890,PAY0011843,O0011257,2024-02-26T14:21:01Z,late_delivery,2560.97
R000891,PAY0011868,O0011282,2024-08-21T17:43:38Z,damaged,405.37
R000892,PAY0011872,O0011286,2025-02-11T12:20:10Z,customer_return,892.96
R000893,PAY0011890,O0011301,2024-04-08T05:22:37Z,late_delivery,671.51
R000894,PAY0011894,O0011305,2024-05-28T16:41:31Z,customer_return,224.60
R000895,PAY0011929,O0011338,2024-04-28T22:15:19Z,late_delivery,480.68
R000896,PAY0011942,O0011351,2024-05-02T02:07:43Z,damaged,714.59
R000897,PAY0011967,O0011375,2024-10-30T04:52:19Z,customer_return,2102.17
R000898,PAY0011979,O0011386,2023-10-28T14:33:41Z,late_delivery,453.75
R000899,PAY0011984,O0011390,2024-04-07T05:58:10Z,duplicate,693.47
R000900,PAY0012024,O0011425,2025-02-21T12:29:39Z,customer_return,246.59
R000901,PAY0012026,O0011427,2023-10-09T23:58:00Z,late_delivery,2010.10
R000902,PAY0012048,O0011448,2023-07-12T11:38:31Z,late_delivery,217.11
R000903,PAY0012084,O0011480,2023-07-11T02:27:26Z,duplicate,164.16
R000904,PAY0012092,O0011488,2024-11-01T05:56:23Z,late_delivery,34.49
R000905,PAY0012098,O0011494,2023-08-03T20:08:53Z,damaged,86.48
R000906,PAY0012111,O0011507,2024-08-25T04:50:19Z,duplicate,1664.36
R000907,PAY0012126,O0011521,2025-06-29T15:40:34Z,customer_return,260.00
R000908,PAY0012142,O0011534,2025-04-12T08:03:32Z,damaged,300.36
R000909,PAY0012187,O0011578,2023-08-20T01:26:05Z,customer_return,419.28
R000910,PAY0012194,O0011584,2025-08-28T08:27:19Z,damaged,938.46
R000911,PAY0012208,O0011598,2023-03-02T18:40:49Z,late_delivery,317.25
R000912,PAY0012209,O0011599,2025-11-20T09:40:51Z,late_delivery,641.72
R000913,PAY0012220,O0011609,2023-09-04T10:47:31Z,late_delivery,338.40
R000914,PAY0012233,O0011622,2024-12-29T23:44:45Z,damaged,99.59
R000915,PAY0012255,O0011643,2024-07-08T00:10:48Z,duplicate,1421.73
R000916,PAY0012264,O0011652,2025-03-07T13:47:38Z,late_delivery,148.13
R000917,PAY0012273,O0011661,2024-02-29T13:36:14Z,duplicate,316.36
R000918,PAY0012282,O0011670,2023-09-17T08:38:36Z,duplicate,191.07
R000919,PAY0012289,O0011677,2025-12-29T07:54:47Z,late_delivery,52.75
R000920,PAY0012291,O0011679,2025-05-04T23:51:27Z,damaged,521.46
R000921,PAY0012302,O0011689,2025-08-28T00:10:55Z,duplicate,1043.05
R000922,PAY0012316,O0011702,2024-04-28T05:47:48Z,duplicate,575.88
R000923,PAY0012318,O0011704,2025-02-10T04:00:12Z,damaged,1061.55
R000924,PAY0012349,O0011732,2025-09-04T15:26:53Z,customer_return,20.02
R000925,PAY0012352,O0011734,2023-02-22T09:23:08Z,duplicate,785.25
R000926,PAY0012361,O0011743,2024-08-02T10:26:14Z,duplicate,39.95
R000927,PAY0012379,O0011760,2025-08-17T17:51:44Z,duplicate,678.90
R000928,PAY0012388,O0011769,2025-05-17T11:53:53Z,damaged,1014.99
R000929,PAY0012413,O0011792,2023-12-22T10:22:54Z,duplicate,8.00
R000930,PAY0012432,O0011809,2024-08-20T07:29:29Z,late_delivery,784.10
R000931,PAY0012438,O0011815,2023-09-15T09:41:28Z,duplicate,389.42
R000932,PAY0012446,O0011823,2024-04-30T02:54:44Z,duplicate,223.23
R000933,PAY0012462,O0011839,2025-07-09T04:06:39Z,damaged,40.84
R000934,PAY0012464,O0011840,2025-10-06T21:54:52Z,duplicate,557.92
R000935,PAY0012478,O0011853,2024-08-18T01:09:26Z,customer_return,917.03
R000936,PAY0012479,O0011854,2025-03-06T04:38:52Z,late_delivery,269.20
R000937,PAY0012489,O0011864,2024-06-15T09:25:45Z,late_delivery,1100.46
R000938,PAY0012589,O0011960,2023-01-22T18:31:48Z,damaged,142.52
R000939,PAY0012592,O0011963,2025-11-28T02:46:53Z,damaged,71.43
R000940,PAY0012597,O0011968,2024-02-16T06:31:47Z,damaged,473.69
R000941,PAY0012604,O0011974,2023-04-26T12:16:21Z,late_delivery,368.14
R000942,PAY0012605,O0011975,2024-12-11T18:33:11Z,customer_return,383.86
R000943,PAY0012655,O0012024,2025-12-19T02:40:42Z,late_delivery,160.36
R000944,PAY0012656,O0012025,2024-09-25T13:01:46Z,damaged,142.36
R000945,PAY0012660,O0012029,2025-08-31T14:31:18Z,customer_return,398.26
R000946,PAY0012661,O0012030,2023-10-30T15:01:31Z,customer_return,503.71
R000947,PAY0012675,O0012044,2023-06-08T10:35:48Z,duplicate,247.98
R000948,PAY0012684,O0012053,2025-01-26T23:56:13Z,customer_return,67.92
R000949,PAY0012770,O0012133,2024-02-08T06:05:45Z,damaged,222.11
R000950,PAY0012772,O0012135,2023-12-02T09:25:06Z,customer_return,494.83
R000951,PAY0012777,O0012140,2025-12-08T05:25:58Z,duplicate,496.54
R000952,PAY0012808,O0012170,2024-06-10T13:38:14Z,damaged,664.25
R000953,PAY0012811,O0012173,2023-10-05T06:09:06Z,duplicate,386.48
R000954,PAY0012812,O0012174,2024-10-10T17:32:54Z,duplicate,1177.62
R000955,PAY0012833,O0012195,2024-03-26T17:28:25Z,customer_return,347.93
R000956,PAY0012843,O0012205,2025-01-23T10:36:53Z,late_delivery,1412.67
R000957,PAY0012854,O0012216,2025-02-28T14:12:21Z,duplicate,79.32
R000958,PAY0012873,O0012234,2025-04-04T15:05:02Z,duplicate,2303.47
R000959,PAY0012886,O0012246,2024-11-07T18:30:06Z,customer_return,11.19
R000960,PAY0012895,O0012255,2025-04-16T23:34:35Z,duplicate,362.32
R000961,PAY0012896,O0012256,2024-02-21T19:04:52Z,late_delivery,155.92
R000962,PAY0012900,O0012260,2023-04-05T11:28:27Z,duplicate,141.40
R000963,PAY0012903,O0012263,2023-12-14T11:10:13Z,duplicate,1143.17
R000964,PAY0012915,O0012275,2025-05-12T22:12:46Z,late_delivery,138.87
R000965,PAY0012925,O0012285,2025-03-07T12:56:32Z,customer_return,49.37
R000966,PAY0012940,O0012298,2025-06-18T06:28:20Z,damaged,113.64
R000967,PAY0012954,O0012312,2025-10-22T21:27:25Z,duplicate,547.61
R000968,PAY0012961,O0012319,2025-12-31T19:08:43Z,late_delivery,89.37
R000969,PAY0012962,O0012320,2023-11-08T16:50:45Z,customer_return,197.02
R000970,PAY0012990,O0012346,2025-05-24T23:02:29Z,late_delivery,287.51
R000971,PAY0012993,O0012349,2023-12-08T20:10:19Z,damaged,167.97
R000972,PAY0013012,O0012364,2025-09-22T12:53:51Z,duplicate,1098.66
R000973,PAY0013033,O0012384,2024-06-18T01:58:41Z,duplicate,680.16
R000974,PAY0013044,O0012393,2024-01-15T17:18:35Z,damaged,843.77
R000975,PAY0013051,O0012400,2023-07-15T21:21:23Z,customer_return,333.05
R000976,PAY0013056,O0012405,2024-06-11T19:46:30Z,customer_return,23.33
R000977,PAY0013108,O0012455,2023-05-15T12:45:06Z,late_delivery,813.15
R000978,PAY0013146,O0012492,2025-10-01T16:14:20Z,damaged,870.70
R000979,PAY0013188,O0012531,2025-10-19T02:40:29Z,duplicate,516.92
R000980,PAY0013231,O0012573,2023-04-23T16:36:02Z,damaged,12.86
R000981,PAY0013252,O0012591,2025-06-21T00:01:06Z,late_delivery,122.29
R000982,PAY0013268,O0012606,2024-12-28T01:20:38Z,damaged,136.59
R000983,PAY0013342,O0012673,2025-07-31T07:16:11Z,damaged,97.11
R000984,PAY0013391,O0012721,2024-11-28T23:05:03Z,duplicate,528.78
R000985,PAY0013421,O0012749,2025-11-16T05:36:13Z,damaged,271.65
R000986,PAY0013437,O0012763,2025-04-19T19:19:52Z,damaged,133.75
R000987,PAY0013439,O0012765,2024-10-31T01:31:58Z,duplicate,278.39
R000988,PAY0013457,O0012782,2025-10-29T02:43:24Z,duplicate,1309.61
R000989,PAY0013475,O0012799,2025-01-26T05:02:05Z,customer_return,227.40
R000990,PAY0013492,O0012814,2023-12-03T21:52:16Z,damaged,121.02
R000991,PAY0013494,O0012816,2025-10-07T13:01:24Z,late_delivery,30.16
R000992,PAY0013521,O0012841,2023-12-22T08:35:37Z,damaged,308.17
R000993,PAY0013533,O0012853,2025-06-06T18:14:12Z,damaged,61.07
R000994,PAY0013538,O0012858,2024-02-13T22:28:42Z,customer_return,473.56
R000995,PAY0013547,O0012867,2025-01-02T01:40:10Z,late_delivery,31.23
R000996,PAY0013554,O0012873,2024-12-08T21:55:57Z,duplicate,36.94
R000997,PAY0013570,O0012887,2023-03-28T09:14:59Z,duplicate,343.93
R000998,PAY0013583,O0012899,2025-06-14T10:50:46Z,customer_return,842.27
R000999,PAY0013625,O0012937,2023-10-16T04:54:02Z,customer_return,215.11
R001000,PAY0013633,O0012944,2024-11-20T03:00:33Z,duplicate,32.77
R001001,PAY0013634,O0012945,2025-06-20T13:37:38Z,customer_return,261.15
R001002,PAY0013638,O0012949,2023-10-25T11:54:12Z,duplicate,396.18
R001003,PAY0013643,O0012954,2023-11-15T00:09:52Z,customer_return,195.88
R001004,PAY0013666,O0012976,2024-08-09T10:58:29Z,damaged,31.46
R001005,PAY0013667,O0012977,2023-12-16T19:39:15Z,damaged,558.39
R001006,PAY0013670,O0012980,2024-02-09T19:59:38Z,duplicate,8.24
R001007,PAY0013674,O0012984,2023-09-17T11:24:06Z,duplicate,69.41
R001008,PAY0013711,O0013019,2023-06-27T07:36:57Z,late_delivery,528.23
R001009,PAY0013722,O0013030,2024-01-13T00:35:56Z,damaged,364.11
R001010,PAY0013737,O0013044,2023-09-22T23:18:30Z,damaged,1106.48
R001011,PAY0013754,O0013060,2025-11-08T20:07:06Z,customer_return,515.24
R001012,PAY0013761,O0013065,2023-07-12T01:22:55Z,damaged,269.07
R001013,PAY0013765,O0013069,2025-04-02T08:18:27Z,damaged,866.63
R001014,PAY0013775,O0013079,2024-07-26T19:14:25Z,customer_return,90.41
R001015,PAY0013779,O0013083,2023-08-01T23:52:37Z,duplicate,2032.10
R001016,PAY0013780,O0013084,2023-06-28T04:22:38Z,customer_return,699.01
R001017,PAY0013787,O0013091,2024-03-27T13:43:09Z,late_delivery,178.01
R001018,PAY0013789,O0013093,2023-05-10T13:51:59Z,late_delivery,1224.77
R001019,PAY0013792,O0013096,2024-08-18T20:12:12Z,late_delivery,518.01
R001020,PAY0013793,O0013097,2025-06-08T00:38:06Z,late_delivery,1180.35
R001021,PAY0013807,O0013111,2023-12-06T12:51:10Z,late_delivery,221.21
R001022,PAY0013813,O0013116,2024-03-01T05:41:59Z,damaged,155.51
R001023,PAY0013859,O0013161,2024-10-03T05:07:39Z,damaged,1245.55
R001024,PAY0013874,O0013175,2025-10-11T18:04:40Z,duplicate,890.50
R001025,PAY0013900,O0013199,2025-07-05T17:22:21Z,duplicate,240.16
R001026,PAY0013911,O0013209,2024-02-10T11:58:18Z,customer_return,633.59
R001027,PAY0013914,O0013212,2023-04-12T22:23:49Z,customer_return,26.27
R001028,PAY0013943,O0013239,2025-08-05T08:16:51Z,duplicate,86.40
R001029,PAY0013947,O0013243,2025-09-05T06:17:23Z,late_delivery,49.03
R001030,PAY0013965,O0013261,2023-09-30T05:43:44Z,duplicate,370.66
R001031,PAY0013977,O0013273,2023-11-13T16:19:25Z,customer_return,580.96
R001032,PAY0014000,O0013295,2025-08-23T16:19:03Z,late_delivery,1006.80
R001033,PAY0014015,O0013310,2023-07-31T21:25:48Z,damaged,9.72
R001034,PAY0014024,O0013318,2023-03-20T07:09:03Z,late_delivery,267.14
R001035,PAY0014025,O0013319,2024-01-22T11:44:31Z,damaged,1038.69
R001036,PAY0014043,O0013336,2023-01-29T10:03:48Z,customer_return,457.07
R001037,PAY0014068,O0013361,2025-04-11T14:19:30Z,damaged,268.42
R001038,PAY0014074,O0013367,2024-10-01T11:02:36Z,damaged,362.71
R001039,PAY0014077,O0013369,2024-06-03T06:53:20Z,duplicate,336.96
R001040,PAY0014106,O0013396,2024-06-09T06:29:03Z,duplicate,1023.55
R001041,PAY0014121,O0013409,2023-06-05T22:58:04Z,damaged,218.09
R001042,PAY0014124,O0013412,2023-05-03T00:51:28Z,late_delivery,1462.40
R001043,PAY0014130,O0013418,2024-12-03T17:51:25Z,late_delivery,113.51
R001044,PAY0014141,O0013428,2024-01-29T18:11:10Z,late_delivery,386.00
R001045,PAY0014178,O0013462,2023-11-10T08:18:56Z,late_delivery,391.92
R001046,PAY0014197,O0013481,2025-01-13T08:10:28Z,customer_return,392.93
R001047,PAY0014198,O0013482,2024-04-08T20:10:35Z,damaged,1060.99
R001048,PAY0014205,O0013489,2024-02-08T10:37:24Z,customer_return,1446.40
R001049,PAY0014225,O0013509,2024-12-25T11:11:46Z,duplicate,129.60
R001050,PAY0014230,O0013514,2023-09-28T10:49:49Z,damaged,297.00
R001051,PAY0014274,O0013555,2025-06-21T07:11:38Z,damaged,271.47
R001052,PAY0014279,O0013560,2023-01-18T03:50:07Z,damaged,24.83
R001053,PAY0014283,O0013564,2025-03-31T18:16:18Z,duplicate,673.59
R001054,PAY0014316,O0013595,2025-12-06T03:51:01Z,duplicate,1290.74
R001055,PAY0014323,O0013601,2025-04-03T13:06:59Z,late_delivery,667.80
R001056,PAY0014329,O0013607,2025-07-24T23:01:01Z,duplicate,112.27
R001057,PAY0014342,O0013620,2025-06-24T11:45:08Z,customer_return,35.98
R001058,PAY0014350,O0013627,2024-07-21T08:23:09Z,late_delivery,423.19
R001059,PAY0014360,O0013635,2025-12-31T10:19:32Z,late_delivery,647.10
R001060,PAY0014372,O0013646,2023-08-25T09:47:52Z,customer_return,109.72
R001061,PAY0014400,O0013671,2025-11-27T22:56:21Z,customer_return,395.78
R001062,PAY0014427,O0013698,2024-11-24T05:20:40Z,customer_return,49.56
R001063,PAY0014429,O0013700,2024-09-08T07:10:11Z,duplicate,546.39
R001064,PAY0014432,O0013703,2023-02-16T10:39:08Z,duplicate,722.77
R001065,PAY0014445,O0013715,2024-08-22T08:08:55Z,duplicate,649.57
R001066,PAY0014456,O0013725,2023-02-13T08:10:56Z,customer_return,160.38
R001067,PAY0014468,O0013736,2023-02-24T22:42:56Z,customer_return,454.52
R001068,PAY0014496,O0013763,2024-05-28T00:27:08Z,damaged,302.77
R001069,PAY0014541,O0013806,2023-09-05T06:32:31Z,damaged,616.63
R001070,PAY0014578,O0013843,2024-05-14T00:56:18Z,late_delivery,556.53
R001071,PAY0014589,O0013854,2025-02-27T17:17:50Z,late_delivery,572.25
R001072,PAY0014609,O0013872,2024-03-19T18:11:42Z,customer_return,430.88
R001073,PAY0014617,O0013880,2025-05-07T10:47:36Z,damaged,130.15
R001074,PAY0014620,O0013883,2025-06-22T20:32:47Z,late_delivery,918.64
R001075,PAY0014633,O0013896,2024-02-17T18:55:43Z,damaged,406.88
R001076,PAY0014647,O0013909,2025-02-20T17:58:27Z,late_delivery,173.84
R001077,PAY0014671,O0013933,2024-01-05T22:22:46Z,duplicate,188.78
R001078,PAY0014678,O0013938,2023-07-18T02:50:11Z,customer_return,343.74
R001079,PAY0014695,O0013954,2025-01-13T12:48:48Z,duplicate,94.99
R001080,PAY0014709,O0013966,2023-05-13T16:23:22Z,late_delivery,589.60
R001081,PAY0014714,O0013971,2024-06-25T13:36:35Z,damaged,539.05
R001082,PAY0014720,O0013977,2024-05-23T13:23:16Z,customer_return,33.92
R001083,PAY0014724,O0013981,2023-12-09T09:05:11Z,late_delivery,1932.12
R001084,PAY0014729,O0013986,2025-05-22T06:58:52Z,duplicate,435.86
R001085,PAY0014730,O0013987,2023-06-19T23:40:26Z,damaged,233.64
R001086,PAY0014756,O0014011,2024-06-07T22:47:42Z,late_delivery,482.81
R001087,PAY0014758,O0014012,2024-06-19T20:15:27Z,customer_return,368.94
R001088,PAY0014770,O0014024,2025-12-14T20:11:10Z,customer_return,28.59
R001089,PAY0014807,O0014058,2023-07-16T17:27:55Z,duplicate,950.39
R001090,PAY0014818,O0014067,2024-06-04T00:27:55Z,customer_return,360.52
R001091,PAY0014825,O0014074,2023-10-02T01:23:35Z,customer_return,647.30
R001092,PAY0014836,O0014082,2023-10-23T00:26:09Z,duplicate,853.62
R001093,PAY0014847,O0014093,2023-04-03T12:00:04Z,duplicate,556.51
R001094,PAY0014878,O0014124,2023-02-23T17:35:50Z,customer_return,229.88
R001095,PAY0014882,O0014128,2024-05-11T11:35:15Z,customer_return,701.65
R001096,PAY0014892,O0014138,2023-08-22T02:45:12Z,late_delivery,563.81
R001097,PAY0014902,O0014148,2023-05-26T06:26:32Z,damaged,153.25
R001098,PAY0014950,O0014193,2024-04-16T23:45:29Z,damaged,153.17
R001099,PAY0014953,O0014195,2023-04-23T11:20:54Z,damaged,59.63
R001100,PAY0014962,O0014204,2024-01-20T03:42:13Z,damaged,472.70
R001101,PAY0014968,O0014209,2025-07-11T06:20:42Z,damaged,1390.79
R001102,PAY0014982,O0014222,2024-03-23T12:13:33Z,duplicate,496.62
R001103,PAY0014999,O0014238,2025-12-07T09:08:06Z,late_delivery,164.43
R001104,PAY0015000,O0014239,2025-05-24T02:41:29Z,damaged,576.56
R001105,PAY0015002,O0014241,2025-03-17T10:00:51Z,late_delivery,347.31
R001106,PAY0015005,O0014244,2023-11-24T20:48:25Z,late_delivery,12.29
R001107,PAY0015029,O0014266,2025-09-29T22:41:50Z,duplicate,1664.50
R001108,PAY0015068,O0014302,2025-12-31T16:55:37Z,damaged,799.22
R001109,PAY0015069,O0014303,2024-01-22T15:36:31Z,duplicate,63.33
R001110,PAY0015073,O0014307,2025-03-14T13:02:04Z,damaged,48.61
R001111,PAY0015088,O0014321,2023-10-21T07:59:07Z,late_delivery,326.96
R001112,PAY0015098,O0014331,2025-10-04T05:34:51Z,late_delivery,491.52
R001113,PAY0015103,O0014336,2025-12-03T23:27:21Z,damaged,352.61
R001114,PAY0015129,O0014361,2023-03-09T11:07:16Z,late_delivery,173.77
R001115,PAY0015139,O0014370,2025-09-07T23:04:29Z,damaged,234.57
R001116,PAY0015154,O0014385,2023-10-25T15:53:17Z,damaged,532.71
R001117,PAY0015161,O0014391,2023-04-06T20:30:15Z,duplicate,649.17
R001118,PAY0015190,O0014417,2025-06-27T03:46:38Z,damaged,406.17
R001119,PAY0015198,O0014425,2023-06-13T01:26:00Z,late_delivery,1318.25
R001120,PAY0015200,O0014427,2025-07-18T19:46:46Z,late_delivery,376.86
R001121,PAY0015221,O0014446,2024-01-27T22:48:00Z,damaged,337.27
R001122,PAY0015223,O0014448,2023-04-05T01:45:26Z,damaged,522.67
R001123,PAY0015255,O0014480,2024-10-12T05:51:13Z,duplicate,48.00
R001124,PAY0015272,O0014497,2024-01-23T05:30:00Z,duplicate,344.82
R001125,PAY0015273,O0014498,2025-11-25T07:32:20Z,damaged,850.53
R001126,PAY0015284,O0014509,2024-05-01T06:34:37Z,damaged,965.30
R001127,PAY0015288,O0014513,2023-11-07T19:00:15Z,duplicate,33.80
R001128,PAY0015290,O0014515,2023-11-09T10:10:30Z,late_delivery,88.35
R001129,PAY0015294,O0014519,2025-04-12T15:32:00Z,duplicate,54.91
R001130,PAY0015313,O0014537,2025-07-17T08:24:56Z,customer_return,75.88
R001131,PAY0015322,O0014546,2024-01-16T06:22:15Z,customer_return,51.25
R001132,PAY0015341,O0014563,2024-11-25T19:18:34Z,damaged,129.57
R001133,PAY0015364,O0014586,2025-04-02T20:11:35Z,duplicate,750.59
R001134,PAY0015371,O0014593,2024-12-13T18:30:36Z,customer_return,1140.43
R001135,PAY0015386,O0014608,2025-10-07T17:01:23Z,late_delivery,1780.08
R001136,PAY0015390,O0014612,2023-02-28T10:34:47Z,damaged,201.59
R001137,PAY0015393,O0014615,2023-10-18T06:18:01Z,damaged,337.11
R001138,PAY0015398,O0014620,2025-11-28T05:23:27Z,damaged,140.54
R001139,PAY0015420,O0014640,2025-12-31T21:43:40Z,duplicate,1238.73
R001140,PAY0015445,O0014665,2024-06-03T19:03:25Z,damaged,16.55
R001141,PAY0015448,O0014668,2025-11-08T17:00:44Z,customer_return,484.79
R001142,PAY0015473,O0014692,2023-10-26T18:39:59Z,damaged,802.81
R001143,PAY0015491,O0014709,2025-12-02T01:40:46Z,damaged,420.76
R001144,PAY0015501,O0014719,2023-09-05T14:45:45Z,damaged,501.75
R001145,PAY0015540,O0014755,2025-04-02T13:15:53Z,late_delivery,214.42
R001146,PAY0015541,O0014756,2024-01-16T22:38:03Z,customer_return,0.07
R001147,PAY0015549,O0014763,2024-11-12T00:38:50Z,duplicate,395.37
R001148,PAY0015551,O0014765,2023-08-21T06:15:41Z,damaged,184.79
R001149,PAY0015559,O0014773,2025-03-02T18:05:10Z,duplicate,275.70
R001150,PAY0015610,O0014820,2023-08-19T10:47:45Z,customer_return,499.71
R001151,PAY0015611,O0014821,2025-06-02T07:34:47Z,customer_return,925.61
R001152,PAY0015629,O0014837,2024-12-30T00:20:07Z,late_delivery,980.21
R001153,PAY0015639,O0014847,2024-05-10T08:58:56Z,customer_return,641.14
R001154,PAY0015645,O0014853,2024-10-12T07:47:00Z,late_delivery,524.01
R001155,PAY0015653,O0014860,2025-10-14T09:12:31Z,duplicate,102.60
R001156,PAY0015654,O0014861,2024-12-04T20:24:04Z,duplicate,43.42
R001157,PAY0015698,O0014901,2024-01-11T12:58:56Z,duplicate,719.46
R001158,PAY0015717,O0014918,2025-01-06T18:03:56Z,duplicate,310.65
R001159,PAY0015724,O0014925,2023-10-01T06:22:46Z,duplicate,923.36
R001160,PAY0015726,O0014927,2024-09-14T23:16:39Z,damaged,194.10
R001161,PAY0015778,O0014974,2023-07-19T23:11:38Z,damaged,1684.49
R001162,PAY0015789,O0014985,2025-04-17T22:39:03Z,duplicate,63.41
R001163,PAY0015801,O0014996,2024-12-08T10:25:36Z,damaged,575.39
R001164,PAY0015818,O0015011,2024-08-26T22:16:01Z,duplicate,851.60
R001165,PAY0015823,O0015016,2023-10-15T00:54:09Z,late_delivery,293.30
R001166,PAY0015826,O0015019,2023-08-23T12:56:16Z,customer_return,591.03
R001167,PAY0015834,O0015026,2024-09-29T11:26:38Z,customer_return,571.76
R001168,PAY0015837,O0015029,2025-07-09T08:39:51Z,duplicate,103.72
R001169,PAY0015854,O0015045,2024-08-12T22:50:19Z,duplicate,563.47
R001170,PAY0015857,O0015048,2024-04-24T09:47:36Z,customer_return,331.14
R001171,PAY0015862,O0015053,2023-10-19T22:17:56Z,damaged,229.35
R001172,PAY0015867,O0015058,2023-11-20T17:28:00Z,late_delivery,456.35
R001173,PAY0015869,O0015060,2024-09-18T18:25:57Z,customer_return,258.87
R001174,PAY0015873,O0015064,2025-09-01T11:03:49Z,damaged,10.53
R001175,PAY0015877,O0015068,2025-01-09T03:58:16Z,customer_return,50.26
R001176,PAY0015883,O0015074,2024-09-12T15:51:26Z,duplicate,894.42
R001177,PAY0015890,O0015080,2024-11-28T17:40:17Z,customer_return,313.03
R001178,PAY0015913,O0015103,2023-11-05T03:34:46Z,customer_return,152.12
R001179,PAY0015930,O0015119,2023-09-19T14:17:05Z,duplicate,546.88
R001180,PAY0015933,O0015122,2025-10-01T15:58:56Z,late_delivery,786.90
R001181,PAY0015943,O0015132,2023-12-05T06:09:56Z,customer_return,265.16
R001182,PAY0015983,O0015169,2025-01-16T12:39:39Z,late_delivery,1320.48
R001183,PAY0015994,O0015180,2025-12-08T10:42:12Z,late_delivery,69.94
R001184,PAY0016022,O0015207,2023-12-19T13:23:23Z,customer_return,127.50
R001185,PAY0016026,O0015210,2025-02-06T12:26:55Z,customer_return,195.07
R001186,PAY0016033,O0015216,2024-10-16T04:45:04Z,duplicate,1073.77
R001187,PAY0016050,O0015232,2023-12-19T14:02:52Z,damaged,6.75
R001188,PAY0016059,O0015240,2025-12-08T02:45:31Z,damaged,1511.51
R001189,PAY0016064,O0015245,2025-12-22T07:23:07Z,damaged,83.05
R001190,PAY0016079,O0015259,2024-03-16T21:39:32Z,duplicate,136.53
R001191,PAY0016080,O0015260,2025-01-07T21:52:45Z,late_delivery,954.66
R001192,PAY0016097,O0015275,2024-05-20T01:48:25Z,customer_return,1159.60
R001193,PAY0016109,O0015287,2023-06-01T11:55:03Z,duplicate,886.29
R001194,PAY0016113,O0015291,2024-07-02T17:29:32Z,customer_return,878.70
R001195,PAY0016128,O0015305,2023-12-20T03:00:55Z,customer_return,416.94
R001196,PAY0016156,O0015330,2023-08-09T02:06:46Z,duplicate,142.87
R001197,PAY0016162,O0015336,2023-07-12T09:21:38Z,damaged,379.21
R001198,PAY0016170,O0015343,2025-04-13T10:55:00Z,damaged,189.21
R001199,PAY0016174,O0015347,2024-09-16T03:18:15Z,late_delivery,307.74
R001200,PAY0016182,O0015355,2024-07-25T01:41:08Z,damaged,22.51
R001201,PAY0016192,O0015364,2023-04-21T18:44:09Z,damaged,561.17
R001202,PAY0016196,O0015368,2024-09-13T18:04:08Z,duplicate,39.96
R001203,PAY0016200,O0015372,2023-09-09T18:40:00Z,late_delivery,151.64
R001204,PAY0016201,O0015373,2025-10-18T10:36:54Z,customer_return,699.81
R001205,PAY0016203,O0015375,2024-06-02T19:19:17Z,duplicate,7.38
R001206,PAY0016206,O0015378,2024-01-03T04:03:49Z,damaged,129.47
R001207,PAY0016227,O0015397,2025-09-14T05:24:58Z,customer_return,400.72
R001208,PAY0016252,O0015420,2025-03-24T16:21:15Z,late_delivery,1112.13
R001209,PAY0016256,O0015424,2024-07-24T17:32:34Z,damaged,606.97
R001210,PAY0016264,O0015432,2025-10-15T14:40:26Z,late_delivery,333.50
R001211,PAY0016267,O0015435,2023-01-19T12:19:04Z,late_delivery,26.64
R001212,PAY0016298,O0015464,2023-09-22T02:29:13Z,late_delivery,394.06
R001213,PAY0016303,O0015469,2024-12-31T02:27:30Z,customer_return,285.72
R001214,PAY0016306,O0015472,2023-03-04T07:47:33Z,damaged,178.57
R001215,PAY0016337,O0015500,2024-07-10T18:22:05Z,late_delivery,804.80
R001216,PAY0016353,O0015516,2024-12-30T12:45:49Z,damaged,106.60
R001217,PAY0016358,O0015521,2023-11-13T09:01:46Z,customer_return,1405.88
R001218,PAY0016378,O0015540,2024-09-15T17:19:09Z,duplicate,125.03
R001219,PAY0016398,O0015559,2023-05-29T10:09:28Z,damaged,153.41
R001220,PAY0016418,O0015579,2024-08-08T19:01:07Z,late_delivery,15.04
R001221,PAY0016449,O0015608,2023-06-01T11:31:35Z,damaged,1220.41
R001222,PAY0016488,O0015643,2024-03-09T23:14:38Z,duplicate,216.38
R001223,PAY0016496,O0015651,2024-01-25T11:26:37Z,duplicate,1203.31
R001224,PAY0016534,O0015688,2023-10-05T22:38:44Z,duplicate,169.89
R001225,PAY0016537,O0015691,2023-08-01T10:04:43Z,late_delivery,203.67
R001226,PAY0016549,O0015702,2024-07-29T16:43:14Z,damaged,8.30
R001227,PAY0016550,O0015703,2025-12-18T05:09:16Z,duplicate,369.89
R001228,PAY0016571,O0015722,2024-05-02T18:58:19Z,damaged,98.82
R001229,PAY0016603,O0015753,2023-11-27T17:20:46Z,late_delivery,110.64
R001230,PAY0016618,O0015767,2023-06-12T16:46:23Z,damaged,1098.27
R001231,PAY0016640,O0015788,2025-12-01T17:27:06Z,duplicate,22.79
R001232,PAY0016641,O0015789,2023-08-11T13:41:03Z,duplicate,161.44
R001233,PAY0016643,O0015791,2025-10-17T11:37:52Z,duplicate,219.30
R001234,PAY0016667,O0015814,2023-12-17T12:17:11Z,late_delivery,561.26
R001235,PAY0016676,O0015823,2024-07-26T14:12:42Z,late_delivery,959.92
R001236,PAY0016694,O0015840,2025-11-23T13:06:48Z,duplicate,213.11
R001237,PAY0016711,O0015856,2024-06-03T04:22:24Z,damaged,17.29
R001238,PAY0016717,O0015861,2025-11-08T19:40:26Z,late_delivery,467.47
R001239,PAY0016727,O0015871,2023-11-21T21:52:00Z,damaged,243.83
R001240,PAY0016732,O0015876,2023-10-05T10:53:59Z,late_delivery,722.53
R001241,PAY0016734,O0015878,2024-01-13T13:45:02Z,damaged,83.57
R001242,PAY0016740,O0015884,2023-12-17T14:42:26Z,customer_return,300.42
R001243,PAY0016760,O0015904,2025-10-18T18:31:10Z,customer_return,183.79
R001244,PAY0016767,O0015911,2025-12-28T16:54:13Z,late_delivery,118.85
R001245,PAY0016793,O0015934,2023-04-23T17:56:26Z,damaged,238.59
R001246,PAY0016802,O0015943,2025-05-08T01:07:42Z,damaged,151.93
R001247,PAY0016814,O0015953,2024-12-15T01:51:07Z,duplicate,278.42
R001248,PAY0016826,O0015965,2023-11-10T16:32:46Z,damaged,726.11
R001249,PAY0016831,O0015970,2023-06-15T14:40:12Z,damaged,237.63
R001250,PAY0016834,O0015973,2023-05-22T12:20:24Z,damaged,768.81
R001251,PAY0016844,O0015983,2025-04-28T14:50:19Z,duplicate,386.54
R001252,PAY0016845,O0015984,2023-08-09T03:48:03Z,damaged,265.71
R001253,PAY0016863,O0016002,2024-06-12T01:34:26Z,damaged,76.91
R001254,PAY0016908,O0016045,2024-07-09T01:41:28Z,customer_return,97.78
R001255,PAY0016909,O0016046,2024-01-26T09:25:55Z,late_delivery,68.33
R001256,PAY0016922,O0016057,2023-04-06T15:41:17Z,late_delivery,69.81
R001257,PAY0016929,O0016064,2024-07-23T13:51:22Z,damaged,368.54
R001258,PAY0016930,O0016065,2023-11-23T00:26:14Z,duplicate,531.84
R001259,PAY0016936,O0016071,2023-09-23T14:14:40Z,customer_return,747.76
R001260,PAY0016939,O0016074,2025-12-18T23:20:35Z,duplicate,1016.55
R001261,PAY0016941,O0016075,2023-03-20T03:33:03Z,customer_return,188.70
R001262,PAY0016942,O0016076,2024-07-26T23:04:05Z,late_delivery,7.30
R001263,PAY0016946,O0016080,2023-11-07T15:42:03Z,late_delivery,1005.43
R001264,PAY0016961,O0016094,2025-03-03T12:21:11Z,customer_return,372.19
R001265,PAY0016975,O0016107,2024-03-15T11:16:26Z,customer_return,374.46
R001266,PAY0016996,O0016128,2023-07-21T23:36:57Z,duplicate,446.67
R001267,PAY0017006,O0016138,2024-10-20T10:15:19Z,duplicate,1614.76
R001268,PAY0017021,O0016152,2024-03-20T06:56:18Z,damaged,810.75
R001269,PAY0017029,O0016160,2023-04-15T16:00:13Z,customer_return,237.51
R001270,PAY0017033,O0016164,2023-09-23T18:29:30Z,damaged,476.30
R001271,PAY0017049,O0016180,2025-12-19T11:16:28Z,late_delivery,1092.23
R001272,PAY0017053,O0016183,2023-12-16T17:51:03Z,damaged,422.42
R001273,PAY0017064,O0016194,2025-09-21T13:01:19Z,damaged,21.69
R001274,PAY0017091,O0016219,2023-06-29T10:26:27Z,duplicate,2.97
R001275,PAY0017106,O0016232,2023-04-14T11:11:09Z,customer_return,244.99
R001276,PAY0017111,O0016236,2024-12-27T09:25:55Z,damaged,61.01
R001277,PAY0017114,O0016239,2025-03-02T16:30:01Z,late_delivery,74.67
R001278,PAY0017116,O0016241,2025-02-07T14:35:28Z,customer_return,549.85
R001279,PAY0017117,O0016242,2025-10-09T07:37:52Z,damaged,964.20
R001280,PAY0017120,O0016245,2023-04-07T20:06:45Z,customer_return,1100.27
R001281,PAY0017135,O0016259,2023-08-16T20:08:18Z,customer_return,369.20
R001282,PAY0017138,O0016262,2025-08-23T00:56:07Z,duplicate,196.22
R001283,PAY0017146,O0016270,2023-06-06T15:09:30Z,damaged,187.74
R001284,PAY0017154,O0016278,2023-11-21T21:27:51Z,duplicate,25.55
R001285,PAY0017171,O0016295,2023-04-08T21:02:52Z,damaged,29.95
R001286,PAY0017175,O0016299,2023-10-23T22:50:32Z,damaged,1507.17
R001287,PAY0017189,O0016309,2024-04-21T09:33:46Z,customer_return,638.80
R001288,PAY0017191,O0016311,2023-01-31T01:47:50Z,duplicate,996.30
R001289,PAY0017201,O0016321,2024-02-27T04:20:32Z,customer_return,400.03
R001290,PAY0017207,O0016326,2025-09-19T08:23:34Z,damaged,391.98
R001291,PAY0017218,O0016336,2025-09-09T04:32:44Z,late_delivery,1173.29
R001292,PAY0017250,O0016367,2024-03-21T02:57:36Z,late_delivery,551.02
R001293,PAY0017264,O0016381,2023-05-11T19:22:03Z,late_delivery,100.83
R001294,PAY0017287,O0016403,2025-04-22T14:06:02Z,customer_return,305.46
R001295,PAY0017315,O0016431,2024-03-20T02:29:48Z,customer_return,25.33
R001296,PAY0017317,O0016433,2023-11-07T01:44:52Z,damaged,207.24
R001297,PAY0017331,O0016447,2024-05-13T13:27:33Z,customer_return,229.04
R001298,PAY0017336,O0016452,2024-04-15T10:55:57Z,late_delivery,571.67
R001299,PAY0017339,O0016455,2023-08-06T08:21:29Z,damaged,923.89
R001300,PAY0017343,O0016459,2024-04-21T23:43:16Z,damaged,507.07
R001301,PAY0017349,O0016465,2025-11-14T03:47:43Z,late_delivery,1075.70
R001302,PAY0017362,O0016477,2024-10-05T21:51:51Z,damaged,166.83
R001303,PAY0017381,O0016495,2025-02-20T20:05:21Z,damaged,141.89
R001304,PAY0017391,O0016503,2023-03-15T01:22:23Z,late_delivery,858.02
R001305,PAY0017400,O0016511,2024-11-06T21:02:33Z,customer_return,360.19
R001306,PAY0017403,O0016514,2024-12-07T09:58:00Z,late_delivery,1588.62
R001307,PAY0017423,O0016534,2025-03-13T06:51:37Z,damaged,979.88
R001308,PAY0017444,O0016552,2023-02-13T01:44:07Z,damaged,190.33
R001309,PAY0017480,O0016588,2023-06-25T19:00:44Z,customer_return,273.25
R001310,PAY0017525,O0016629,2024-06-07T21:41:11Z,customer_return,79.64
R001311,PAY0017526,O0016630,2025-07-10T17:24:08Z,late_delivery,522.13
R001312,PAY0017542,O0016645,2025-12-31T17:18:00Z,duplicate,2482.37
R001313,PAY0017553,O0016655,2025-01-21T10:56:25Z,customer_return,623.08
R001314,PAY0017583,O0016684,2024-08-14T05:03:21Z,late_delivery,350.92
R001315,PAY0017588,O0016689,2025-10-19T23:52:41Z,late_delivery,492.63
R001316,PAY0017604,O0016705,2023-07-21T08:08:46Z,duplicate,769.46
R001317,PAY0017618,O0016719,2025-12-16T09:49:11Z,late_delivery,1222.25
R001318,PAY0017622,O0016723,2025-05-13T04:39:18Z,damaged,6.29
R001319,PAY0017635,O0016734,2023-05-18T04:04:39Z,damaged,250.85
R001320,PAY0017638,O0016737,2025-02-17T02:07:08Z,duplicate,547.11
R001321,PAY0017641,O0016739,2025-01-29T10:09:27Z,duplicate,324.26
R001322,PAY0017655,O0016753,2025-10-10T16:02:09Z,damaged,301.95
R001323,PAY0017660,O0016757,2023-08-21T10:22:55Z,damaged,29.37
R001324,PAY0017674,O0016771,2025-12-31T03:54:40Z,duplicate,397.53
R001325,PAY0017691,O0016787,2024-11-09T11:14:41Z,duplicate,147.17
R001326,PAY0017692,O0016788,2023-11-05T11:50:37Z,customer_return,615.50
R001327,PAY0017695,O0016791,2024-06-12T00:33:24Z,late_delivery,424.24
R001328,PAY0017700,O0016796,2024-10-10T18:55:37Z,late_delivery,493.46
R001329,PAY0017718,O0016813,2023-06-18T11:22:57Z,late_delivery,181.45
R001330,PAY0017719,O0016814,2024-11-21T10:59:06Z,late_delivery,261.78
R001331,PAY0017729,O0016824,2023-04-16T16:29:14Z,customer_return,843.44
R001332,PAY0017740,O0016835,2025-11-03T10:48:10Z,damaged,15.14
R001333,PAY0017776,O0016869,2025-07-15T01:37:51Z,damaged,25.22
R001334,PAY0017798,O0016890,2024-06-12T21:35:03Z,duplicate,289.57
R001335,PAY0017821,O0016913,2024-06-24T13:02:41Z,late_delivery,482.77
R001336,PAY0017851,O0016941,2025-11-08T10:01:25Z,damaged,124.29
R001337,PAY0017879,O0016968,2024-05-14T19:40:03Z,duplicate,78.13
R001338,PAY0017901,O0016989,2025-06-29T21:16:13Z,damaged,183.89
R001339,PAY0017934,O0017019,2024-01-27T22:17:17Z,late_delivery,40.81
R001340,PAY0017969,O0017054,2025-04-10T08:38:23Z,late_delivery,564.40
R001341,PAY0017976,O0017061,2024-10-29T08:17:15Z,customer_return,1906.00
R001342,PAY0017997,O0017081,2024-11-26T06:30:41Z,damaged,116.59
R001343,PAY0018006,O0017090,2023-02-10T15:13:21Z,damaged,568.29
R001344,PAY0018029,O0017112,2023-12-19T15:02:44Z,late_delivery,266.07
R001345,PAY0018040,O0017123,2024-05-07T22:50:01Z,duplicate,58.50
R001346,PAY0018050,O0017132,2025-11-05T13:15:40Z,late_delivery,575.86
R001347,PAY0018059,O0017141,2023-11-04T04:57:00Z,customer_return,747.07
R001348,PAY0018069,O0017150,2024-09-12T05:46:14Z,customer_return,770.91
R001349,PAY0018071,O0017151,2025-12-20T12:26:45Z,customer_return,665.06
R001350,PAY0018088,O0017168,2025-06-23T17:20:01Z,late_delivery,383.02
R001351,PAY0018089,O0017169,2025-02-15T15:07:12Z,duplicate,26.51
R001352,PAY0018109,O0017189,2024-05-24T00:37:01Z,damaged,1101.70
R001353,PAY0018154,O0017233,2023-02-12T06:13:31Z,duplicate,353.23
R001354,PAY0018180,O0017257,2024-04-10T05:04:34Z,damaged,49.39
R001355,PAY0018196,O0017273,2025-07-14T14:08:40Z,customer_return,594.95
R001356,PAY0018209,O0017286,2025-02-24T21:18:57Z,customer_return,3.30
R001357,PAY0018222,O0017298,2023-03-25T01:04:23Z,late_delivery,1433.78
R001358,PAY0018232,O0017308,2023-08-21T14:04:15Z,customer_return,327.32
R001359,PAY0018248,O0017324,2025-02-17T03:27:49Z,damaged,99.15
R001360,PAY0018254,O0017329,2025-05-22T20:52:24Z,damaged,191.91
R001361,PAY0018261,O0017336,2024-12-10T18:09:45Z,damaged,503.53
R001362,PAY0018288,O0017361,2023-07-06T03:19:14Z,damaged,248.58
R001363,PAY0018305,O0017377,2023-09-18T23:26:08Z,damaged,1463.22
R001364,PAY0018345,O0017414,2025-05-25T19:55:18Z,late_delivery,608.86
R001365,PAY0018351,O0017420,2024-03-03T02:43:42Z,customer_return,590.24
R001366,PAY0018362,O0017429,2024-06-19T23:35:23Z,late_delivery,401.82
R001367,PAY0018376,O0017443,2023-09-30T08:05:32Z,damaged,1311.49
R001368,PAY0018377,O0017444,2024-04-05T07:38:39Z,damaged,138.86
R001369,PAY0018378,O0017445,2025-12-31T10:07:38Z,damaged,199.61
R001370,PAY0018409,O0017474,2025-11-21T23:52:15Z,late_delivery,330.97
R001371,PAY0018412,O0017477,2025-11-05T10:24:02Z,damaged,398.58
R001372,PAY0018416,O0017481,2024-10-14T03:39:41Z,damaged,1055.84
R001373,PAY0018441,O0017505,2025-09-09T01:08:16Z,damaged,51.55
R001374,PAY0018492,O0017553,2024-05-07T00:31:07Z,customer_return,333.27
R001375,PAY0018505,O0017565,2024-10-03T02:04:22Z,duplicate,358.45
R001376,PAY0018547,O0017607,2024-01-23T08:43:01Z,damaged,294.00
R001377,PAY0018565,O0017622,2025-09-21T06:55:03Z,duplicate,714.82
R001378,PAY0018567,O0017624,2025-08-15T15:42:32Z,late_delivery,340.11
R001379,PAY0018579,O0017635,2023-03-10T06:46:52Z,late_delivery,132.62
R001380,PAY0018580,O0017636,2025-12-27T02:48:33Z,late_delivery,1104.00
R001381,PAY0018584,O0017640,2024-06-30T18:34:57Z,customer_return,590.43
R001382,PAY0018597,O0017653,2023-12-02T11:13:04Z,duplicate,67.63
R001383,PAY0018607,O0017662,2025-04-11T20:10:22Z,customer_return,640.62
R001384,PAY0018610,O0017665,2025-05-25T09:22:35Z,damaged,93.65
R001385,PAY0018632,O0017685,2023-11-09T10:57:46Z,duplicate,130.32
R001386,PAY0018651,O0017704,2024-08-21T03:24:06Z,duplicate,15.21
R001387,PAY0018658,O0017711,2024-04-20T06:57:54Z,customer_return,962.20
R001388,PAY0018666,O0017719,2024-04-13T18:05:47Z,late_delivery,89.69
R001389,PAY0018669,O0017722,2023-10-14T20:21:13Z,customer_return,865.60
R001390,PAY0018678,O0017731,2025-02-28T10:49:07Z,customer_return,671.64
R001391,PAY0018681,O0017734,2023-05-13T14:11:02Z,duplicate,247.04
R001392,PAY0018682,O0017735,2023-04-11T21:05:37Z,damaged,351.37
R001393,PAY0018683,O0017736,2025-02-14T12:24:59Z,late_delivery,945.15
R001394,PAY0018689,O0017741,2025-04-12T17:56:41Z,customer_return,755.15
R001395,PAY0018706,O0017758,2024-07-04T17:29:47Z,customer_return,22.55
R001396,PAY0018710,O0017762,2025-01-20T17:33:06Z,customer_return,382.45
R001397,PAY0018711,O0017763,2024-05-07T15:11:50Z,damaged,723.45
R001398,PAY0018733,O0017785,2024-01-11T12:14:29Z,damaged,1090.44
R001399,PAY0018735,O0017787,2025-11-08T20:11:51Z,customer_return,147.86
R001400,PAY0018749,O0017801,2025-07-13T19:53:51Z,late_delivery,379.87
R001401,PAY0018759,O0017810,2023-02-07T18:51:01Z,customer_return,750.84
R001402,PAY0018762,O0017812,2023-03-30T14:08:22Z,late_delivery,374.48
R001403,PAY0018763,O0017813,2025-04-04T06:16:02Z,duplicate,555.14
R001404,PAY0018765,O0017815,2025-09-22T02:07:04Z,duplicate,230.55
R001405,PAY0018769,O0017819,2025-10-28T15:25:59Z,customer_return,406.88
R001406,PAY0018773,O0017823,2023-06-18T03:24:36Z,late_delivery,719.83
R001407,PAY0018788,O0017837,2024-10-16T18:34:37Z,damaged,389.98
R001408,PAY0018793,O0017842,2024-09-01T17:21:55Z,late_delivery,301.58
R001409,PAY0018808,O0017857,2025-07-29T18:43:43Z,damaged,1033.88
R001410,PAY0018836,O0017883,2024-07-11T19:43:33Z,duplicate,936.35
R001411,PAY0018842,O0017889,2025-08-31T23:18:03Z,late_delivery,279.06
R001412,PAY0018853,O0017900,2024-11-12T06:30:56Z,damaged,409.36
R001413,PAY0018857,O0017904,2025-12-17T15:03:27Z,customer_return,190.25
R001414,PAY0018870,O0017915,2024-08-31T15:40:31Z,damaged,171.67
R001415,PAY0018886,O0017930,2023-03-13T03:15:52Z,late_delivery,71.80
R001416,PAY0018899,O0017942,2023-03-18T17:02:46Z,damaged,35.67
R001417,PAY0018901,O0017944,2025-11-27T09:25:44Z,damaged,273.47
R001418,PAY0018910,O0017953,2023-05-19T04:21:12Z,duplicate,1056.38
R001419,PAY0018920,O0017963,2025-05-11T10:32:17Z,duplicate,1251.00
R001420,PAY0018929,O0017972,2023-01-15T15:39:37Z,duplicate,37.18
R001421,PAY0018979,O0018016,2023-10-20T16:56:03Z,customer_return,63.98
R001422,PAY0018986,O0018023,2025-08-29T01:06:24Z,damaged,182.72
R001423,PAY0018991,O0018027,2023-03-06T11:55:43Z,late_delivery,135.84
R001424,PAY0018997,O0018033,2025-02-02T15:22:14Z,customer_return,331.02
R001425,PAY0019003,O0018039,2023-03-11T01:03:12Z,duplicate,92.71
R001426,PAY0019017,O0018051,2024-07-12T04:37:17Z,late_delivery,932.71
R001427,PAY0019044,O0018077,2023-06-12T07:13:54Z,damaged,123.06
R001428,PAY0019086,O0018118,2024-06-27T05:18:26Z,damaged,1101.99
R001429,PAY0019090,O0018122,2025-07-10T09:19:30Z,damaged,173.12
R001430,PAY0019105,O0018137,2025-10-24T10:42:44Z,duplicate,669.84
R001431,PAY0019115,O0018147,2025-11-22T08:00:41Z,damaged,248.22
R001432,PAY0019129,O0018159,2025-12-11T17:32:36Z,duplicate,525.97
R001433,PAY0019135,O0018165,2025-11-25T09:19:32Z,damaged,371.26
R001434,PAY0019145,O0018175,2024-12-01T19:26:00Z,damaged,108.94
R001435,PAY0019146,O0018176,2023-04-28T09:32:56Z,late_delivery,510.90
R001436,PAY0019176,O0018205,2023-02-01T00:10:07Z,late_delivery,163.55
R001437,PAY0019182,O0018211,2025-07-07T09:24:42Z,damaged,428.27
R001438,PAY0019189,O0018218,2023-05-17T09:16:45Z,damaged,18.35
R001439,PAY0019194,O0018223,2025-05-25T05:05:44Z,duplicate,106.58
R001440,PAY0019199,O0018227,2024-08-13T08:18:34Z,late_delivery,165.39
R001441,PAY0019200,O0018228,2025-04-11T19:31:05Z,late_delivery,14.28
R001442,PAY0019203,O0018231,2024-02-27T15:53:16Z,late_delivery,8.16
R001443,PAY0019215,O0018241,2024-06-25T07:18:06Z,late_delivery,412.57
R001444,PAY0019216,O0018242,2025-06-22T22:08:21Z,late_delivery,398.82
R001445,PAY0019224,O0018250,2025-03-11T10:53:14Z,customer_return,685.97
R001446,PAY0019226,O0018252,2024-02-25T10:57:20Z,duplicate,85.84
R001447,PAY0019230,O0018256,2025-06-17T07:56:25Z,damaged,48.01
R001448,PAY0019274,O0018300,2025-01-26T06:58:57Z,late_delivery,10.85
R001449,PAY0019300,O0018323,2025-01-19T21:55:01Z,duplicate,127.54
R001450,PAY0019301,O0018324,2025-07-27T11:20:43Z,duplicate,33.81
R001451,PAY0019308,O0018330,2024-12-14T22:44:45Z,damaged,248.69
R001452,PAY0019334,O0018355,2024-07-20T01:53:47Z,damaged,439.10
R001453,PAY0019352,O0018373,2023-10-03T11:01:31Z,damaged,99.54
R001454,PAY0019353,O0018374,2024-10-26T20:21:36Z,duplicate,338.42
R001455,PAY0019359,O0018380,2025-10-02T23:49:30Z,damaged,323.39
R001456,PAY0019363,O0018384,2024-04-21T09:51:10Z,damaged,836.50
R001457,PAY0019374,O0018395,2023-08-09T13:18:26Z,late_delivery,220.10
R001458,PAY0019378,O0018399,2023-08-27T14:44:36Z,damaged,341.66
R001459,PAY0019382,O0018403,2023-02-16T19:20:54Z,damaged,134.74
R001460,PAY0019384,O0018405,2024-03-11T16:09:56Z,damaged,176.34
R001461,PAY0019413,O0018434,2025-02-03T17:23:01Z,damaged,196.33
R001462,PAY0019428,O0018449,2025-05-06T19:35:35Z,customer_return,375.90
R001463,PAY0019440,O0018461,2023-01-08T01:29:02Z,duplicate,619.27
R001464,PAY0019454,O0018475,2024-01-24T16:33:08Z,damaged,112.21
R001465,PAY0019466,O0018487,2025-10-30T07:48:47Z,damaged,84.06
R001466,PAY0019477,O0018496,2025-10-13T07:19:34Z,duplicate,2.81
R001467,PAY0019478,O0018497,2025-03-25T06:08:14Z,damaged,504.26
R001468,PAY0019510,O0018528,2024-04-10T04:09:35Z,duplicate,875.57
R001469,PAY0019521,O0018538,2023-05-07T18:50:29Z,customer_return,127.58
R001470,PAY0019532,O0018548,2024-05-16T12:36:30Z,damaged,1114.61
R001471,PAY0019547,O0018561,2024-04-24T15:09:09Z,damaged,376.76
R001472,PAY0019557,O0018571,2024-01-19T19:38:45Z,duplicate,19.12
R001473,PAY0019559,O0018573,2023-11-13T20:05:06Z,late_delivery,45.65
R001474,PAY0019579,O0018590,2024-04-15T17:40:42Z,customer_return,1808.32
R001475,PAY0019613,O0018623,2024-12-27T16:23:12Z,late_delivery,39.03
R001476,PAY0019620,O0018630,2023-02-16T23:59:09Z,late_delivery,81.34
R001477,PAY0019627,O0018637,2025-01-08T21:23:10Z,duplicate,22.73
R001478,PAY0019653,O0018660,2023-05-21T14:14:34Z,customer_return,355.89
R001479,PAY0019670,O0018675,2025-10-18T13:07:42Z,late_delivery,343.86
R001480,PAY0019674,O0018679,2023-11-11T02:38:51Z,customer_return,500.50
R001481,PAY0019677,O0018682,2025-06-23T21:43:56Z,duplicate,343.23
R001482,PAY0019691,O0018696,2025-01-30T01:16:48Z,late_delivery,633.13
R001483,PAY0019700,O0018705,2025-08-31T16:04:29Z,damaged,1914.49
R001484,PAY0019765,O0018768,2023-11-01T18:32:25Z,customer_return,331.00
R001485,PAY0019771,O0018773,2024-04-29T09:05:50Z,duplicate,178.26
R001486,PAY0019773,O0018775,2025-07-20T01:09:29Z,late_delivery,186.30
R001487,PAY0019778,O0018780,2025-06-08T02:06:36Z,damaged,113.51
R001488,PAY0019807,O0018805,2025-12-22T10:13:52Z,damaged,488.12
R001489,PAY0019811,O0018808,2025-05-03T23:26:32Z,customer_return,602.81
R001490,PAY0019813,O0018810,2024-02-17T21:48:34Z,damaged,639.10
R001491,PAY0019831,O0018828,2023-03-26T15:22:47Z,customer_return,689.13
R001492,PAY0019832,O0018829,2023-12-26T03:20:31Z,late_delivery,318.32
R001493,PAY0019835,O0018832,2023-07-27T08:54:23Z,duplicate,645.89
R001494,PAY0019838,O0018835,2023-11-23T00:44:07Z,damaged,73.19
R001495,PAY0019856,O0018851,2024-10-17T11:26:24Z,late_delivery,264.95
R001496,PAY0019872,O0018866,2025-02-22T20:56:12Z,duplicate,825.35
R001497,PAY0019884,O0018878,2025-02-08T07:14:13Z,customer_return,380.50
R001498,PAY0019909,O0018903,2024-11-07T04:48:02Z,duplicate,424.24
R001499,PAY0019937,O0018928,2025-10-09T19:38:06Z,customer_return,738.78
R001500,PAY0019952,O0018942,2024-09-03T16:57:01Z,damaged,233.73
R001501,PAY0019954,O0018944,2023-09-14T11:57:27Z,customer_return,53.85
R001502,PAY0019961,O0018950,2024-12-02T00:35:09Z,customer_return,63.05
R001503,PAY0019986,O0018973,2025-01-31T12:43:14Z,customer_return,839.64
R001504,PAY0019994,O0018980,2023-05-01T18:41:18Z,late_delivery,428.18
R001505,PAY0020000,O0018986,2024-11-22T16:25:30Z,late_delivery,897.96
R001506,PAY0020008,O0018993,2024-09-06T09:32:42Z,customer_return,492.48
R001507,PAY0020010,O0018995,2024-05-23T20:35:13Z,late_delivery,239.16
R001508,PAY0020024,O0019009,2023-05-04T12:10:09Z,duplicate,233.20
R001509,PAY0020032,O0019016,2023-04-09T00:17:46Z,customer_return,462.25
R001510,PAY0020038,O0019022,2025-06-25T03:14:06Z,damaged,209.39
R001511,PAY0020046,O0019030,2025-04-04T05:37:18Z,duplicate,855.00
R001512,PAY0020056,O0019040,2023-03-07T16:05:15Z,duplicate,21.66
R001513,PAY0020057,O0019041,2024-09-22T09:36:04Z,duplicate,345.25
R001514,PAY0020066,O0019050,2025-12-29T07:29:12Z,duplicate,325.33
R001515,PAY0020080,O0019063,2024-05-11T09:09:49Z,damaged,862.08
R001516,PAY0020137,O0019118,2025-09-17T08:54:09Z,duplicate,75.80
R001517,PAY0020158,O0019138,2023-08-28T07:51:57Z,late_delivery,785.07
R001518,PAY0020184,O0019163,2023-12-07T10:55:54Z,damaged,737.68
R001519,PAY0020211,O0019189,2023-08-31T14:12:20Z,duplicate,493.73
R001520,PAY0020230,O0019207,2024-01-22T13:50:30Z,duplicate,582.71
R001521,PAY0020237,O0019214,2024-12-13T17:48:05Z,damaged,6.69
R001522,PAY0020279,O0019254,2025-01-25T20:23:35Z,customer_return,535.34
R001523,PAY0020293,O0019266,2024-01-22T05:55:37Z,customer_return,154.85
R001524,PAY0020313,O0019285,2023-10-10T03:29:25Z,duplicate,669.55
R001525,PAY0020325,O0019294,2024-08-05T17:24:43Z,customer_return,678.41
R001526,PAY0020326,O0019295,2023-04-11T11:37:25Z,damaged,812.15
R001527,PAY0020328,O0019296,2024-07-10T07:50:03Z,late_delivery,602.60
R001528,PAY0020337,O0019305,2025-01-18T01:38:57Z,duplicate,179.87
R001529,PAY0020352,O0019319,2023-03-16T17:15:42Z,late_delivery,226.35
R001530,PAY0020353,O0019320,2025-01-22T06:42:53Z,late_delivery,1480.89
R001531,PAY0020369,O0019335,2024-08-16T06:49:05Z,customer_return,619.49
R001532,PAY0020377,O0019343,2023-08-31T09:58:47Z,customer_return,184.09
R001533,PAY0020392,O0019357,2023-07-06T17:13:02Z,duplicate,1234.44
R001534,PAY0020395,O0019360,2025-10-27T15:23:43Z,duplicate,134.65
R001535,PAY0020402,O0019366,2025-11-20T07:36:10Z,duplicate,134.73
R001536,PAY0020430,O0019392,2024-01-07T09:00:35Z,customer_return,572.38
R001537,PAY0020433,O0019394,2025-03-06T11:08:41Z,duplicate,110.66
R001538,PAY0020449,O0019408,2025-08-26T11:45:21Z,customer_return,97.03
R001539,PAY0020464,O0019422,2025-12-13T22:33:46Z,customer_return,246.27
R001540,PAY0020465,O0019423,2024-11-30T10:52:14Z,damaged,160.28
R001541,PAY0020467,O0019425,2025-12-31T11:27:00Z,late_delivery,1265.95
R001542,PAY0020474,O0019432,2023-01-26T17:25:44Z,damaged,48.93
R001543,PAY0020476,O0019434,2024-08-28T10:03:19Z,late_delivery,1061.75
R001544,PAY0020477,O0019435,2025-03-21T01:27:36Z,damaged,19.37
R001545,PAY0020489,O0019444,2025-12-31T10:24:38Z,damaged,278.32
R001546,PAY0020499,O0019454,2023-08-11T20:13:32Z,late_delivery,116.20
R001547,PAY0020517,O0019472,2025-08-11T21:37:40Z,duplicate,25.99
R001548,PAY0020528,O0019483,2025-07-11T22:27:29Z,duplicate,360.01
R001549,PAY0020542,O0019496,2025-08-31T16:04:10Z,damaged,378.10
R001550,PAY0020570,O0019524,2023-12-29T23:59:04Z,customer_return,1456.95
R001551,PAY0020574,O0019528,2023-10-01T02:37:18Z,customer_return,92.20
R001552,PAY0020590,O0019543,2023-02-14T16:48:22Z,late_delivery,34.40
R001553,PAY0020591,O0019544,2023-06-02T00:53:02Z,damaged,761.18
R001554,PAY0020629,O0019582,2023-06-19T04:38:15Z,duplicate,2.69
R001555,PAY0020641,O0019593,2024-05-06T06:22:13Z,duplicate,221.92
R001556,PAY0020651,O0019601,2025-05-04T21:47:50Z,customer_return,844.59
R001557,PAY0020660,O0019610,2025-09-09T15:34:24Z,damaged,163.97
R001558,PAY0020661,O0019611,2025-03-21T11:47:26Z,damaged,978.43
R001559,PAY0020668,O0019617,2023-03-18T22:02:43Z,duplicate,142.96
R001560,PAY0020681,O0019629,2023-10-27T16:14:11Z,duplicate,80.33
R001561,PAY0020682,O0019630,2025-12-01T05:45:11Z,damaged,95.25
R001562,PAY0020687,O0019635,2025-01-03T20:12:39Z,damaged,381.28
R001563,PAY0020696,O0019644,2024-12-20T04:38:45Z,customer_return,128.40
R001564,PAY0020745,O0019691,2024-02-27T03:53:11Z,damaged,1277.32
R001565,PAY0020758,O0019703,2024-02-16T13:08:50Z,customer_return,177.08
R001566,PAY0020765,O0019710,2025-01-11T04:14:31Z,damaged,19.19
R001567,PAY0020785,O0019729,2025-12-15T23:15:50Z,customer_return,133.74
R001568,PAY0020801,O0019743,2025-09-27T08:51:34Z,customer_return,52.05
R001569,PAY0020825,O0019764,2025-02-20T19:21:14Z,late_delivery,257.16
R001570,PAY0020827,O0019766,2023-11-17T18:49:20Z,damaged,117.73
R001571,PAY0020845,O0019782,2024-09-05T15:07:19Z,damaged,392.96
R001572,PAY0020874,O0019810,2024-03-10T21:39:43Z,duplicate,982.34
R001573,PAY0020885,O0019820,2024-04-15T15:15:42Z,damaged,199.37
R001574,PAY0020892,O0019827,2025-09-24T06:02:40Z,late_delivery,219.20
R001575,PAY0020898,O0019833,2023-05-30T06:04:46Z,late_delivery,372.12
R001576,PAY0020912,O0019846,2024-04-25T03:03:36Z,duplicate,671.99
R001577,PAY0020925,O0019858,2023-06-04T07:06:27Z,duplicate,180.80
R001578,PAY0020932,O0019864,2023-12-09T17:52:32Z,duplicate,181.59
R001579,PAY0020936,O0019868,2024-01-12T20:06:10Z,damaged,778.31
R001580,PAY0020948,O0019880,2023-06-13T12:57:13Z,damaged,136.89
R001581,PAY0020952,O0019884,2023-05-31T17:00:30Z,customer_return,283.51
R001582,PAY0020965,O0019895,2023-08-11T17:18:38Z,duplicate,27.26
R001583,PAY0020982,O0019911,2023-05-28T22:09:58Z,damaged,35.34
R001584,PAY0020984,O0019913,2024-04-16T18:34:08Z,damaged,287.81
R001585,PAY0020989,O0019918,2023-10-05T22:56:59Z,customer_return,535.24
R001586,PAY0020991,O0019920,2024-07-01T02:29:54Z,damaged,2631.31
R001587,PAY0020994,O0019923,2023-04-28T14:43:03Z,late_delivery,118.33
R001588,PAY0021009,O0019938,2024-12-23T15:15:06Z,customer_return,378.27
R001589,PAY0021017,O0019945,2024-08-11T11:55:09Z,late_delivery,288.75
R001590,PAY0021019,O0019947,2023-06-13T07:48:54Z,duplicate,497.20
R001591,PAY0021043,O0019970,2025-02-28T09:24:43Z,duplicate,1409.51
R001592,PAY0021054,O0019979,2024-04-27T08:30:51Z,duplicate,408.92
R001593,PAY0021065,O0019989,2025-04-14T13:10:19Z,customer_return,162.72
R001594,PAY0021068,O0019992,2025-07-20T02:36:12Z,damaged,2.12
R001595,PAY0021070,O0019994,2025-02-14T15:32:06Z,customer_return,458.80
R001596,PAY0021074,O0019998,2025-07-31T16:15:21Z,late_delivery,1393.05
R001597,PAY0021086,O0020009,2025-12-23T04:59:59Z,duplicate,251.25
R001598,PAY0021089,O0020012,2023-08-14T10:13:21Z,damaged,946.02
R001599,PAY0021090,O0020013,2024-10-05T09:29:09Z,duplicate,605.15
R001600,PAY0021096,O0020019,2024-05-22T20:18:58Z,damaged,245.43
R001601,PAY0021102,O0020024,2023-12-02T21:41:51Z,customer_return,100.57
R001602,PAY0021111,O0020033,2025-12-06T03:11:47Z,duplicate,624.75
R001603,PAY0021112,O0020034,2025-12-31T06:41:35Z,late_delivery,292.28
R001604,PAY0021117,O0020039,2024-11-20T16:21:41Z,customer_return,446.45
R001605,PAY0021137,O0020058,2024-03-03T11:20:03Z,damaged,1334.87
R001606,PAY0021138,O0020059,2024-05-02T00:44:35Z,late_delivery,464.56
R001607,PAY0021145,O0020066,2024-06-21T18:31:05Z,duplicate,14.23
R001608,PAY0021158,O0020076,2024-08-26T08:07:41Z,duplicate,413.81
R001609,PAY0021194,O0020111,2024-05-26T23:59:35Z,duplicate,489.55
R001610,PAY0021211,O0020128,2023-11-09T13:44:18Z,duplicate,10.51
R001611,PAY0021255,O0020171,2023-04-07T19:18:27Z,customer_return,242.08
R001612,PAY0021260,O0020176,2025-04-04T00:41:38Z,late_delivery,163.24
R001613,PAY0021266,O0020182,2025-06-26T03:16:52Z,customer_return,365.92
R001614,PAY0021277,O0020191,2024-08-11T22:50:56Z,damaged,790.38
R001615,PAY0021281,O0020195,2025-11-18T03:06:37Z,damaged,280.38
R001616,PAY0021283,O0020197,2025-08-12T08:17:13Z,late_delivery,297.64
R001617,PAY0021287,O0020201,2025-12-15T23:04:07Z,late_delivery,408.68
R001618,PAY0021311,O0020222,2025-05-24T15:24:31Z,duplicate,191.37
R001619,PAY0021333,O0020243,2023-10-19T02:10:12Z,late_delivery,344.00
R001620,PAY0021335,O0020245,2024-03-28T02:32:45Z,late_delivery,216.26
R001621,PAY0021368,O0020277,2025-06-05T04:19:41Z,duplicate,108.92
R001622,PAY0021400,O0020307,2024-04-18T02:40:27Z,duplicate,946.07
R001623,PAY0021430,O0020333,2025-11-16T05:47:47Z,late_delivery,988.62
R001624,PAY0021454,O0020357,2025-07-19T00:56:03Z,late_delivery,172.66
R001625,PAY0021457,O0020360,2024-10-12T13:33:18Z,damaged,417.19
R001626,PAY0021518,O0020417,2023-04-08T13:08:42Z,late_delivery,4.19
R001627,PAY0021527,O0020425,2025-01-28T17:26:37Z,damaged,197.61
R001628,PAY0021536,O0020433,2024-09-15T16:10:54Z,customer_return,40.19
R001629,PAY0021540,O0020437,2025-03-13T19:15:58Z,damaged,87.04
R001630,PAY0021542,O0020439,2025-12-15T05:44:48Z,duplicate,733.93
R001631,PAY0021545,O0020442,2024-11-05T18:17:33Z,duplicate,847.64
R001632,PAY0021560,O0020455,2024-12-04T21:31:04Z,duplicate,341.15
R001633,PAY0021562,O0020457,2024-06-14T11:00:43Z,damaged,659.10
R001634,PAY0021575,O0020469,2023-05-14T01:13:26Z,late_delivery,126.47
R001635,PAY0021576,O0020470,2024-12-17T08:54:29Z,late_delivery,83.13
R001636,PAY0021596,O0020489,2024-05-06T22:18:54Z,late_delivery,424.97
R001637,PAY0021633,O0020525,2025-08-30T19:01:13Z,duplicate,81.72
R001638,PAY0021654,O0020545,2024-11-01T17:51:09Z,customer_return,352.75
R001639,PAY0021666,O0020556,2024-02-17T08:43:46Z,customer_return,1092.58
R001640,PAY0021672,O0020562,2023-10-15T05:04:24Z,duplicate,31.48
R001641,PAY0021684,O0020573,2025-10-21T16:55:42Z,duplicate,1309.09
R001642,PAY0021688,O0020577,2023-08-16T08:32:55Z,late_delivery,1292.68
R001643,PAY0021689,O0020578,2025-08-19T00:34:51Z,damaged,982.72
R001644,PAY0021703,O0020590,2024-01-14T12:09:06Z,duplicate,1028.58
R001645,PAY0021714,O0020599,2024-10-14T07:30:20Z,late_delivery,461.19
R001646,PAY0021729,O0020613,2024-09-16T10:51:22Z,customer_return,125.56
R001647,PAY0021751,O0020633,2024-03-30T06:33:41Z,damaged,152.00
R001648,PAY0021801,O0020679,2024-11-21T05:31:13Z,damaged,859.37
R001649,PAY0021803,O0020681,2023-06-04T00:34:36Z,customer_return,240.68
R001650,PAY0021809,O0020686,2024-08-12T14:47:27Z,duplicate,1911.42
R001651,PAY0021818,O0020693,2025-12-31T12:27:04Z,damaged,367.07
R001652,PAY0021853,O0020727,2024-09-10T08:05:17Z,customer_return,44.58
R001653,PAY0021856,O0020730,2025-04-30T20:44:44Z,late_delivery,59.80
R001654,PAY0021858,O0020732,2023-09-23T02:01:48Z,customer_return,9.19
R001655,PAY0021874,O0020747,2025-08-26T01:16:10Z,late_delivery,330.60
R001656,PAY0021881,O0020754,2023-11-20T22:38:00Z,duplicate,61.88
R001657,PAY0021882,O0020755,2024-01-02T19:47:00Z,damaged,1475.16
R001658,PAY0021920,O0020792,2025-04-16T02:38:02Z,duplicate,369.36
R001659,PAY0021928,O0020800,2025-12-31T17:34:47Z,damaged,4.65
R001660,PAY0021943,O0020813,2025-01-19T07:29:09Z,customer_return,126.90
R001661,PAY0021950,O0020819,2025-06-19T06:03:59Z,late_delivery,414.93
R001662,PAY0021987,O0020856,2025-10-26T09:33:44Z,damaged,1636.18
R001663,PAY0021993,O0020862,2025-04-30T22:22:03Z,customer_return,308.93
R001664,PAY0022022,O0020887,2023-06-06T06:32:51Z,customer_return,157.55
R001665,PAY0022030,O0020895,2024-11-06T13:13:53Z,duplicate,126.11
R001666,PAY0022032,O0020897,2024-03-20T23:17:56Z,duplicate,100.10
R001667,PAY0022045,O0020910,2024-08-01T07:25:43Z,damaged,678.98
R001668,PAY0022053,O0020917,2025-03-29T13:42:57Z,customer_return,389.63
R001669,PAY0022072,O0020935,2025-12-15T13:45:34Z,duplicate,1062.54
R001670,PAY0022075,O0020938,2024-12-01T22:40:46Z,late_delivery,118.38
R001671,PAY0022080,O0020943,2025-04-10T03:21:30Z,damaged,333.98
R001672,PAY0022086,O0020949,2024-04-22T04:33:48Z,late_delivery,245.09
R001673,PAY0022097,O0020960,2024-04-08T08:48:34Z,customer_return,376.47
R001674,PAY0022098,O0020961,2023-04-07T05:47:03Z,damaged,123.28
R001675,PAY0022107,O0020970,2024-12-21T11:23:59Z,duplicate,364.00
R001676,PAY0022140,O0021003,2024-02-23T16:06:36Z,duplicate,305.49
R001677,PAY0022161,O0021023,2025-10-21T09:47:42Z,duplicate,200.07
R001678,PAY0022181,O0021042,2024-03-30T22:38:30Z,damaged,1086.50
R001679,PAY0022186,O0021047,2025-11-16T12:33:21Z,customer_return,876.79
R001680,PAY0022218,O0021076,2025-05-19T17:49:06Z,damaged,52.19
R001681,PAY0022252,O0021109,2024-12-26T20:38:22Z,duplicate,1560.74
R001682,PAY0022303,O0021158,2025-02-26T23:11:53Z,customer_return,369.55
R001683,PAY0022309,O0021164,2023-07-07T05:38:07Z,duplicate,1018.20
R001684,PAY0022334,O0021187,2023-05-25T12:50:31Z,customer_return,768.08
R001685,PAY0022343,O0021196,2025-06-22T17:43:58Z,duplicate,5.30
R001686,PAY0022355,O0021207,2024-08-19T17:32:36Z,duplicate,490.95
R001687,PAY0022356,O0021208,2025-09-29T11:43:48Z,damaged,355.10
R001688,PAY0022384,O0021236,2025-12-06T13:56:03Z,damaged,21.70
R001689,PAY0022391,O0021243,2025-07-07T06:28:16Z,damaged,265.67
R001690,PAY0022413,O0021264,2025-06-20T14:51:46Z,duplicate,2885.61
R001691,PAY0022453,O0021303,2024-08-01T14:13:18Z,late_delivery,136.03
R001692,PAY0022556,O0021400,2025-06-11T10:47:38Z,customer_return,89.50
R001693,PAY0022600,O0021443,2024-02-13T10:56:38Z,late_delivery,295.53
R001694,PAY0022611,O0021453,2023-03-22T13:49:44Z,damaged,194.81
R001695,PAY0022641,O0021480,2025-03-22T06:03:16Z,customer_return,241.26
R001696,PAY0022642,O0021481,2023-09-17T05:03:33Z,customer_return,96.70
R001697,PAY0022648,O0021487,2024-01-09T19:42:38Z,late_delivery,1904.31
R001698,PAY0022665,O0021504,2024-11-16T10:24:33Z,late_delivery,817.11
R001699,PAY0022685,O0021523,2023-09-06T22:37:17Z,late_delivery,108.66
R001700,PAY0022697,O0021535,2023-01-27T11:43:29Z,late_delivery,702.57
R001701,PAY0022705,O0021543,2025-03-09T23:17:57Z,duplicate,148.71
R001702,PAY0022718,O0021556,2024-05-17T23:19:56Z,duplicate,403.72
R001703,PAY0022741,O0021578,2025-09-16T09:55:46Z,damaged,206.84
R001704,PAY0022757,O0021593,2023-10-30T00:21:11Z,customer_return,331.31
R001705,PAY0022807,O0021641,2024-12-15T06:47:28Z,damaged,610.62
R001706,PAY0022824,O0021656,2024-05-18T08:52:47Z,duplicate,1552.25
R001707,PAY0022842,O0021672,2023-04-25T13:36:55Z,damaged,475.37
R001708,PAY0022869,O0021697,2023-09-09T04:37:15Z,late_delivery,124.19
R001709,PAY0022877,O0021704,2025-11-26T19:21:08Z,customer_return,563.61
R001710,PAY0022889,O0021716,2023-04-20T06:04:14Z,damaged,78.36
R001711,PAY0022904,O0021730,2023-06-27T09:20:05Z,damaged,453.92
R001712,PAY0022906,O0021732,2023-06-15T11:18:52Z,customer_return,461.72
R001713,PAY0022947,O0021769,2024-05-09T15:24:40Z,duplicate,137.23
R001714,PAY0022951,O0021773,2024-05-09T11:23:23Z,duplicate,78.28
R001715,PAY0022954,O0021776,2023-02-19T02:04:58Z,duplicate,311.27
R001716,PAY0022959,O0021781,2025-01-30T10:39:29Z,customer_return,390.82
R001717,PAY0022962,O0021784,2025-04-28T15:44:26Z,late_delivery,506.14
R001718,PAY0022998,O0021819,2024-10-30T07:16:33Z,duplicate,559.90
R001719,PAY0023014,O0021833,2023-04-28T01:21:12Z,duplicate,61.77
R001720,PAY0023054,O0021871,2023-09-28T19:19:20Z,customer_return,628.00
R001721,PAY0023072,O0021888,2024-09-21T11:33:28Z,damaged,226.53
R001722,PAY0023093,O0021908,2024-03-08T14:09:02Z,damaged,104.65
R001723,PAY0023094,O0021909,2025-03-14T06:13:42Z,duplicate,1572.42
R001724,PAY0023118,O0021932,2023-07-28T11:17:59Z,duplicate,52.51
R001725,PAY0023128,O0021942,2023-08-30T19:05:19Z,late_delivery,165.87
R001726,PAY0023131,O0021945,2024-05-16T17:06:33Z,duplicate,1608.03
R001727,PAY0023136,O0021949,2023-12-10T12:28:48Z,duplicate,89.02
R001728,PAY0023138,O0021951,2023-06-27T15:09:27Z,duplicate,187.43
R001729,PAY0023139,O0021952,2024-01-19T16:26:57Z,customer_return,164.97
R001730,PAY0023203,O0022014,2025-01-11T12:05:05Z,late_delivery,647.06
R001731,PAY0023218,O0022029,2025-03-28T06:58:31Z,late_delivery,363.73
R001732,PAY0023220,O0022031,2025-07-03T12:47:10Z,damaged,189.92
R001733,PAY0023221,O0022032,2025-06-25T19:08:37Z,customer_return,51.48
R001734,PAY0023232,O0022043,2025-08-16T09:07:36Z,duplicate,308.95
R001735,PAY0023252,O0022063,2025-03-10T00:01:56Z,damaged,178.55
R001736,PAY0023256,O0022067,2024-07-26T23:42:40Z,damaged,134.74
R001737,PAY0023259,O0022070,2025-12-28T22:35:28Z,damaged,65.46
R001738,PAY0023266,O0022076,2025-10-15T16:41:11Z,damaged,862.90
R001739,PAY0023311,O0022120,2024-11-14T03:31:11Z,damaged,11.55
R001740,PAY0023317,O0022126,2024-12-06T01:28:08Z,damaged,407.14
R001741,PAY0023318,O0022127,2023-11-30T06:43:12Z,late_delivery,387.46
R001742,PAY0023321,O0022129,2025-09-04T21:51:15Z,damaged,85.58
R001743,PAY0023323,O0022131,2024-07-09T18:46:39Z,customer_return,1709.53
R001744,PAY0023327,O0022133,2025-11-20T12:06:46Z,damaged,328.53
R001745,PAY0023339,O0022145,2023-12-01T00:29:49Z,damaged,88.86
R001746,PAY0023349,O0022155,2024-06-16T17:50:16Z,late_delivery,31.23
R001747,PAY0023351,O0022157,2025-09-26T20:05:09Z,late_delivery,944.01
R001748,PAY0023352,O0022158,2024-01-14T19:28:58Z,late_delivery,226.18
R001749,PAY0023360,O0022166,2025-11-25T18:18:02Z,damaged,363.24
R001750,PAY0023382,O0022187,2025-03-27T03:23:29Z,late_delivery,228.55
R001751,PAY0023392,O0022197,2025-10-02T04:03:55Z,customer_return,464.89
R001752,PAY0023404,O0022209,2024-07-16T19:54:53Z,customer_return,19.44
R001753,PAY0023412,O0022217,2023-04-23T00:14:07Z,duplicate,466.82
R001754,PAY0023425,O0022229,2024-04-28T20:50:05Z,late_delivery,353.33
R001755,PAY0023447,O0022249,2025-01-21T10:41:12Z,customer_return,671.91
R001756,PAY0023452,O0022254,2025-06-12T02:14:25Z,customer_return,847.79
R001757,PAY0023471,O0022272,2025-10-02T20:14:33Z,late_delivery,100.33
R001758,PAY0023480,O0022281,2023-09-10T11:35:08Z,damaged,43.00
R001759,PAY0023487,O0022287,2024-06-17T15:52:47Z,duplicate,588.03
R001760,PAY0023511,O0022308,2024-03-07T01:19:08Z,customer_return,116.66
R001761,PAY0023533,O0022327,2025-11-12T03:38:12Z,late_delivery,69.18
R001762,PAY0023541,O0022335,2025-12-22T19:26:12Z,duplicate,168.36
R001763,PAY0023543,O0022337,2024-04-05T16:01:56Z,damaged,484.13
R001764,PAY0023567,O0022361,2023-07-25T01:10:22Z,duplicate,48.76
R001765,PAY0023578,O0022370,2023-04-16T18:37:34Z,customer_return,252.15
R001766,PAY0023638,O0022429,2024-10-19T00:09:32Z,duplicate,11.41
R001767,PAY0023695,O0022482,2024-05-21T20:38:49Z,customer_return,1136.34
R001768,PAY0023702,O0022489,2024-05-30T20:30:52Z,late_delivery,636.03
R001769,PAY0023710,O0022497,2024-12-06T05:22:54Z,damaged,247.66
R001770,PAY0023740,O0022525,2024-09-28T06:37:26Z,damaged,74.71
R001771,PAY0023761,O0022545,2024-06-07T10:02:28Z,duplicate,592.48
R001772,PAY0023768,O0022551,2024-12-17T05:58:26Z,late_delivery,82.21
R001773,PAY0023786,O0022567,2025-01-03T01:21:52Z,late_delivery,87.51
R001774,PAY0023789,O0022570,2024-10-04T01:03:17Z,duplicate,414.28
R001775,PAY0023797,O0022576,2025-08-12T01:46:54Z,late_delivery,4.61
R001776,PAY0023828,O0022605,2024-06-23T07:59:32Z,customer_return,1081.43
R001777,PAY0023844,O0022620,2024-06-27T07:59:10Z,customer_return,35.30
R001778,PAY0023845,O0022621,2025-03-10T17:44:17Z,damaged,142.20
R001779,PAY0023868,O0022644,2023-03-01T02:33:40Z,customer_return,278.61
R001780,PAY0023881,O0022657,2023-08-05T06:52:37Z,late_delivery,232.15
R001781,PAY0023887,O0022663,2025-11-01T18:16:48Z,duplicate,908.80
R001782,PAY0023909,O0022683,2024-04-05T12:01:28Z,damaged,449.20
R001783,PAY0023940,O0022713,2025-11-11T07:46:11Z,damaged,237.97
R001784,PAY0023962,O0022734,2024-12-03T10:13:28Z,duplicate,49.53
R001785,PAY0023976,O0022748,2023-08-15T03:57:26Z,customer_return,198.36
R001786,PAY0023981,O0022753,2024-12-15T22:52:33Z,damaged,1.33
R001787,PAY0024002,O0022773,2023-05-13T02:35:04Z,duplicate,20.22
R001788,PAY0024006,O0022777,2023-06-27T20:52:52Z,customer_return,176.19
R001789,PAY0024052,O0022820,2024-02-08T13:03:58Z,late_delivery,232.27
R001790,PAY0024065,O0022832,2023-10-14T16:32:20Z,damaged,1.14
R001791,PAY0024067,O0022834,2024-04-19T22:01:37Z,late_delivery,269.38
R001792,PAY0024077,O0022843,2023-06-29T16:20:58Z,customer_return,212.57
R001793,PAY0024079,O0022845,2023-03-20T04:32:17Z,late_delivery,229.78
R001794,PAY0024097,O0022861,2024-04-15T12:42:41Z,duplicate,858.01
R001795,PAY0024105,O0022868,2024-08-07T16:55:38Z,damaged,544.92
R001796,PAY0024113,O0022876,2025-03-18T19:28:38Z,duplicate,665.76
R001797,PAY0024118,O0022880,2025-09-14T15:39:46Z,customer_return,1210.57
R001798,PAY0024127,O0022889,2024-07-19T08:16:21Z,damaged,261.20
R001799,PAY0024129,O0022891,2024-01-23T16:54:29Z,customer_return,1858.20
R001800,PAY0024186,O0022946,2023-06-12T08:55:20Z,customer_return,934.30
R001801,PAY0024204,O0022963,2025-06-29T02:41:56Z,duplicate,2.88
R001802,PAY0024221,O0022979,2025-07-16T23:46:04Z,late_delivery,742.10
R001803,PAY0024224,O0022982,2024-08-22T06:25:18Z,damaged,439.95
R001804,PAY0024227,O0022985,2023-06-06T07:05:36Z,customer_return,95.64
R001805,PAY0024234,O0022992,2024-10-03T07:54:50Z,damaged,123.18
R001806,PAY0024241,O0022999,2023-07-29T00:22:13Z,late_delivery,21.82
R001807,PAY0024245,O0023003,2025-06-15T20:50:24Z,late_delivery,17.76
R001808,PAY0024251,O0023008,2024-03-16T13:21:33Z,customer_return,455.88
R001809,PAY0024275,O0023032,2025-11-20T16:02:37Z,customer_return,75.50
R001810,PAY0024279,O0023035,2024-02-09T04:01:11Z,duplicate,158.26
R001811,PAY0024295,O0023050,2023-09-21T16:55:02Z,damaged,430.14
R001812,PAY0024307,O0023061,2023-06-13T23:04:49Z,late_delivery,280.27
R001813,PAY0024323,O0023076,2024-04-26T21:20:33Z,duplicate,152.53
R001814,PAY0024338,O0023090,2024-08-31T05:03:57Z,duplicate,446.58
R001815,PAY0024342,O0023093,2023-09-25T09:29:58Z,duplicate,1188.24
R001816,PAY0024364,O0023113,2025-08-08T01:19:22Z,late_delivery,817.70
R001817,PAY0024428,O0023170,2025-10-17T15:04:26Z,duplicate,418.76
R001818,PAY0024436,O0023178,2023-05-07T17:02:25Z,damaged,1283.68
R001819,PAY0024438,O0023180,2023-12-17T09:37:44Z,duplicate,331.86
R001820,PAY0024473,O0023211,2023-08-05T18:41:01Z,duplicate,151.26
R001821,PAY0024476,O0023214,2025-04-08T21:49:41Z,late_delivery,199.59
R001822,PAY0024493,O0023230,2025-06-27T18:36:53Z,damaged,211.80
R001823,PAY0024494,O0023231,2025-07-25T00:30:19Z,customer_return,210.27
R001824,PAY0024498,O0023235,2023-03-09T21:28:40Z,customer_return,532.84
R001825,PAY0024515,O0023250,2024-12-07T15:29:34Z,damaged,34.62
R001826,PAY0024521,O0023256,2025-03-05T04:21:13Z,late_delivery,50.06
R001827,PAY0024531,O0023264,2025-03-23T05:15:59Z,duplicate,624.94
R001828,PAY0024537,O0023270,2025-02-25T02:38:36Z,duplicate,1367.61
R001829,PAY0024538,O0023271,2024-08-30T08:27:59Z,damaged,54.09
R001830,PAY0024547,O0023280,2024-10-05T17:49:17Z,late_delivery,977.32
R001831,PAY0024552,O0023285,2023-06-14T13:03:41Z,customer_return,42.30
R001832,PAY0024553,O0023286,2025-12-08T19:00:39Z,damaged,622.76
R001833,PAY0024558,O0023290,2025-10-03T10:43:44Z,late_delivery,685.34
R001834,PAY0024595,O0023323,2025-05-25T07:12:25Z,duplicate,159.85
R001835,PAY0024619,O0023345,2025-05-20T11:57:18Z,late_delivery,273.76
R001836,PAY0024633,O0023358,2023-11-16T04:02:15Z,customer_return,280.26
R001837,PAY0024639,O0023363,2025-10-06T14:52:31Z,late_delivery,774.06
R001838,PAY0024661,O0023385,2025-03-17T06:08:52Z,late_delivery,644.54
R001839,PAY0024665,O0023388,2023-09-22T07:18:33Z,late_delivery,179.95
R001840,PAY0024679,O0023402,2024-10-26T19:35:39Z,damaged,779.25
R001841,PAY0024691,O0023413,2023-12-08T09:04:51Z,duplicate,715.16
R001842,PAY0024757,O0023478,2024-01-12T06:52:49Z,duplicate,655.76
R001843,PAY0024772,O0023493,2025-10-24T08:07:12Z,damaged,67.99
R001844,PAY0024777,O0023498,2024-08-12T19:38:48Z,damaged,348.97
R001845,PAY0024790,O0023510,2024-09-23T16:38:21Z,customer_return,185.04
R001846,PAY0024805,O0023523,2023-02-26T22:30:58Z,late_delivery,1830.52
R001847,PAY0024814,O0023532,2024-05-05T13:11:14Z,late_delivery,46.11
R001848,PAY0024822,O0023540,2023-11-10T08:39:10Z,customer_return,818.84
R001849,PAY0024835,O0023552,2023-11-21T08:07:54Z,customer_return,156.10
R001850,PAY0024842,O0023558,2023-04-17T02:18:41Z,damaged,25.13
R001851,PAY0024864,O0023579,2024-09-28T21:45:31Z,duplicate,553.63
R001852,PAY0024868,O0023583,2024-09-29T01:40:31Z,customer_return,280.92
R001853,PAY0024879,O0023594,2023-02-10T04:04:54Z,damaged,437.71
R001854,PAY0024882,O0023597,2025-03-09T03:59:56Z,late_delivery,576.99
R001855,PAY0024906,O0023620,2024-01-07T11:26:51Z,late_delivery,1048.61
R001856,PAY0024924,O0023637,2023-11-11T10:30:07Z,damaged,114.32
R001857,PAY0024930,O0023643,2023-11-30T21:05:19Z,customer_return,109.39
R001858,PAY0024939,O0023652,2025-10-11T06:19:37Z,late_delivery,1106.16
R001859,PAY0024952,O0023664,2023-05-12T06:09:48Z,customer_return,361.92
R001860,PAY0024963,O0023675,2023-03-11T21:25:16Z,damaged,660.44
R001861,PAY0025000,O0023711,2025-12-14T00:15:35Z,duplicate,566.52
R001862,PAY0025012,O0023721,2023-02-24T08:53:05Z,duplicate,156.60
R001863,PAY0025029,O0023737,2024-10-08T15:53:09Z,damaged,16.81
R001864,PAY0025031,O0023739,2024-05-30T06:38:04Z,customer_return,87.51
R001865,PAY0025056,O0023762,2023-12-19T00:39:28Z,customer_return,40.06
R001866,PAY0025059,O0023765,2025-03-20T23:29:00Z,customer_return,656.05
R001867,PAY0025073,O0023778,2024-12-24T17:52:22Z,customer_return,30.51
R001868,PAY0025078,O0023783,2024-04-19T11:17:24Z,damaged,96.04
R001869,PAY0025085,O0023790,2023-06-09T13:25:23Z,duplicate,391.25
R001870,PAY0025099,O0023804,2024-05-08T07:06:20Z,late_delivery,391.99
R001871,PAY0025104,O0023809,2024-12-04T15:49:48Z,duplicate,561.73
R001872,PAY0025116,O0023821,2025-12-31T22:27:21Z,duplicate,350.68
R001873,PAY0025120,O0023825,2025-11-27T00:13:09Z,damaged,1230.01
R001874,PAY0025121,O0023826,2025-08-05T07:24:31Z,late_delivery,152.42
R001875,PAY0025127,O0023831,2024-11-22T14:24:31Z,damaged,802.70
R001876,PAY0025142,O0023844,2024-10-04T23:34:27Z,damaged,635.25
R001877,PAY0025163,O0023864,2024-09-17T04:43:09Z,duplicate,934.24
R001878,PAY0025171,O0023872,2023-01-16T16:48:29Z,damaged,380.24
R001879,PAY0025179,O0023879,2023-11-01T14:56:39Z,customer_return,336.37
R001880,PAY0025207,O0023904,2025-12-31T15:15:39Z,customer_return,625.02
R001881,PAY0025213,O0023910,2024-03-08T07:08:43Z,late_delivery,349.34
R001882,PAY0025238,O0023933,2023-10-02T04:21:44Z,customer_return,8.64
R001883,PAY0025245,O0023940,2025-01-29T20:11:07Z,customer_return,309.43
R001884,PAY0025246,O0023941,2025-12-10T07:39:03Z,customer_return,66.71
R001885,PAY0025273,O0023967,2023-09-02T13:01:11Z,duplicate,10.39
R001886,PAY0025275,O0023968,2024-05-29T01:48:03Z,customer_return,78.24
R001887,PAY0025281,O0023974,2024-04-16T19:11:59Z,duplicate,763.57
R001888,PAY0025285,O0023978,2025-03-20T03:46:32Z,damaged,120.62
R001889,PAY0025289,O0023982,2023-06-29T11:26:14Z,customer_return,411.28
R001890,PAY0025293,O0023986,2025-08-21T09:16:50Z,duplicate,681.73
R001891,PAY0025296,O0023989,2024-06-11T13:17:51Z,customer_return,60.67
R001892,PAY0025323,O0024015,2025-03-14T14:53:32Z,customer_return,595.46
R001893,PAY0025331,O0024022,2023-01-31T19:42:41Z,late_delivery,417.07
R001894,PAY0025356,O0024044,2023-08-07T13:45:46Z,duplicate,26.34
R001895,PAY0025361,O0024048,2023-12-17T15:15:20Z,duplicate,1099.79
R001896,PAY0025373,O0024059,2024-01-23T20:15:36Z,customer_return,919.73
R001897,PAY0025385,O0024071,2023-01-29T21:36:47Z,late_delivery,316.09
R001898,PAY0025387,O0024073,2025-10-31T16:25:54Z,damaged,171.98
R001899,PAY0025414,O0024100,2025-06-14T18:57:41Z,customer_return,1340.53
R001900,PAY0025418,O0024104,2023-06-29T01:12:30Z,damaged,935.71
R001901,PAY0025427,O0024112,2023-06-12T02:27:10Z,late_delivery,10.27
R001902,PAY0025448,O0024133,2025-08-24T23:43:29Z,late_delivery,20.99
R001903,PAY0025452,O0024137,2025-02-20T21:00:30Z,damaged,193.37
R001904,PAY0025456,O0024141,2024-08-07T05:51:09Z,customer_return,68.99
R001905,PAY0025459,O0024144,2025-04-23T03:18:31Z,customer_return,18.29
R001906,PAY0025476,O0024159,2024-10-26T05:24:56Z,late_delivery,1045.31
R001907,PAY0025485,O0024168,2023-04-22T23:05:27Z,late_delivery,6.50
R001908,PAY0025519,O0024199,2024-05-28T00:37:46Z,damaged,417.67
R001909,PAY0025527,O0024206,2024-04-05T23:25:04Z,damaged,597.99
R001910,PAY0025539,O0024218,2025-12-19T02:13:07Z,duplicate,47.71
R001911,PAY0025541,O0024220,2025-10-02T05:57:50Z,customer_return,50.52
R001912,PAY0025544,O0024223,2024-08-20T01:50:28Z,damaged,796.53
R001913,PAY0025548,O0024227,2023-07-22T00:12:43Z,duplicate,365.52
R001914,PAY0025553,O0024232,2023-10-15T12:28:48Z,duplicate,185.89
R001915,PAY0025575,O0024254,2025-02-08T01:14:44Z,late_delivery,111.38
R001916,PAY0025583,O0024262,2025-12-31T23:44:15Z,duplicate,98.70
R001917,PAY0025601,O0024280,2025-05-09T11:42:22Z,customer_return,954.74
R001918,PAY0025602,O0024281,2025-12-01T15:39:59Z,duplicate,269.37
R001919,PAY0025684,O0024360,2024-08-02T13:57:01Z,customer_return,702.76
R001920,PAY0025704,O0024379,2023-11-20T08:57:46Z,late_delivery,457.38
R001921,PAY0025714,O0024388,2025-05-16T23:00:33Z,late_delivery,8.22
R001922,PAY0025726,O0024399,2023-10-17T03:15:05Z,damaged,6.96
R001923,PAY0025747,O0024419,2023-11-27T05:22:41Z,customer_return,730.28
R001924,PAY0025771,O0024442,2024-01-15T16:58:01Z,customer_return,21.98
R001925,PAY0025781,O0024452,2024-02-11T14:56:40Z,damaged,156.13
R001926,PAY0025816,O0024487,2024-04-14T03:25:49Z,damaged,137.73
R001927,PAY0025818,O0024488,2023-12-24T21:08:12Z,duplicate,94.29
R001928,PAY0025833,O0024501,2025-12-01T22:28:31Z,damaged,596.98
R001929,PAY0025849,O0024517,2024-12-09T01:38:28Z,customer_return,166.97
R001930,PAY0025861,O0024528,2024-06-29T15:54:13Z,damaged,139.74
R001931,PAY0025883,O0024548,2025-03-28T05:43:01Z,duplicate,193.30
R001932,PAY0025891,O0024555,2023-07-20T02:54:54Z,customer_return,58.97
R001933,PAY0025934,O0024595,2025-04-24T12:26:45Z,duplicate,329.31
R001934,PAY0025939,O0024599,2023-11-26T22:56:35Z,damaged,95.43
R001935,PAY0025945,O0024605,2024-12-19T10:26:29Z,customer_return,24.64
R001936,PAY0025948,O0024608,2024-06-24T23:04:10Z,damaged,57.85
R001937,PAY0025964,O0024624,2023-03-05T21:52:18Z,customer_return,329.79
R001938,PAY0025967,O0024627,2023-08-28T07:48:36Z,customer_return,226.76
R001939,PAY0025981,O0024641,2023-11-28T17:52:09Z,damaged,262.24
R001940,PAY0025987,O0024647,2024-11-16T04:35:43Z,customer_return,498.02
R001941,PAY0026015,O0024675,2023-10-24T10:38:02Z,damaged,239.35
R001942,PAY0026028,O0024688,2023-11-20T04:39:59Z,duplicate,235.40
R001943,PAY0026039,O0024699,2025-04-24T08:01:52Z,late_delivery,810.92
R001944,PAY0026044,O0024704,2025-10-15T21:07:57Z,late_delivery,91.22
R001945,PAY0026049,O0024709,2024-05-23T03:26:25Z,late_delivery,428.23
R001946,PAY0026063,O0024723,2025-10-16T07:13:31Z,customer_return,1605.66
R001947,PAY0026075,O0024734,2025-01-26T03:40:14Z,duplicate,828.94
R001948,PAY0026084,O0024742,2023-11-06T20:01:31Z,customer_return,142.91
R001949,PAY0026106,O0024764,2024-05-24T18:30:14Z,late_delivery,5.74
R001950,PAY0026112,O0024770,2024-06-22T03:44:04Z,damaged,153.20
R001951,PAY0026129,O0024786,2024-10-14T21:18:02Z,damaged,25.76
R001952,PAY0026165,O0024819,2024-10-08T23:16:54Z,damaged,34.50
R001953,PAY0026191,O0024843,2024-01-01T15:40:08Z,damaged,647.81
R001954,PAY0026210,O0024862,2023-07-25T10:45:44Z,late_delivery,141.88
R001955,PAY0026213,O0024864,2025-10-20T19:19:15Z,duplicate,183.24
R001956,PAY0026223,O0024873,2023-01-19T10:07:35Z,late_delivery,380.99
R001957,PAY0026236,O0024884,2024-06-11T03:51:21Z,duplicate,40.19
R001958,PAY0026237,O0024885,2024-10-26T12:56:11Z,damaged,189.69
R001959,PAY0026271,O0024916,2023-07-27T12:26:55Z,damaged,701.61
R001960,PAY0026274,O0024918,2025-05-19T00:24:00Z,customer_return,628.23
R001961,PAY0026275,O0024919,2023-11-17T12:53:57Z,customer_return,654.54
R001962,PAY0026281,O0024925,2025-02-26T02:00:42Z,duplicate,1424.27
R001963,PAY0026285,O0024929,2024-08-02T00:35:42Z,customer_return,55.01
R001964,PAY0026312,O0024956,2024-06-26T01:39:15Z,late_delivery,1290.71
R001965,PAY0026316,O0024960,2025-10-07T16:06:21Z,damaged,83.08
R001966,PAY0026350,O0024994,2023-06-14T17:37:55Z,duplicate,14.15
R001967,PAY0026359,O0025003,2023-11-28T23:26:10Z,duplicate,679.88
R001968,PAY0026363,O0025007,2023-11-26T01:21:50Z,customer_return,910.77
R001969,PAY0026388,O0025030,2023-10-05T23:24:00Z,late_delivery,358.33
R001970,PAY0026399,O0025041,2024-12-23T16:03:02Z,late_delivery,14.61
R001971,PAY0026402,O0025044,2024-09-11T03:49:54Z,duplicate,449.83
R001972,PAY0026423,O0025064,2023-12-05T11:17:02Z,late_delivery,391.89
R001973,PAY0026435,O0025076,2024-04-22T17:59:23Z,duplicate,47.89
R001974,PAY0026449,O0025089,2025-05-23T02:11:21Z,duplicate,938.00
R001975,PAY0026467,O0025106,2024-06-08T04:26:29Z,duplicate,119.88
R001976,PAY0026539,O0025173,2023-05-21T23:09:50Z,damaged,654.13
R001977,PAY0026540,O0025174,2023-05-08T22:55:34Z,customer_return,85.35
R001978,PAY0026541,O0025175,2023-02-24T13:59:00Z,duplicate,712.74
R001979,PAY0026572,O0025204,2023-04-28T17:32:56Z,duplicate,638.00
R001980,PAY0026574,O0025206,2025-11-01T05:41:52Z,damaged,403.11
R001981,PAY0026591,O0025222,2025-09-03T03:41:29Z,late_delivery,118.78
R001982,PAY0026597,O0025228,2023-06-03T22:32:35Z,damaged,111.95
R001983,PAY0026608,O0025238,2025-07-15T10:30:18Z,late_delivery,436.97
R001984,PAY0026610,O0025240,2025-10-12T04:45:36Z,customer_return,261.43
R001985,PAY0026612,O0025242,2024-10-03T03:43:41Z,damaged,397.71
R001986,PAY0026650,O0025279,2023-12-17T17:58:19Z,damaged,561.95
R001987,PAY0026654,O0025283,2025-07-11T18:04:48Z,late_delivery,129.67
R001988,PAY0026657,O0025286,2025-09-19T02:27:56Z,damaged,865.71
R001989,PAY0026661,O0025289,2025-02-19T22:05:03Z,late_delivery,728.19
R001990,PAY0026667,O0025295,2024-07-21T08:52:57Z,duplicate,519.89
R001991,PAY0026674,O0025302,2024-10-04T17:42:47Z,late_delivery,202.02
R001992,PAY0026675,O0025303,2024-12-21T16:22:11Z,customer_return,253.47
R001993,PAY0026678,O0025306,2023-06-27T18:52:48Z,duplicate,522.96
R001994,PAY0026695,O0025323,2024-10-12T13:46:45Z,late_delivery,1029.80
R001995,PAY0026718,O0025345,2025-02-03T17:39:51Z,damaged,104.38
R001996,PAY0026750,O0025376,2024-01-11T14:38:18Z,late_delivery,133.56
R001997,PAY0026753,O0025379,2024-04-29T09:09:29Z,customer_return,391.57
R001998,PAY0026755,O0025381,2024-09-22T01:40:53Z,customer_return,129.83
R001999,PAY0026760,O0025385,2024-11-26T15:40:51Z,damaged,241.50
R002000,PAY0026771,O0025396,2024-11-06T09:23:29Z,damaged,173.75
R002001,PAY0026844,O0025467,2023-04-08T16:02:55Z,customer_return,1244.13
R002002,PAY0026865,O0025486,2023-03-19T11:44:04Z,late_delivery,566.45
R002003,PAY0026905,O0025522,2023-02-07T16:31:45Z,damaged,686.53
R002004,PAY0026910,O0025526,2025-05-25T17:21:28Z,damaged,1190.22
R002005,PAY0026927,O0025542,2023-05-09T14:26:26Z,damaged,414.16
R002006,PAY0026938,O0025553,2024-06-22T02:34:51Z,damaged,892.20
R002007,PAY0026959,O0025572,2024-09-21T10:44:58Z,duplicate,2038.77
R002008,PAY0026963,O0025576,2024-11-18T11:16:17Z,late_delivery,105.85
R002009,PAY0026971,O0025584,2024-10-21T13:12:06Z,late_delivery,177.46
R002010,PAY0026976,O0025588,2024-02-16T06:03:06Z,damaged,29.24
R002011,PAY0026984,O0025596,2024-05-21T01:41:13Z,customer_return,503.27
R002012,PAY0026996,O0025608,2023-03-27T20:10:55Z,late_delivery,107.25
R002013,PAY0027004,O0025616,2024-10-21T06:03:35Z,damaged,442.41
R002014,PAY0027011,O0025623,2024-06-05T22:45:14Z,customer_return,661.11
R002015,PAY0027013,O0025625,2025-06-13T00:31:27Z,damaged,75.35
R002016,PAY0027018,O0025629,2023-02-25T08:02:38Z,duplicate,1012.90
R002017,PAY0027035,O0025644,2023-11-21T03:56:12Z,customer_return,39.53
R002018,PAY0027036,O0025645,2023-10-21T20:15:04Z,customer_return,640.40
R002019,PAY0027047,O0025656,2024-10-24T08:45:50Z,customer_return,1007.08
R002020,PAY0027053,O0025662,2024-01-27T03:33:36Z,late_delivery,234.30
R002021,PAY0027160,O0025761,2023-12-20T09:14:03Z,late_delivery,210.50
R002022,PAY0027186,O0025787,2023-07-31T18:46:41Z,late_delivery,575.73
R002023,PAY0027210,O0025810,2023-08-04T16:42:52Z,late_delivery,254.64
R002024,PAY0027219,O0025819,2023-12-28T07:23:44Z,late_delivery,339.27
R002025,PAY0027222,O0025822,2024-07-17T18:33:33Z,damaged,163.73
R002026,PAY0027224,O0025824,2023-02-11T04:27:50Z,duplicate,46.07
R002027,PAY0027233,O0025832,2024-11-06T08:39:14Z,duplicate,35.95
R002028,PAY0027248,O0025846,2025-01-12T16:16:30Z,duplicate,807.61
R002029,PAY0027256,O0025854,2023-01-29T03:00:38Z,late_delivery,70.43
R002030,PAY0027281,O0025876,2025-08-04T03:11:27Z,damaged,121.23
R002031,PAY0027283,O0025878,2024-03-17T08:43:01Z,damaged,389.69
R002032,PAY0027305,O0025900,2023-12-17T00:48:23Z,duplicate,419.35
R002033,PAY0027306,O0025901,2023-07-27T02:37:54Z,late_delivery,281.38
R002034,PAY0027321,O0025916,2023-04-26T19:10:33Z,damaged,24.36
R002035,PAY0027338,O0025932,2024-09-09T18:46:34Z,duplicate,887.19
R002036,PAY0027374,O0025964,2025-04-11T03:46:24Z,damaged,622.26
R002037,PAY0027395,O0025982,2024-08-29T12:12:56Z,duplicate,117.34
R002038,PAY0027414,O0026001,2024-07-21T03:59:07Z,late_delivery,376.43
R002039,PAY0027415,O0026002,2023-05-20T08:17:10Z,damaged,528.88
R002040,PAY0027416,O0026003,2024-10-21T22:55:39Z,duplicate,5.41
R002041,PAY0027442,O0026028,2023-08-16T16:53:39Z,damaged,117.08
R002042,PAY0027478,O0026061,2025-03-10T01:19:43Z,late_delivery,75.10
R002043,PAY0027486,O0026069,2024-02-13T08:27:52Z,customer_return,1590.71
R002044,PAY0027488,O0026071,2023-10-05T12:22:02Z,duplicate,434.94
R002045,PAY0027541,O0026123,2024-03-15T21:06:58Z,duplicate,250.48
R002046,PAY0027547,O0026128,2025-04-30T13:11:22Z,damaged,143.57
R002047,PAY0027563,O0026143,2024-08-22T14:18:06Z,customer_return,11.15
R002048,PAY0027570,O0026150,2024-11-24T17:07:33Z,late_delivery,109.96
R002049,PAY0027589,O0026168,2024-12-18T12:15:47Z,duplicate,786.72
R002050,PAY0027598,O0026176,2025-01-14T15:04:25Z,damaged,200.71
R002051,PAY0027612,O0026189,2023-02-17T18:56:08Z,customer_return,659.44
R002052,PAY0027619,O0026196,2023-08-15T10:11:38Z,duplicate,79.73
R002053,PAY0027620,O0026197,2023-08-19T17:46:10Z,late_delivery,164.17
R002054,PAY0027637,O0026214,2025-02-10T00:32:22Z,late_delivery,23.46
R002055,PAY0027647,O0026223,2023-02-03T17:56:50Z,late_delivery,730.26
R002056,PAY0027662,O0026237,2025-10-14T05:39:14Z,customer_return,175.68
R002057,PAY0027683,O0026255,2024-04-21T07:04:51Z,damaged,222.53
R002058,PAY0027745,O0026312,2025-08-31T15:59:55Z,damaged,621.51
R002059,PAY0027757,O0026322,2023-07-26T01:25:47Z,customer_return,1180.26
R002060,PAY0027766,O0026329,2023-02-27T10:26:18Z,damaged,1040.03
R002061,PAY0027816,O0026378,2023-03-31T18:30:49Z,late_delivery,29.04
R002062,PAY0027828,O0026390,2025-04-15T19:58:41Z,late_delivery,487.99
R002063,PAY0027837,O0026399,2025-10-01T20:30:25Z,late_delivery,7.72
R002064,PAY0027856,O0026417,2024-03-22T14:15:12Z,customer_return,60.37
R002065,PAY0027861,O0026422,2024-03-11T01:01:20Z,damaged,170.98
R002066,PAY0027879,O0026439,2025-09-19T06:33:00Z,damaged,551.07
R002067,PAY0027882,O0026442,2025-12-25T09:15:41Z,duplicate,88.44
R002068,PAY0027903,O0026462,2024-05-07T23:14:00Z,duplicate,1021.76
R002069,PAY0027922,O0026481,2024-12-30T06:59:37Z,damaged,444.29
R002070,PAY0027927,O0026486,2025-04-06T13:56:10Z,customer_return,28.84
R002071,PAY0027941,O0026499,2023-01-27T15:19:02Z,damaged,35.40
R002072,PAY0027944,O0026502,2024-03-30T18:43:20Z,damaged,1733.42
R002073,PAY0027962,O0026518,2025-12-10T04:06:29Z,duplicate,153.92
R002074,PAY0027963,O0026519,2025-07-26T14:48:46Z,damaged,18.04
R002075,PAY0027965,O0026520,2025-05-04T23:48:34Z,duplicate,183.58
R002076,PAY0027966,O0026521,2024-10-06T02:58:18Z,customer_return,113.55
R002077,PAY0027967,O0026522,2023-10-12T10:32:17Z,customer_return,0.93
R002078,PAY0027986,O0026540,2023-04-14T01:50:09Z,duplicate,41.08
R002079,PAY0027996,O0026550,2024-11-25T22:43:20Z,duplicate,8.70
R002080,PAY0027999,O0026553,2025-01-21T11:45:10Z,duplicate,1194.28
R002081,PAY0028001,O0026555,2024-01-05T01:48:28Z,customer_return,230.47
R002082,PAY0028011,O0026564,2024-12-08T13:00:31Z,late_delivery,188.73
R002083,PAY0028035,O0026587,2023-10-23T00:57:38Z,late_delivery,161.91
R002084,PAY0028050,O0026602,2024-08-17T00:21:40Z,damaged,533.95
R002085,PAY0028054,O0026606,2024-08-11T11:34:40Z,customer_return,188.32
R002086,PAY0028058,O0026610,2024-02-20T20:08:07Z,customer_return,96.42
R002087,PAY0028067,O0026619,2025-12-17T21:04:08Z,damaged,486.75
R002088,PAY0028072,O0026623,2023-09-29T21:52:23Z,late_delivery,1326.95
R002089,PAY0028076,O0026627,2024-07-28T05:31:44Z,late_delivery,62.50
R002090,PAY0028100,O0026649,2024-08-28T23:49:45Z,customer_return,515.95
R002091,PAY0028107,O0026655,2024-12-16T19:55:09Z,customer_return,1366.28
R002092,PAY0028117,O0026665,2025-04-08T19:44:37Z,customer_return,226.85
R002093,PAY0028118,O0026666,2025-11-25T08:00:51Z,late_delivery,185.15
R002094,PAY0028124,O0026672,2024-06-19T21:23:00Z,customer_return,336.28
R002095,PAY0028125,O0026673,2024-03-10T18:05:05Z,customer_return,352.46
R002096,PAY0028136,O0026684,2025-10-13T12:19:31Z,late_delivery,1232.27
R002097,PAY0028155,O0026701,2023-02-28T18:07:46Z,duplicate,1361.97
R002098,PAY0028164,O0026710,2025-05-18T09:19:28Z,damaged,183.91
R002099,PAY0028176,O0026722,2025-11-17T08:21:38Z,customer_return,28.94
R002100,PAY0028186,O0026732,2023-07-19T00:26:05Z,late_delivery,71.18
R002101,PAY0028194,O0026739,2025-08-06T03:50:21Z,duplicate,337.82
R002102,PAY0028195,O0026740,2025-11-24T09:48:36Z,late_delivery,50.49
R002103,PAY0028203,O0026748,2023-04-10T21:34:39Z,customer_return,308.88
R002104,PAY0028218,O0026763,2024-04-01T16:49:34Z,duplicate,44.05
R002105,PAY0028252,O0026797,2024-02-07T18:29:54Z,duplicate,616.16
R002106,PAY0028257,O0026802,2024-03-11T15:09:52Z,duplicate,152.20
R002107,PAY0028259,O0026804,2025-11-19T06:30:32Z,duplicate,262.47
R002108,PAY0028270,O0026815,2024-11-14T14:37:05Z,late_delivery,290.41
R002109,PAY0028275,O0026820,2023-10-07T09:26:36Z,late_delivery,93.13
R002110,PAY0028290,O0026834,2023-11-28T02:09:41Z,duplicate,43.81
R002111,PAY0028308,O0026850,2025-06-29T05:23:59Z,damaged,231.41
R002112,PAY0028312,O0026854,2025-11-27T07:17:27Z,duplicate,351.23
R002113,PAY0028344,O0026884,2024-01-05T12:32:29Z,customer_return,330.62
R002114,PAY0028347,O0026887,2025-01-08T09:06:23Z,damaged,89.52
R002115,PAY0028370,O0026909,2025-10-26T07:22:55Z,customer_return,249.84
R002116,PAY0028388,O0026925,2024-08-10T01:01:39Z,duplicate,200.70
R002117,PAY0028413,O0026950,2023-12-25T01:37:03Z,late_delivery,676.43
R002118,PAY0028427,O0026964,2023-11-19T15:58:22Z,damaged,160.58
R002119,PAY0028444,O0026980,2023-03-07T20:06:44Z,late_delivery,51.02
R002120,PAY0028450,O0026986,2025-02-05T09:28:04Z,duplicate,636.78
R002121,PAY0028451,O0026987,2023-05-28T04:16:00Z,late_delivery,164.37
R002122,PAY0028452,O0026988,2023-09-11T04:39:44Z,damaged,422.69
R002123,PAY0028456,O0026992,2025-01-27T10:47:33Z,late_delivery,195.98
R002124,PAY0028475,O0027010,2024-07-22T08:49:53Z,duplicate,34.10
R002125,PAY0028493,O0027026,2023-02-15T02:18:06Z,customer_return,145.28
R002126,PAY0028517,O0027049,2025-05-26T03:20:09Z,duplicate,34.26
R002127,PAY0028521,O0027053,2024-10-16T16:05:49Z,duplicate,264.17
R002128,PAY0028539,O0027071,2024-10-11T03:17:33Z,duplicate,30.70
R002129,PAY0028542,O0027074,2025-11-29T17:59:24Z,customer_return,297.92
R002130,PAY0028552,O0027084,2024-09-23T08:48:32Z,late_delivery,203.53
R002131,PAY0028557,O0027089,2023-03-21T06:29:15Z,customer_return,323.02
R002132,PAY0028567,O0027099,2023-10-17T15:20:33Z,damaged,544.50
R002133,PAY0028575,O0027107,2023-06-08T09:13:26Z,damaged,308.32
R002134,PAY0028623,O0027152,2024-07-25T15:52:58Z,duplicate,265.79
R002135,PAY0028630,O0027159,2024-06-09T03:02:46Z,duplicate,183.77
R002136,PAY0028637,O0027166,2023-02-11T08:16:19Z,customer_return,763.72
R002137,PAY0028647,O0027176,2024-04-15T22:53:27Z,damaged,1529.70
R002138,PAY0028650,O0027179,2023-12-22T14:06:57Z,late_delivery,360.18
R002139,PAY0028651,O0027180,2023-10-03T07:49:35Z,late_delivery,96.78
R002140,PAY0028682,O0027210,2023-04-08T23:34:38Z,damaged,175.02
R002141,PAY0028686,O0027214,2023-11-10T10:00:00Z,late_delivery,149.62
R002142,PAY0028700,O0027226,2023-03-18T08:54:24Z,customer_return,614.79
R002143,PAY0028703,O0027229,2023-09-26T12:16:56Z,late_delivery,939.52
R002144,PAY0028725,O0027246,2023-01-21T22:18:01Z,damaged,523.28
R002145,PAY0028747,O0027266,2024-07-28T18:32:53Z,customer_return,150.42
R002146,PAY0028754,O0027272,2024-07-11T12:39:36Z,duplicate,119.20
R002147,PAY0028761,O0027279,2025-04-16T13:11:14Z,duplicate,742.34
R002148,PAY0028767,O0027285,2025-07-02T08:47:51Z,customer_return,74.37
R002149,PAY0028790,O0027306,2024-03-17T13:23:19Z,customer_return,295.03
R002150,PAY0028814,O0027329,2024-05-28T19:05:34Z,duplicate,133.90
R002151,PAY0028818,O0027333,2024-06-03T12:11:13Z,duplicate,634.46
R002152,PAY0028833,O0027347,2023-10-06T07:56:42Z,damaged,153.15
R002153,PAY0028839,O0027352,2025-10-05T10:44:28Z,customer_return,1171.98
R002154,PAY0028841,O0027354,2025-11-18T21:48:13Z,customer_return,35.59
R002155,PAY0028858,O0027371,2023-02-13T18:11:28Z,duplicate,895.11
R002156,PAY0028864,O0027377,2023-04-18T04:36:07Z,late_delivery,696.72
R002157,PAY0028869,O0027382,2023-09-08T16:04:31Z,customer_return,409.37
R002158,PAY0028878,O0027390,2025-02-10T17:22:33Z,late_delivery,160.85
R002159,PAY0028888,O0027400,2025-11-08T01:29:07Z,duplicate,1005.61
R002160,PAY0028895,O0027406,2023-01-18T15:08:59Z,damaged,1318.39
R002161,PAY0028899,O0027410,2025-09-28T22:57:06Z,customer_return,371.96
R002162,PAY0028910,O0027420,2024-06-04T06:08:35Z,late_delivery,1610.78
R002163,PAY0028916,O0027426,2023-05-25T03:55:57Z,customer_return,250.48
R002164,PAY0028929,O0027438,2025-01-25T23:28:12Z,customer_return,158.49
R002165,PAY0028932,O0027440,2025-11-12T05:07:58Z,late_delivery,730.05
R002166,PAY0028947,O0027455,2024-07-18T21:07:48Z,late_delivery,357.45
R002167,PAY0028958,O0027466,2024-09-14T11:47:08Z,duplicate,612.91
R002168,PAY0028982,O0027490,2023-06-05T11:34:24Z,damaged,41.76
R002169,PAY0028988,O0027496,2024-11-29T13:45:02Z,late_delivery,306.74
R002170,PAY0028995,O0027503,2024-03-02T07:20:48Z,late_delivery,55.25
R002171,PAY0029001,O0027508,2024-03-02T13:09:45Z,duplicate,521.52
R002172,PAY0029005,O0027512,2024-09-08T08:45:21Z,duplicate,654.40
R002173,PAY0029071,O0027570,2024-10-29T20:08:06Z,customer_return,1120.96
R002174,PAY0029073,O0027572,2025-07-28T23:25:12Z,customer_return,50.31
R002175,PAY0029074,O0027573,2025-07-03T12:18:11Z,duplicate,258.92
R002176,PAY0029075,O0027574,2025-12-31T01:52:31Z,customer_return,267.15
R002177,PAY0029077,O0027576,2025-03-08T10:14:12Z,late_delivery,209.71
R002178,PAY0029092,O0027591,2023-10-15T16:14:45Z,duplicate,43.64
R002179,PAY0029095,O0027593,2024-05-17T22:11:32Z,duplicate,1566.39
R002180,PAY0029096,O0027594,2023-05-10T02:17:47Z,duplicate,145.52
R002181,PAY0029097,O0027595,2024-01-30T00:54:14Z,duplicate,145.71
R002182,PAY0029109,O0027607,2023-07-10T09:58:02Z,duplicate,243.79
R002183,PAY0029111,O0027609,2024-10-05T11:49:50Z,damaged,213.25
R002184,PAY0029114,O0027612,2023-03-12T15:48:39Z,late_delivery,28.60
R002185,PAY0029116,O0027613,2025-04-11T05:03:12Z,customer_return,765.56
R002186,PAY0029134,O0027630,2024-03-26T17:36:29Z,late_delivery,19.26
R002187,PAY0029142,O0027637,2025-12-26T08:33:38Z,late_delivery,566.35
R002188,PAY0029151,O0027645,2023-08-17T04:22:34Z,late_delivery,171.98
R002189,PAY0029168,O0027661,2023-11-04T13:21:40Z,customer_return,294.56
R002190,PAY0029169,O0027662,2023-04-05T17:55:03Z,customer_return,12.04
R002191,PAY0029181,O0027674,2024-04-02T04:39:10Z,late_delivery,450.03
R002192,PAY0029193,O0027686,2025-03-15T16:37:00Z,damaged,1420.32
R002193,PAY0029203,O0027695,2025-02-19T19:01:51Z,damaged,172.89
R002194,PAY0029210,O0027702,2024-03-23T16:45:39Z,customer_return,125.59
R002195,PAY0029238,O0027728,2023-03-06T14:04:32Z,damaged,54.16
R002196,PAY0029257,O0027746,2024-11-18T19:07:41Z,late_delivery,252.32
R002197,PAY0029273,O0027762,2023-02-03T06:25:36Z,damaged,0.52
R002198,PAY0029294,O0027783,2025-12-31T22:24:47Z,damaged,540.29
R002199,PAY0029306,O0027794,2023-04-14T17:03:32Z,damaged,312.78
R002200,PAY0029309,O0027797,2023-02-03T23:56:31Z,late_delivery,778.27
R002201,PAY0029325,O0027812,2025-09-23T18:12:12Z,duplicate,309.67
R002202,PAY0029334,O0027821,2023-10-02T00:10:58Z,customer_return,922.83
R002203,PAY0029336,O0027823,2023-04-10T20:38:00Z,customer_return,383.75
R002204,PAY0029342,O0027829,2023-11-27T12:44:55Z,customer_return,168.18
R002205,PAY0029365,O0027850,2025-09-15T06:08:58Z,duplicate,574.67
R002206,PAY0029367,O0027852,2023-08-27T09:05:59Z,customer_return,107.76
R002207,PAY0029369,O0027854,2024-10-12T06:50:17Z,customer_return,207.01
R002208,PAY0029380,O0027865,2024-02-25T21:04:45Z,customer_return,1896.81
R002209,PAY0029381,O0027866,2025-11-30T05:39:02Z,late_delivery,92.29
R002210,PAY0029393,O0027878,2025-03-06T14:01:54Z,late_delivery,287.37
R002211,PAY0029396,O0027881,2023-05-02T02:31:55Z,damaged,105.54
R002212,PAY0029403,O0027888,2023-09-09T19:02:48Z,damaged,166.60
R002213,PAY0029433,O0027916,2024-11-27T01:45:59Z,duplicate,105.00
R002214,PAY0029446,O0027929,2025-12-22T03:23:53Z,duplicate,346.90
R002215,PAY0029450,O0027933,2025-11-24T18:09:20Z,duplicate,45.47
R002216,PAY0029454,O0027936,2025-10-28T08:00:02Z,late_delivery,6.21
R002217,PAY0029467,O0027949,2025-06-18T01:37:17Z,customer_return,329.35
R002218,PAY0029478,O0027960,2025-11-20T04:43:36Z,customer_return,31.78
R002219,PAY0029498,O0027977,2024-04-30T12:39:15Z,customer_return,86.69
R002220,PAY0029530,O0028007,2025-03-08T19:59:00Z,late_delivery,40.06
R002221,PAY0029551,O0028026,2024-11-24T10:01:46Z,late_delivery,113.85
R002222,PAY0029567,O0028040,2025-06-13T21:32:44Z,customer_return,79.08
R002223,PAY0029584,O0028056,2025-01-30T19:28:40Z,duplicate,185.84
R002224,PAY0029593,O0028065,2024-11-26T10:27:32Z,customer_return,12.42
R002225,PAY0029603,O0028074,2024-09-20T07:05:21Z,late_delivery,988.46
R002226,PAY0029604,O0028075,2025-03-24T14:41:04Z,duplicate,41.84
R002227,PAY0029615,O0028086,2025-12-04T01:10:15Z,customer_return,251.18
R002228,PAY0029652,O0028120,2023-05-20T20:51:16Z,customer_return,1438.91
R002229,PAY0029656,O0028124,2024-02-18T02:09:29Z,late_delivery,2144.28
R002230,PAY0029657,O0028125,2023-12-04T20:01:41Z,duplicate,780.37
R002231,PAY0029661,O0028129,2024-08-10T07:51:51Z,late_delivery,364.23
R002232,PAY0029691,O0028158,2024-09-12T00:42:00Z,duplicate,360.94
R002233,PAY0029695,O0028162,2023-07-26T18:37:37Z,duplicate,648.06
R002234,PAY0029704,O0028171,2023-12-16T12:54:10Z,customer_return,1054.08
R002235,PAY0029716,O0028183,2024-10-20T05:28:02Z,late_delivery,323.06
R002236,PAY0029732,O0028197,2024-12-27T10:06:09Z,damaged,176.21
R002237,PAY0029751,O0028215,2025-01-02T06:03:03Z,duplicate,430.44
R002238,PAY0029758,O0028222,2023-07-09T12:46:41Z,late_delivery,82.78
R002239,PAY0029763,O0028226,2024-08-18T12:39:41Z,late_delivery,569.85
R002240,PAY0029775,O0028238,2023-11-04T22:00:46Z,duplicate,76.20
R002241,PAY0029798,O0028261,2024-05-21T01:38:52Z,customer_return,418.75
R002242,PAY0029813,O0028275,2023-06-28T08:00:14Z,damaged,1282.95
R002243,PAY0029826,O0028286,2024-07-28T10:53:29Z,duplicate,1063.94
R002244,PAY0029828,O0028287,2024-05-16T14:21:08Z,customer_return,88.19
R002245,PAY0029869,O0028327,2024-01-04T21:51:18Z,customer_return,199.13
R002246,PAY0029870,O0028328,2024-04-01T23:08:01Z,customer_return,378.20
R002247,PAY0029879,O0028337,2025-12-19T05:35:33Z,damaged,314.81
R002248,PAY0029881,O0028338,2025-11-18T23:55:19Z,customer_return,464.59
R002249,PAY0029884,O0028341,2023-11-27T05:07:23Z,damaged,238.89
R002250,PAY0029893,O0028350,2025-09-04T22:28:48Z,duplicate,36.57
R002251,PAY0029898,O0028355,2025-08-08T02:36:18Z,customer_return,538.17
R002252,PAY0029900,O0028357,2024-02-07T08:32:02Z,duplicate,162.98
R002253,PAY0029905,O0028362,2024-08-04T20:34:40Z,customer_return,1048.51
R002254,PAY0029924,O0028379,2023-06-15T19:30:22Z,damaged,152.12
R002255,PAY0029927,O0028382,2025-11-30T11:19:27Z,customer_return,54.24
R002256,PAY0029936,O0028390,2023-06-28T19:40:07Z,duplicate,125.03
R002257,PAY0029947,O0028401,2023-10-17T07:15:35Z,damaged,306.84
R002258,PAY0029983,O0028433,2023-09-10T17:45:37Z,late_delivery,219.13
R002259,PAY0029995,O0028443,2023-04-06T17:56:49Z,customer_return,775.16
R002260,PAY0029997,O0028445,2023-03-04T15:41:22Z,late_delivery,275.09
R002261,PAY0030004,O0028452,2023-09-19T04:50:01Z,late_delivery,23.39
R002262,PAY0030009,O0028457,2023-04-23T14:07:16Z,duplicate,609.95
R002263,PAY0030016,O0028464,2024-05-09T03:24:36Z,customer_return,214.77
R002264,PAY0030022,O0028470,2024-11-04T00:08:24Z,late_delivery,322.87
R002265,PAY0030027,O0028475,2024-06-01T21:59:42Z,damaged,385.26
R002266,PAY0030052,O0028498,2023-07-18T08:52:15Z,duplicate,86.58
R002267,PAY0030056,O0028502,2025-12-02T11:21:23Z,duplicate,123.84
R002268,PAY0030067,O0028512,2025-07-07T13:13:31Z,customer_return,755.69
R002269,PAY0030100,O0028544,2023-04-21T15:43:51Z,customer_return,19.09
R002270,PAY0030131,O0028572,2025-12-31T07:58:58Z,duplicate,72.61
R002271,PAY0030153,O0028593,2025-11-28T23:39:15Z,late_delivery,71.27
R002272,PAY0030169,O0028608,2023-04-01T03:46:33Z,duplicate,1684.33
R002273,PAY0030188,O0028626,2025-09-10T23:15:46Z,customer_return,114.68
R002274,PAY0030193,O0028631,2025-03-13T16:03:26Z,customer_return,711.39
R002275,PAY0030200,O0028638,2023-09-16T14:07:20Z,duplicate,31.77
R002276,PAY0030208,O0028646,2023-06-07T18:38:18Z,customer_return,30.32
R002277,PAY0030211,O0028649,2025-06-24T17:58:41Z,customer_return,62.13
R002278,PAY0030212,O0028650,2024-09-11T03:08:55Z,duplicate,48.14
R002279,PAY0030238,O0028675,2024-06-07T13:10:07Z,duplicate,131.50
R002280,PAY0030253,O0028690,2023-08-20T19:47:52Z,late_delivery,424.33
R002281,PAY0030255,O0028692,2024-06-18T11:58:36Z,customer_return,301.79
R002282,PAY0030266,O0028701,2023-07-05T10:00:28Z,damaged,1410.62
R002283,PAY0030270,O0028704,2024-10-09T13:21:07Z,damaged,25.99
R002284,PAY0030290,O0028722,2024-05-15T01:24:11Z,damaged,871.93
R002285,PAY0030304,O0028733,2024-07-10T17:49:40Z,damaged,235.96
R002286,PAY0030313,O0028742,2024-09-19T03:27:19Z,customer_return,41.99
R002287,PAY0030341,O0028766,2023-07-25T17:16:19Z,damaged,0.63
R002288,PAY0030343,O0028768,2025-09-10T20:16:11Z,late_delivery,135.08
R002289,PAY0030371,O0028795,2025-12-01T07:06:24Z,late_delivery,839.00
R002290,PAY0030376,O0028799,2025-03-07T12:18:59Z,duplicate,685.13
R002291,PAY0030381,O0028803,2025-01-27T12:59:53Z,customer_return,334.81
R002292,PAY0030384,O0028806,2023-09-22T02:43:26Z,duplicate,79.11
R002293,PAY0030396,O0028818,2024-03-21T21:53:31Z,late_delivery,96.81
R002294,PAY0030397,O0028819,2023-11-10T16:57:13Z,late_delivery,413.16
R002295,PAY0030405,O0028827,2025-06-03T02:41:51Z,late_delivery,998.55
R002296,PAY0030446,O0028865,2024-02-03T23:47:00Z,duplicate,45.98
R002297,PAY0030481,O0028895,2024-03-26T17:09:00Z,late_delivery,244.58
R002298,PAY0030491,O0028905,2023-07-25T04:05:25Z,damaged,47.02
R002299,PAY0030525,O0028938,2023-02-17T00:11:51Z,duplicate,56.06
R002300,PAY0030548,O0028961,2025-12-31T12:30:01Z,damaged,187.43
R002301,PAY0030553,O0028966,2025-05-29T22:10:34Z,customer_return,660.50
R002302,PAY0030577,O0028990,2025-01-15T14:22:39Z,damaged,347.80
R002303,PAY0030587,O0028999,2024-09-20T17:49:44Z,late_delivery,425.48
R002304,PAY0030594,O0029006,2023-06-02T23:03:16Z,late_delivery,524.24
R002305,PAY0030595,O0029007,2023-05-01T13:18:11Z,customer_return,359.81
R002306,PAY0030599,O0029011,2025-05-06T06:28:03Z,duplicate,400.11
R002307,PAY0030603,O0029014,2023-06-07T06:51:22Z,duplicate,618.78
R002308,PAY0030615,O0029025,2024-07-13T10:29:56Z,damaged,207.72
R002309,PAY0030627,O0029037,2023-05-13T06:18:19Z,duplicate,36.13
R002310,PAY0030652,O0029061,2025-03-10T02:47:00Z,damaged,132.36
R002311,PAY0030653,O0029062,2024-09-09T16:26:43Z,late_delivery,43.60
R002312,PAY0030655,O0029064,2025-01-14T03:48:43Z,damaged,298.53
R002313,PAY0030681,O0029088,2023-11-28T18:43:58Z,damaged,25.48
R002314,PAY0030726,O0029131,2024-04-25T01:02:05Z,damaged,222.83
R002315,PAY0030736,O0029140,2024-08-02T11:18:37Z,duplicate,63.59
R002316,PAY0030758,O0029161,2024-08-31T04:52:16Z,damaged,307.09
R002317,PAY0030769,O0029172,2023-04-28T05:46:14Z,duplicate,2593.21
R002318,PAY0030777,O0029179,2024-04-08T02:18:15Z,duplicate,306.71
R002319,PAY0030865,O0029258,2023-04-16T10:20:36Z,late_delivery,252.89
R002320,PAY0030876,O0029268,2025-04-15T17:47:38Z,damaged,1.70
R002321,PAY0030943,O0029330,2024-07-03T15:22:47Z,late_delivery,105.26
R002322,PAY0030946,O0029332,2024-05-29T04:28:07Z,late_delivery,538.59
R002323,PAY0030964,O0029349,2024-11-18T13:24:56Z,late_delivery,516.28
R002324,PAY0030967,O0029352,2024-01-26T13:02:52Z,damaged,189.80
R002325,PAY0030976,O0029361,2024-08-19T15:51:02Z,late_delivery,410.13
R002326,PAY0030984,O0029368,2025-06-15T12:39:02Z,customer_return,1026.65
R002327,PAY0030998,O0029382,2024-02-08T17:54:18Z,customer_return,148.28
R002328,PAY0031039,O0029421,2023-12-10T15:12:29Z,damaged,127.84
R002329,PAY0031041,O0029423,2023-08-15T02:07:54Z,late_delivery,318.68
R002330,PAY0031049,O0029431,2025-02-18T20:51:28Z,late_delivery,476.77
R002331,PAY0031055,O0029437,2023-05-18T04:19:01Z,late_delivery,74.84
R002332,PAY0031077,O0029456,2024-08-09T03:34:43Z,late_delivery,32.51
R002333,PAY0031088,O0029467,2023-10-18T15:43:45Z,duplicate,2349.22
R002334,PAY0031098,O0029476,2025-12-06T20:35:03Z,late_delivery,161.85
R002335,PAY0031115,O0029493,2024-07-03T03:46:29Z,damaged,404.45
R002336,PAY0031126,O0029504,2024-07-04T01:51:33Z,late_delivery,238.36
R002337,PAY0031127,O0029505,2024-11-17T19:09:20Z,customer_return,615.95
R002338,PAY0031136,O0029514,2025-09-27T09:22:23Z,customer_return,143.66
R002339,PAY0031159,O0029537,2024-04-11T03:40:42Z,damaged,290.53
R002340,PAY0031173,O0029550,2023-09-14T21:28:45Z,damaged,425.94
R002341,PAY0031174,O0029551,2024-08-27T07:06:34Z,late_delivery,925.32
R002342,PAY0031176,O0029553,2025-04-03T06:05:31Z,duplicate,511.69
R002343,PAY0031179,O0029556,2023-02-11T20:14:13Z,late_delivery,314.61
R002344,PAY0031194,O0029570,2024-04-19T23:15:32Z,damaged,892.65
R002345,PAY0031204,O0029580,2024-07-03T04:49:42Z,damaged,28.55
R002346,PAY0031225,O0029599,2025-04-29T23:49:44Z,late_delivery,776.64
R002347,PAY0031250,O0029622,2023-11-30T15:03:02Z,late_delivery,113.18
R002348,PAY0031264,O0029634,2023-08-30T18:51:00Z,duplicate,527.07
R002349,PAY0031270,O0029640,2024-04-14T12:05:25Z,customer_return,28.05
R002350,PAY0031306,O0029675,2024-11-29T03:07:07Z,damaged,724.93
R002351,PAY0031313,O0029682,2023-05-19T20:59:54Z,late_delivery,363.38
R002352,PAY0031325,O0029694,2024-01-05T09:25:54Z,duplicate,197.90
R002353,PAY0031330,O0029699,2024-08-19T12:53:26Z,late_delivery,75.72
R002354,PAY0031331,O0029700,2025-12-26T04:15:11Z,duplicate,407.98
R002355,PAY0031371,O0029738,2024-06-16T01:02:31Z,customer_return,1279.34
R002356,PAY0031374,O0029741,2024-11-14T04:50:09Z,customer_return,516.55
R002357,PAY0031387,O0029753,2024-08-31T10:11:41Z,damaged,248.44
R002358,PAY0031388,O0029754,2025-03-11T07:47:28Z,duplicate,175.99
R002359,PAY0031392,O0029758,2023-04-05T17:06:55Z,customer_return,1043.32
R002360,PAY0031436,O0029801,2025-10-13T21:23:26Z,customer_return,64.54
R002361,PAY0031444,O0029808,2025-02-16T15:54:34Z,duplicate,157.29
R002362,PAY0031469,O0029831,2025-09-09T22:36:03Z,late_delivery,228.08
R002363,PAY0031471,O0029833,2023-05-29T18:22:46Z,duplicate,564.32
R002364,PAY0031543,O0029904,2024-03-08T18:39:20Z,late_delivery,137.81
R002365,PAY0031554,O0029915,2023-07-10T14:03:48Z,damaged,214.77
R002366,PAY0031557,O0029918,2024-02-06T22:26:14Z,late_delivery,311.02
R002367,PAY0031613,O0029973,2023-11-27T19:11:36Z,duplicate,121.54
R002368,PAY0031614,O0029974,2023-02-01T14:52:28Z,customer_return,375.13
R002369,PAY0031622,O0029982,2024-03-25T06:36:34Z,duplicate,127.77
R002370,PAY0031627,O0029987,2023-11-12T02:03:30Z,customer_return,283.15
R002371,PAY0031631,O0029991,2024-02-18T21:39:02Z,damaged,89.22
R002372,PAY0031641,O0030001,2024-01-09T16:19:56Z,late_delivery,145.28
R002373,PAY0031656,O0030016,2024-05-11T12:23:21Z,customer_return,182.61
R002374,PAY0031681,O0030040,2025-10-16T06:15:31Z,customer_return,492.29
R002375,PAY0031682,O0030041,2023-05-09T19:28:45Z,late_delivery,268.50
R002376,PAY0031688,O0030047,2023-01-23T03:09:53Z,duplicate,550.07
R002377,PAY0031693,O0030052,2025-07-11T20:15:22Z,late_delivery,468.88
R002378,PAY0031694,O0030053,2024-08-05T20:06:28Z,damaged,703.07
R002379,PAY0031703,O0030062,2023-11-19T15:59:24Z,duplicate,705.76
R002380,PAY0031709,O0030068,2024-02-01T01:29:33Z,customer_return,374.70
R002381,PAY0031711,O0030069,2024-05-26T17:09:55Z,damaged,77.85
R002382,PAY0031716,O0030074,2023-11-02T02:22:44Z,customer_return,9.77
R002383,PAY0031731,O0030087,2025-08-15T20:34:19Z,late_delivery,104.39
R002384,PAY0031736,O0030092,2024-09-15T00:16:21Z,late_delivery,885.75
R002385,PAY0031760,O0030115,2024-07-23T09:51:10Z,damaged,423.80
R002386,PAY0031807,O0030159,2025-07-08T21:00:05Z,duplicate,346.41
R002387,PAY0031827,O0030178,2023-08-23T16:57:02Z,damaged,295.07
R002388,PAY0031838,O0030187,2025-01-11T17:35:45Z,customer_return,625.89
R002389,PAY0031842,O0030191,2023-09-07T01:11:39Z,damaged,157.84
R002390,PAY0031849,O0030198,2023-11-05T09:09:00Z,customer_return,229.90
R002391,PAY0031861,O0030210,2023-07-28T15:48:19Z,customer_return,206.88
R002392,PAY0031868,O0030217,2025-12-03T20:15:12Z,customer_return,808.77
R002393,PAY0031881,O0030230,2025-07-19T12:43:20Z,late_delivery,202.46
R002394,PAY0031910,O0030256,2025-09-29T00:56:36Z,damaged,551.97
R002395,PAY0031915,O0030260,2025-01-15T02:58:26Z,duplicate,174.47
R002396,PAY0031929,O0030273,2023-06-29T11:04:16Z,duplicate,61.39
R002397,PAY0031945,O0030288,2023-07-16T00:21:44Z,duplicate,769.49
R002398,PAY0031947,O0030290,2024-04-21T05:03:27Z,duplicate,504.42
R002399,PAY0031964,O0030305,2025-08-18T21:10:47Z,duplicate,76.05
R002400,PAY0031978,O0030318,2025-07-07T12:13:46Z,damaged,137.54
R002401,PAY0031998,O0030335,2023-11-16T19:28:51Z,duplicate,34.73
R002402,PAY0032041,O0030375,2025-10-23T04:31:45Z,damaged,638.91
R002403,PAY0032043,O0030377,2024-08-26T11:22:26Z,damaged,567.75
R002404,PAY0032045,O0030379,2025-09-12T00:30:39Z,duplicate,355.78
R002405,PAY0032049,O0030383,2024-10-23T17:47:44Z,customer_return,4.77
R002406,PAY0032058,O0030391,2024-03-31T00:44:06Z,damaged,6.64
R002407,PAY0032062,O0030395,2024-06-07T10:25:24Z,customer_return,458.84
R002408,PAY0032066,O0030399,2023-07-21T01:49:32Z,damaged,849.69
R002409,PAY0032093,O0030424,2024-07-12T09:18:03Z,customer_return,204.63
R002410,PAY0032101,O0030431,2025-09-07T20:09:32Z,late_delivery,113.46
R002411,PAY0032114,O0030443,2024-04-29T19:25:53Z,duplicate,995.20
R002412,PAY0032171,O0030499,2024-02-12T22:02:01Z,damaged,132.11
R002413,PAY0032172,O0030500,2025-06-16T20:10:29Z,damaged,81.05
R002414,PAY0032197,O0030525,2024-01-29T13:54:55Z,damaged,652.11
R002415,PAY0032217,O0030545,2025-05-08T00:04:04Z,damaged,220.52
R002416,PAY0032241,O0030568,2024-07-21T13:21:35Z,customer_return,56.83
R002417,PAY0032243,O0030570,2023-03-23T06:46:33Z,late_delivery,1231.35
R002418,PAY0032247,O0030574,2024-03-28T03:57:24Z,customer_return,8.41
R002419,PAY0032248,O0030575,2024-11-29T14:37:59Z,customer_return,372.60
R002420,PAY0032251,O0030578,2023-11-01T08:35:40Z,duplicate,69.36
R002421,PAY0032255,O0030581,2024-06-23T09:06:10Z,customer_return,414.32
R002422,PAY0032281,O0030606,2023-12-26T15:03:52Z,damaged,204.14
R002423,PAY0032294,O0030617,2023-09-24T06:40:43Z,late_delivery,67.32
R002424,PAY0032299,O0030621,2024-10-11T05:20:02Z,duplicate,61.76
R002425,PAY0032314,O0030635,2025-12-31T02:32:16Z,customer_return,31.29
R002426,PAY0032328,O0030649,2024-09-23T00:29:44Z,customer_return,656.95
R002427,PAY0032342,O0030662,2024-08-02T02:03:10Z,late_delivery,343.76
R002428,PAY0032346,O0030666,2025-04-30T17:45:27Z,customer_return,59.34
R002429,PAY0032366,O0030686,2025-08-17T01:35:13Z,damaged,88.82
R002430,PAY0032371,O0030691,2025-09-19T12:48:51Z,late_delivery,148.56
R002431,PAY0032373,O0030693,2023-03-17T20:39:34Z,customer_return,363.62
R002432,PAY0032409,O0030729,2024-11-13T06:49:51Z,duplicate,35.80
R002433,PAY0032415,O0030735,2023-03-23T18:56:34Z,damaged,192.51
R002434,PAY0032431,O0030751,2025-02-25T14:01:46Z,late_delivery,391.44
R002435,PAY0032440,O0030760,2025-09-01T14:03:00Z,late_delivery,224.15
R002436,PAY0032478,O0030796,2023-01-21T05:09:47Z,damaged,34.01
R002437,PAY0032480,O0030798,2025-08-09T18:06:13Z,customer_return,80.60
R002438,PAY0032484,O0030802,2025-07-22T03:15:47Z,late_delivery,130.16
R002439,PAY0032487,O0030804,2024-09-14T03:34:45Z,late_delivery,1586.95
R002440,PAY0032519,O0030834,2023-09-06T11:03:24Z,damaged,882.15
R002441,PAY0032530,O0030845,2023-05-10T09:33:46Z,customer_return,123.64
R002442,PAY0032531,O0030846,2025-10-26T19:35:42Z,damaged,961.09
R002443,PAY0032549,O0030863,2024-08-09T04:56:54Z,damaged,17.33
R002444,PAY0032550,O0030864,2025-07-03T09:00:26Z,customer_return,843.01
R002445,PAY0032556,O0030870,2024-07-17T08:47:31Z,late_delivery,118.02
R002446,PAY0032571,O0030885,2023-06-24T11:42:55Z,damaged,133.65
R002447,PAY0032575,O0030889,2025-09-16T04:39:29Z,damaged,723.83
R002448,PAY0032584,O0030898,2025-10-10T05:15:55Z,customer_return,898.19
R002449,PAY0032586,O0030900,2023-05-01T09:11:37Z,duplicate,91.48
R002450,PAY0032592,O0030906,2024-01-04T08:45:39Z,duplicate,465.75
R002451,PAY0032608,O0030922,2024-02-26T06:29:25Z,customer_return,951.64
R002452,PAY0032635,O0030948,2025-08-14T23:26:55Z,late_delivery,575.27
R002453,PAY0032678,O0030987,2023-06-13T10:59:53Z,customer_return,904.24
R002454,PAY0032680,O0030989,2024-07-01T18:06:49Z,damaged,220.40
R002455,PAY0032687,O0030995,2025-11-15T23:22:40Z,customer_return,519.22
R002456,PAY0032697,O0031004,2024-09-03T01:26:18Z,damaged,149.94
R002457,PAY0032707,O0031014,2025-04-20T15:12:30Z,customer_return,175.63
R002458,PAY0032719,O0031025,2023-03-02T17:04:17Z,late_delivery,13.74
R002459,PAY0032720,O0031026,2023-10-03T01:46:36Z,late_delivery,384.39
R002460,PAY0032728,O0031034,2023-04-01T04:41:26Z,late_delivery,108.99
R002461,PAY0032741,O0031045,2023-03-19T12:37:38Z,customer_return,98.04
R002462,PAY0032756,O0031059,2023-06-08T18:49:13Z,customer_return,369.06
R002463,PAY0032762,O0031064,2024-02-17T01:33:33Z,duplicate,544.14
R002464,PAY0032763,O0031065,2023-12-13T14:35:48Z,duplicate,137.74
R002465,PAY0032789,O0031090,2024-10-28T03:22:56Z,late_delivery,1539.54
R002466,PAY0032820,O0031120,2025-07-03T11:35:59Z,duplicate,236.42
R002467,PAY0032828,O0031128,2024-05-06T21:36:55Z,late_delivery,111.37
R002468,PAY0032871,O0031170,2023-06-08T12:44:12Z,late_delivery,500.72
R002469,PAY0032876,O0031175,2024-05-26T22:05:01Z,customer_return,491.66
R002470,PAY0032884,O0031183,2023-08-14T09:33:29Z,customer_return,502.52
R002471,PAY0032892,O0031191,2023-04-23T10:10:36Z,customer_return,88.80
R002472,PAY0032895,O0031194,2023-11-29T16:32:01Z,customer_return,37.24
R002473,PAY0032897,O0031196,2023-09-24T15:05:44Z,damaged,117.99
R002474,PAY0032902,O0031200,2025-10-01T15:13:27Z,late_delivery,1078.74
R002475,PAY0032909,O0031207,2023-05-17T07:36:11Z,damaged,174.57
R002476,PAY0032914,O0031212,2025-08-22T03:55:01Z,damaged,854.67
R002477,PAY0032918,O0031216,2024-06-06T07:12:17Z,duplicate,435.76
R002478,PAY0032919,O0031217,2023-04-02T06:35:27Z,late_delivery,414.32
R002479,PAY0032926,O0031224,2025-07-24T13:47:16Z,customer_return,608.34
R002480,PAY0032930,O0031228,2023-10-14T03:29:25Z,duplicate,281.38
R002481,PAY0032949,O0031244,2024-12-28T17:52:47Z,duplicate,190.10
R002482,PAY0032968,O0031263,2024-10-14T00:22:58Z,damaged,113.70
R002483,PAY0033012,O0031305,2023-12-09T15:56:47Z,duplicate,409.86
R002484,PAY0033014,O0031307,2023-04-11T09:41:47Z,duplicate,23.31
R002485,PAY0033066,O0031357,2024-11-02T05:15:51Z,duplicate,247.80
R002486,PAY0033115,O0031406,2023-12-20T12:32:32Z,duplicate,849.30
R002487,PAY0033116,O0031407,2023-06-08T09:37:59Z,duplicate,381.41
R002488,PAY0033121,O0031412,2025-12-04T13:31:44Z,damaged,465.35
R002489,PAY0033144,O0031434,2025-02-17T15:32:52Z,damaged,1761.62
R002490,PAY0033150,O0031440,2024-01-29T16:57:35Z,duplicate,57.41
R002491,PAY0033152,O0031442,2024-05-31T06:52:35Z,customer_return,149.92
R002492,PAY0033171,O0031458,2023-11-24T23:57:08Z,damaged,62.54
R002493,PAY0033173,O0031460,2025-12-26T10:16:58Z,duplicate,29.41
R002494,PAY0033198,O0031485,2024-06-24T10:52:24Z,customer_return,689.98
R002495,PAY0033204,O0031491,2025-02-19T11:46:20Z,late_delivery,284.16
R002496,PAY0033221,O0031508,2023-09-28T14:45:41Z,damaged,653.59
R002497,PAY0033222,O0031509,2023-04-01T20:39:27Z,customer_return,1798.50
R002498,PAY0033232,O0031519,2025-12-13T10:56:17Z,customer_return,236.42
R002499,PAY0033234,O0031521,2023-03-23T04:16:23Z,customer_return,109.18
R002500,PAY0033272,O0031558,2023-08-07T07:14:26Z,duplicate,47.99
R002501,PAY0033282,O0031568,2023-11-24T18:31:07Z,damaged,54.36
R002502,PAY0033287,O0031573,2023-02-17T17:35:04Z,duplicate,83.88
R002503,PAY0033306,O0031589,2025-06-26T00:02:33Z,customer_return,430.45
R002504,PAY0033312,O0031595,2024-09-25T08:23:41Z,customer_return,183.75
R002505,PAY0033318,O0031600,2025-01-26T01:12:50Z,damaged,96.69
R002506,PAY0033338,O0031619,2024-07-28T10:00:24Z,damaged,199.65
R002507,PAY0033380,O0031660,2024-05-17T19:46:24Z,duplicate,307.12
R002508,PAY0033397,O0031677,2023-12-28T06:54:16Z,customer_return,545.70
R002509,PAY0033441,O0031717,2023-07-02T11:12:16Z,customer_return,945.31
R002510,PAY0033461,O0031735,2023-05-05T03:42:48Z,customer_return,214.46
R002511,PAY0033468,O0031742,2023-03-21T05:20:43Z,late_delivery,253.57
R002512,PAY0033471,O0031745,2024-03-20T18:55:14Z,damaged,958.10
R002513,PAY0033472,O0031746,2024-07-11T07:27:35Z,late_delivery,12.87
R002514,PAY0033473,O0031747,2025-09-24T21:52:35Z,damaged,291.52
R002515,PAY0033487,O0031760,2023-07-27T00:58:04Z,late_delivery,99.52
R002516,PAY0033491,O0031764,2023-11-03T09:55:15Z,late_delivery,57.96
R002517,PAY0033504,O0031776,2025-11-01T00:18:25Z,duplicate,432.34
R002518,PAY0033527,O0031799,2025-05-25T13:58:14Z,customer_return,218.26
R002519,PAY0033533,O0031805,2025-07-04T13:10:30Z,damaged,371.62
R002520,PAY0033541,O0031813,2025-11-20T01:54:14Z,damaged,785.41
R002521,PAY0033543,O0031815,2025-05-17T22:15:55Z,late_delivery,343.20
R002522,PAY0033547,O0031819,2024-01-15T13:39:21Z,customer_return,9.58
R002523,PAY0033551,O0031823,2023-03-25T13:04:03Z,damaged,364.10
R002524,PAY0033557,O0031828,2023-06-17T23:13:54Z,damaged,57.31
R002525,PAY0033576,O0031845,2025-08-26T00:47:45Z,late_delivery,311.56
R002526,PAY0033613,O0031880,2023-12-24T01:26:14Z,late_delivery,60.83
R002527,PAY0033615,O0031882,2023-03-05T17:35:50Z,late_delivery,326.47
R002528,PAY0033617,O0031884,2024-05-21T01:36:25Z,damaged,482.73
R002529,PAY0033620,O0031887,2024-01-14T23:20:17Z,customer_return,873.05
R002530,PAY0033623,O0031890,2024-01-19T20:50:08Z,duplicate,110.98
R002531,PAY0033628,O0031895,2024-11-09T15:18:53Z,damaged,506.41
R002532,PAY0033635,O0031902,2023-08-27T19:22:45Z,late_delivery,360.10
R002533,PAY0033651,O0031917,2024-09-18T22:47:57Z,late_delivery,823.12
R002534,PAY0033663,O0031929,2023-02-26T21:28:30Z,customer_return,360.39
R002535,PAY0033667,O0031933,2024-01-16T05:00:15Z,duplicate,153.09
R002536,PAY0033672,O0031938,2025-01-22T01:34:27Z,damaged,223.55
R002537,PAY0033680,O0031945,2025-12-31T17:27:00Z,customer_return,1322.40
R002538,PAY0033689,O0031954,2024-08-07T17:55:27Z,duplicate,586.75
R002539,PAY0033700,O0031965,2025-07-21T15:14:56Z,late_delivery,907.18
R002540,PAY0033731,O0031994,2025-04-24T12:49:26Z,customer_return,300.37
R002541,PAY0033750,O0032013,2025-11-14T03:48:05Z,customer_return,365.71
R002542,PAY0033751,O0032014,2025-05-18T14:17:29Z,duplicate,330.22
R002543,PAY0033764,O0032025,2025-02-20T17:58:54Z,damaged,369.55
R002544,PAY0033772,O0032032,2024-04-12T19:41:05Z,late_delivery,16.79
R002545,PAY0033776,O0032036,2023-06-29T10:52:15Z,damaged,351.08
R002546,PAY0033837,O0032094,2025-08-06T10:17:41Z,damaged,140.14
R002547,PAY0033838,O0032095,2025-10-06T14:18:41Z,damaged,254.34
R002548,PAY0033850,O0032106,2025-10-02T21:07:46Z,duplicate,308.76
R002549,PAY0033858,O0032114,2025-05-18T17:39:56Z,customer_return,481.72
R002550,PAY0033861,O0032117,2025-01-24T05:34:45Z,duplicate,332.10
R002551,PAY0033865,O0032121,2025-09-22T22:32:37Z,damaged,444.48
R002552,PAY0033873,O0032128,2025-08-21T14:07:58Z,customer_return,188.19
R002553,PAY0033884,O0032138,2024-12-30T19:41:35Z,customer_return,259.66
R002554,PAY0033887,O0032141,2025-04-01T09:22:41Z,customer_return,134.48
R002555,PAY0033909,O0032162,2024-03-17T13:30:29Z,late_delivery,1.98
R002556,PAY0033920,O0032172,2025-11-07T09:37:07Z,damaged,315.18
R002557,PAY0033926,O0032178,2024-02-12T10:42:10Z,duplicate,488.02
R002558,PAY0033931,O0032183,2023-05-28T10:24:19Z,duplicate,105.44
R002559,PAY0033943,O0032195,2024-11-25T20:07:44Z,customer_return,218.99
R002560,PAY0033976,O0032227,2025-01-18T16:22:53Z,customer_return,64.04
R002561,PAY0033982,O0032233,2023-01-26T12:06:32Z,customer_return,294.46
R002562,PAY0033988,O0032239,2023-09-13T09:50:50Z,customer_return,44.12
R002563,PAY0033997,O0032247,2023-11-26T06:41:25Z,duplicate,407.18
R002564,PAY0034008,O0032258,2023-12-15T01:05:11Z,late_delivery,498.03
R002565,PAY0034063,O0032311,2024-02-21T16:06:41Z,customer_return,24.47
R002566,PAY0034071,O0032319,2024-12-10T06:16:43Z,late_delivery,354.37
R002567,PAY0034079,O0032327,2025-04-03T02:33:50Z,duplicate,158.60
R002568,PAY0034084,O0032331,2024-12-16T19:27:59Z,customer_return,74.37
R002569,PAY0034092,O0032338,2025-04-03T07:20:52Z,duplicate,232.85
R002570,PAY0034098,O0032344,2024-11-11T13:06:53Z,late_delivery,208.93
R002571,PAY0034144,O0032387,2024-05-05T13:43:49Z,damaged,814.69
R002572,PAY0034147,O0032390,2024-11-26T02:48:11Z,late_delivery,523.93
R002573,PAY0034157,O0032399,2023-12-10T13:22:14Z,late_delivery,125.27
R002574,PAY0034163,O0032405,2024-04-24T11:12:26Z,customer_return,245.91
R002575,PAY0034164,O0032406,2023-11-20T22:54:24Z,late_delivery,324.74
R002576,PAY0034198,O0032438,2024-04-20T11:25:59Z,customer_return,955.09
R002577,PAY0034200,O0032440,2024-10-05T02:22:47Z,duplicate,619.93
R002578,PAY0034232,O0032472,2023-02-05T21:06:37Z,duplicate,128.31
R002579,PAY0034240,O0032480,2024-02-01T02:23:00Z,duplicate,748.87
R002580,PAY0034276,O0032515,2025-10-20T16:47:42Z,duplicate,203.85
R002581,PAY0034296,O0032535,2025-03-04T05:20:41Z,duplicate,89.54
R002582,PAY0034298,O0032537,2024-06-21T21:31:53Z,damaged,572.93
R002583,PAY0034321,O0032557,2023-07-12T08:34:44Z,customer_return,760.78
R002584,PAY0034335,O0032571,2023-03-22T18:55:36Z,duplicate,138.43
R002585,PAY0034348,O0032583,2023-03-11T17:59:17Z,customer_return,2.06
R002586,PAY0034374,O0032609,2024-05-18T12:07:11Z,customer_return,703.39
R002587,PAY0034375,O0032610,2023-10-17T22:28:29Z,duplicate,322.20
R002588,PAY0034376,O0032611,2025-08-14T07:23:46Z,damaged,256.67
R002589,PAY0034378,O0032613,2025-03-13T16:38:38Z,duplicate,781.14
R002590,PAY0034398,O0032632,2023-08-09T06:07:55Z,customer_return,462.63
R002591,PAY0034399,O0032633,2025-03-12T15:11:20Z,damaged,115.40
R002592,PAY0034428,O0032661,2024-04-04T13:15:22Z,damaged,902.99
R002593,PAY0034439,O0032672,2024-07-21T18:14:17Z,duplicate,172.31
R002594,PAY0034450,O0032683,2023-07-03T23:20:48Z,damaged,384.15
R002595,PAY0034467,O0032698,2023-06-15T23:57:13Z,late_delivery,1636.46
R002596,PAY0034505,O0032733,2025-03-02T10:57:40Z,customer_return,402.91
R002597,PAY0034529,O0032756,2023-03-06T16:45:13Z,customer_return,4.68
R002598,PAY0034539,O0032766,2024-03-30T02:18:54Z,duplicate,328.66
R002599,PAY0034545,O0032772,2025-04-20T02:41:15Z,late_delivery,27.99
R002600,PAY0034547,O0032774,2024-02-29T16:05:13Z,late_delivery,425.03
R002601,PAY0034588,O0032813,2024-07-20T05:01:49Z,damaged,45.65
R002602,PAY0034620,O0032845,2024-11-02T00:47:16Z,damaged,28.44
R002603,PAY0034627,O0032851,2023-06-14T10:06:06Z,late_delivery,25.64
R002604,PAY0034629,O0032853,2025-04-07T14:43:34Z,late_delivery,12.03
R002605,PAY0034647,O0032869,2024-01-31T08:22:04Z,duplicate,1073.96
R002606,PAY0034668,O0032889,2025-06-19T14:39:53Z,duplicate,654.66
R002607,PAY0034672,O0032893,2023-02-20T07:58:42Z,duplicate,49.25
R002608,PAY0034677,O0032898,2023-10-13T12:28:07Z,late_delivery,76.85
R002609,PAY0034690,O0032911,2024-10-27T15:15:21Z,customer_return,297.25
R002610,PAY0034713,O0032934,2024-08-28T23:32:17Z,damaged,138.74
R002611,PAY0034719,O0032939,2023-05-02T18:44:55Z,damaged,601.30
R002612,PAY0034740,O0032958,2024-05-25T21:15:36Z,customer_return,91.76
R002613,PAY0034799,O0033015,2023-02-07T04:11:07Z,duplicate,114.24
R002614,PAY0034809,O0033024,2025-03-27T23:26:11Z,duplicate,100.73
R002615,PAY0034824,O0033039,2023-03-02T19:22:02Z,damaged,13.02
R002616,PAY0034832,O0033047,2025-08-31T04:47:04Z,late_delivery,647.68
R002617,PAY0034837,O0033052,2024-12-03T13:49:52Z,duplicate,151.52
R002618,PAY0034846,O0033060,2024-08-08T11:13:12Z,late_delivery,610.71
R002619,PAY0034859,O0033072,2025-04-28T20:35:38Z,customer_return,255.24
R002620,PAY0034861,O0033074,2024-09-12T22:00:48Z,duplicate,55.43
R002621,PAY0034920,O0033132,2023-01-17T06:22:52Z,late_delivery,425.89
R002622,PAY0034922,O0033134,2025-04-12T23:37:00Z,damaged,233.24
R002623,PAY0034932,O0033143,2025-01-26T19:30:02Z,damaged,465.72
R002624,PAY0034985,O0033191,2025-09-17T21:35:55Z,duplicate,75.04
R002625,PAY0035006,O0033212,2024-03-31T22:14:43Z,damaged,124.85
R002626,PAY0035019,O0033225,2025-06-09T12:34:53Z,late_delivery,747.36
R002627,PAY0035020,O0033226,2023-10-15T03:42:38Z,damaged,587.33
R002628,PAY0035022,O0033228,2025-09-25T22:08:56Z,duplicate,888.42
R002629,PAY0035028,O0033234,2025-06-23T13:03:18Z,duplicate,321.63
R002630,PAY0035037,O0033241,2024-08-26T12:57:27Z,customer_return,282.01
R002631,PAY0035044,O0033248,2023-10-01T09:09:27Z,customer_return,234.69
R002632,PAY0035048,O0033252,2024-02-08T19:47:18Z,damaged,18.65
R002633,PAY0035065,O0033268,2025-04-03T01:31:39Z,customer_return,153.48
R002634,PAY0035071,O0033273,2024-09-03T20:42:13Z,damaged,407.37
R002635,PAY0035081,O0033282,2025-01-11T18:02:39Z,customer_return,60.22
R002636,PAY0035084,O0033284,2025-02-21T00:24:43Z,customer_return,149.91
R002637,PAY0035089,O0033289,2023-03-04T08:29:16Z,customer_return,689.31
R002638,PAY0035093,O0033293,2025-08-03T02:33:18Z,duplicate,349.50
R002639,PAY0035105,O0033304,2023-04-27T05:15:17Z,damaged,285.63
R002640,PAY0035106,O0033305,2023-08-29T03:11:08Z,duplicate,355.71
R002641,PAY0035114,O0033313,2023-04-04T07:37:37Z,duplicate,796.71
R002642,PAY0035116,O0033315,2023-11-24T23:05:26Z,late_delivery,588.69
R002643,PAY0035131,O0033330,2025-11-16T19:28:24Z,damaged,471.23
R002644,PAY0035168,O0033365,2023-09-10T15:41:18Z,damaged,122.62
R002645,PAY0035178,O0033374,2024-01-12T09:49:51Z,late_delivery,707.42
R002646,PAY0035195,O0033390,2023-09-16T12:49:23Z,duplicate,244.10
R002647,PAY0035252,O0033445,2023-02-05T01:03:48Z,damaged,453.43
R002648,PAY0035263,O0033456,2025-01-02T02:43:42Z,damaged,188.16
R002649,PAY0035278,O0033471,2023-05-17T20:24:18Z,late_delivery,1043.93
R002650,PAY0035295,O0033488,2025-06-05T04:52:46Z,customer_return,1467.20
R002651,PAY0035308,O0033499,2023-09-25T08:39:22Z,customer_return,91.05
R002652,PAY0035339,O0033529,2023-12-28T12:05:04Z,damaged,1396.86
R002653,PAY0035363,O0033551,2023-07-15T00:03:55Z,damaged,139.05
R002654,PAY0035390,O0033576,2024-02-02T08:34:48Z,customer_return,27.37
R002655,PAY0035397,O0033583,2024-05-27T22:16:08Z,duplicate,190.53
R002656,PAY0035411,O0033597,2024-07-24T19:30:06Z,late_delivery,471.11
R002657,PAY0035414,O0033600,2024-07-17T13:34:25Z,late_delivery,939.99
R002658,PAY0035425,O0033611,2023-07-16T15:01:07Z,duplicate,131.80
R002659,PAY0035442,O0033628,2023-10-19T10:59:42Z,customer_return,769.79
R002660,PAY0035482,O0033665,2023-06-21T06:43:07Z,duplicate,230.81
R002661,PAY0035489,O0033672,2025-05-19T10:16:25Z,duplicate,187.24
R002662,PAY0035495,O0033678,2024-09-26T22:33:39Z,damaged,531.28
R002663,PAY0035502,O0033684,2023-09-27T22:36:04Z,duplicate,50.28
R002664,PAY0035531,O0033711,2023-07-18T01:26:30Z,customer_return,414.03
R002665,PAY0035562,O0033740,2023-09-19T10:45:40Z,customer_return,551.04
R002666,PAY0035572,O0033749,2025-10-25T11:14:47Z,damaged,305.65
R002667,PAY0035587,O0033764,2023-08-05T00:09:59Z,damaged,456.31
R002668,PAY0035595,O0033772,2024-09-08T14:36:30Z,customer_return,49.47
R002669,PAY0035628,O0033802,2024-05-17T06:15:52Z,damaged,660.28
R002670,PAY0035639,O0033813,2023-09-25T10:00:04Z,duplicate,35.49
R002671,PAY0035672,O0033845,2023-03-22T13:52:21Z,customer_return,3.25
R002672,PAY0035679,O0033852,2023-06-28T14:15:03Z,damaged,1002.96
R002673,PAY0035691,O0033864,2023-09-09T17:09:26Z,damaged,524.03
R002674,PAY0035704,O0033877,2023-06-26T16:48:39Z,customer_return,112.06
R002675,PAY0035712,O0033884,2024-03-11T08:31:43Z,customer_return,100.26
R002676,PAY0035735,O0033907,2024-01-23T11:01:13Z,customer_return,570.30
R002677,PAY0035749,O0033921,2023-10-16T09:18:50Z,customer_return,28.64
R002678,PAY0035790,O0033960,2024-07-12T22:09:19Z,late_delivery,285.45
R002679,PAY0035819,O0033987,2024-07-28T22:47:59Z,customer_return,28.30
R002680,PAY0035842,O0034008,2023-05-06T08:55:35Z,customer_return,296.33
R002681,PAY0035854,O0034020,2023-06-21T06:39:44Z,late_delivery,900.84
R002682,PAY0035866,O0034031,2024-03-11T07:32:22Z,late_delivery,212.25
R002683,PAY0035897,O0034061,2024-02-16T17:30:22Z,late_delivery,1013.28
R002684,PAY0035902,O0034065,2023-03-29T19:57:32Z,duplicate,191.36
R002685,PAY0035946,O0034107,2023-12-31T14:51:40Z,late_delivery,1565.04
R002686,PAY0035955,O0034116,2025-04-02T19:51:06Z,late_delivery,12.39
R002687,PAY0035963,O0034124,2025-01-21T17:17:52Z,late_delivery,828.64
R002688,PAY0035976,O0034135,2024-10-17T14:44:33Z,late_delivery,90.01
R002689,PAY0035978,O0034137,2023-04-24T06:42:57Z,damaged,434.87
R002690,PAY0035980,O0034139,2025-08-11T09:04:19Z,late_delivery,946.16
R002691,PAY0035981,O0034140,2025-02-17T05:10:03Z,duplicate,106.60
R002692,PAY0035984,O0034143,2025-03-07T13:53:57Z,duplicate,348.16
R002693,PAY0035986,O0034145,2023-07-09T02:24:03Z,damaged,1102.74
R002694,PAY0036015,O0034173,2023-10-14T20:15:57Z,customer_return,470.04
R002695,PAY0036017,O0034175,2025-07-02T09:13:11Z,customer_return,374.13
R002696,PAY0036026,O0034184,2025-02-25T05:31:47Z,duplicate,226.64
R002697,PAY0036032,O0034190,2024-07-21T11:26:29Z,late_delivery,151.81
R002698,PAY0036033,O0034191,2025-03-31T13:56:25Z,late_delivery,331.38
R002699,PAY0036040,O0034198,2025-07-11T13:36:41Z,duplicate,694.85
R002700,PAY0036051,O0034209,2025-12-31T02:24:06Z,duplicate,33.37
R002701,PAY0036052,O0034210,2023-09-29T09:38:39Z,late_delivery,287.86
R002702,PAY0036066,O0034223,2025-05-28T07:07:32Z,customer_return,65.58
R002703,PAY0036073,O0034230,2024-12-06T06:44:32Z,damaged,487.38
R002704,PAY0036075,O0034232,2025-02-23T12:30:03Z,damaged,495.21
R002705,PAY0036096,O0034252,2023-05-21T07:44:08Z,late_delivery,314.29
R002706,PAY0036106,O0034260,2023-06-24T20:09:37Z,customer_return,19.39
R002707,PAY0036113,O0034266,2025-07-14T19:50:12Z,customer_return,122.68
R002708,PAY0036118,O0034271,2023-03-22T04:49:30Z,customer_return,287.05
R002709,PAY0036140,O0034292,2025-03-08T12:34:08Z,customer_return,134.02
R002710,PAY0036153,O0034305,2023-02-28T04:15:57Z,customer_return,345.86
R002711,PAY0036166,O0034317,2024-12-06T10:22:30Z,damaged,491.19
R002712,PAY0036171,O0034322,2024-01-12T01:22:06Z,duplicate,88.29
R002713,PAY0036190,O0034339,2024-08-05T13:24:41Z,late_delivery,1472.91
R002714,PAY0036202,O0034350,2023-02-01T06:35:30Z,damaged,194.48
R002715,PAY0036208,O0034356,2023-10-16T08:44:21Z,late_delivery,1636.62
R002716,PAY0036220,O0034368,2025-05-06T20:56:10Z,customer_return,642.33
R002717,PAY0036257,O0034404,2023-07-11T14:29:53Z,customer_return,373.53
R002718,PAY0036258,O0034405,2023-02-22T03:18:10Z,customer_return,236.83
R002719,PAY0036307,O0034450,2024-04-14T20:31:23Z,duplicate,248.14
R002720,PAY0036345,O0034485,2025-02-13T06:26:11Z,duplicate,570.83
R002721,PAY0036406,O0034539,2025-01-26T04:56:47Z,late_delivery,149.17
R002722,PAY0036411,O0034544,2025-10-17T22:07:44Z,late_delivery,331.27
R002723,PAY0036421,O0034553,2023-04-10T23:27:20Z,late_delivery,33.05
R002724,PAY0036425,O0034557,2024-04-21T11:49:49Z,duplicate,1335.81
R002725,PAY0036452,O0034583,2024-08-23T16:40:55Z,late_delivery,89.68
R002726,PAY0036461,O0034592,2024-10-28T15:41:44Z,customer_return,656.44
R002727,PAY0036470,O0034600,2024-02-10T08:25:46Z,damaged,197.69
R002728,PAY0036487,O0034616,2025-12-31T00:37:59Z,late_delivery,60.24
R002729,PAY0036513,O0034640,2024-02-27T10:31:01Z,late_delivery,1174.74
R002730,PAY0036519,O0034646,2024-02-27T18:52:58Z,customer_return,598.18
R002731,PAY0036520,O0034647,2024-09-16T11:21:29Z,late_delivery,91.88
R002732,PAY0036524,O0034650,2023-08-23T12:51:30Z,damaged,578.86
R002733,PAY0036536,O0034660,2023-08-11T11:57:57Z,customer_return,448.19
R002734,PAY0036552,O0034676,2025-10-25T11:07:47Z,late_delivery,101.79
R002735,PAY0036559,O0034682,2023-04-06T09:32:48Z,duplicate,475.37
R002736,PAY0036584,O0034706,2024-11-21T03:57:10Z,damaged,1065.44
R002737,PAY0036585,O0034707,2023-11-18T05:35:21Z,late_delivery,418.14
R002738,PAY0036623,O0034745,2024-01-15T03:47:57Z,damaged,533.44
R002739,PAY0036638,O0034760,2023-01-17T13:20:17Z,late_delivery,41.68
R002740,PAY0036651,O0034772,2025-05-25T18:12:06Z,late_delivery,561.78
R002741,PAY0036652,O0034773,2024-10-01T17:17:52Z,duplicate,67.80
R002742,PAY0036661,O0034782,2025-01-13T09:51:19Z,damaged,171.19
R002743,PAY0036676,O0034795,2025-12-12T15:51:30Z,damaged,662.79
R002744,PAY0036678,O0034797,2025-11-28T12:17:54Z,duplicate,179.54
R002745,PAY0036681,O0034799,2024-07-09T13:19:04Z,late_delivery,12.41
R002746,PAY0036724,O0034839,2025-01-21T05:55:35Z,customer_return,21.57
R002747,PAY0036739,O0034853,2023-09-05T06:28:34Z,duplicate,1902.44
R002748,PAY0036805,O0034916,2023-10-25T06:45:44Z,customer_return,1938.12
R002749,PAY0036838,O0034947,2023-09-07T21:38:27Z,customer_return,23.53
R002750,PAY0036854,O0034960,2025-03-07T11:26:49Z,late_delivery,81.40
R002751,PAY0036867,O0034972,2024-05-13T19:26:05Z,customer_return,850.82
R002752,PAY0036890,O0034995,2024-11-10T04:51:22Z,late_delivery,290.15
R002753,PAY0036898,O0035003,2023-12-19T18:46:59Z,damaged,8.54
R002754,PAY0036950,O0035049,2024-01-23T16:56:43Z,customer_return,971.28
R002755,PAY0036955,O0035054,2023-09-24T19:43:35Z,late_delivery,373.05
R002756,PAY0036959,O0035058,2024-11-05T04:39:24Z,late_delivery,429.26
R002757,PAY0036982,O0035079,2023-09-13T00:12:40Z,customer_return,349.35
R002758,PAY0036983,O0035080,2023-03-30T01:46:53Z,damaged,821.42
R002759,PAY0037021,O0035113,2025-05-25T11:21:02Z,late_delivery,166.11
R002760,PAY0037023,O0035115,2024-11-17T14:24:07Z,damaged,1205.80
R002761,PAY0037029,O0035121,2024-01-30T08:16:48Z,damaged,78.38
R002762,PAY0037043,O0035135,2025-03-30T15:35:39Z,duplicate,185.92
R002763,PAY0037070,O0035160,2024-06-17T14:57:27Z,customer_return,666.27
R002764,PAY0037078,O0035166,2024-02-06T15:40:02Z,duplicate,114.56
R002765,PAY0037119,O0035205,2025-03-31T16:12:50Z,duplicate,2071.32
R002766,PAY0037144,O0035229,2025-04-13T11:33:08Z,duplicate,693.88
R002767,PAY0037161,O0035245,2025-01-05T18:15:48Z,duplicate,60.29
R002768,PAY0037183,O0035266,2025-02-09T17:41:03Z,customer_return,718.99
R002769,PAY0037198,O0035280,2024-09-19T06:23:01Z,customer_return,845.31
R002770,PAY0037216,O0035298,2025-10-12T13:09:13Z,late_delivery,154.93
R002771,PAY0037221,O0035302,2025-06-22T09:18:47Z,duplicate,687.80
R002772,PAY0037225,O0035306,2024-07-27T16:00:53Z,late_delivery,193.09
R002773,PAY0037230,O0035311,2025-06-09T17:15:05Z,customer_return,647.88
R002774,PAY0037251,O0035329,2025-10-20T11:15:56Z,damaged,622.52
R002775,PAY0037257,O0035334,2023-07-10T05:35:36Z,duplicate,631.39
R002776,PAY0037268,O0035342,2024-01-09T08:15:57Z,damaged,163.80
R002777,PAY0037277,O0035351,2023-09-12T17:02:50Z,duplicate,636.85
R002778,PAY0037283,O0035357,2025-08-05T12:06:30Z,duplicate,352.19
R002779,PAY0037289,O0035363,2023-04-19T10:53:38Z,duplicate,81.68
R002780,PAY0037315,O0035389,2025-02-21T11:43:08Z,damaged,293.41
R002781,PAY0037326,O0035400,2024-06-01T01:53:55Z,duplicate,161.84
R002782,PAY0037341,O0035415,2023-08-07T09:53:31Z,late_delivery,437.84
R002783,PAY0037354,O0035427,2024-09-16T10:15:06Z,duplicate,435.25
R002784,PAY0037384,O0035456,2024-12-19T02:02:15Z,customer_return,904.09
R002785,PAY0037396,O0035467,2025-08-27T07:12:16Z,damaged,97.40
R002786,PAY0037407,O0035477,2023-11-02T22:07:33Z,damaged,477.37
R002787,PAY0037412,O0035482,2025-02-13T15:39:21Z,damaged,589.45
R002788,PAY0037425,O0035495,2024-10-21T13:52:16Z,late_delivery,934.42
R002789,PAY0037434,O0035503,2024-11-06T19:39:03Z,late_delivery,2.46
R002790,PAY0037445,O0035514,2023-01-30T13:59:58Z,damaged,891.07
R002791,PAY0037447,O0035516,2024-12-19T06:53:10Z,customer_return,83.06
R002792,PAY0037448,O0035517,2023-06-16T12:09:32Z,damaged,22.77
R002793,PAY0037454,O0035523,2024-06-10T10:29:36Z,duplicate,584.12
R002794,PAY0037545,O0035612,2025-01-26T08:01:03Z,duplicate,334.99
R002795,PAY0037557,O0035623,2024-02-01T10:26:46Z,duplicate,138.06
R002796,PAY0037563,O0035629,2025-01-08T13:23:18Z,customer_return,57.48
R002797,PAY0037575,O0035640,2023-11-06T11:24:01Z,late_delivery,1530.45
R002798,PAY0037585,O0035649,2025-01-08T01:28:18Z,duplicate,118.40
R002799,PAY0037592,O0035656,2025-03-30T10:41:35Z,late_delivery,70.95
R002800,PAY0037597,O0035661,2023-03-12T00:46:40Z,damaged,836.74
R002801,PAY0037611,O0035673,2023-11-09T13:19:34Z,damaged,124.06
R002802,PAY0037614,O0035676,2024-02-18T21:31:43Z,damaged,385.39
R002803,PAY0037615,O0035677,2023-04-12T13:24:53Z,duplicate,597.09
R002804,PAY0037618,O0035679,2024-06-13T12:34:25Z,late_delivery,430.88
R002805,PAY0037636,O0035697,2024-11-16T14:18:34Z,late_delivery,937.36
R002806,PAY0037651,O0035712,2024-04-01T20:42:23Z,damaged,295.89
R002807,PAY0037652,O0035713,2025-07-01T15:12:30Z,late_delivery,793.28
R002808,PAY0037656,O0035717,2025-05-24T16:13:44Z,damaged,122.45
R002809,PAY0037657,O0035718,2024-05-14T16:13:15Z,customer_return,337.16
R002810,PAY0037665,O0035726,2025-08-30T07:26:20Z,duplicate,82.06
R002811,PAY0037672,O0035732,2025-06-10T01:30:20Z,late_delivery,1312.66
R002812,PAY0037675,O0035735,2025-01-19T04:51:12Z,late_delivery,493.67
R002813,PAY0037694,O0035754,2024-10-16T11:08:32Z,late_delivery,103.99
R002814,PAY0037704,O0035763,2024-02-14T05:38:45Z,late_delivery,11.13
R002815,PAY0037711,O0035769,2025-02-21T05:47:46Z,customer_return,281.61
R002816,PAY0037717,O0035775,2025-10-21T14:38:03Z,late_delivery,456.62
R002817,PAY0037718,O0035776,2024-12-07T18:09:28Z,duplicate,567.71
R002818,PAY0037723,O0035780,2025-12-31T21:36:01Z,damaged,154.68
R002819,PAY0037753,O0035810,2025-08-04T06:02:54Z,customer_return,133.61
R002820,PAY0037760,O0035816,2024-04-26T18:38:57Z,late_delivery,1564.94
R002821,PAY0037764,O0035820,2023-05-28T16:28:53Z,late_delivery,41.49
R002822,PAY0037782,O0035838,2024-09-17T05:10:03Z,damaged,512.01
R002823,PAY0037801,O0035856,2024-03-11T21:39:46Z,customer_return,173.85
R002824,PAY0037807,O0035861,2023-08-12T11:56:43Z,customer_return,163.27
R002825,PAY0037810,O0035863,2025-01-17T18:56:03Z,duplicate,464.24
R002826,PAY0037829,O0035881,2025-10-31T10:12:42Z,damaged,214.76
R002827,PAY0037835,O0035885,2025-04-22T01:28:55Z,damaged,460.77
R002828,PAY0037837,O0035887,2025-04-01T03:37:59Z,damaged,134.05
R002829,PAY0037838,O0035888,2025-04-24T18:25:56Z,damaged,354.34
R002830,PAY0037839,O0035889,2023-02-01T15:24:07Z,damaged,140.96
R002831,PAY0037876,O0035926,2024-10-12T23:26:01Z,late_delivery,452.79
R002832,PAY0037887,O0035936,2023-07-19T02:40:15Z,customer_return,71.00
R002833,PAY0037889,O0035938,2024-04-22T09:49:36Z,late_delivery,1116.41
R002834,PAY0037902,O0035951,2024-06-13T02:23:05Z,duplicate,114.48
R002835,PAY0037910,O0035958,2025-04-04T16:51:49Z,late_delivery,207.59
R002836,PAY0037920,O0035968,2024-07-18T20:46:21Z,customer_return,275.97
R002837,PAY0037962,O0036007,2025-03-04T17:31:09Z,customer_return,449.82
R002838,PAY0037963,O0036008,2024-06-18T08:16:22Z,late_delivery,1462.67
R002839,PAY0037985,O0036028,2024-10-09T01:34:42Z,damaged,18.31
R002840,PAY0038005,O0036045,2025-03-04T04:04:14Z,late_delivery,871.43
R002841,PAY0038025,O0036065,2023-07-05T17:19:32Z,customer_return,985.05
R002842,PAY0038061,O0036097,2024-10-06T05:07:47Z,duplicate,344.38
R002843,PAY0038068,O0036103,2025-06-02T06:56:32Z,duplicate,136.43
R002844,PAY0038082,O0036117,2024-08-10T05:35:38Z,late_delivery,553.39
R002845,PAY0038087,O0036122,2025-08-07T23:13:11Z,damaged,721.14
R002846,PAY0038088,O0036123,2023-04-18T23:43:04Z,late_delivery,147.84
R002847,PAY0038098,O0036133,2025-02-14T21:01:49Z,damaged,199.88
R002848,PAY0038102,O0036137,2025-12-28T21:41:27Z,late_delivery,638.39
R002849,PAY0038112,O0036146,2024-05-03T10:48:07Z,damaged,144.31
R002850,PAY0038127,O0036161,2025-11-26T02:55:48Z,damaged,842.90
R002851,PAY0038163,O0036195,2023-12-17T07:49:23Z,customer_return,341.17
R002852,PAY0038166,O0036198,2023-07-17T10:32:06Z,customer_return,525.47
R002853,PAY0038177,O0036209,2025-04-05T12:53:13Z,late_delivery,79.34
R002854,PAY0038184,O0036215,2023-02-20T01:31:40Z,damaged,771.06
R002855,PAY0038187,O0036218,2025-12-31T09:01:05Z,customer_return,565.18
R002856,PAY0038219,O0036248,2025-05-08T20:08:51Z,late_delivery,33.16
R002857,PAY0038235,O0036264,2024-01-11T05:04:52Z,late_delivery,45.69
R002858,PAY0038236,O0036265,2023-11-04T04:46:41Z,late_delivery,610.20
R002859,PAY0038251,O0036279,2024-01-05T02:21:13Z,duplicate,174.41
R002860,PAY0038266,O0036292,2025-05-24T16:25:40Z,damaged,10.55
R002861,PAY0038282,O0036308,2024-01-23T23:33:38Z,duplicate,491.69
R002862,PAY0038283,O0036309,2024-04-17T07:28:49Z,damaged,396.36
R002863,PAY0038286,O0036312,2024-10-26T17:45:37Z,duplicate,153.77
R002864,PAY0038312,O0036337,2024-10-16T12:56:40Z,duplicate,399.59
R002865,PAY0038325,O0036348,2024-08-01T23:20:11Z,customer_return,11.73
R002866,PAY0038397,O0036416,2024-12-02T17:39:32Z,late_delivery,250.82
R002867,PAY0038431,O0036448,2023-01-26T19:17:27Z,customer_return,35.08
R002868,PAY0038438,O0036455,2024-03-24T17:33:20Z,late_delivery,30.37
R002869,PAY0038449,O0036465,2025-08-08T23:57:14Z,duplicate,438.38
R002870,PAY0038452,O0036468,2025-11-04T00:40:50Z,customer_return,123.28
R002871,PAY0038491,O0036505,2025-05-08T10:47:02Z,damaged,302.20
R002872,PAY0038502,O0036516,2024-04-07T21:15:53Z,damaged,1.52
R002873,PAY0038511,O0036524,2025-03-10T23:50:35Z,customer_return,164.56
R002874,PAY0038515,O0036527,2024-03-01T16:02:58Z,duplicate,331.08
R002875,PAY0038524,O0036535,2023-11-12T14:07:47Z,customer_return,247.85
R002876,PAY0038558,O0036568,2023-07-06T17:06:37Z,customer_return,1560.93
R002877,PAY0038560,O0036570,2023-11-07T08:42:12Z,damaged,217.70
R002878,PAY0038575,O0036583,2023-12-12T06:49:47Z,customer_return,154.70
R002879,PAY0038588,O0036595,2024-05-06T03:40:49Z,damaged,396.01
R002880,PAY0038590,O0036597,2024-08-31T20:53:56Z,duplicate,8.70
R002881,PAY0038592,O0036599,2024-03-25T23:29:37Z,duplicate,80.99
R002882,PAY0038612,O0036618,2025-05-18T03:22:14Z,duplicate,25.07
R002883,PAY0038620,O0036626,2025-11-09T10:35:15Z,customer_return,26.19
R002884,PAY0038650,O0036655,2023-10-10T01:57:44Z,duplicate,862.15
R002885,PAY0038664,O0036667,2025-12-16T14:34:48Z,damaged,1092.44
R002886,PAY0038669,O0036672,2023-07-21T19:40:25Z,damaged,384.04
R002887,PAY0038678,O0036680,2024-09-30T09:14:57Z,customer_return,813.80
R002888,PAY0038679,O0036681,2025-08-04T04:03:15Z,customer_return,519.79
R002889,PAY0038689,O0036691,2023-08-02T16:48:20Z,customer_return,255.10
R002890,PAY0038702,O0036704,2023-06-07T17:12:36Z,damaged,1074.50
R002891,PAY0038716,O0036716,2023-04-08T22:12:29Z,late_delivery,110.59
R002892,PAY0038720,O0036720,2023-06-20T10:38:31Z,customer_return,306.75
R002893,PAY0038727,O0036727,2025-12-01T04:14:52Z,late_delivery,892.94
R002894,PAY0038729,O0036729,2024-05-01T17:33:52Z,customer_return,148.28
R002895,PAY0038730,O0036730,2024-10-10T04:27:45Z,late_delivery,1787.68
R002896,PAY0038733,O0036733,2025-04-07T07:28:30Z,late_delivery,61.50
R002897,PAY0038736,O0036736,2025-06-23T02:21:29Z,duplicate,252.80
R002898,PAY0038745,O0036744,2024-10-15T03:18:02Z,damaged,478.69
R002899,PAY0038746,O0036745,2025-12-15T13:38:44Z,damaged,138.19
R002900,PAY0038773,O0036770,2024-10-02T06:50:53Z,customer_return,741.33
R002901,PAY0038776,O0036772,2023-10-15T00:20:05Z,duplicate,745.47
R002902,PAY0038786,O0036780,2025-01-18T23:19:08Z,customer_return,212.32
R002903,PAY0038821,O0036815,2025-12-31T11:12:12Z,duplicate,18.50
R002904,PAY0038822,O0036816,2023-10-23T17:02:02Z,customer_return,1365.90
R002905,PAY0038827,O0036821,2025-07-09T18:45:30Z,duplicate,127.26
R002906,PAY0038833,O0036827,2024-02-08T05:07:24Z,damaged,1065.09
R002907,PAY0038836,O0036830,2024-05-26T18:44:18Z,duplicate,0.02
R002908,PAY0038838,O0036832,2024-12-02T19:53:17Z,late_delivery,35.97
R002909,PAY0038858,O0036851,2023-03-18T08:02:01Z,duplicate,1651.71
R002910,PAY0038859,O0036852,2025-05-21T20:55:05Z,late_delivery,1652.83
R002911,PAY0038915,O0036904,2025-07-09T08:29:26Z,late_delivery,713.42
R002912,PAY0038930,O0036918,2023-08-14T11:13:12Z,late_delivery,331.93
R002913,PAY0038954,O0036941,2025-09-09T11:58:56Z,late_delivery,367.47
R002914,PAY0038957,O0036944,2023-09-06T07:37:20Z,late_delivery,505.93
R002915,PAY0038958,O0036945,2025-08-21T09:09:19Z,damaged,127.78
R002916,PAY0038964,O0036951,2024-05-13T12:10:45Z,damaged,188.04
R002917,PAY0038976,O0036963,2023-12-03T09:47:57Z,late_delivery,673.46
R002918,PAY0038980,O0036966,2024-09-09T13:17:02Z,late_delivery,659.92
R002919,PAY0038982,O0036968,2024-05-06T21:42:54Z,customer_return,432.41
R002920,PAY0038999,O0036984,2025-05-15T22:08:59Z,damaged,405.37
R002921,PAY0039005,O0036990,2023-04-06T18:53:08Z,late_delivery,905.77
R002922,PAY0039008,O0036993,2023-12-15T18:56:16Z,duplicate,337.44
R002923,PAY0039015,O0037000,2025-03-26T05:25:22Z,customer_return,851.56
R002924,PAY0039036,O0037020,2024-11-28T21:57:05Z,late_delivery,127.12
R002925,PAY0039039,O0037023,2025-10-14T08:00:38Z,damaged,28.26
R002926,PAY0039050,O0037034,2025-11-24T19:36:06Z,customer_return,217.43
R002927,PAY0039053,O0037036,2024-11-10T04:39:21Z,damaged,886.62
R002928,PAY0039071,O0037051,2024-12-01T17:53:18Z,duplicate,23.74
R002929,PAY0039072,O0037052,2023-11-07T17:39:49Z,damaged,135.36
R002930,PAY0039075,O0037055,2025-11-27T12:24:52Z,duplicate,587.11
R002931,PAY0039078,O0037058,2025-12-09T21:54:55Z,damaged,191.88
R002932,PAY0039097,O0037076,2024-01-04T07:05:32Z,damaged,1090.51
R002933,PAY0039108,O0037087,2024-11-15T04:04:49Z,duplicate,345.61
R002934,PAY0039121,O0037100,2025-10-08T03:24:23Z,damaged,535.17
R002935,PAY0039134,O0037112,2025-05-27T06:27:15Z,duplicate,173.95
R002936,PAY0039144,O0037121,2024-01-14T11:59:22Z,damaged,1081.68
R002937,PAY0039147,O0037124,2024-11-15T06:15:12Z,late_delivery,15.12
R002938,PAY0039161,O0037138,2023-05-04T14:39:49Z,late_delivery,451.35
R002939,PAY0039166,O0037143,2024-03-13T08:19:35Z,duplicate,133.31
R002940,PAY0039222,O0037194,2024-04-08T14:58:13Z,late_delivery,1091.36
R002941,PAY0039245,O0037217,2024-06-20T17:11:59Z,late_delivery,238.53
R002942,PAY0039248,O0037220,2023-05-11T08:31:32Z,damaged,262.15
R002943,PAY0039252,O0037224,2023-07-03T14:27:13Z,duplicate,92.40
R002944,PAY0039286,O0037257,2023-09-14T07:37:51Z,customer_return,36.81
R002945,PAY0039294,O0037265,2025-04-15T10:19:38Z,duplicate,795.86
R002946,PAY0039320,O0037288,2025-02-02T12:29:31Z,duplicate,862.29
R002947,PAY0039354,O0037321,2025-06-07T22:52:38Z,late_delivery,97.26
R002948,PAY0039365,O0037331,2023-03-17T12:18:38Z,late_delivery,423.16
R002949,PAY0039366,O0037332,2025-03-09T22:52:12Z,damaged,952.19
R002950,PAY0039368,O0037333,2023-08-08T02:13:55Z,late_delivery,65.25
R002951,PAY0039382,O0037345,2023-03-13T22:04:00Z,late_delivery,260.00
R002952,PAY0039414,O0037377,2023-10-28T01:13:13Z,duplicate,32.59
R002953,PAY0039419,O0037382,2024-01-25T05:07:53Z,damaged,1506.88
R002954,PAY0039422,O0037385,2024-03-12T10:32:08Z,duplicate,100.92
R002955,PAY0039463,O0037425,2025-04-19T18:35:44Z,duplicate,1340.85
R002956,PAY0039473,O0037435,2024-04-30T11:17:28Z,duplicate,256.69
R002957,PAY0039479,O0037440,2023-09-11T13:51:58Z,damaged,520.33
R002958,PAY0039486,O0037447,2025-10-06T15:19:22Z,duplicate,421.29
R002959,PAY0039496,O0037456,2023-07-12T14:22:36Z,late_delivery,321.19
R002960,PAY0039497,O0037457,2023-11-19T08:45:28Z,late_delivery,57.58
R002961,PAY0039508,O0037468,2023-01-15T08:25:57Z,late_delivery,55.93
R002962,PAY0039512,O0037472,2025-08-12T12:11:41Z,duplicate,99.63
R002963,PAY0039514,O0037474,2025-11-16T20:15:35Z,damaged,466.02
R002964,PAY0039530,O0037487,2023-10-03T04:38:05Z,customer_return,329.40
R002965,PAY0039537,O0037494,2023-07-27T19:16:48Z,customer_return,37.53
R002966,PAY0039569,O0037523,2024-03-29T12:10:29Z,damaged,41.67
R002967,PAY0039571,O0037525,2024-01-04T09:23:33Z,late_delivery,86.20
R002968,PAY0039580,O0037534,2025-10-27T07:58:12Z,damaged,653.11
R002969,PAY0039588,O0037541,2023-03-16T15:30:54Z,damaged,1093.74
R002970,PAY0039605,O0037557,2024-10-13T06:34:41Z,late_delivery,393.67
R002971,PAY0039607,O0037559,2023-05-21T21:02:04Z,duplicate,137.91
R002972,PAY0039617,O0037568,2024-02-18T04:19:08Z,late_delivery,147.80
R002973,PAY0039652,O0037601,2024-07-18T17:06:05Z,duplicate,771.08
R002974,PAY0039654,O0037603,2025-04-06T18:37:14Z,customer_return,1003.64
R002975,PAY0039659,O0037608,2023-10-27T02:11:00Z,damaged,11.32
R002976,PAY0039665,O0037613,2023-04-19T22:43:40Z,late_delivery,424.38
R002977,PAY0039685,O0037632,2025-10-16T02:43:25Z,customer_return,90.47
R002978,PAY0039697,O0037644,2024-06-14T14:16:45Z,customer_return,266.36
R002979,PAY0039703,O0037649,2024-02-02T16:59:00Z,late_delivery,110.77
R002980,PAY0039737,O0037682,2023-07-19T16:01:27Z,damaged,1391.54
R002981,PAY0039746,O0037691,2024-03-08T05:45:42Z,late_delivery,204.61
R002982,PAY0039748,O0037693,2025-04-29T01:37:07Z,damaged,178.36
R002983,PAY0039762,O0037706,2025-05-17T07:32:23Z,duplicate,71.06
R002984,PAY0039776,O0037719,2025-02-27T21:21:49Z,customer_return,2.13
R002985,PAY0039793,O0037736,2024-03-23T19:40:39Z,damaged,192.42
R002986,PAY0039798,O0037741,2023-07-28T03:12:56Z,damaged,616.28
R002987,PAY0039870,O0037810,2024-09-29T21:24:18Z,late_delivery,194.34
R002988,PAY0039886,O0037826,2024-06-17T17:04:32Z,customer_return,57.27
R002989,PAY0039891,O0037831,2024-05-29T00:35:23Z,duplicate,192.61
R002990,PAY0039905,O0037844,2023-11-13T16:44:18Z,customer_return,119.34
R002991,PAY0039912,O0037851,2025-10-25T14:28:41Z,duplicate,1831.78
R002992,PAY0039945,O0037880,2025-02-15T02:08:52Z,customer_return,197.30
R002993,PAY0039951,O0037886,2024-08-04T05:24:38Z,customer_return,226.89
R002994,PAY0039955,O0037890,2023-09-26T02:17:29Z,damaged,1777.55
R002995,PAY0039958,O0037893,2024-12-11T23:12:09Z,customer_return,138.71
R002996,PAY0039984,O0037919,2024-03-09T20:48:24Z,damaged,299.45
R002997,PAY0039990,O0037925,2024-11-06T17:56:51Z,late_delivery,801.05
R002998,PAY0040008,O0037943,2025-07-27T16:31:53Z,duplicate,241.00
R002999,PAY0040013,O0037946,2024-02-29T19:25:51Z,damaged,674.54
R003000,PAY0040015,O0037948,2024-03-28T07:09:12Z,late_delivery,196.82
R003001,PAY0040021,O0037954,2024-03-21T00:55:35Z,damaged,69.09
R003002,PAY0040039,O0037972,2023-04-30T16:34:03Z,late_delivery,46.71
R003003,PAY0040043,O0037975,2023-02-22T03:51:01Z,damaged,19.72
R003004,PAY0040047,O0037978,2024-07-04T20:02:44Z,customer_return,94.38
R003005,PAY0040050,O0037981,2025-04-29T16:00:35Z,late_delivery,662.87
R003006,PAY0040060,O0037990,2023-09-14T08:40:14Z,late_delivery,240.16
R003007,PAY0040067,O0037997,2024-08-13T16:31:08Z,damaged,478.80
R003008,PAY0040068,O0037998,2023-07-25T00:37:34Z,duplicate,104.37
R003009,PAY0040074,O0038003,2024-10-18T05:08:49Z,duplicate,87.26
R003010,PAY0040076,O0038005,2023-02-22T06:32:41Z,damaged,228.84
R003011,PAY0040087,O0038016,2024-01-14T03:07:38Z,late_delivery,383.18
R003012,PAY0040143,O0038069,2023-04-15T02:43:05Z,late_delivery,127.15
R003013,PAY0040144,O0038070,2025-04-09T08:23:26Z,duplicate,216.46
R003014,PAY0040147,O0038073,2025-12-31T12:21:22Z,duplicate,135.06
R003015,PAY0040149,O0038075,2023-01-27T13:59:07Z,customer_return,25.75
R003016,PAY0040169,O0038095,2024-09-17T07:08:05Z,duplicate,339.70
R003017,PAY0040177,O0038102,2025-05-22T20:34:57Z,damaged,538.80
R003018,PAY0040211,O0038134,2024-08-20T05:33:28Z,customer_return,70.86
R003019,PAY0040215,O0038138,2024-07-11T21:21:29Z,damaged,126.60
R003020,PAY0040224,O0038146,2023-07-22T02:07:10Z,duplicate,936.08
R003021,PAY0040227,O0038149,2024-05-16T13:41:55Z,late_delivery,356.50
R003022,PAY0040249,O0038170,2025-02-27T09:32:54Z,late_delivery,117.88
R003023,PAY0040254,O0038175,2024-04-10T11:33:12Z,late_delivery,2366.86
R003024,PAY0040283,O0038203,2024-11-02T17:42:34Z,late_delivery,57.34
R003025,PAY0040303,O0038222,2025-01-12T15:57:46Z,late_delivery,455.07
R003026,PAY0040312,O0038231,2023-01-22T04:27:07Z,late_delivery,207.56
R003027,PAY0040313,O0038232,2023-02-02T13:04:16Z,customer_return,1320.17
R003028,PAY0040318,O0038237,2024-08-19T18:35:11Z,late_delivery,35.25
R003029,PAY0040353,O0038271,2023-08-25T01:33:09Z,damaged,260.87
R003030,PAY0040401,O0038313,2024-08-20T18:38:49Z,duplicate,172.98
R003031,PAY0040404,O0038316,2024-08-26T16:31:52Z,late_delivery,900.64
R003032,PAY0040408,O0038319,2024-09-26T07:59:48Z,damaged,84.96
R003033,PAY0040411,O0038322,2024-12-22T06:26:26Z,duplicate,466.34
R003034,PAY0040412,O0038323,2023-05-20T07:36:20Z,late_delivery,772.10
R003035,PAY0040441,O0038348,2024-02-26T05:48:14Z,duplicate,240.71
R003036,PAY0040442,O0038349,2024-11-04T17:37:31Z,late_delivery,584.69
R003037,PAY0040443,O0038350,2025-09-06T08:20:22Z,customer_return,312.81
R003038,PAY0040471,O0038378,2025-08-29T04:10:46Z,damaged,453.77
R003039,PAY0040483,O0038390,2024-01-07T19:16:34Z,customer_return,317.27
R003040,PAY0040492,O0038398,2025-10-25T05:06:33Z,duplicate,852.33
R003041,PAY0040508,O0038413,2024-11-12T09:07:58Z,damaged,48.46
R003042,PAY0040514,O0038418,2024-09-30T01:09:18Z,late_delivery,242.55
R003043,PAY0040590,O0038492,2024-03-05T06:44:12Z,late_delivery,193.57
R003044,PAY0040603,O0038505,2024-01-29T07:14:28Z,late_delivery,174.90
R003045,PAY0040622,O0038524,2025-05-07T02:34:11Z,late_delivery,62.90
R003046,PAY0040649,O0038549,2025-05-10T05:15:47Z,duplicate,238.40
R003047,PAY0040652,O0038552,2023-10-31T04:28:14Z,late_delivery,12.42
R003048,PAY0040657,O0038557,2023-08-16T17:21:50Z,duplicate,65.45
R003049,PAY0040670,O0038568,2025-08-26T20:10:17Z,damaged,1115.23
R003050,PAY0040677,O0038575,2024-03-27T05:05:11Z,late_delivery,239.45
R003051,PAY0040688,O0038586,2025-09-15T19:52:41Z,duplicate,151.83
R003052,PAY0040693,O0038591,2024-07-07T20:04:36Z,customer_return,245.20
R003053,PAY0040710,O0038608,2024-11-24T05:37:01Z,duplicate,670.98
R003054,PAY0040716,O0038614,2023-03-23T10:33:01Z,damaged,241.74
R003055,PAY0040721,O0038619,2023-11-13T05:03:25Z,customer_return,459.27
R003056,PAY0040745,O0038641,2025-08-28T18:16:19Z,damaged,4.55
R003057,PAY0040776,O0038667,2025-02-10T03:17:06Z,duplicate,981.84
R003058,PAY0040777,O0038668,2024-06-24T03:08:43Z,duplicate,129.98
R003059,PAY0040785,O0038676,2024-07-04T05:56:04Z,damaged,1160.35
R003060,PAY0040789,O0038680,2025-01-02T04:00:31Z,customer_return,473.39
R003061,PAY0040795,O0038686,2024-11-24T22:10:57Z,customer_return,771.74
R003062,PAY0040802,O0038693,2025-04-27T03:26:46Z,damaged,117.37
R003063,PAY0040808,O0038699,2024-10-14T04:51:21Z,damaged,331.57
R003064,PAY0040829,O0038720,2024-11-05T12:43:12Z,duplicate,81.11
R003065,PAY0040837,O0038728,2023-12-16T22:26:16Z,damaged,7.64
R003066,PAY0040846,O0038737,2025-05-08T15:10:33Z,late_delivery,464.61
R003067,PAY0040850,O0038741,2025-04-08T23:26:40Z,damaged,509.12
R003068,PAY0040861,O0038752,2025-07-30T00:49:36Z,damaged,383.11
R003069,PAY0040869,O0038760,2025-05-22T05:47:32Z,late_delivery,35.61
R003070,PAY0040873,O0038763,2023-03-22T21:03:40Z,damaged,344.88
R003071,PAY0040895,O0038782,2025-05-02T18:29:48Z,damaged,231.33
R003072,PAY0040898,O0038785,2025-10-03T22:55:23Z,duplicate,665.27
R003073,PAY0040900,O0038787,2023-07-16T15:54:03Z,damaged,90.42
R003074,PAY0040916,O0038803,2024-02-29T01:57:56Z,late_delivery,1083.42
R003075,PAY0040920,O0038807,2025-04-08T13:35:20Z,duplicate,456.93
R003076,PAY0040940,O0038826,2023-09-19T00:11:52Z,damaged,631.65
R003077,PAY0040941,O0038827,2025-07-28T10:48:42Z,damaged,234.86
R003078,PAY0040944,O0038830,2025-02-01T00:07:32Z,duplicate,235.69
R003079,PAY0040980,O0038864,2024-02-01T23:52:19Z,late_delivery,319.71
R003080,PAY0040987,O0038871,2024-01-16T10:21:50Z,damaged,249.76
R003081,PAY0041010,O0038893,2023-06-24T22:39:43Z,duplicate,453.31
R003082,PAY0041015,O0038897,2024-11-12T22:03:26Z,customer_return,169.29
R003083,PAY0041046,O0038928,2023-09-19T02:41:57Z,late_delivery,18.10
R003084,PAY0041047,O0038929,2024-05-21T11:10:46Z,late_delivery,64.66
R003085,PAY0041057,O0038938,2023-01-17T08:04:20Z,customer_return,460.37
R003086,PAY0041076,O0038955,2025-05-29T05:24:35Z,duplicate,491.87
R003087,PAY0041077,O0038956,2024-06-24T23:41:14Z,damaged,591.30
R003088,PAY0041081,O0038960,2024-10-02T01:34:01Z,damaged,50.83
R003089,PAY0041095,O0038973,2023-05-22T07:43:41Z,duplicate,1034.99
R003090,PAY0041119,O0038997,2025-05-30T14:39:33Z,damaged,130.20
R003091,PAY0041131,O0039007,2024-07-01T11:11:18Z,duplicate,482.47
R003092,PAY0041142,O0039017,2024-07-08T21:51:52Z,late_delivery,13.22
R003093,PAY0041144,O0039019,2025-01-16T16:25:36Z,late_delivery,62.61
R003094,PAY0041159,O0039033,2024-04-13T22:33:03Z,damaged,34.58
R003095,PAY0041164,O0039038,2023-03-22T02:22:18Z,duplicate,164.49
R003096,PAY0041176,O0039049,2024-05-07T14:23:50Z,late_delivery,86.94
R003097,PAY0041182,O0039055,2024-01-23T11:36:05Z,customer_return,373.93
R003098,PAY0041203,O0039075,2025-12-11T00:27:43Z,damaged,256.15
R003099,PAY0041204,O0039076,2025-04-27T00:42:06Z,late_delivery,9.36
R003100,PAY0041207,O0039079,2023-12-11T11:12:55Z,late_delivery,115.42
R003101,PAY0041252,O0039120,2025-11-03T08:23:28Z,late_delivery,476.25
R003102,PAY0041284,O0039152,2024-01-25T02:21:39Z,late_delivery,270.59
R003103,PAY0041286,O0039154,2024-11-09T00:19:16Z,damaged,140.76
R003104,PAY0041291,O0039159,2024-02-11T23:23:35Z,damaged,326.21
R003105,PAY0041307,O0039174,2025-04-08T21:11:08Z,duplicate,325.21
R003106,PAY0041318,O0039185,2024-10-24T11:30:19Z,duplicate,636.80
R003107,PAY0041320,O0039187,2024-06-18T04:16:01Z,customer_return,141.42
R003108,PAY0041332,O0039198,2024-03-26T23:30:49Z,customer_return,557.09
R003109,PAY0041340,O0039205,2023-12-06T19:24:04Z,damaged,321.57
R003110,PAY0041352,O0039217,2024-05-30T16:57:28Z,late_delivery,183.33
R003111,PAY0041362,O0039226,2024-05-14T16:15:23Z,duplicate,259.08
R003112,PAY0041385,O0039248,2025-11-17T10:11:09Z,damaged,106.01
R003113,PAY0041391,O0039254,2024-08-01T03:13:32Z,customer_return,475.97
R003114,PAY0041404,O0039267,2023-05-28T03:38:47Z,customer_return,42.86
R003115,PAY0041409,O0039272,2025-01-29T08:18:03Z,customer_return,597.47
R003116,PAY0041415,O0039277,2025-09-23T01:53:13Z,duplicate,236.14
R003117,PAY0041421,O0039282,2023-01-05T04:16:31Z,customer_return,1036.14
R003118,PAY0041469,O0039330,2025-05-21T09:01:05Z,damaged,201.29
R003119,PAY0041490,O0039351,2023-11-15T14:12:44Z,customer_return,200.73
R003120,PAY0041529,O0039387,2025-01-25T14:39:02Z,damaged,319.01
R003121,PAY0041558,O0039414,2025-02-21T13:54:05Z,late_delivery,254.51
R003122,PAY0041564,O0039420,2025-11-27T05:17:30Z,customer_return,1541.99
R003123,PAY0041578,O0039433,2025-06-11T01:36:28Z,customer_return,492.65
R003124,PAY0041587,O0039442,2025-01-05T07:07:31Z,duplicate,566.86
R003125,PAY0041589,O0039444,2025-10-27T11:24:54Z,late_delivery,111.13
R003126,PAY0041604,O0039459,2025-03-25T01:30:34Z,customer_return,921.05
R003127,PAY0041609,O0039464,2025-09-10T19:15:12Z,duplicate,80.54
R003128,PAY0041610,O0039465,2024-06-19T18:58:19Z,damaged,302.71
R003129,PAY0041631,O0039484,2024-12-31T04:13:39Z,late_delivery,257.32
R003130,PAY0041669,O0039520,2023-11-29T10:51:05Z,damaged,804.84
R003131,PAY0041695,O0039545,2025-07-04T20:50:56Z,late_delivery,316.26
R003132,PAY0041697,O0039546,2023-10-11T21:37:42Z,customer_return,209.78
R003133,PAY0041715,O0039564,2023-04-26T11:50:10Z,customer_return,270.58
R003134,PAY0041744,O0039590,2025-01-20T14:05:26Z,duplicate,141.84
R003135,PAY0041747,O0039593,2024-07-02T09:11:22Z,damaged,85.11
R003136,PAY0041783,O0039629,2025-10-19T08:51:40Z,damaged,50.17
R003137,PAY0041788,O0039634,2025-01-09T19:29:09Z,damaged,47.96
R003138,PAY0041809,O0039653,2024-10-07T13:18:57Z,customer_return,565.19
R003139,PAY0041820,O0039664,2024-01-24T12:16:13Z,damaged,1525.39
R003140,PAY0041849,O0039691,2023-02-20T17:31:33Z,late_delivery,391.58
R003141,PAY0041872,O0039713,2024-03-09T21:27:05Z,damaged,171.19
R003142,PAY0041887,O0039727,2025-03-30T18:41:45Z,duplicate,301.51
R003143,PAY0041894,O0039734,2023-06-20T03:45:56Z,late_delivery,346.49
R003144,PAY0041915,O0039755,2025-03-12T17:56:59Z,duplicate,102.56
R003145,PAY0041920,O0039759,2025-05-26T11:29:24Z,duplicate,132.88
R003146,PAY0041921,O0039760,2025-11-15T22:23:04Z,late_delivery,1542.62
R003147,PAY0041944,O0039782,2024-02-07T12:31:39Z,duplicate,363.98
R003148,PAY0041949,O0039787,2024-10-04T12:17:11Z,duplicate,446.61
R003149,PAY0041961,O0039798,2025-12-31T11:41:21Z,customer_return,59.95
R003150,PAY0041975,O0039811,2025-10-31T19:15:33Z,damaged,283.59
R003151,PAY0041977,O0039813,2025-12-12T20:01:54Z,customer_return,409.96
R003152,PAY0041995,O0039830,2023-07-30T06:22:02Z,duplicate,37.82
R003153,PAY0042001,O0039836,2025-10-14T05:56:54Z,late_delivery,255.18
R003154,PAY0042013,O0039848,2023-04-01T19:02:56Z,customer_return,107.48
R003155,PAY0042019,O0039854,2023-04-15T12:09:52Z,customer_return,613.14
R003156,PAY0042027,O0039862,2024-03-26T00:11:53Z,damaged,968.24
R003157,PAY0042044,O0039879,2023-09-22T11:37:48Z,damaged,837.28
R003158,PAY0042056,O0039891,2023-04-05T11:28:09Z,customer_return,218.73
R003159,PAY0042066,O0039901,2025-10-16T23:27:51Z,damaged,448.85
R003160,PAY0042070,O0039905,2023-02-04T10:30:59Z,duplicate,238.02
R003161,PAY0042098,O0039932,2024-08-09T02:21:28Z,late_delivery,99.93
R003162,PAY0042123,O0039955,2025-12-07T22:32:27Z,customer_return,183.14
R003163,PAY0042130,O0039961,2023-04-06T13:06:55Z,damaged,21.96
R003164,PAY0042134,O0039965,2023-01-20T13:11:23Z,duplicate,30.42
R003165,PAY0042155,O0039986,2025-12-20T22:55:36Z,damaged,789.61
R003166,PAY0042174,O0040003,2024-04-19T14:50:10Z,late_delivery,383.95
R003167,PAY0042188,O0040017,2023-03-06T04:57:37Z,damaged,445.33
R003168,PAY0042215,O0040043,2024-07-20T17:37:31Z,customer_return,518.13
R003169,PAY0042221,O0040049,2023-02-18T16:33:42Z,customer_return,344.44
R003170,PAY0042245,O0040073,2025-10-27T01:19:40Z,duplicate,264.79
R003171,PAY0042254,O0040082,2025-11-03T13:16:42Z,late_delivery,375.74
R003172,PAY0042257,O0040085,2024-05-23T14:42:42Z,late_delivery,360.45
R003173,PAY0042260,O0040088,2025-08-07T15:02:43Z,duplicate,9.61
R003174,PAY0042281,O0040108,2025-09-14T05:06:04Z,late_delivery,591.21
R003175,PAY0042333,O0040157,2024-01-02T04:21:24Z,customer_return,184.80
R003176,PAY0042349,O0040173,2025-11-15T19:51:23Z,late_delivery,128.52
R003177,PAY0042359,O0040183,2025-04-02T03:30:57Z,damaged,751.25
R003178,PAY0042372,O0040196,2025-11-01T19:13:06Z,customer_return,12.61
R003179,PAY0042376,O0040200,2023-07-29T10:12:32Z,damaged,340.68
R003180,PAY0042380,O0040204,2024-05-09T20:54:17Z,customer_return,579.43
R003181,PAY0042392,O0040215,2023-06-05T08:32:16Z,duplicate,140.26
R003182,PAY0042441,O0040260,2023-12-05T23:15:58Z,damaged,720.60
R003183,PAY0042443,O0040262,2023-11-18T17:12:09Z,damaged,96.12
R003184,PAY0042444,O0040263,2024-08-29T05:51:55Z,late_delivery,331.33
R003185,PAY0042460,O0040276,2023-06-14T11:30:03Z,customer_return,382.94
R003186,PAY0042477,O0040292,2025-10-14T22:01:06Z,damaged,737.23
R003187,PAY0042486,O0040301,2024-09-07T13:15:30Z,duplicate,293.66
R003188,PAY0042493,O0040307,2024-07-12T11:14:44Z,damaged,163.71
R003189,PAY0042498,O0040312,2025-06-02T00:05:07Z,damaged,73.32
R003190,PAY0042517,O0040331,2023-04-26T18:24:55Z,customer_return,222.20
R003191,PAY0042522,O0040336,2024-07-20T18:40:42Z,duplicate,475.84
R003192,PAY0042530,O0040344,2023-11-09T10:57:06Z,customer_return,432.51
R003193,PAY0042534,O0040348,2023-08-04T15:40:55Z,damaged,612.99
R003194,PAY0042544,O0040357,2024-06-19T07:18:46Z,damaged,151.09
R003195,PAY0042568,O0040381,2023-05-29T02:14:24Z,damaged,143.50
R003196,PAY0042573,O0040386,2025-01-01T17:14:02Z,duplicate,719.28
R003197,PAY0042582,O0040395,2025-11-10T14:36:01Z,duplicate,56.90
R003198,PAY0042600,O0040413,2023-07-25T05:28:39Z,customer_return,146.53
R003199,PAY0042611,O0040424,2023-02-11T15:58:19Z,duplicate,609.82
R003200,PAY0042632,O0040444,2024-07-30T00:27:49Z,customer_return,359.15
R003201,PAY0042633,O0040445,2024-02-20T12:18:30Z,duplicate,263.64
R003202,PAY0042635,O0040447,2023-04-04T11:52:19Z,duplicate,289.97
R003203,PAY0042662,O0040473,2023-03-30T13:53:00Z,damaged,969.80
R003204,PAY0042671,O0040482,2023-06-22T07:26:47Z,duplicate,314.42
R003205,PAY0042680,O0040491,2024-04-29T05:33:06Z,customer_return,145.81
R003206,PAY0042687,O0040498,2024-09-29T16:20:23Z,late_delivery,99.90
R003207,PAY0042696,O0040507,2025-12-07T04:36:51Z,customer_return,1458.99
R003208,PAY0042699,O0040510,2023-03-11T01:48:53Z,late_delivery,1378.91
R003209,PAY0042719,O0040530,2025-12-03T16:34:31Z,customer_return,190.88
R003210,PAY0042722,O0040532,2024-03-04T00:50:37Z,damaged,544.94
R003211,PAY0042741,O0040550,2025-12-03T23:43:39Z,duplicate,60.44
R003212,PAY0042761,O0040569,2025-05-01T14:44:58Z,customer_return,345.27
R003213,PAY0042763,O0040571,2024-04-02T21:26:18Z,damaged,195.01
R003214,PAY0042810,O0040617,2023-03-05T10:00:57Z,customer_return,65.53
R003215,PAY0042831,O0040637,2025-10-26T19:06:29Z,duplicate,450.21
R003216,PAY0042838,O0040644,2024-03-17T12:37:59Z,customer_return,240.46
R003217,PAY0042843,O0040649,2024-07-23T11:29:24Z,damaged,1769.31
R003218,PAY0042844,O0040650,2023-12-26T16:29:21Z,customer_return,333.50
R003219,PAY0042848,O0040654,2024-02-17T20:22:20Z,late_delivery,51.64
R003220,PAY0042870,O0040675,2025-05-12T06:15:18Z,duplicate,66.72
R003221,PAY0042871,O0040676,2023-08-21T08:18:49Z,customer_return,231.81
R003222,PAY0042875,O0040680,2025-04-13T19:55:03Z,duplicate,326.08
R003223,PAY0042891,O0040696,2025-07-18T21:33:50Z,customer_return,721.30
R003224,PAY0042931,O0040734,2024-10-14T16:56:17Z,damaged,90.09
R003225,PAY0042937,O0040738,2025-06-20T08:31:17Z,customer_return,614.79
R003226,PAY0042956,O0040757,2023-04-09T14:32:07Z,duplicate,358.44
R003227,PAY0042967,O0040768,2023-11-20T04:38:32Z,duplicate,18.36
R003228,PAY0042970,O0040771,2025-03-13T07:03:18Z,damaged,211.08
R003229,PAY0042976,O0040776,2024-05-13T15:24:23Z,customer_return,25.29
R003230,PAY0042979,O0040779,2024-04-26T00:44:23Z,duplicate,10.84
R003231,PAY0042988,O0040788,2025-03-04T07:09:14Z,damaged,190.10
R003232,PAY0043007,O0040807,2025-02-07T05:24:22Z,duplicate,828.25
R003233,PAY0043009,O0040809,2024-10-15T16:25:27Z,duplicate,294.58
R003234,PAY0043020,O0040820,2024-04-20T22:31:56Z,damaged,280.88
R003235,PAY0043021,O0040821,2024-04-20T13:14:27Z,damaged,125.48
R003236,PAY0043036,O0040834,2024-03-14T23:24:44Z,customer_return,83.84
R003237,PAY0043052,O0040848,2025-07-26T07:00:44Z,damaged,50.26
R003238,PAY0043060,O0040856,2025-08-09T09:49:39Z,customer_return,65.61
R003239,PAY0043061,O0040857,2024-07-19T20:32:20Z,customer_return,1728.91
R003240,PAY0043062,O0040858,2023-10-11T11:35:19Z,damaged,343.69
R003241,PAY0043093,O0040885,2025-12-19T07:41:26Z,late_delivery,3.65
R003242,PAY0043099,O0040891,2024-12-18T00:04:59Z,duplicate,590.30
R003243,PAY0043106,O0040898,2024-11-09T18:02:00Z,customer_return,1806.65
R003244,PAY0043116,O0040908,2025-12-28T05:56:39Z,customer_return,697.59
R003245,PAY0043143,O0040934,2024-01-11T11:08:40Z,late_delivery,421.82
R003246,PAY0043147,O0040938,2025-11-07T13:59:18Z,damaged,245.69
R003247,PAY0043159,O0040950,2023-09-27T22:29:54Z,late_delivery,36.00
R003248,PAY0043161,O0040952,2024-11-13T10:47:59Z,late_delivery,91.88
R003249,PAY0043172,O0040962,2023-03-18T09:38:40Z,duplicate,109.52
R003250,PAY0043197,O0040986,2025-09-15T10:45:09Z,customer_return,408.66
R003251,PAY0043214,O0041001,2025-09-01T17:46:18Z,damaged,458.53
R003252,PAY0043231,O0041018,2024-10-23T23:09:20Z,customer_return,582.09
R003253,PAY0043247,O0041033,2025-04-26T05:40:42Z,damaged,197.51
R003254,PAY0043249,O0041035,2023-12-04T02:09:29Z,customer_return,1497.91
R003255,PAY0043252,O0041038,2023-01-05T17:50:38Z,duplicate,206.93
R003256,PAY0043257,O0041043,2023-07-16T05:54:40Z,damaged,1448.16
R003257,PAY0043274,O0041060,2024-06-12T23:01:24Z,late_delivery,218.46
R003258,PAY0043280,O0041066,2025-09-20T03:24:11Z,late_delivery,1233.60
R003259,PAY0043287,O0041073,2023-05-11T14:16:52Z,damaged,271.08
R003260,PAY0043289,O0041075,2023-03-16T12:18:56Z,duplicate,197.36
R003261,PAY0043315,O0041099,2025-11-30T00:47:09Z,customer_return,336.80
R003262,PAY0043324,O0041108,2024-05-30T17:26:35Z,duplicate,51.42
R003263,PAY0043325,O0041109,2023-08-09T16:41:56Z,customer_return,36.36
R003264,PAY0043347,O0041130,2025-05-05T16:57:53Z,customer_return,503.30
R003265,PAY0043373,O0041154,2025-03-12T13:19:07Z,customer_return,435.81
R003266,PAY0043385,O0041166,2023-10-31T04:46:16Z,duplicate,318.74
R003267,PAY0043420,O0041200,2023-06-07T18:02:26Z,late_delivery,705.49
R003268,PAY0043427,O0041207,2024-04-02T19:58:14Z,late_delivery,56.22
R003269,PAY0043431,O0041211,2024-02-09T01:31:22Z,late_delivery,475.39
R003270,PAY0043448,O0041227,2023-08-19T01:35:16Z,customer_return,123.86
R003271,PAY0043456,O0041235,2024-11-20T13:27:11Z,customer_return,595.63
R003272,PAY0043462,O0041241,2025-12-09T22:55:10Z,late_delivery,168.00
R003273,PAY0043479,O0041257,2025-06-05T00:42:10Z,late_delivery,323.40
R003274,PAY0043481,O0041259,2023-05-23T12:04:27Z,customer_return,297.88
R003275,PAY0043490,O0041268,2024-11-20T20:59:07Z,customer_return,453.37
R003276,PAY0043512,O0041289,2025-12-16T17:22:11Z,customer_return,3042.09
R003277,PAY0043516,O0041293,2024-12-25T23:47:47Z,damaged,163.29
R003278,PAY0043524,O0041301,2023-01-29T02:42:45Z,customer_return,672.87
R003279,PAY0043530,O0041307,2025-07-19T10:33:39Z,late_delivery,107.34
R003280,PAY0043533,O0041309,2024-08-14T17:10:57Z,customer_return,148.91
R003281,PAY0043536,O0041312,2023-10-18T00:07:25Z,late_delivery,256.60
R003282,PAY0043547,O0041322,2024-05-04T00:01:51Z,duplicate,92.55
R003283,PAY0043575,O0041350,2024-10-27T04:00:12Z,late_delivery,1292.61
R003284,PAY0043596,O0041369,2025-09-25T22:20:55Z,late_delivery,133.27
R003285,PAY0043598,O0041371,2023-07-05T04:04:14Z,duplicate,370.70
R003286,PAY0043609,O0041381,2025-04-14T21:07:38Z,late_delivery,233.86
R003287,PAY0043638,O0041410,2024-09-21T08:25:15Z,late_delivery,8.53
R003288,PAY0043681,O0041449,2025-12-31T20:39:38Z,customer_return,93.36
R003289,PAY0043694,O0041461,2025-12-31T01:44:51Z,damaged,412.07
R003290,PAY0043697,O0041464,2023-08-11T16:30:17Z,late_delivery,19.44
R003291,PAY0043705,O0041472,2024-04-13T03:11:54Z,late_delivery,744.06
R003292,PAY0043709,O0041476,2024-04-01T08:28:57Z,damaged,462.37
R003293,PAY0043715,O0041482,2025-01-09T20:56:31Z,damaged,145.75
R003294,PAY0043747,O0041511,2023-04-23T04:54:15Z,late_delivery,706.37
R003295,PAY0043770,O0041533,2025-05-22T23:52:04Z,duplicate,364.64
R003296,PAY0043777,O0041539,2023-03-05T21:54:45Z,duplicate,90.43
R003297,PAY0043792,O0041553,2024-01-13T22:26:42Z,late_delivery,19.25
R003298,PAY0043800,O0041561,2025-01-10T04:54:14Z,late_delivery,615.95
R003299,PAY0043807,O0041568,2025-05-09T06:03:49Z,damaged,706.66
R003300,PAY0043812,O0041572,2023-06-03T23:37:19Z,late_delivery,356.08
R003301,PAY0043829,O0041589,2024-05-25T08:16:52Z,duplicate,1931.43
R003302,PAY0043835,O0041595,2025-06-06T18:41:58Z,customer_return,1573.20
R003303,PAY0043838,O0041598,2023-08-16T08:52:50Z,duplicate,302.18
R003304,PAY0043841,O0041601,2025-12-30T07:21:24Z,duplicate,519.57
R003305,PAY0043856,O0041615,2024-01-22T11:50:49Z,duplicate,467.05
R003306,PAY0043868,O0041626,2023-02-18T16:22:16Z,damaged,296.54
R003307,PAY0043875,O0041633,2023-06-10T01:08:06Z,damaged,18.25
R003308,PAY0043883,O0041640,2024-04-23T12:10:07Z,customer_return,246.13
R003309,PAY0043904,O0041661,2023-07-25T00:55:09Z,damaged,458.90
R003310,PAY0043917,O0041673,2023-12-04T15:40:14Z,damaged,212.40
R003311,PAY0043944,O0041698,2024-07-05T12:51:57Z,customer_return,64.52
R003312,PAY0043959,O0041713,2023-07-17T06:49:28Z,customer_return,144.78
R003313,PAY0043978,O0041731,2023-06-07T07:22:20Z,late_delivery,153.14
R003314,PAY0044017,O0041769,2023-04-09T05:14:28Z,damaged,310.78
R003315,PAY0044027,O0041778,2025-10-30T09:22:41Z,damaged,432.59
R003316,PAY0044028,O0041779,2024-01-16T08:20:41Z,damaged,210.45
R003317,PAY0044042,O0041792,2024-12-18T21:23:00Z,duplicate,57.64
R003318,PAY0044049,O0041799,2024-12-20T16:51:23Z,duplicate,1289.25
R003319,PAY0044057,O0041807,2023-05-27T18:00:16Z,duplicate,1702.64
R003320,PAY0044058,O0041808,2024-06-17T06:14:50Z,late_delivery,132.76
R003321,PAY0044080,O0041828,2025-04-25T15:18:43Z,duplicate,112.74
R003322,PAY0044090,O0041837,2024-06-29T01:59:25Z,late_delivery,179.91
R003323,PAY0044107,O0041854,2024-08-30T15:56:38Z,customer_return,594.91
R003324,PAY0044124,O0041871,2024-07-03T05:08:53Z,late_delivery,295.44
R003325,PAY0044125,O0041872,2025-04-29T09:34:15Z,duplicate,78.02
R003326,PAY0044161,O0041906,2025-06-30T22:31:12Z,customer_return,213.38
R003327,PAY0044164,O0041909,2025-01-20T00:18:27Z,customer_return,1466.35
R003328,PAY0044168,O0041913,2025-07-10T10:45:36Z,duplicate,171.23
R003329,PAY0044172,O0041917,2024-10-12T13:12:45Z,duplicate,286.78
R003330,PAY0044174,O0041919,2025-10-22T11:16:25Z,customer_return,61.79
R003331,PAY0044178,O0041923,2025-03-22T03:46:05Z,customer_return,1081.05
R003332,PAY0044179,O0041924,2025-11-20T17:32:34Z,customer_return,86.11
R003333,PAY0044181,O0041926,2023-04-27T20:32:10Z,late_delivery,4.47
R003334,PAY0044193,O0041938,2023-10-08T04:54:42Z,customer_return,136.55
R003335,PAY0044214,O0041957,2024-04-08T00:34:59Z,late_delivery,54.91
R003336,PAY0044220,O0041962,2025-11-24T04:26:21Z,damaged,310.82
R003337,PAY0044242,O0041984,2024-08-30T10:18:10Z,customer_return,20.47
R003338,PAY0044243,O0041985,2025-07-07T22:28:06Z,damaged,431.38
R003339,PAY0044272,O0042011,2024-09-22T18:45:39Z,duplicate,58.06
R003340,PAY0044278,O0042017,2025-07-05T22:58:40Z,damaged,122.11
R003341,PAY0044289,O0042028,2024-10-28T09:43:07Z,duplicate,310.69
R003342,PAY0044295,O0042034,2023-12-22T18:28:20Z,late_delivery,315.28
R003343,PAY0044298,O0042037,2024-12-06T08:15:23Z,late_delivery,18.70
R003344,PAY0044303,O0042041,2025-08-12T00:30:17Z,customer_return,413.97
R003345,PAY0044311,O0042049,2025-09-23T08:50:45Z,customer_return,912.43
R003346,PAY0044327,O0042063,2023-07-25T11:31:29Z,duplicate,117.60
R003347,PAY0044328,O0042064,2024-05-27T08:39:41Z,damaged,690.80
R003348,PAY0044329,O0042065,2023-05-02T16:48:11Z,customer_return,876.48
R003349,PAY0044348,O0042084,2023-12-01T09:45:50Z,customer_return,799.90
R003350,PAY0044351,O0042086,2025-06-08T21:06:52Z,customer_return,519.80
R003351,PAY0044353,O0042088,2023-06-23T07:20:48Z,late_delivery,110.64
R003352,PAY0044360,O0042095,2023-09-19T12:42:06Z,late_delivery,82.67
R003353,PAY0044379,O0042111,2023-11-30T03:54:46Z,late_delivery,895.76
R003354,PAY0044385,O0042117,2023-04-01T06:43:15Z,duplicate,175.56
R003355,PAY0044389,O0042121,2024-06-19T02:16:21Z,duplicate,319.90
R003356,PAY0044408,O0042139,2024-05-26T00:15:14Z,customer_return,138.16
R003357,PAY0044410,O0042141,2025-06-09T18:07:13Z,customer_return,99.44
R003358,PAY0044412,O0042143,2024-12-23T06:17:16Z,duplicate,163.48
R003359,PAY0044426,O0042157,2025-03-25T19:09:18Z,customer_return,349.19
R003360,PAY0044441,O0042171,2023-11-13T05:54:57Z,duplicate,682.38
R003361,PAY0044446,O0042176,2024-12-21T15:15:55Z,damaged,531.12
R003362,PAY0044467,O0042197,2025-04-30T14:38:10Z,late_delivery,16.95
R003363,PAY0044497,O0042226,2024-06-26T08:51:53Z,customer_return,1799.01
R003364,PAY0044514,O0042243,2024-10-10T18:15:37Z,customer_return,204.06
R003365,PAY0044515,O0042244,2023-05-29T13:36:05Z,customer_return,83.80
R003366,PAY0044518,O0042247,2023-08-11T09:57:36Z,duplicate,543.72
R003367,PAY0044543,O0042271,2023-12-05T21:23:22Z,damaged,159.31
R003368,PAY0044557,O0042284,2024-11-25T11:04:58Z,damaged,328.49
R003369,PAY0044560,O0042287,2025-02-23T07:05:16Z,customer_return,44.93
R003370,PAY0044568,O0042294,2023-10-09T01:10:07Z,late_delivery,22.99
R003371,PAY0044574,O0042300,2025-03-19T19:16:47Z,damaged,356.65
R003372,PAY0044589,O0042314,2025-10-24T03:07:34Z,customer_return,300.77
R003373,PAY0044606,O0042329,2024-12-10T05:13:18Z,duplicate,640.55
R003374,PAY0044650,O0042371,2025-03-01T08:08:55Z,late_delivery,1067.49
R003375,PAY0044666,O0042386,2023-06-04T21:55:14Z,damaged,443.45
R003376,PAY0044676,O0042396,2024-10-14T00:47:25Z,late_delivery,173.91
R003377,PAY0044691,O0042410,2023-09-15T00:49:58Z,late_delivery,15.09
R003378,PAY0044741,O0042456,2023-11-15T08:19:46Z,duplicate,1032.50
R003379,PAY0044757,O0042472,2025-09-15T21:20:41Z,damaged,155.99
R003380,PAY0044764,O0042477,2023-07-09T09:31:06Z,late_delivery,560.02
R003381,PAY0044782,O0042494,2025-09-23T14:50:35Z,duplicate,419.14
R003382,PAY0044790,O0042501,2024-11-14T10:24:24Z,customer_return,66.40
R003383,PAY0044801,O0042512,2024-08-12T23:23:08Z,duplicate,173.03
R003384,PAY0044807,O0042518,2024-06-17T18:42:38Z,customer_return,573.33
R003385,PAY0044821,O0042532,2023-05-18T01:12:33Z,damaged,746.81
R003386,PAY0044841,O0042552,2023-08-23T20:42:03Z,customer_return,67.72
R003387,PAY0044844,O0042555,2023-05-01T12:16:17Z,damaged,410.70
R003388,PAY0044845,O0042556,2024-10-04T20:33:20Z,customer_return,371.56
R003389,PAY0044849,O0042560,2025-09-27T02:54:49Z,late_delivery,406.20
R003390,PAY0044858,O0042569,2025-04-27T03:04:31Z,damaged,817.93
R003391,PAY0044877,O0042586,2025-05-24T17:05:50Z,customer_return,14.58
R003392,PAY0044891,O0042600,2024-12-07T21:47:13Z,duplicate,455.86
R003393,PAY0044905,O0042613,2024-09-24T12:01:27Z,duplicate,135.76
R003394,PAY0044907,O0042615,2024-02-01T21:43:11Z,customer_return,489.01
R003395,PAY0044913,O0042621,2024-07-28T09:27:22Z,damaged,91.59
R003396,PAY0044936,O0042643,2023-03-17T09:20:10Z,duplicate,357.31
R003397,PAY0044945,O0042649,2024-09-08T23:13:51Z,damaged,44.66
R003398,PAY0044946,O0042650,2025-04-28T08:44:10Z,duplicate,282.13
R003399,PAY0044961,O0042664,2024-11-23T09:01:12Z,late_delivery,305.30
R003400,PAY0044966,O0042668,2024-05-24T15:08:41Z,duplicate,532.99
R003401,PAY0044983,O0042685,2025-07-08T07:44:29Z,customer_return,425.81
R003402,PAY0044994,O0042696,2023-04-11T21:48:52Z,duplicate,51.78
R003403,PAY0045002,O0042704,2024-09-07T09:20:11Z,customer_return,133.93
R003404,PAY0045030,O0042730,2023-05-09T05:00:39Z,damaged,270.51
R003405,PAY0045031,O0042731,2024-05-12T15:19:49Z,damaged,890.13
R003406,PAY0045036,O0042735,2024-01-29T19:37:18Z,customer_return,476.38
R003407,PAY0045046,O0042744,2023-04-20T19:58:06Z,damaged,148.29
R003408,PAY0045085,O0042783,2024-06-13T17:20:50Z,duplicate,2.53
R003409,PAY0045126,O0042823,2023-05-31T05:08:07Z,customer_return,132.50
R003410,PAY0045157,O0042852,2025-09-11T21:16:09Z,damaged,350.41
R003411,PAY0045163,O0042857,2025-11-08T22:41:31Z,duplicate,356.75
R003412,PAY0045177,O0042871,2024-08-16T17:55:14Z,customer_return,143.53
R003413,PAY0045180,O0042874,2023-06-14T07:48:52Z,damaged,55.60
R003414,PAY0045189,O0042883,2024-09-17T23:38:15Z,damaged,270.18
R003415,PAY0045221,O0042913,2025-12-31T12:03:07Z,customer_return,1568.22
R003416,PAY0045247,O0042938,2023-06-01T21:21:39Z,duplicate,838.59
R003417,PAY0045253,O0042943,2023-05-02T23:42:14Z,duplicate,596.45
R003418,PAY0045264,O0042954,2023-12-21T04:23:20Z,damaged,1051.91
R003419,PAY0045275,O0042965,2025-05-23T11:53:32Z,damaged,509.37
R003420,PAY0045291,O0042980,2023-08-30T18:34:41Z,late_delivery,89.82
R003421,PAY0045348,O0043032,2024-11-13T06:46:46Z,duplicate,143.67
R003422,PAY0045353,O0043037,2025-09-28T09:21:35Z,duplicate,71.28
R003423,PAY0045369,O0043051,2023-09-27T10:31:06Z,damaged,24.03
R003424,PAY0045382,O0043063,2025-12-01T07:25:26Z,late_delivery,91.27
R003425,PAY0045408,O0043089,2025-12-08T03:05:01Z,late_delivery,44.45
R003426,PAY0045409,O0043090,2023-08-27T12:59:25Z,damaged,164.44
R003427,PAY0045451,O0043131,2023-03-31T02:41:11Z,duplicate,444.42
R003428,PAY0045468,O0043148,2024-02-17T20:44:23Z,duplicate,16.00
R003429,PAY0045499,O0043176,2023-08-20T20:13:37Z,late_delivery,959.55
R003430,PAY0045540,O0043216,2025-03-15T02:40:43Z,customer_return,781.63
R003431,PAY0045549,O0043225,2024-10-01T08:22:17Z,late_delivery,776.02
R003432,PAY0045550,O0043226,2025-07-07T06:40:37Z,damaged,906.54
R003433,PAY0045569,O0043245,2025-03-07T19:38:02Z,duplicate,101.77
R003434,PAY0045648,O0043320,2024-12-31T13:24:49Z,damaged,138.67
R003435,PAY0045649,O0043321,2025-11-13T23:20:14Z,duplicate,1244.45
R003436,PAY0045669,O0043340,2024-04-25T01:23:56Z,duplicate,1704.06
R003437,PAY0045671,O0043342,2023-05-17T12:08:19Z,damaged,55.05
R003438,PAY0045686,O0043357,2025-12-31T20:20:24Z,damaged,1302.85
R003439,PAY0045687,O0043358,2025-06-04T23:35:23Z,customer_return,470.71
R003440,PAY0045702,O0043372,2023-10-02T05:18:31Z,damaged,114.21
R003441,PAY0045719,O0043388,2025-04-22T04:15:28Z,damaged,123.80
R003442,PAY0045722,O0043391,2024-06-29T01:37:13Z,damaged,196.28
R003443,PAY0045725,O0043394,2023-03-16T09:07:45Z,duplicate,984.30
R003444,PAY0045752,O0043419,2025-08-08T02:24:48Z,late_delivery,549.29
R003445,PAY0045771,O0043436,2023-07-15T03:26:24Z,late_delivery,182.35
R003446,PAY0045784,O0043449,2024-09-15T21:24:23Z,late_delivery,263.35
R003447,PAY0045795,O0043460,2024-07-25T20:30:48Z,customer_return,365.60
R003448,PAY0045829,O0043492,2024-11-25T19:45:12Z,duplicate,22.49
R003449,PAY0045830,O0043493,2023-06-22T13:45:26Z,late_delivery,102.13
R003450,PAY0045844,O0043506,2025-11-15T00:01:59Z,late_delivery,105.13
R003451,PAY0045864,O0043525,2024-12-06T15:53:48Z,customer_return,493.62
R003452,PAY0045875,O0043536,2025-12-04T11:57:44Z,duplicate,344.35
R003453,PAY0045884,O0043544,2025-05-11T22:40:20Z,duplicate,123.47
R003454,PAY0045886,O0043545,2025-11-11T17:22:34Z,duplicate,1250.33
R003455,PAY0045889,O0043548,2024-11-08T03:15:33Z,customer_return,531.46
R003456,PAY0045899,O0043557,2024-01-28T11:47:02Z,customer_return,142.78
R003457,PAY0045905,O0043563,2023-07-31T13:27:37Z,duplicate,21.87
R003458,PAY0045929,O0043586,2025-01-19T20:20:14Z,customer_return,163.56
R003459,PAY0045940,O0043597,2023-02-12T08:01:03Z,customer_return,77.26
R003460,PAY0045951,O0043608,2025-06-18T05:57:25Z,damaged,700.07
R003461,PAY0045963,O0043620,2024-12-19T10:14:39Z,duplicate,301.77
R003462,PAY0045967,O0043624,2023-01-31T23:49:58Z,duplicate,202.18
R003463,PAY0045968,O0043625,2025-03-29T19:38:38Z,damaged,100.63
R003464,PAY0045989,O0043644,2025-10-18T23:03:22Z,late_delivery,13.79
R003465,PAY0046001,O0043655,2023-05-02T17:40:24Z,damaged,206.10
R003466,PAY0046009,O0043663,2024-09-21T23:43:28Z,late_delivery,125.19
R003467,PAY0046011,O0043665,2025-11-27T06:52:43Z,customer_return,71.47
R003468,PAY0046021,O0043675,2024-01-17T20:42:24Z,damaged,166.04
R003469,PAY0046025,O0043679,2025-08-02T20:45:00Z,customer_return,113.27
R003470,PAY0046027,O0043681,2024-11-15T22:35:09Z,late_delivery,326.08
R003471,PAY0046072,O0043724,2023-01-22T21:48:33Z,customer_return,793.62
R003472,PAY0046097,O0043748,2024-07-12T14:35:08Z,damaged,412.36
R003473,PAY0046105,O0043756,2023-06-09T05:54:22Z,damaged,2907.15
R003474,PAY0046141,O0043788,2025-11-23T12:52:53Z,damaged,818.11
R003475,PAY0046147,O0043792,2023-03-11T23:34:36Z,duplicate,115.00
R003476,PAY0046157,O0043801,2024-07-18T23:20:21Z,late_delivery,566.31
R003477,PAY0046158,O0043802,2023-11-27T01:02:33Z,duplicate,69.96
R003478,PAY0046180,O0043824,2024-05-07T09:17:20Z,damaged,135.79
R003479,PAY0046192,O0043835,2025-04-22T20:46:34Z,damaged,126.22
R003480,PAY0046198,O0043841,2023-10-23T08:43:07Z,late_delivery,318.10
R003481,PAY0046216,O0043859,2023-11-30T04:16:45Z,customer_return,307.79
R003482,PAY0046218,O0043861,2024-02-01T19:43:29Z,customer_return,827.44
R003483,PAY0046227,O0043870,2025-12-22T07:41:44Z,damaged,13.14
R003484,PAY0046234,O0043876,2024-09-15T20:03:58Z,duplicate,319.58
R003485,PAY0046237,O0043879,2025-03-23T14:12:47Z,late_delivery,822.78
R003486,PAY0046254,O0043895,2024-06-28T16:48:35Z,late_delivery,1061.65
R003487,PAY0046269,O0043910,2025-06-12T08:02:33Z,late_delivery,460.49
R003488,PAY0046305,O0043946,2024-11-11T06:43:00Z,duplicate,436.10
R003489,PAY0046315,O0043955,2025-09-19T13:29:05Z,damaged,731.67
R003490,PAY0046336,O0043975,2024-08-07T18:40:09Z,damaged,209.29
R003491,PAY0046343,O0043982,2023-06-28T13:48:22Z,duplicate,261.87
R003492,PAY0046399,O0044035,2024-07-09T10:53:29Z,duplicate,211.91
R003493,PAY0046406,O0044042,2025-11-06T19:13:57Z,damaged,450.39
R003494,PAY0046412,O0044048,2023-10-01T14:42:19Z,customer_return,15.63
R003495,PAY0046416,O0044052,2023-04-22T20:25:51Z,damaged,115.65
R003496,PAY0046431,O0044065,2024-12-02T17:11:58Z,customer_return,194.42
R003497,PAY0046437,O0044071,2023-10-24T05:56:33Z,customer_return,500.22
R003498,PAY0046439,O0044073,2024-03-21T09:47:23Z,duplicate,434.55
R003499,PAY0046444,O0044078,2024-12-11T12:09:43Z,damaged,546.12
R003500,PAY0046484,O0044114,2025-05-16T19:31:49Z,late_delivery,749.53
R003501,PAY0046506,O0044135,2025-07-10T02:18:36Z,duplicate,58.83
R003502,PAY0046512,O0044141,2024-09-06T04:50:35Z,duplicate,944.85
R003503,PAY0046514,O0044143,2023-08-05T11:03:02Z,damaged,126.18
R003504,PAY0046518,O0044147,2025-07-18T15:28:02Z,late_delivery,48.19
R003505,PAY0046521,O0044150,2025-03-25T13:06:36Z,customer_return,5.34
R003506,PAY0046525,O0044154,2024-04-16T17:50:09Z,late_delivery,345.45
R003507,PAY0046535,O0044163,2025-07-05T22:22:29Z,late_delivery,505.22
R003508,PAY0046541,O0044169,2023-11-03T11:09:37Z,damaged,190.48
R003509,PAY0046551,O0044179,2024-02-13T23:30:46Z,duplicate,1865.42
R003510,PAY0046564,O0044192,2025-04-06T12:03:29Z,damaged,19.22
R003511,PAY0046586,O0044214,2023-12-27T11:13:24Z,duplicate,140.05
R003512,PAY0046605,O0044232,2023-05-01T12:32:43Z,damaged,505.49
R003513,PAY0046615,O0044242,2023-09-27T08:24:22Z,duplicate,274.80
R003514,PAY0046620,O0044247,2024-12-31T11:01:47Z,late_delivery,349.66
R003515,PAY0046624,O0044251,2024-01-03T21:44:54Z,late_delivery,151.08
R003516,PAY0046644,O0044270,2023-11-27T23:53:23Z,late_delivery,54.96
R003517,PAY0046645,O0044271,2023-03-04T07:50:21Z,damaged,150.16
R003518,PAY0046660,O0044285,2023-03-17T19:19:16Z,customer_return,226.68
R003519,PAY0046667,O0044292,2023-12-31T01:10:23Z,duplicate,7.61
R003520,PAY0046681,O0044305,2025-10-07T21:09:05Z,late_delivery,255.59
R003521,PAY0046707,O0044329,2025-01-18T06:00:32Z,duplicate,1095.21
R003522,PAY0046708,O0044330,2024-04-29T04:11:50Z,late_delivery,94.17
R003523,PAY0046745,O0044365,2024-04-20T08:35:03Z,late_delivery,469.43
R003524,PAY0046749,O0044369,2023-02-16T05:39:24Z,damaged,603.42
R003525,PAY0046758,O0044378,2024-07-03T00:01:52Z,late_delivery,470.59
R003526,PAY0046765,O0044385,2025-12-31T06:28:18Z,customer_return,261.11
R003527,PAY0046805,O0044422,2025-09-04T16:38:20Z,duplicate,1.52
R003528,PAY0046841,O0044457,2025-01-14T07:08:29Z,customer_return,783.73
R003529,PAY0046859,O0044474,2025-11-17T15:25:07Z,customer_return,179.63
R003530,PAY0046863,O0044478,2025-02-14T06:23:29Z,damaged,248.22
R003531,PAY0046876,O0044490,2024-11-12T02:36:36Z,late_delivery,563.97
R003532,PAY0046905,O0044517,2025-09-10T19:47:18Z,duplicate,1454.07
R003533,PAY0046913,O0044525,2023-10-30T02:26:30Z,customer_return,499.99
R003534,PAY0046916,O0044528,2024-02-01T14:37:36Z,late_delivery,105.86
R003535,PAY0046932,O0044543,2023-02-20T02:33:28Z,damaged,16.41
R003536,PAY0046950,O0044559,2024-11-18T02:26:58Z,customer_return,276.77
R003537,PAY0046956,O0044565,2024-04-23T22:42:36Z,damaged,661.97
R003538,PAY0046957,O0044566,2023-08-04T00:03:04Z,customer_return,571.50
R003539,PAY0046958,O0044567,2023-12-10T20:42:21Z,duplicate,618.40
R003540,PAY0046959,O0044568,2024-06-06T00:15:54Z,customer_return,201.90
R003541,PAY0046964,O0044572,2025-04-15T03:02:54Z,customer_return,267.72
R003542,PAY0046986,O0044592,2023-08-22T04:20:49Z,late_delivery,266.51
R003543,PAY0046995,O0044600,2025-04-26T08:29:50Z,damaged,43.32
R003544,PAY0047001,O0044606,2025-04-26T14:38:54Z,duplicate,408.58
R003545,PAY0047010,O0044614,2024-07-22T11:49:51Z,duplicate,314.63
R003546,PAY0047013,O0044617,2024-09-18T18:30:57Z,customer_return,238.46
R003547,PAY0047055,O0044659,2025-07-03T11:26:53Z,customer_return,2117.11
R003548,PAY0047063,O0044666,2024-10-19T20:23:25Z,damaged,1576.88
R003549,PAY0047065,O0044668,2024-11-14T20:06:23Z,duplicate,614.18
R003550,PAY0047089,O0044692,2025-03-28T05:00:37Z,late_delivery,282.17
R003551,PAY0047105,O0044706,2024-04-20T20:15:20Z,late_delivery,1546.44
R003552,PAY0047131,O0044730,2024-12-28T13:15:15Z,late_delivery,54.11
R003553,PAY0047141,O0044739,2025-02-10T07:39:05Z,customer_return,387.81
R003554,PAY0047166,O0044761,2024-10-08T06:41:06Z,damaged,16.18
R003555,PAY0047171,O0044765,2023-09-10T07:28:39Z,duplicate,314.84
R003556,PAY0047186,O0044779,2025-01-31T14:18:59Z,duplicate,156.42
R003557,PAY0047206,O0044797,2023-04-23T22:58:09Z,customer_return,646.51
R003558,PAY0047221,O0044811,2024-12-03T14:25:22Z,late_delivery,267.84
R003559,PAY0047244,O0044833,2025-02-21T15:25:36Z,late_delivery,9.38
R003560,PAY0047295,O0044883,2025-05-13T19:11:26Z,duplicate,121.79
R003561,PAY0047309,O0044895,2025-12-31T04:40:03Z,duplicate,1030.70
R003562,PAY0047317,O0044902,2023-12-24T00:33:01Z,damaged,135.46
R003563,PAY0047322,O0044907,2023-12-08T06:13:53Z,duplicate,218.05
R003564,PAY0047328,O0044913,2023-03-19T00:49:42Z,damaged,44.94
R003565,PAY0047339,O0044923,2025-08-07T10:05:07Z,late_delivery,277.10
R003566,PAY0047343,O0044927,2023-12-04T22:27:39Z,customer_return,300.06
R003567,PAY0047365,O0044949,2025-06-30T07:22:01Z,customer_return,279.07
R003568,PAY0047368,O0044952,2025-11-15T03:58:30Z,customer_return,1171.04
R003569,PAY0047370,O0044954,2024-01-17T05:04:50Z,damaged,443.19
R003570,PAY0047371,O0044955,2024-01-14T03:58:13Z,damaged,789.79
R003571,PAY0047400,O0044983,2024-07-29T02:51:11Z,customer_return,87.13
R003572,PAY0047402,O0044985,2023-09-06T03:25:01Z,late_delivery,40.37
R003573,PAY0047409,O0044992,2025-11-17T17:16:02Z,customer_return,1007.74
R003574,PAY0047414,O0044996,2024-05-05T10:48:29Z,damaged,49.89
R003575,PAY0047417,O0044999,2024-08-28T02:27:50Z,customer_return,503.11
R003576,PAY0047421,O0045003,2023-05-10T01:52:05Z,late_delivery,545.53
R003577,PAY0047433,O0045014,2023-09-23T10:42:36Z,damaged,1202.85
R003578,PAY0047458,O0045035,2024-09-18T11:37:32Z,late_delivery,544.23
R003579,PAY0047474,O0045051,2024-01-29T05:03:00Z,customer_return,256.94
R003580,PAY0047487,O0045064,2025-01-31T02:42:32Z,customer_return,537.61
R003581,PAY0047509,O0045083,2025-03-16T09:25:17Z,duplicate,300.14
R003582,PAY0047539,O0045113,2024-04-20T17:50:35Z,damaged,16.85
R003583,PAY0047543,O0045117,2023-06-19T11:41:15Z,damaged,1136.00
R003584,PAY0047552,O0045125,2025-10-20T05:42:31Z,customer_return,765.35
R003585,PAY0047576,O0045147,2024-06-29T06:41:46Z,duplicate,115.83
R003586,PAY0047595,O0045165,2025-04-25T08:39:48Z,duplicate,499.22
R003587,PAY0047600,O0045170,2024-08-06T08:58:10Z,late_delivery,459.60
R003588,PAY0047669,O0045237,2025-08-05T17:43:22Z,late_delivery,265.39
R003589,PAY0047672,O0045240,2024-07-01T23:06:13Z,customer_return,311.70
R003590,PAY0047687,O0045255,2025-09-25T17:30:28Z,duplicate,461.51
R003591,PAY0047694,O0045262,2024-04-23T12:54:06Z,duplicate,1086.26
R003592,PAY0047708,O0045274,2024-02-22T01:25:17Z,duplicate,518.07
R003593,PAY0047759,O0045324,2024-06-07T15:31:03Z,customer_return,411.87
R003594,PAY0047774,O0045338,2024-08-28T09:28:11Z,damaged,280.68
R003595,PAY0047775,O0045339,2025-07-21T08:34:59Z,late_delivery,932.73
R003596,PAY0047789,O0045353,2023-07-13T17:47:21Z,duplicate,122.69
R003597,PAY0047814,O0045378,2024-08-21T06:02:14Z,duplicate,23.27
R003598,PAY0047816,O0045380,2024-02-09T20:41:52Z,customer_return,285.93
R003599,PAY0047835,O0045398,2023-04-10T14:25:50Z,damaged,731.88
R003600,PAY0047842,O0045405,2025-08-06T11:49:03Z,duplicate,541.75
R003601,PAY0047872,O0045434,2025-01-24T20:03:05Z,damaged,225.09
R003602,PAY0047877,O0045439,2024-06-10T12:57:41Z,duplicate,265.08
R003603,PAY0047879,O0045441,2024-08-25T23:54:21Z,damaged,96.68
R003604,PAY0047890,O0045450,2024-07-13T09:55:32Z,late_delivery,1131.70
R003605,PAY0047903,O0045462,2025-10-05T10:27:40Z,late_delivery,662.91
R003606,PAY0047908,O0045466,2025-02-11T09:39:15Z,damaged,1112.45
R003607,PAY0047914,O0045472,2024-05-20T00:55:20Z,customer_return,280.81
R003608,PAY0047935,O0045492,2025-09-22T12:49:45Z,customer_return,162.32
R003609,PAY0047966,O0045521,2025-01-14T19:55:00Z,duplicate,1539.29
R003610,PAY0047973,O0045528,2025-05-08T22:52:05Z,duplicate,227.69
R003611,PAY0048008,O0045562,2024-08-28T04:19:38Z,duplicate,153.07
R003612,PAY0048038,O0045592,2025-09-02T10:59:12Z,duplicate,25.10
R003613,PAY0048050,O0045604,2024-03-28T01:54:08Z,duplicate,119.21
R003614,PAY0048081,O0045635,2025-10-01T22:57:54Z,customer_return,20.03
R003615,PAY0048096,O0045650,2025-06-03T13:12:01Z,duplicate,61.15
R003616,PAY0048115,O0045667,2025-05-13T23:37:48Z,damaged,686.96
R003617,PAY0048119,O0045671,2024-11-03T02:38:18Z,customer_return,565.97
R003618,PAY0048123,O0045675,2024-10-16T08:58:15Z,late_delivery,263.58
R003619,PAY0048145,O0045697,2025-10-28T02:08:16Z,late_delivery,130.09
R003620,PAY0048162,O0045713,2023-03-15T13:49:22Z,duplicate,1342.21
R003621,PAY0048177,O0045728,2025-09-05T13:01:02Z,late_delivery,1172.51
R003622,PAY0048187,O0045738,2025-03-21T18:34:45Z,late_delivery,451.14
R003623,PAY0048194,O0045745,2025-03-06T13:00:01Z,damaged,17.02
R003624,PAY0048213,O0045762,2025-01-11T05:53:04Z,damaged,106.57
R003625,PAY0048223,O0045771,2024-01-29T22:10:02Z,duplicate,132.29
R003626,PAY0048240,O0045788,2023-02-04T08:02:39Z,duplicate,89.45
R003627,PAY0048253,O0045800,2024-11-29T14:49:22Z,late_delivery,1213.37
R003628,PAY0048282,O0045828,2025-09-30T13:33:11Z,damaged,2.39
R003629,PAY0048295,O0045840,2025-05-10T14:24:54Z,duplicate,171.66
R003630,PAY0048298,O0045843,2023-07-12T03:09:57Z,customer_return,766.52
R003631,PAY0048299,O0045844,2024-06-14T15:04:39Z,duplicate,575.51
R003632,PAY0048301,O0045846,2025-07-29T16:16:27Z,damaged,82.23
R003633,PAY0048314,O0045858,2023-05-20T10:44:43Z,late_delivery,1542.20
R003634,PAY0048322,O0045866,2023-05-05T22:40:29Z,customer_return,183.75
R003635,PAY0048394,O0045934,2023-11-03T02:27:09Z,damaged,72.91
R003636,PAY0048407,O0045946,2025-10-08T13:26:06Z,damaged,1070.84
R003637,PAY0048411,O0045950,2024-01-07T17:51:59Z,late_delivery,194.44
R003638,PAY0048415,O0045954,2025-08-25T13:29:34Z,late_delivery,367.50
R003639,PAY0048443,O0045982,2025-12-28T19:29:57Z,damaged,26.89
R003640,PAY0048445,O0045984,2025-11-28T03:06:32Z,customer_return,142.84
R003641,PAY0048457,O0045996,2025-02-23T05:03:00Z,damaged,1080.50
R003642,PAY0048466,O0046005,2023-07-18T17:29:16Z,customer_return,185.22
R003643,PAY0048480,O0046017,2025-09-04T17:23:59Z,late_delivery,21.18
R003644,PAY0048506,O0046042,2024-07-28T13:51:35Z,duplicate,2.14
R003645,PAY0048508,O0046044,2024-10-02T10:48:26Z,damaged,259.10
R003646,PAY0048515,O0046051,2024-06-19T04:58:33Z,late_delivery,49.02
R003647,PAY0048516,O0046052,2023-05-27T15:46:17Z,late_delivery,17.52
R003648,PAY0048559,O0046092,2024-04-30T06:13:46Z,duplicate,823.90
R003649,PAY0048585,O0046118,2025-12-29T10:48:23Z,duplicate,472.33
R003650,PAY0048594,O0046127,2024-11-17T12:14:36Z,customer_return,211.67
R003651,PAY0048597,O0046129,2024-10-04T04:29:11Z,customer_return,198.12
R003652,PAY0048603,O0046135,2025-10-17T21:19:17Z,customer_return,1203.55
R003653,PAY0048619,O0046150,2025-03-09T23:28:15Z,duplicate,763.14
R003654,PAY0048632,O0046163,2024-02-23T21:15:25Z,damaged,406.56
R003655,PAY0048639,O0046170,2025-10-12T14:02:11Z,duplicate,18.87
R003656,PAY0048646,O0046177,2023-03-07T04:05:41Z,damaged,298.11
R003657,PAY0048674,O0046202,2023-06-30T15:10:47Z,duplicate,220.31
R003658,PAY0048677,O0046205,2025-11-18T23:58:49Z,late_delivery,1303.60
R003659,PAY0048702,O0046228,2023-12-07T17:34:30Z,duplicate,238.69
R003660,PAY0048742,O0046266,2023-06-01T22:34:07Z,late_delivery,498.76
R003661,PAY0048806,O0046327,2025-08-16T21:23:05Z,customer_return,619.59
R003662,PAY0048834,O0046355,2023-05-02T01:54:50Z,customer_return,609.86
R003663,PAY0048836,O0046357,2025-03-28T15:01:26Z,customer_return,1056.34
R003664,PAY0048871,O0046390,2025-02-10T14:32:51Z,customer_return,41.63
R003665,PAY0048875,O0046394,2023-03-18T14:51:26Z,duplicate,1321.29
R003666,PAY0048882,O0046401,2024-09-27T04:20:34Z,duplicate,1003.83
R003667,PAY0048889,O0046408,2025-09-09T20:46:35Z,customer_return,319.79
R003668,PAY0048899,O0046418,2023-10-08T15:08:39Z,customer_return,361.57
R003669,PAY0048922,O0046440,2024-10-21T08:09:47Z,customer_return,860.46
R003670,PAY0048941,O0046457,2025-05-15T22:33:03Z,duplicate,843.44
R003671,PAY0048960,O0046476,2025-08-28T11:55:00Z,duplicate,693.32
R003672,PAY0048973,O0046489,2023-04-02T10:34:49Z,damaged,63.72
R003673,PAY0048976,O0046492,2025-07-12T17:04:54Z,duplicate,821.52
R003674,PAY0048987,O0046503,2025-02-15T17:02:36Z,damaged,53.02
R003675,PAY0048999,O0046514,2024-07-20T14:37:01Z,damaged,466.64
R003676,PAY0049019,O0046532,2024-06-25T12:45:22Z,damaged,42.39
R003677,PAY0049028,O0046540,2023-09-04T11:58:41Z,customer_return,196.61
R003678,PAY0049054,O0046565,2024-12-26T19:48:23Z,late_delivery,734.54
R003679,PAY0049057,O0046568,2025-06-07T04:44:58Z,late_delivery,24.60
R003680,PAY0049066,O0046576,2023-08-12T20:45:37Z,customer_return,37.62
R003681,PAY0049070,O0046580,2024-04-04T02:37:30Z,duplicate,651.35
R003682,PAY0049084,O0046593,2023-04-12T18:08:13Z,late_delivery,361.98
R003683,PAY0049103,O0046612,2025-07-02T09:48:53Z,duplicate,1257.47
R003684,PAY0049113,O0046622,2024-05-11T03:39:58Z,duplicate,602.29
R003685,PAY0049122,O0046631,2025-04-19T16:05:22Z,damaged,1061.76
R003686,PAY0049126,O0046635,2024-06-19T03:16:58Z,duplicate,1126.30
R003687,PAY0049160,O0046669,2025-07-01T00:59:06Z,damaged,13.87
R003688,PAY0049163,O0046672,2025-04-30T22:18:31Z,late_delivery,0.42
R003689,PAY0049182,O0046688,2025-02-14T17:28:13Z,duplicate,455.88
R003690,PAY0049212,O0046716,2024-02-21T11:42:21Z,duplicate,543.64
R003691,PAY0049213,O0046717,2024-10-12T01:11:07Z,customer_return,447.87
R003692,PAY0049216,O0046720,2025-10-23T19:44:09Z,duplicate,62.89
R003693,PAY0049226,O0046730,2025-01-20T09:31:10Z,late_delivery,192.73
R003694,PAY0049236,O0046739,2023-02-24T21:21:55Z,duplicate,555.44
R003695,PAY0049247,O0046749,2023-08-26T04:29:38Z,duplicate,638.91
R003696,PAY0049310,O0046806,2024-06-06T08:24:01Z,customer_return,142.94
R003697,PAY0049331,O0046826,2025-04-24T23:55:24Z,customer_return,32.39
R003698,PAY0049367,O0046861,2025-11-09T13:14:32Z,late_delivery,825.60
R003699,PAY0049390,O0046882,2024-03-12T20:34:30Z,duplicate,166.72
R003700,PAY0049395,O0046887,2024-04-22T15:40:52Z,damaged,162.72
R003701,PAY0049424,O0046915,2024-02-08T18:59:43Z,damaged,215.78
R003702,PAY0049436,O0046927,2024-02-08T09:46:13Z,damaged,582.09
R003703,PAY0049455,O0046945,2025-04-30T16:56:49Z,customer_return,105.62
R003704,PAY0049470,O0046960,2025-09-02T15:31:13Z,customer_return,126.99
R003705,PAY0049496,O0046984,2025-04-10T01:39:59Z,damaged,53.98
R003706,PAY0049530,O0047017,2025-09-23T00:22:00Z,duplicate,472.51
R003707,PAY0049568,O0047052,2024-04-12T05:18:40Z,damaged,383.93
R003708,PAY0049581,O0047065,2025-11-20T01:59:55Z,customer_return,322.80
R003709,PAY0049582,O0047066,2023-07-08T16:32:56Z,duplicate,420.56
R003710,PAY0049586,O0047070,2024-12-10T14:28:49Z,duplicate,1570.60
R003711,PAY0049609,O0047092,2024-03-06T04:51:58Z,late_delivery,386.59
R003712,PAY0049644,O0047125,2023-11-20T14:41:35Z,customer_return,562.52
R003713,PAY0049648,O0047129,2025-12-16T15:28:28Z,customer_return,1054.55
R003714,PAY0049663,O0047144,2025-08-22T12:22:46Z,damaged,360.31
R003715,PAY0049687,O0047167,2025-09-12T00:43:52Z,late_delivery,81.41
R003716,PAY0049694,O0047174,2025-02-01T18:59:09Z,damaged,32.50
R003717,PAY0049722,O0047200,2023-02-05T01:12:38Z,customer_return,1684.17
R003718,PAY0049727,O0047205,2025-06-14T04:04:17Z,late_delivery,278.97
R003719,PAY0049728,O0047206,2024-07-11T18:59:01Z,duplicate,916.60
R003720,PAY0049756,O0047234,2025-01-27T00:53:26Z,duplicate,79.37
R003721,PAY0049775,O0047251,2024-01-03T19:55:24Z,late_delivery,208.07
R003722,PAY0049777,O0047253,2024-05-06T14:17:46Z,late_delivery,898.29
R003723,PAY0049781,O0047257,2025-12-14T07:34:04Z,duplicate,273.88
R003724,PAY0049783,O0047259,2024-09-01T06:09:27Z,late_delivery,621.35
R003725,PAY0049846,O0047320,2024-07-05T19:19:21Z,customer_return,472.47
R003726,PAY0049858,O0047332,2025-12-31T22:22:46Z,customer_return,152.77
R003727,PAY0049867,O0047341,2023-07-25T17:42:52Z,customer_return,245.85
R003728,PAY0049886,O0047359,2024-07-28T01:51:18Z,customer_return,19.15
R003729,PAY0049890,O0047363,2025-05-22T23:11:35Z,damaged,753.21
R003730,PAY0049894,O0047367,2025-03-31T22:27:42Z,damaged,385.06
R003731,PAY0049900,O0047373,2025-07-04T22:59:47Z,late_delivery,103.27
R003732,PAY0049901,O0047374,2024-11-29T08:13:09Z,damaged,133.44
R003733,PAY0049904,O0047377,2023-04-30T12:51:53Z,duplicate,784.97
R003734,PAY0049908,O0047381,2024-05-06T13:56:21Z,late_delivery,61.70
R003735,PAY0049918,O0047390,2025-05-06T14:35:24Z,damaged,146.11
R003736,PAY0049947,O0047416,2024-09-17T10:34:44Z,customer_return,837.43
R003737,PAY0049977,O0047445,2025-09-05T19:20:14Z,damaged,524.57
R003738,PAY0049984,O0047452,2023-07-14T05:25:48Z,damaged,190.83
R003739,PAY0049992,O0047459,2025-12-12T02:21:42Z,customer_return,203.45
R003740,PAY0049997,O0047463,2024-05-27T13:32:39Z,damaged,205.27
R003741,PAY0049999,O0047465,2023-02-06T01:43:33Z,late_delivery,190.34
R003742,PAY0050009,O0047475,2024-07-10T06:55:18Z,duplicate,235.97
R003743,PAY0050010,O0047476,2025-08-06T12:56:02Z,damaged,1330.74
R003744,PAY0050019,O0047484,2024-10-03T18:54:24Z,duplicate,623.01
R003745,PAY0050021,O0047486,2024-12-29T10:16:28Z,late_delivery,635.96
R003746,PAY0050026,O0047491,2024-04-27T02:21:12Z,late_delivery,25.15
R003747,PAY0050027,O0047492,2025-08-11T22:04:10Z,late_delivery,290.66
R003748,PAY0050030,O0047495,2024-03-17T19:43:33Z,duplicate,122.06
R003749,PAY0050039,O0047503,2025-05-07T02:54:53Z,duplicate,192.97
R003750,PAY0050041,O0047505,2024-02-10T00:52:57Z,duplicate,39.09
R003751,PAY0050045,O0047508,2025-07-08T08:59:08Z,damaged,85.07
R003752,PAY0050056,O0047518,2023-07-01T07:02:59Z,damaged,5.62
R003753,PAY0050063,O0047525,2024-11-08T05:31:05Z,duplicate,441.86
R003754,PAY0050082,O0047542,2023-12-04T03:57:02Z,duplicate,274.28
R003755,PAY0050084,O0047544,2024-08-28T18:26:03Z,late_delivery,511.07
R003756,PAY0050113,O0047571,2023-08-09T07:19:40Z,customer_return,763.35
R003757,PAY0050132,O0047588,2024-12-17T01:11:30Z,duplicate,38.26
R003758,PAY0050161,O0047615,2025-05-13T00:10:21Z,damaged,14.37
R003759,PAY0050166,O0047620,2025-06-12T10:12:24Z,duplicate,2841.11
R003760,PAY0050222,O0047674,2025-04-15T22:36:56Z,damaged,1449.40
R003761,PAY0050274,O0047723,2025-11-08T11:16:22Z,customer_return,743.19
R003762,PAY0050309,O0047756,2025-12-01T15:31:41Z,duplicate,485.21
R003763,PAY0050344,O0047790,2023-05-28T11:57:46Z,customer_return,93.75
R003764,PAY0050348,O0047794,2023-09-23T11:24:45Z,duplicate,866.96
R003765,PAY0050380,O0047823,2025-09-15T15:03:31Z,duplicate,63.76
R003766,PAY0050403,O0047846,2024-05-23T07:30:14Z,damaged,89.02
R003767,PAY0050410,O0047852,2025-11-08T10:11:07Z,duplicate,227.71
R003768,PAY0050413,O0047855,2024-07-04T10:31:40Z,damaged,288.21
R003769,PAY0050414,O0047856,2025-07-24T20:57:09Z,duplicate,226.36
R003770,PAY0050415,O0047857,2023-06-07T12:22:53Z,damaged,60.64
R003771,PAY0050453,O0047890,2025-10-05T07:07:21Z,damaged,83.50
R003772,PAY0050469,O0047905,2023-10-08T03:39:49Z,customer_return,50.05
R003773,PAY0050490,O0047924,2025-04-03T21:45:23Z,late_delivery,83.80
R003774,PAY0050491,O0047925,2023-05-08T13:19:40Z,damaged,1719.17
R003775,PAY0050506,O0047940,2025-12-22T01:02:40Z,customer_return,321.25
R003776,PAY0050543,O0047976,2025-06-09T17:47:35Z,duplicate,89.72
R003777,PAY0050560,O0047993,2025-02-03T08:23:55Z,late_delivery,994.32
R003778,PAY0050570,O0048002,2023-10-10T20:23:48Z,damaged,13.51
R003779,PAY0050577,O0048009,2024-05-26T15:06:58Z,customer_return,1282.18
R003780,PAY0050588,O0048020,2023-10-14T17:42:38Z,late_delivery,571.21
R003781,PAY0050599,O0048030,2024-06-30T07:32:31Z,damaged,14.44
R003782,PAY0050610,O0048041,2023-10-24T02:26:01Z,customer_return,6.11
R003783,PAY0050633,O0048061,2023-10-06T15:29:37Z,late_delivery,378.27
R003784,PAY0050681,O0048108,2025-09-08T22:00:16Z,duplicate,631.52
R003785,PAY0050706,O0048133,2025-05-25T21:54:50Z,customer_return,46.34
R003786,PAY0050723,O0048149,2025-05-01T16:18:05Z,damaged,538.24
R003787,PAY0050728,O0048153,2024-08-03T10:47:00Z,damaged,192.61
R003788,PAY0050730,O0048155,2025-07-14T08:37:23Z,late_delivery,835.76
R003789,PAY0050736,O0048161,2023-09-04T15:22:09Z,customer_return,220.58
R003790,PAY0050747,O0048172,2023-12-25T15:17:39Z,late_delivery,1075.48
R003791,PAY0050769,O0048191,2024-10-13T06:02:24Z,customer_return,386.20
R003792,PAY0050773,O0048195,2024-09-15T22:00:05Z,duplicate,1202.04
R003793,PAY0050779,O0048200,2025-12-23T23:08:53Z,damaged,401.91
R003794,PAY0050801,O0048220,2025-10-28T08:06:40Z,customer_return,769.11
R003795,PAY0050823,O0048241,2023-06-23T07:21:18Z,damaged,48.74
R003796,PAY0050828,O0048246,2024-09-27T15:15:59Z,customer_return,1161.26
R003797,PAY0050841,O0048257,2025-12-31T14:58:56Z,damaged,332.75
R003798,PAY0050846,O0048262,2023-09-12T00:55:08Z,customer_return,302.28
R003799,PAY0050854,O0048270,2025-03-17T12:06:13Z,damaged,214.30
R003800,PAY0050856,O0048272,2023-04-30T09:14:40Z,customer_return,388.23
R003801,PAY0050884,O0048299,2024-01-15T12:49:47Z,duplicate,165.18
R003802,PAY0050887,O0048302,2024-07-12T22:43:32Z,late_delivery,1229.01
R003803,PAY0050899,O0048312,2025-10-03T04:58:16Z,duplicate,179.57
R003804,PAY0050907,O0048320,2023-09-25T17:02:22Z,late_delivery,255.00
R003805,PAY0050911,O0048324,2024-08-21T10:16:35Z,damaged,89.71
R003806,PAY0050914,O0048327,2024-05-22T12:08:17Z,duplicate,692.92
R003807,PAY0050926,O0048338,2023-03-05T06:33:56Z,damaged,372.71
R003808,PAY0050927,O0048339,2024-06-29T07:25:27Z,damaged,337.91
R003809,PAY0050943,O0048354,2023-02-02T07:15:39Z,damaged,193.08
R003810,PAY0050954,O0048365,2023-10-10T21:24:39Z,customer_return,275.51
R003811,PAY0050960,O0048371,2023-10-03T04:49:35Z,late_delivery,337.21
R003812,PAY0050966,O0048377,2024-03-02T05:13:39Z,customer_return,1001.05
R003813,PAY0050998,O0048408,2025-11-16T12:32:08Z,damaged,105.55
R003814,PAY0051001,O0048411,2023-12-23T21:53:14Z,late_delivery,88.15
R003815,PAY0051002,O0048412,2023-06-12T12:47:54Z,customer_return,396.80
R003816,PAY0051034,O0048444,2023-02-13T10:13:26Z,damaged,72.54
R003817,PAY0051040,O0048449,2023-07-31T22:34:03Z,late_delivery,233.37
R003818,PAY0051062,O0048470,2024-03-02T07:54:58Z,duplicate,1102.92
R003819,PAY0051079,O0048485,2023-05-12T22:08:06Z,duplicate,1492.69
R003820,PAY0051082,O0048488,2023-09-12T15:18:44Z,late_delivery,133.11
R003821,PAY0051094,O0048499,2025-06-17T11:00:26Z,customer_return,732.94
R003822,PAY0051106,O0048511,2024-12-04T13:43:16Z,damaged,320.03
R003823,PAY0051121,O0048526,2025-06-15T15:46:19Z,customer_return,655.63
R003824,PAY0051123,O0048528,2024-12-18T05:24:54Z,customer_return,884.40
R003825,PAY0051129,O0048534,2024-10-22T10:37:06Z,customer_return,215.37
R003826,PAY0051157,O0048561,2025-11-07T20:35:56Z,customer_return,217.87
R003827,PAY0051183,O0048587,2025-11-12T09:38:22Z,late_delivery,1029.03
R003828,PAY0051195,O0048599,2024-10-12T16:17:55Z,customer_return,171.70
R003829,PAY0051204,O0048605,2025-06-16T07:42:28Z,duplicate,604.27
R003830,PAY0051219,O0048620,2023-04-27T22:07:20Z,damaged,447.33
R003831,PAY0051229,O0048630,2023-05-11T04:43:43Z,customer_return,31.05
R003832,PAY0051240,O0048640,2024-08-07T07:14:07Z,late_delivery,144.84
R003833,PAY0051241,O0048641,2024-01-26T02:47:58Z,late_delivery,1704.50
R003834,PAY0051246,O0048645,2024-04-26T02:56:33Z,customer_return,7.34
R003835,PAY0051252,O0048651,2024-03-31T21:28:23Z,duplicate,128.99
R003836,PAY0051307,O0048705,2025-04-23T00:55:53Z,customer_return,55.71
R003837,PAY0051329,O0048725,2024-12-01T09:11:58Z,late_delivery,72.61
R003838,PAY0051347,O0048741,2025-06-06T22:48:34Z,late_delivery,445.72
R003839,PAY0051355,O0048749,2023-11-26T01:35:04Z,duplicate,1021.84
R003840,PAY0051357,O0048751,2025-08-20T01:55:12Z,damaged,991.16
R003841,PAY0051371,O0048764,2025-01-24T15:28:30Z,duplicate,68.29
R003842,PAY0051374,O0048767,2025-04-13T06:28:44Z,duplicate,93.17
R003843,PAY0051382,O0048775,2025-05-31T09:01:32Z,late_delivery,436.10
R003844,PAY0051389,O0048782,2024-04-08T11:57:15Z,damaged,781.13
R003845,PAY0051405,O0048798,2025-05-20T10:58:05Z,late_delivery,72.07
R003846,PAY0051423,O0048816,2024-07-13T03:51:39Z,customer_return,487.66
R003847,PAY0051435,O0048828,2023-09-24T23:45:07Z,damaged,71.27
R003848,PAY0051446,O0048838,2024-10-11T12:06:46Z,late_delivery,1672.64
R003849,PAY0051460,O0048851,2023-02-28T12:50:33Z,customer_return,1086.73
R003850,PAY0051476,O0048867,2025-11-03T23:47:34Z,late_delivery,135.48
R003851,PAY0051477,O0048868,2023-05-08T06:07:40Z,late_delivery,954.75
R003852,PAY0051490,O0048880,2023-01-25T18:21:49Z,customer_return,13.46
R003853,PAY0051491,O0048881,2025-09-01T23:10:05Z,customer_return,1738.80
R003854,PAY0051497,O0048886,2024-05-01T16:56:51Z,customer_return,180.25
R003855,PAY0051508,O0048897,2025-02-19T22:19:49Z,late_delivery,136.57
R003856,PAY0051527,O0048913,2025-08-01T02:55:26Z,late_delivery,485.26
R003857,PAY0051529,O0048915,2024-08-27T17:20:18Z,customer_return,574.25
R003858,PAY0051533,O0048919,2023-10-01T17:51:11Z,customer_return,1125.48
R003859,PAY0051545,O0048931,2023-07-05T12:24:08Z,duplicate,447.96
R003860,PAY0051589,O0048973,2025-12-29T16:37:05Z,duplicate,33.25
R003861,PAY0051595,O0048977,2023-08-08T23:49:18Z,damaged,276.61
R003862,PAY0051601,O0048983,2023-03-31T18:01:53Z,damaged,138.91
R003863,PAY0051628,O0049009,2025-08-16T00:47:51Z,damaged,81.38
R003864,PAY0051649,O0049029,2023-09-16T09:09:30Z,customer_return,345.64
R003865,PAY0051654,O0049034,2025-11-05T05:26:28Z,late_delivery,492.51
R003866,PAY0051671,O0049051,2023-04-22T23:39:53Z,late_delivery,357.40
R003867,PAY0051673,O0049053,2023-03-29T15:32:32Z,damaged,66.69
R003868,PAY0051674,O0049054,2024-03-01T05:19:22Z,late_delivery,27.37
R003869,PAY0051676,O0049056,2025-05-11T09:11:00Z,damaged,163.71
R003870,PAY0051678,O0049058,2023-08-15T23:10:05Z,customer_return,412.17
R003871,PAY0051694,O0049074,2025-01-14T06:17:30Z,duplicate,108.20
R003872,PAY0051698,O0049078,2023-04-05T19:31:31Z,late_delivery,426.63
R003873,PAY0051736,O0049115,2024-10-24T10:05:46Z,late_delivery,576.99
R003874,PAY0051746,O0049123,2023-06-26T08:07:42Z,duplicate,1019.75
R003875,PAY0051747,O0049124,2023-12-06T20:49:28Z,customer_return,1924.12
R003876,PAY0051750,O0049127,2025-11-05T10:52:15Z,late_delivery,1291.69
R003877,PAY0051755,O0049131,2023-01-13T01:57:54Z,late_delivery,43.93
R003878,PAY0051775,O0049150,2025-03-09T13:05:36Z,customer_return,589.86
R003879,PAY0051802,O0049174,2024-11-08T18:40:02Z,duplicate,133.51
R003880,PAY0051806,O0049178,2023-03-15T20:18:40Z,customer_return,102.22
R003881,PAY0051828,O0049200,2025-02-26T08:56:39Z,late_delivery,1362.55
R003882,PAY0051829,O0049201,2023-09-02T21:14:35Z,duplicate,543.04
R003883,PAY0051838,O0049210,2024-08-25T02:15:38Z,customer_return,330.51
R003884,PAY0051860,O0049232,2024-10-25T06:42:03Z,duplicate,286.47
R003885,PAY0051876,O0049248,2025-04-19T20:01:03Z,duplicate,809.89
R003886,PAY0051886,O0049258,2025-12-31T00:11:28Z,duplicate,612.10
R003887,PAY0051887,O0049259,2025-12-31T10:37:18Z,duplicate,851.04
R003888,PAY0051897,O0049268,2024-12-09T23:20:24Z,customer_return,180.49
R003889,PAY0051914,O0049285,2024-03-09T06:56:43Z,damaged,281.46
R003890,PAY0051919,O0049290,2023-06-25T05:52:39Z,damaged,292.96
R003891,PAY0051921,O0049292,2024-12-19T11:25:59Z,customer_return,1108.29
R003892,PAY0051927,O0049298,2024-05-19T05:55:48Z,customer_return,856.57
R003893,PAY0051959,O0049329,2025-09-09T16:57:58Z,duplicate,853.51
R003894,PAY0051993,O0049363,2024-10-22T21:24:33Z,customer_return,312.11
R003895,PAY0052005,O0049375,2024-08-01T07:34:02Z,duplicate,371.27
R003896,PAY0052006,O0049376,2023-10-02T08:03:30Z,late_delivery,371.17
R003897,PAY0052007,O0049377,2025-07-30T07:25:47Z,duplicate,75.73
R003898,PAY0052017,O0049386,2025-03-01T12:50:10Z,customer_return,1114.59
R003899,PAY0052028,O0049397,2024-06-28T07:04:37Z,duplicate,44.72
R003900,PAY0052029,O0049398,2025-11-08T06:45:38Z,customer_return,113.00
R003901,PAY0052043,O0049412,2023-12-31T13:33:03Z,customer_return,282.52
R003902,PAY0052052,O0049421,2024-09-14T16:01:28Z,late_delivery,369.26
R003903,PAY0052055,O0049424,2024-06-01T15:15:04Z,customer_return,313.26
R003904,PAY0052065,O0049434,2025-09-15T12:44:14Z,late_delivery,36.04
R003905,PAY0052070,O0049438,2023-11-12T04:44:21Z,late_delivery,56.43
R003906,PAY0052079,O0049447,2024-02-27T13:41:18Z,customer_return,509.74
R003907,PAY0052100,O0049468,2025-06-07T23:17:26Z,damaged,801.73
R003908,PAY0052103,O0049471,2024-04-21T16:17:03Z,duplicate,27.90
R003909,PAY0052104,O0049472,2025-01-13T10:15:34Z,damaged,562.97
R003910,PAY0052105,O0049473,2025-01-16T21:49:05Z,duplicate,357.07
R003911,PAY0052106,O0049474,2025-02-16T23:04:03Z,damaged,4.52
R003912,PAY0052110,O0049478,2025-09-11T12:22:25Z,late_delivery,353.82
R003913,PAY0052120,O0049486,2023-03-10T21:43:39Z,duplicate,702.64
R003914,PAY0052122,O0049487,2025-04-27T15:34:58Z,duplicate,471.31
R003915,PAY0052143,O0049508,2024-09-14T14:16:25Z,late_delivery,26.66
R003916,PAY0052152,O0049517,2025-05-16T23:26:31Z,duplicate,352.12
R003917,PAY0052170,O0049532,2024-04-10T21:43:46Z,damaged,514.36
R003918,PAY0052193,O0049553,2024-10-13T13:54:37Z,damaged,407.06
R003919,PAY0052211,O0049571,2023-05-15T10:13:12Z,customer_return,141.21
R003920,PAY0052222,O0049580,2023-10-29T21:31:09Z,damaged,115.04
R003921,PAY0052235,O0049593,2024-09-21T00:14:48Z,duplicate,48.85
R003922,PAY0052239,O0049596,2025-01-27T17:35:04Z,late_delivery,733.91
R003923,PAY0052250,O0049607,2024-05-30T17:00:50Z,customer_return,882.73
R003924,PAY0052279,O0049634,2023-10-26T11:08:42Z,duplicate,34.49
R003925,PAY0052287,O0049642,2024-05-27T04:31:23Z,damaged,399.28
R003926,PAY0052288,O0049643,2025-04-13T07:47:34Z,damaged,379.66
R003927,PAY0052291,O0049646,2025-08-03T07:59:38Z,duplicate,259.27
R003928,PAY0052302,O0049656,2023-02-07T07:12:02Z,late_delivery,607.94
R003929,PAY0052316,O0049670,2023-01-11T09:43:07Z,duplicate,279.62
R003930,PAY0052325,O0049678,2024-02-08T23:49:23Z,customer_return,1260.50
R003931,PAY0052334,O0049687,2023-06-19T07:52:41Z,duplicate,618.61
R003932,PAY0052347,O0049699,2025-01-15T23:11:56Z,duplicate,375.34
R003933,PAY0052364,O0049716,2025-12-31T13:42:02Z,customer_return,615.11
R003934,PAY0052371,O0049723,2023-07-10T17:00:31Z,duplicate,74.81
R003935,PAY0052373,O0049725,2025-08-30T21:18:09Z,late_delivery,61.67
R003936,PAY0052384,O0049734,2025-05-10T12:29:16Z,damaged,103.72
R003937,PAY0052396,O0049745,2023-03-20T01:14:04Z,customer_return,387.25
R003938,PAY0052419,O0049767,2024-04-20T02:46:22Z,late_delivery,933.76
R003939,PAY0052427,O0049775,2023-05-25T15:14:53Z,customer_return,802.55
R003940,PAY0052464,O0049810,2023-05-26T09:19:29Z,damaged,425.48
R003941,PAY0052465,O0049811,2024-01-05T04:16:51Z,late_delivery,994.24
R003942,PAY0052467,O0049813,2024-01-31T19:04:23Z,damaged,85.89
R003943,PAY0052485,O0049831,2023-09-22T13:30:15Z,damaged,363.07
R003944,PAY0052501,O0049846,2025-06-04T11:48:39Z,customer_return,771.17
R003945,PAY0052535,O0049880,2023-12-17T08:54:31Z,damaged,140.27
R003946,PAY0052540,O0049884,2023-02-06T18:18:58Z,customer_return,308.55
R003947,PAY0052574,O0049916,2025-05-07T19:59:32Z,customer_return,72.62
R003948,PAY0052583,O0049925,2025-05-07T15:46:35Z,customer_return,1088.85
R003949,PAY0052589,O0049930,2025-09-12T21:08:43Z,damaged,15.65
R003950,PAY0052612,O0049953,2025-03-22T06:07:08Z,customer_return,414.33
R003951,PAY0052625,O0049965,2023-06-08T13:48:20Z,duplicate,1147.20
R003952,PAY0052634,O0049974,2023-11-03T18:57:56Z,customer_return,98.30
R003953,PAY0052638,O0049978,2023-06-15T07:34:07Z,damaged,168.40
R003954,PAY0052680,O0050017,2025-04-04T00:06:21Z,duplicate,92.81
R003955,PAY0052707,O0050042,2025-10-03T17:32:51Z,duplicate,105.01
R003956,PAY0052734,O0050066,2023-05-20T10:25:14Z,late_delivery,839.21
R003957,PAY0052741,O0050073,2025-07-12T22:05:33Z,customer_return,53.28
R003958,PAY0052747,O0050079,2025-01-21T18:37:52Z,customer_return,1167.58
R003959,PAY0052751,O0050083,2025-11-08T07:58:52Z,late_delivery,329.22
R003960,PAY0052779,O0050111,2023-06-05T22:36:07Z,duplicate,361.69
R003961,PAY0052780,O0050112,2023-06-24T09:00:53Z,customer_return,401.84
R003962,PAY0052782,O0050114,2025-01-20T19:38:59Z,customer_return,902.20
R003963,PAY0052797,O0050128,2023-01-29T07:58:05Z,customer_return,1133.13
R003964,PAY0052809,O0050140,2025-11-10T13:45:55Z,late_delivery,485.16
R003965,PAY0052825,O0050155,2024-06-25T03:29:27Z,late_delivery,149.30
R003966,PAY0052858,O0050185,2023-04-29T05:44:13Z,late_delivery,535.82
R003967,PAY0052892,O0050219,2025-03-27T12:10:03Z,damaged,425.17
R003968,PAY0052895,O0050222,2023-06-15T16:15:27Z,duplicate,18.67
R003969,PAY0052904,O0050231,2023-10-17T01:40:44Z,damaged,51.83
R003970,PAY0052926,O0050251,2023-05-15T18:21:01Z,duplicate,659.76
R003971,PAY0052950,O0050273,2025-05-11T19:08:55Z,customer_return,814.49
R003972,PAY0052963,O0050285,2023-11-26T08:54:19Z,customer_return,19.89
R003973,PAY0052990,O0050312,2024-03-07T22:57:49Z,customer_return,1108.49
R003974,PAY0052995,O0050317,2025-06-20T15:28:52Z,damaged,384.67
R003975,PAY0053016,O0050338,2024-10-08T03:21:12Z,late_delivery,439.21
R003976,PAY0053087,O0050407,2024-12-14T08:12:54Z,damaged,586.89
R003977,PAY0053094,O0050414,2025-06-29T03:07:13Z,late_delivery,234.97
R003978,PAY0053131,O0050451,2023-04-29T01:41:15Z,duplicate,438.16
R003979,PAY0053135,O0050455,2025-03-21T01:13:21Z,customer_return,95.23
R003980,PAY0053143,O0050462,2025-12-31T12:35:55Z,late_delivery,183.30
R003981,PAY0053161,O0050478,2023-11-21T16:23:32Z,duplicate,264.00
R003982,PAY0053165,O0050482,2024-06-28T04:47:41Z,duplicate,15.50
R003983,PAY0053179,O0050496,2024-06-05T05:48:36Z,damaged,339.53
R003984,PAY0053196,O0050512,2023-02-04T04:00:00Z,customer_return,410.78
R003985,PAY0053198,O0050514,2025-11-06T20:52:51Z,customer_return,1222.17
R003986,PAY0053225,O0050540,2024-11-07T01:43:53Z,customer_return,663.91
R003987,PAY0053247,O0050561,2023-06-06T07:15:31Z,customer_return,473.43
R003988,PAY0053318,O0050630,2025-06-17T06:36:38Z,customer_return,16.75
R003989,PAY0053322,O0050634,2024-10-06T04:05:37Z,damaged,554.84
R003990,PAY0053326,O0050638,2023-08-16T00:45:42Z,duplicate,37.29
R003991,PAY0053355,O0050665,2024-03-16T22:36:25Z,duplicate,996.67
R003992,PAY0053363,O0050673,2024-02-24T03:05:22Z,late_delivery,1179.42
R003993,PAY0053424,O0050729,2024-02-14T01:31:32Z,customer_return,549.70
R003994,PAY0053452,O0050756,2024-12-07T00:37:18Z,customer_return,149.16
R003995,PAY0053464,O0050768,2023-04-16T16:05:35Z,duplicate,212.07
R003996,PAY0053488,O0050792,2024-09-08T20:14:09Z,damaged,1509.61
R003997,PAY0053500,O0050804,2025-07-15T01:39:36Z,late_delivery,267.48
R003998,PAY0053502,O0050806,2024-06-30T06:21:57Z,duplicate,251.32
R003999,PAY0053513,O0050817,2023-02-15T00:59:18Z,damaged,436.25
R004000,PAY0053519,O0050823,2025-12-28T22:08:18Z,customer_return,57.72
R004001,PAY0053552,O0050855,2023-02-10T20:58:44Z,customer_return,408.22
R004002,PAY0053565,O0050866,2023-04-11T17:15:39Z,duplicate,495.09
R004003,PAY0053583,O0050883,2025-01-09T10:39:47Z,damaged,524.40
R004004,PAY0053586,O0050886,2024-01-22T22:20:08Z,late_delivery,18.20
R004005,PAY0053591,O0050891,2024-08-05T05:35:46Z,duplicate,400.18
R004006,PAY0053600,O0050900,2024-01-22T03:35:37Z,customer_return,17.51
R004007,PAY0053610,O0050910,2024-01-22T21:20:13Z,damaged,392.42
R004008,PAY0053630,O0050930,2025-11-24T08:18:07Z,customer_return,200.48
R004009,PAY0053638,O0050938,2023-08-21T05:35:43Z,duplicate,270.93
R004010,PAY0053651,O0050951,2025-10-14T17:21:29Z,customer_return,312.22
R004011,PAY0053682,O0050981,2023-06-10T06:59:54Z,duplicate,14.75
R004012,PAY0053684,O0050983,2024-07-27T20:58:14Z,duplicate,1375.70
R004013,PAY0053696,O0050994,2024-12-25T21:52:11Z,duplicate,1171.97
R004014,PAY0053697,O0050995,2024-08-14T01:45:05Z,customer_return,445.34
R004015,PAY0053707,O0051005,2024-12-21T18:34:25Z,late_delivery,19.37
R004016,PAY0053721,O0051019,2024-05-01T00:19:25Z,duplicate,5.67
R004017,PAY0053727,O0051025,2025-11-02T04:14:41Z,customer_return,235.90
R004018,PAY0053753,O0051050,2023-11-21T00:42:33Z,late_delivery,159.28
R004019,PAY0053787,O0051083,2024-08-21T10:12:45Z,customer_return,845.60
R004020,PAY0053792,O0051087,2024-02-05T16:39:10Z,duplicate,168.79
R004021,PAY0053818,O0051111,2023-06-13T10:06:29Z,late_delivery,571.29
R004022,PAY0053820,O0051113,2025-09-29T16:07:03Z,customer_return,111.02
R004023,PAY0053841,O0051133,2024-08-27T19:02:18Z,damaged,441.73
R004024,PAY0053855,O0051147,2023-06-09T05:53:08Z,customer_return,389.52
R004025,PAY0053856,O0051148,2023-09-10T20:25:24Z,customer_return,318.78
R004026,PAY0053870,O0051161,2024-12-23T22:14:42Z,late_delivery,396.55
R004027,PAY0053879,O0051169,2025-05-21T02:27:38Z,duplicate,1100.88
R004028,PAY0053900,O0051190,2024-06-06T08:26:26Z,damaged,393.72
R004029,PAY0053916,O0051205,2025-07-01T08:15:39Z,duplicate,1365.77
R004030,PAY0053953,O0051241,2023-02-15T10:11:09Z,duplicate,622.80
R004031,PAY0053979,O0051265,2024-12-20T15:56:26Z,damaged,28.42
R004032,PAY0053986,O0051272,2023-04-06T13:44:04Z,damaged,96.85
R004033,PAY0054001,O0051285,2025-06-21T12:47:04Z,duplicate,891.59
R004034,PAY0054002,O0051286,2025-12-31T00:28:44Z,damaged,126.81
R004035,PAY0054003,O0051287,2025-12-31T10:57:11Z,damaged,468.43
R004036,PAY0054009,O0051292,2023-02-19T05:55:19Z,duplicate,803.05
R004037,PAY0054018,O0051300,2024-05-03T20:11:48Z,customer_return,228.60
R004038,PAY0054028,O0051309,2025-09-01T14:24:59Z,late_delivery,3.76
R004039,PAY0054061,O0051341,2025-02-22T15:31:13Z,damaged,307.93
R004040,PAY0054066,O0051346,2023-07-30T19:39:40Z,customer_return,88.55
R004041,PAY0054090,O0051368,2023-03-06T11:26:05Z,customer_return,57.39
R004042,PAY0054143,O0051419,2025-06-04T03:14:11Z,late_delivery,187.12
R004043,PAY0054160,O0051435,2025-05-10T10:24:40Z,late_delivery,546.29
R004044,PAY0054162,O0051437,2023-07-01T15:05:35Z,late_delivery,43.52
R004045,PAY0054168,O0051442,2024-01-17T19:41:34Z,duplicate,22.90
R004046,PAY0054190,O0051463,2025-10-24T01:09:29Z,damaged,7.05
R004047,PAY0054200,O0051472,2025-08-14T20:49:54Z,damaged,331.41
R004048,PAY0054212,O0051483,2025-05-24T08:51:20Z,duplicate,1310.85
R004049,PAY0054216,O0051487,2025-06-22T23:33:37Z,damaged,275.59
R004050,PAY0054241,O0051512,2023-02-04T23:05:55Z,duplicate,15.29
R004051,PAY0054254,O0051523,2025-03-14T09:35:57Z,late_delivery,79.16
R004052,PAY0054286,O0051555,2025-06-10T16:48:36Z,damaged,259.89
R004053,PAY0054293,O0051562,2024-05-05T15:09:31Z,duplicate,188.76
R004054,PAY0054295,O0051564,2025-03-15T18:08:38Z,customer_return,681.74
R004055,PAY0054308,O0051576,2024-10-04T23:42:10Z,duplicate,54.72
R004056,PAY0054311,O0051579,2024-05-19T16:44:03Z,damaged,212.74
R004057,PAY0054325,O0051593,2025-03-14T00:19:00Z,late_delivery,994.19
R004058,PAY0054331,O0051599,2024-04-27T18:55:00Z,late_delivery,376.65
R004059,PAY0054340,O0051608,2025-10-09T17:32:08Z,duplicate,1140.44
R004060,PAY0054369,O0051636,2024-02-13T17:50:32Z,damaged,177.42
R004061,PAY0054381,O0051647,2023-07-23T13:03:57Z,late_delivery,960.59
R004062,PAY0054382,O0051648,2023-08-10T01:24:24Z,late_delivery,395.34
R004063,PAY0054406,O0051670,2023-09-22T06:23:28Z,damaged,775.73
R004064,PAY0054430,O0051693,2023-03-23T12:24:04Z,damaged,76.68
R004065,PAY0054444,O0051706,2025-12-31T12:42:29Z,damaged,1566.64
R004066,PAY0054454,O0051715,2023-04-29T00:02:37Z,damaged,980.68
R004067,PAY0054481,O0051739,2023-08-25T21:15:25Z,customer_return,635.70
R004068,PAY0054500,O0051756,2025-10-27T06:12:42Z,duplicate,281.71
R004069,PAY0054550,O0051806,2024-08-17T05:37:35Z,customer_return,6.94
R004070,PAY0054561,O0051816,2025-08-02T11:29:59Z,customer_return,57.53
R004071,PAY0054586,O0051839,2024-03-11T03:31:04Z,duplicate,478.22
R004072,PAY0054587,O0051840,2024-05-18T19:54:14Z,late_delivery,61.05
R004073,PAY0054607,O0051859,2025-08-05T18:43:50Z,late_delivery,255.71
R004074,PAY0054629,O0051880,2023-12-23T06:19:03Z,late_delivery,252.32
R004075,PAY0054646,O0051897,2023-01-28T18:15:48Z,late_delivery,497.51
R004076,PAY0054655,O0051905,2025-07-30T01:21:00Z,damaged,47.59
R004077,PAY0054659,O0051909,2025-05-07T19:17:12Z,late_delivery,465.67
R004078,PAY0054676,O0051926,2023-12-02T11:13:41Z,damaged,277.00
R004079,PAY0054697,O0051946,2025-12-31T07:58:06Z,late_delivery,62.98
R004080,PAY0054704,O0051953,2024-10-26T01:08:24Z,duplicate,126.97
R004081,PAY0054723,O0051972,2023-05-23T12:28:25Z,duplicate,419.01
R004082,PAY0054728,O0051977,2025-06-04T11:19:40Z,late_delivery,581.03
R004083,PAY0054729,O0051978,2023-02-07T20:48:28Z,late_delivery,321.71
R004084,PAY0054731,O0051980,2024-09-25T05:47:15Z,damaged,354.21
R004085,PAY0054743,O0051989,2024-11-09T07:49:40Z,damaged,434.07
R004086,PAY0054744,O0051990,2025-02-22T02:09:22Z,customer_return,634.84
R004087,PAY0054751,O0051997,2025-08-01T15:45:41Z,duplicate,658.36
R004088,PAY0054755,O0052001,2024-05-26T01:00:00Z,damaged,82.02
R004089,PAY0054813,O0052057,2025-05-28T10:03:20Z,late_delivery,27.60
R004090,PAY0054830,O0052073,2023-11-29T08:12:29Z,duplicate,316.65
R004091,PAY0054832,O0052075,2025-03-22T15:00:04Z,damaged,318.46
R004092,PAY0054837,O0052080,2024-05-08T15:14:50Z,customer_return,9.20
R004093,PAY0054841,O0052084,2023-05-02T16:37:47Z,late_delivery,1225.78
R004094,PAY0054863,O0052105,2024-09-11T05:36:02Z,late_delivery,341.95
R004095,PAY0054865,O0052107,2023-05-02T01:27:43Z,duplicate,243.18
R004096,PAY0054870,O0052112,2023-05-24T13:27:55Z,customer_return,296.90
R004097,PAY0054875,O0052116,2024-04-26T09:18:11Z,damaged,143.94
R004098,PAY0054885,O0052124,2025-06-05T13:54:06Z,damaged,262.97
R004099,PAY0054892,O0052131,2025-05-27T19:28:12Z,damaged,87.16
R004100,PAY0054894,O0052133,2025-01-24T21:27:25Z,customer_return,736.53
R004101,PAY0054895,O0052134,2025-10-30T10:11:48Z,customer_return,247.01
R004102,PAY0054898,O0052137,2023-04-11T02:20:52Z,duplicate,383.79
R004103,PAY0054902,O0052141,2025-04-14T15:25:40Z,customer_return,45.88
R004104,PAY0054904,O0052143,2024-03-06T21:28:00Z,duplicate,1038.04
R004105,PAY0054914,O0052153,2024-11-10T16:02:12Z,customer_return,75.18
R004106,PAY0054925,O0052163,2025-03-20T03:19:09Z,damaged,223.03
R004107,PAY0054926,O0052164,2024-08-23T12:53:47Z,late_delivery,94.53
R004108,PAY0054941,O0052179,2024-10-23T15:54:13Z,damaged,239.17
R004109,PAY0054945,O0052183,2025-02-03T16:32:32Z,late_delivery,53.39
R004110,PAY0054953,O0052190,2025-05-04T02:05:16Z,late_delivery,16.97
R004111,PAY0054959,O0052196,2023-05-10T15:42:15Z,duplicate,231.31
R004112,PAY0054963,O0052199,2024-07-02T20:39:12Z,duplicate,647.69
R004113,PAY0055008,O0052243,2024-11-01T16:59:23Z,customer_return,1951.04
R004114,PAY0055009,O0052244,2024-02-05T18:12:22Z,customer_return,74.98
R004115,PAY0055029,O0052263,2023-11-20T00:42:10Z,damaged,63.82
R004116,PAY0055038,O0052271,2023-12-25T03:50:22Z,customer_return,328.56
R004117,PAY0055054,O0052287,2024-06-27T04:19:32Z,damaged,106.37
R004118,PAY0055062,O0052293,2024-11-20T07:09:54Z,late_delivery,386.12
R004119,PAY0055070,O0052300,2025-05-04T23:09:39Z,customer_return,41.14
R004120,PAY0055072,O0052302,2024-02-06T01:00:36Z,damaged,34.97
R004121,PAY0055078,O0052307,2023-06-20T05:33:26Z,customer_return,673.05
R004122,PAY0055081,O0052310,2025-04-04T19:58:48Z,late_delivery,41.37
R004123,PAY0055086,O0052315,2024-05-07T00:45:02Z,customer_return,49.52
R004124,PAY0055097,O0052326,2024-05-01T23:05:37Z,duplicate,10.59
R004125,PAY0055099,O0052328,2024-09-05T04:13:48Z,late_delivery,250.51
R004126,PAY0055116,O0052343,2024-02-19T00:14:14Z,duplicate,5.04
R004127,PAY0055117,O0052344,2024-01-05T20:58:07Z,late_delivery,135.15
R004128,PAY0055125,O0052352,2023-11-22T15:42:37Z,damaged,1915.14
R004129,PAY0055154,O0052380,2025-10-17T12:44:51Z,duplicate,621.11
R004130,PAY0055174,O0052399,2024-11-27T04:54:23Z,customer_return,262.46
R004131,PAY0055178,O0052403,2023-07-02T10:48:22Z,late_delivery,349.43
R004132,PAY0055223,O0052448,2024-07-15T20:02:14Z,damaged,1084.31
R004133,PAY0055229,O0052453,2024-01-08T07:10:30Z,duplicate,87.19
R004134,PAY0055244,O0052468,2025-07-28T20:36:43Z,duplicate,920.01
R004135,PAY0055267,O0052491,2023-06-22T12:40:57Z,customer_return,748.95
R004136,PAY0055315,O0052533,2023-09-24T11:44:19Z,duplicate,456.66
R004137,PAY0055332,O0052548,2024-06-24T05:14:07Z,damaged,472.19
R004138,PAY0055336,O0052552,2023-05-06T06:15:55Z,customer_return,90.36
R004139,PAY0055342,O0052558,2025-09-13T09:58:00Z,late_delivery,278.12
R004140,PAY0055397,O0052610,2024-05-30T17:26:34Z,customer_return,280.25
R004141,PAY0055402,O0052615,2024-01-13T10:25:05Z,duplicate,149.29
R004142,PAY0055419,O0052632,2024-01-31T09:18:12Z,late_delivery,147.95
R004143,PAY0055438,O0052651,2025-07-10T16:08:22Z,duplicate,192.77
R004144,PAY0055468,O0052680,2025-11-17T19:15:33Z,customer_return,222.22
R004145,PAY0055506,O0052714,2024-05-22T11:07:08Z,customer_return,1615.51
R004146,PAY0055508,O0052716,2023-10-18T16:45:53Z,duplicate,418.85
R004147,PAY0055519,O0052727,2024-12-18T04:47:16Z,duplicate,1120.69
R004148,PAY0055529,O0052736,2023-08-03T20:46:12Z,duplicate,235.30
R004149,PAY0055536,O0052743,2025-07-05T08:24:01Z,late_delivery,527.55
R004150,PAY0055553,O0052758,2024-12-29T05:44:52Z,damaged,1589.70
R004151,PAY0055556,O0052761,2025-09-28T06:27:45Z,duplicate,38.05
R004152,PAY0055562,O0052764,2024-09-30T10:05:59Z,late_delivery,262.27
R004153,PAY0055566,O0052767,2024-11-21T22:17:53Z,duplicate,4.34
R004154,PAY0055567,O0052768,2024-07-27T19:49:22Z,damaged,114.30
R004155,PAY0055587,O0052787,2025-10-07T21:16:25Z,damaged,525.75
R004156,PAY0055612,O0052809,2024-09-29T10:38:13Z,damaged,146.24
R004157,PAY0055616,O0052813,2024-03-01T17:49:00Z,late_delivery,17.93
R004158,PAY0055644,O0052840,2024-05-20T17:57:36Z,customer_return,348.29
R004159,PAY0055668,O0052861,2023-09-22T00:00:40Z,late_delivery,892.06
R004160,PAY0055671,O0052864,2023-06-28T21:06:56Z,customer_return,772.44
R004161,PAY0055672,O0052865,2025-12-12T18:15:19Z,duplicate,502.42
R004162,PAY0055676,O0052869,2025-12-31T12:29:11Z,customer_return,413.78
R004163,PAY0055679,O0052872,2023-04-22T18:00:53Z,customer_return,33.47
R004164,PAY0055691,O0052884,2025-12-09T14:09:01Z,damaged,113.59
R004165,PAY0055700,O0052893,2023-12-04T02:33:18Z,damaged,486.93
R004166,PAY0055717,O0052909,2024-08-08T10:12:41Z,duplicate,1086.72
R004167,PAY0055731,O0052922,2023-02-13T08:43:29Z,duplicate,63.76
R004168,PAY0055745,O0052935,2023-11-19T12:34:36Z,damaged,320.59
R004169,PAY0055781,O0052970,2025-10-13T00:29:13Z,duplicate,182.93
R004170,PAY0055787,O0052975,2024-10-17T11:46:17Z,damaged,146.19
R004171,PAY0055797,O0052985,2023-06-05T18:43:02Z,duplicate,124.41
R004172,PAY0055807,O0052995,2023-04-11T23:07:17Z,customer_return,160.04
R004173,PAY0055818,O0053006,2025-01-04T06:32:36Z,late_delivery,36.60
R004174,PAY0055829,O0053017,2023-11-19T20:51:13Z,damaged,341.98
R004175,PAY0055837,O0053024,2024-01-13T22:41:51Z,late_delivery,686.33
R004176,PAY0055863,O0053049,2025-12-10T11:32:58Z,customer_return,264.79
R004177,PAY0055867,O0053053,2023-02-02T11:45:01Z,damaged,508.68
R004178,PAY0055875,O0053060,2023-03-03T06:41:27Z,late_delivery,2387.89
R004179,PAY0055924,O0053102,2025-06-07T16:44:49Z,duplicate,122.16
R004180,PAY0055942,O0053120,2023-10-18T09:57:21Z,late_delivery,1033.41
R004181,PAY0055943,O0053121,2023-07-14T20:36:55Z,damaged,819.30
R004182,PAY0055959,O0053136,2023-06-15T23:45:39Z,damaged,144.16
R004183,PAY0055960,O0053137,2023-08-29T08:16:21Z,late_delivery,463.91
R004184,PAY0055966,O0053142,2024-09-25T03:18:21Z,customer_return,242.39
R004185,PAY0055977,O0053153,2025-01-30T06:32:44Z,damaged,351.29
R004186,PAY0055988,O0053164,2025-07-07T01:11:00Z,damaged,184.11
R004187,PAY0056038,O0053212,2025-06-01T13:01:47Z,duplicate,173.49
R004188,PAY0056077,O0053246,2024-10-04T12:43:54Z,damaged,267.78
R004189,PAY0056093,O0053261,2025-11-02T17:53:04Z,damaged,20.89
R004190,PAY0056130,O0053296,2023-10-31T22:25:43Z,customer_return,1226.55
R004191,PAY0056154,O0053319,2023-03-21T08:12:00Z,late_delivery,332.33
R004192,PAY0056177,O0053340,2023-07-07T08:19:15Z,duplicate,384.32
R004193,PAY0056181,O0053344,2024-01-04T19:14:23Z,duplicate,956.17
R004194,PAY0056185,O0053348,2024-10-28T04:38:20Z,late_delivery,1099.68
R004195,PAY0056191,O0053354,2025-08-07T10:23:51Z,duplicate,156.86
R004196,PAY0056201,O0053363,2025-09-20T07:45:14Z,damaged,944.94
R004197,PAY0056203,O0053365,2023-11-25T15:22:28Z,late_delivery,331.02
R004198,PAY0056225,O0053385,2024-08-16T10:12:05Z,duplicate,56.94
R004199,PAY0056242,O0053398,2025-08-09T21:55:18Z,late_delivery,9.46
R004200,PAY0056256,O0053412,2024-10-04T12:52:51Z,duplicate,725.22
R004201,PAY0056259,O0053415,2024-02-23T15:24:38Z,customer_return,1123.16
R004202,PAY0056288,O0053441,2025-05-02T01:00:12Z,duplicate,48.46
R004203,PAY0056289,O0053442,2023-08-18T10:32:27Z,late_delivery,205.16
R004204,PAY0056314,O0053466,2025-10-06T06:17:42Z,customer_return,151.92
R004205,PAY0056317,O0053469,2024-06-01T21:21:49Z,customer_return,85.68
R004206,PAY0056340,O0053488,2023-09-23T09:30:58Z,duplicate,352.52
R004207,PAY0056344,O0053492,2024-04-07T03:37:19Z,late_delivery,306.24
R004208,PAY0056351,O0053498,2024-06-30T23:31:18Z,damaged,82.06
R004209,PAY0056353,O0053499,2024-03-20T04:54:19Z,late_delivery,605.70
R004210,PAY0056366,O0053512,2025-12-31T02:29:08Z,customer_return,257.32
R004211,PAY0056368,O0053514,2024-04-15T20:19:42Z,damaged,86.62
R004212,PAY0056387,O0053532,2025-12-31T03:50:01Z,customer_return,87.62
R004213,PAY0056392,O0053537,2025-09-24T04:08:31Z,late_delivery,481.78
R004214,PAY0056404,O0053548,2024-12-18T16:56:34Z,damaged,200.76
R004215,PAY0056410,O0053554,2023-05-30T08:37:36Z,customer_return,138.51
R004216,PAY0056411,O0053555,2025-04-14T01:41:49Z,customer_return,296.77
R004217,PAY0056412,O0053556,2025-06-20T07:12:47Z,late_delivery,177.43
R004218,PAY0056418,O0053562,2025-06-12T21:56:05Z,customer_return,420.16
R004219,PAY0056428,O0053571,2024-02-06T09:58:50Z,duplicate,941.50
R004220,PAY0056430,O0053573,2023-05-16T03:35:03Z,damaged,934.61
R004221,PAY0056437,O0053580,2025-02-27T12:58:32Z,late_delivery,1051.95
R004222,PAY0056459,O0053599,2025-04-10T11:01:38Z,late_delivery,927.76
R004223,PAY0056464,O0053604,2025-02-08T01:52:25Z,duplicate,9.77
R004224,PAY0056473,O0053611,2025-05-30T01:54:24Z,late_delivery,663.57
R004225,PAY0056479,O0053617,2023-04-21T19:05:52Z,duplicate,756.90
R004226,PAY0056486,O0053624,2023-02-05T23:20:01Z,late_delivery,465.66
R004227,PAY0056488,O0053626,2025-02-08T19:56:11Z,customer_return,197.73
R004228,PAY0056490,O0053628,2024-11-29T13:27:54Z,late_delivery,141.27
R004229,PAY0056498,O0053636,2023-04-23T03:41:04Z,customer_return,30.80
R004230,PAY0056500,O0053638,2025-12-31T14:46:14Z,late_delivery,804.76
R004231,PAY0056536,O0053671,2023-06-08T11:10:36Z,duplicate,228.35
R004232,PAY0056545,O0053679,2024-07-21T07:26:09Z,late_delivery,50.34
R004233,PAY0056552,O0053686,2025-10-28T21:54:54Z,damaged,63.85
R004234,PAY0056554,O0053688,2023-06-01T05:44:55Z,duplicate,44.06
R004235,PAY0056556,O0053690,2024-03-03T03:34:53Z,late_delivery,127.47
R004236,PAY0056575,O0053706,2023-01-25T23:47:44Z,damaged,119.59
R004237,PAY0056582,O0053713,2025-02-24T00:47:38Z,customer_return,1631.06
R004238,PAY0056591,O0053721,2025-11-22T04:52:03Z,late_delivery,109.59
R004239,PAY0056615,O0053745,2025-06-20T20:29:20Z,duplicate,881.98
R004240,PAY0056625,O0053755,2023-06-17T07:32:23Z,damaged,36.92
R004241,PAY0056636,O0053764,2025-02-01T00:00:08Z,damaged,59.69
R004242,PAY0056665,O0053791,2023-07-22T15:47:27Z,damaged,487.44
R004243,PAY0056683,O0053808,2025-08-03T06:56:08Z,damaged,38.68
R004244,PAY0056692,O0053816,2023-04-08T09:38:14Z,damaged,679.21
R004245,PAY0056710,O0053832,2024-07-20T11:37:48Z,damaged,381.50
R004246,PAY0056727,O0053848,2025-05-04T04:41:07Z,damaged,820.92
R004247,PAY0056750,O0053870,2024-04-24T00:36:42Z,late_delivery,143.57
R004248,PAY0056754,O0053874,2025-06-27T21:10:12Z,damaged,484.76
R004249,PAY0056765,O0053884,2024-03-19T15:54:08Z,damaged,196.70
R004250,PAY0056779,O0053898,2025-09-25T01:00:08Z,customer_return,86.40
R004251,PAY0056792,O0053911,2023-08-23T23:02:43Z,damaged,582.26
R004252,PAY0056815,O0053933,2023-12-10T00:08:41Z,damaged,370.87
R004253,PAY0056817,O0053935,2024-12-08T11:36:20Z,late_delivery,99.73
R004254,PAY0056821,O0053938,2025-11-18T07:00:03Z,customer_return,509.68
R004255,PAY0056824,O0053941,2025-12-02T07:00:49Z,late_delivery,96.55
R004256,PAY0056839,O0053955,2024-12-20T01:51:23Z,damaged,118.56
R004257,PAY0056844,O0053960,2023-02-05T08:59:22Z,customer_return,350.42
R004258,PAY0056850,O0053964,2023-08-08T13:52:21Z,damaged,733.12
R004259,PAY0056858,O0053972,2025-10-20T08:43:24Z,duplicate,347.30
R004260,PAY0056859,O0053973,2023-01-13T13:11:37Z,duplicate,40.70
R004261,PAY0056898,O0054012,2024-12-22T15:33:57Z,duplicate,843.89
R004262,PAY0056908,O0054022,2025-06-30T16:27:08Z,duplicate,1043.95
R004263,PAY0056915,O0054029,2024-11-15T11:59:17Z,duplicate,437.35
R004264,PAY0056931,O0054044,2023-08-18T10:06:47Z,duplicate,356.96
R004265,PAY0056964,O0054073,2025-01-10T11:10:50Z,late_delivery,307.09
R004266,PAY0056978,O0054086,2025-10-20T23:16:49Z,damaged,42.75
R004267,PAY0056981,O0054089,2024-04-18T07:25:30Z,late_delivery,8.38
R004268,PAY0056988,O0054095,2023-06-22T23:13:36Z,customer_return,262.72
R004269,PAY0057017,O0054124,2023-06-07T13:43:20Z,duplicate,92.14
R004270,PAY0057085,O0054184,2024-04-20T02:17:46Z,customer_return,637.34
R004271,PAY0057107,O0054205,2023-12-19T09:39:48Z,late_delivery,767.06
R004272,PAY0057111,O0054208,2023-04-08T23:28:02Z,late_delivery,245.71
R004273,PAY0057123,O0054219,2025-12-31T23:37:09Z,damaged,270.03
R004274,PAY0057138,O0054232,2024-05-04T03:57:49Z,duplicate,502.59
R004275,PAY0057141,O0054235,2025-11-14T16:06:15Z,late_delivery,50.05
R004276,PAY0057164,O0054258,2024-12-01T00:09:35Z,customer_return,612.01
R004277,PAY0057166,O0054260,2024-05-10T19:25:31Z,duplicate,1717.37
R004278,PAY0057174,O0054267,2024-03-18T19:01:10Z,late_delivery,219.17
R004279,PAY0057183,O0054276,2024-10-20T08:32:41Z,damaged,191.88
R004280,PAY0057230,O0054320,2023-09-20T04:14:40Z,late_delivery,1168.38
R004281,PAY0057261,O0054350,2025-09-19T00:57:39Z,customer_return,112.97
R004282,PAY0057276,O0054365,2023-12-04T07:25:52Z,customer_return,110.05
R004283,PAY0057282,O0054371,2025-03-11T21:54:40Z,duplicate,240.98
R004284,PAY0057289,O0054378,2023-09-22T18:28:50Z,late_delivery,1680.81
R004285,PAY0057290,O0054379,2024-11-20T22:28:44Z,duplicate,196.03
R004286,PAY0057298,O0054387,2025-06-29T08:26:53Z,duplicate,44.15
R004287,PAY0057299,O0054388,2024-04-05T01:38:29Z,damaged,83.76
R004288,PAY0057304,O0054393,2023-04-28T01:20:19Z,damaged,255.00
R004289,PAY0057305,O0054394,2024-08-24T06:24:29Z,duplicate,53.79
R004290,PAY0057311,O0054400,2023-04-29T02:39:55Z,duplicate,415.80
R004291,PAY0057321,O0054410,2024-06-01T22:42:44Z,damaged,136.09
R004292,PAY0057344,O0054430,2025-03-01T12:46:51Z,late_delivery,1712.85
R004293,PAY0057346,O0054432,2025-12-20T05:46:18Z,customer_return,208.61
R004294,PAY0057353,O0054439,2024-06-23T09:01:39Z,duplicate,736.65
R004295,PAY0057384,O0054468,2024-02-26T07:03:11Z,customer_return,93.95
R004296,PAY0057385,O0054469,2023-04-08T22:18:40Z,duplicate,402.32
R004297,PAY0057400,O0054484,2023-07-20T01:46:50Z,damaged,556.25
R004298,PAY0057422,O0054504,2023-12-13T04:03:14Z,damaged,145.95
R004299,PAY0057423,O0054505,2023-11-30T09:24:08Z,duplicate,724.47
R004300,PAY0057449,O0054531,2025-03-18T18:05:33Z,damaged,707.81
R004301,PAY0057460,O0054541,2023-10-11T09:18:09Z,damaged,35.58
R004302,PAY0057464,O0054545,2024-06-25T16:37:53Z,damaged,164.89
R004303,PAY0057483,O0054563,2025-09-24T20:48:37Z,late_delivery,811.06
R004304,PAY0057488,O0054568,2025-07-01T22:19:26Z,customer_return,269.45
R004305,PAY0057494,O0054573,2025-10-22T16:12:37Z,damaged,868.89
R004306,PAY0057502,O0054581,2024-10-27T11:40:48Z,customer_return,387.57
R004307,PAY0057517,O0054596,2024-03-14T04:18:36Z,duplicate,488.04
R004308,PAY0057522,O0054601,2025-03-27T23:18:13Z,duplicate,338.70
R004309,PAY0057548,O0054626,2023-07-10T01:19:19Z,duplicate,754.60
R004310,PAY0057550,O0054628,2024-01-10T07:37:26Z,late_delivery,1912.71
R004311,PAY0057562,O0054640,2023-01-31T08:03:13Z,customer_return,16.60
R004312,PAY0057573,O0054650,2023-11-30T17:45:03Z,damaged,499.80
R004313,PAY0057582,O0054659,2024-04-29T16:12:05Z,damaged,169.04
R004314,PAY0057587,O0054664,2024-09-27T02:38:18Z,late_delivery,312.10
R004315,PAY0057593,O0054669,2024-02-17T20:46:00Z,duplicate,1605.62
R004316,PAY0057629,O0054703,2025-11-05T10:58:43Z,damaged,137.32
R004317,PAY0057633,O0054707,2023-06-03T17:24:17Z,duplicate,308.31
R004318,PAY0057654,O0054728,2023-04-08T08:49:10Z,damaged,318.08
R004319,PAY0057658,O0054732,2025-06-30T16:44:02Z,customer_return,1.67
R004320,PAY0057665,O0054739,2024-10-02T21:10:11Z,duplicate,256.73
R004321,PAY0057673,O0054747,2023-10-21T15:42:25Z,damaged,152.25
R004322,PAY0057684,O0054757,2025-10-08T19:28:06Z,late_delivery,489.56
R004323,PAY0057690,O0054763,2025-02-01T09:59:57Z,late_delivery,290.36
R004324,PAY0057692,O0054765,2023-09-21T06:06:32Z,damaged,67.04
R004325,PAY0057712,O0054784,2023-09-21T00:31:12Z,duplicate,48.42
R004326,PAY0057740,O0054810,2025-10-12T18:32:46Z,customer_return,61.10
R004327,PAY0057747,O0054817,2023-07-20T09:19:17Z,damaged,275.52
R004328,PAY0057760,O0054828,2025-10-28T11:02:45Z,customer_return,2.91
R004329,PAY0057762,O0054830,2025-03-23T09:24:05Z,duplicate,77.52
R004330,PAY0057766,O0054834,2025-07-07T03:05:43Z,damaged,273.98
R004331,PAY0057788,O0054853,2023-08-10T08:41:38Z,duplicate,1034.74
R004332,PAY0057807,O0054872,2025-02-22T17:41:34Z,customer_return,1155.12
R004333,PAY0057814,O0054878,2023-08-31T22:42:30Z,damaged,363.16
R004334,PAY0057838,O0054902,2025-05-10T18:21:58Z,damaged,1271.11
R004335,PAY0057845,O0054909,2025-08-23T14:12:48Z,late_delivery,1352.19
R004336,PAY0057848,O0054912,2023-07-05T22:52:47Z,customer_return,175.52
R004337,PAY0057849,O0054913,2025-06-17T10:52:37Z,customer_return,40.03
R004338,PAY0057851,O0054915,2023-07-14T05:26:14Z,late_delivery,102.64
R004339,PAY0057923,O0054982,2024-08-15T11:39:25Z,damaged,52.06
R004340,PAY0057938,O0054996,2023-09-04T04:59:38Z,late_delivery,355.71
R004341,PAY0057940,O0054998,2025-07-10T20:00:54Z,customer_return,336.24
R004342,PAY0057942,O0055000,2025-04-09T21:45:00Z,customer_return,46.71
R004343,PAY0057946,O0055004,2025-07-24T11:50:15Z,damaged,364.29
R004344,PAY0057947,O0055005,2023-05-28T14:47:08Z,damaged,118.87
R004345,PAY0057949,O0055007,2023-07-16T13:21:53Z,late_delivery,567.32
R004346,PAY0058024,O0055078,2023-08-23T07:58:19Z,late_delivery,67.20
R004347,PAY0058033,O0055087,2025-11-22T03:50:55Z,damaged,129.40
R004348,PAY0058042,O0055096,2024-12-16T20:41:48Z,duplicate,399.96
R004349,PAY0058061,O0055114,2025-11-29T22:00:58Z,customer_return,49.06
R004350,PAY0058063,O0055116,2025-05-25T21:26:15Z,customer_return,172.06
R004351,PAY0058069,O0055122,2025-12-03T11:01:43Z,late_delivery,627.96
R004352,PAY0058073,O0055126,2023-07-15T07:46:09Z,customer_return,750.02
R004353,PAY0058075,O0055128,2023-03-01T17:03:32Z,late_delivery,169.23
R004354,PAY0058081,O0055134,2024-11-04T03:49:34Z,duplicate,52.62
R004355,PAY0058120,O0055171,2024-08-21T21:10:45Z,customer_return,893.44
R004356,PAY0058143,O0055191,2023-10-08T13:58:59Z,damaged,402.69
R004357,PAY0058144,O0055192,2023-04-15T08:48:57Z,duplicate,35.96
R004358,PAY0058156,O0055201,2025-01-04T14:51:34Z,duplicate,34.11
R004359,PAY0058199,O0055241,2025-12-14T03:17:01Z,damaged,1126.43
R004360,PAY0058201,O0055243,2023-06-11T02:04:41Z,customer_return,156.93
R004361,PAY0058202,O0055244,2023-10-29T04:16:40Z,late_delivery,250.82
R004362,PAY0058226,O0055266,2023-06-26T19:33:18Z,duplicate,556.03
R004363,PAY0058240,O0055280,2024-04-13T04:50:36Z,duplicate,659.79
R004364,PAY0058255,O0055295,2024-02-11T08:47:45Z,late_delivery,547.73
R004365,PAY0058264,O0055304,2025-07-14T00:09:58Z,late_delivery,699.42
R004366,PAY0058265,O0055305,2025-09-02T17:10:16Z,damaged,543.19
R004367,PAY0058267,O0055307,2024-07-23T05:29:36Z,late_delivery,827.09
R004368,PAY0058283,O0055322,2025-01-01T18:32:36Z,damaged,385.29
R004369,PAY0058287,O0055326,2023-01-22T03:28:36Z,customer_return,272.87
R004370,PAY0058289,O0055328,2023-04-05T21:17:32Z,duplicate,764.17
R004371,PAY0058304,O0055340,2024-04-16T03:23:02Z,customer_return,495.09
R004372,PAY0058309,O0055345,2024-08-21T23:03:11Z,late_delivery,2.37
R004373,PAY0058345,O0055378,2023-08-06T04:32:25Z,damaged,6.63
R004374,PAY0058389,O0055421,2023-07-30T11:21:55Z,damaged,334.21
R004375,PAY0058397,O0055429,2024-07-24T07:06:30Z,customer_return,435.81
R004376,PAY0058405,O0055435,2023-02-09T19:02:29Z,late_delivery,1248.23
R004377,PAY0058438,O0055465,2023-04-11T02:24:46Z,duplicate,473.39
R004378,PAY0058443,O0055470,2024-05-14T08:21:08Z,damaged,64.23
R004379,PAY0058457,O0055482,2023-10-09T09:56:00Z,damaged,94.78
R004380,PAY0058472,O0055497,2023-06-03T23:51:35Z,late_delivery,576.57
R004381,PAY0058474,O0055499,2025-04-20T23:04:10Z,late_delivery,20.22
R004382,PAY0058510,O0055530,2024-05-26T10:51:19Z,duplicate,249.44
R004383,PAY0058526,O0055545,2023-11-20T17:26:02Z,damaged,35.82
R004384,PAY0058550,O0055569,2024-08-10T08:14:34Z,customer_return,26.63
R004385,PAY0058553,O0055572,2023-05-31T05:53:45Z,duplicate,143.56
R004386,PAY0058583,O0055601,2024-08-19T07:10:22Z,late_delivery,100.63
R004387,PAY0058601,O0055617,2025-06-19T11:11:43Z,damaged,176.27
R004388,PAY0058603,O0055619,2024-10-23T07:10:15Z,customer_return,512.08
R004389,PAY0058606,O0055622,2024-06-17T00:43:34Z,late_delivery,232.42
R004390,PAY0058615,O0055631,2024-12-16T00:54:59Z,late_delivery,60.43
R004391,PAY0058648,O0055663,2025-09-25T00:30:39Z,duplicate,140.74
R004392,PAY0058670,O0055684,2025-05-20T20:48:26Z,duplicate,496.38
R004393,PAY0058674,O0055688,2023-06-20T21:42:24Z,customer_return,13.22
R004394,PAY0058683,O0055696,2024-03-08T19:39:34Z,customer_return,456.61
R004395,PAY0058686,O0055699,2025-06-27T00:12:17Z,customer_return,131.18
R004396,PAY0058705,O0055717,2024-05-04T13:50:22Z,damaged,704.92
R004397,PAY0058707,O0055719,2024-12-12T07:29:57Z,duplicate,101.78
R004398,PAY0058725,O0055736,2025-12-31T07:18:38Z,customer_return,210.93
R004399,PAY0058727,O0055738,2023-02-21T01:14:16Z,damaged,487.16
R004400,PAY0058737,O0055748,2025-04-15T06:32:49Z,customer_return,23.39
R004401,PAY0058758,O0055767,2025-06-19T05:17:57Z,customer_return,205.69
R004402,PAY0058773,O0055779,2025-08-14T10:00:18Z,damaged,401.96
R004403,PAY0058774,O0055780,2023-02-17T04:35:16Z,customer_return,336.47
R004404,PAY0058829,O0055831,2023-10-29T22:45:56Z,duplicate,197.01
R004405,PAY0058841,O0055842,2025-01-24T22:14:27Z,customer_return,804.21
R004406,PAY0058852,O0055852,2025-10-06T15:54:25Z,duplicate,861.31
R004407,PAY0058864,O0055863,2023-10-26T01:58:15Z,damaged,0.85
R004408,PAY0058868,O0055867,2024-06-28T03:47:23Z,damaged,55.18
R004409,PAY0058883,O0055882,2023-09-26T17:37:48Z,duplicate,813.16
R004410,PAY0058896,O0055894,2023-11-09T02:30:39Z,late_delivery,132.39
R004411,PAY0058898,O0055896,2024-12-30T20:32:46Z,damaged,130.53
R004412,PAY0058905,O0055903,2023-02-11T02:05:42Z,duplicate,222.95
R004413,PAY0058925,O0055922,2024-03-13T07:03:52Z,damaged,22.10
R004414,PAY0058928,O0055925,2024-04-25T23:27:37Z,duplicate,434.56
R004415,PAY0058931,O0055928,2023-05-27T23:28:34Z,damaged,494.51
R004416,PAY0058985,O0055978,2024-03-24T14:17:00Z,damaged,547.99
R004417,PAY0058993,O0055986,2025-09-30T11:46:50Z,late_delivery,92.91
R004418,PAY0059007,O0055999,2025-05-08T23:03:54Z,duplicate,1785.60
R004419,PAY0059015,O0056006,2025-11-03T04:50:15Z,damaged,564.80
R004420,PAY0059047,O0056035,2023-06-04T16:27:29Z,duplicate,1627.57
R004421,PAY0059068,O0056055,2023-12-04T09:24:08Z,duplicate,122.10
R004422,PAY0059078,O0056065,2025-01-05T00:37:01Z,damaged,440.36
R004423,PAY0059084,O0056071,2023-08-24T12:29:07Z,customer_return,502.75
R004424,PAY0059093,O0056079,2023-06-14T03:04:12Z,damaged,457.37
R004425,PAY0059101,O0056086,2023-10-08T04:57:35Z,duplicate,185.52
R004426,PAY0059127,O0056108,2024-12-04T12:21:28Z,damaged,17.04
R004427,PAY0059134,O0056114,2024-02-06T21:16:58Z,customer_return,18.35
R004428,PAY0059145,O0056124,2025-10-26T13:20:00Z,customer_return,76.43
R004429,PAY0059153,O0056131,2024-10-28T11:50:18Z,damaged,142.22
R004430,PAY0059184,O0056161,2024-05-08T22:56:02Z,duplicate,414.89
R004431,PAY0059196,O0056171,2025-05-07T19:28:47Z,damaged,781.06
R004432,PAY0059214,O0056188,2025-06-02T12:30:58Z,damaged,501.09
R004433,PAY0059220,O0056193,2024-07-06T04:32:34Z,damaged,357.83
R004434,PAY0059224,O0056197,2024-04-01T09:09:54Z,duplicate,340.75
R004435,PAY0059227,O0056199,2023-07-29T00:47:26Z,customer_return,290.89
R004436,PAY0059247,O0056219,2023-08-06T19:24:24Z,damaged,677.74
R004437,PAY0059250,O0056222,2024-08-21T06:03:17Z,damaged,221.54
R004438,PAY0059282,O0056252,2025-03-28T20:16:12Z,damaged,263.33
R004439,PAY0059285,O0056255,2025-05-05T06:21:29Z,duplicate,42.21
R004440,PAY0059303,O0056270,2025-06-26T14:24:26Z,customer_return,334.13
R004441,PAY0059308,O0056275,2025-03-01T06:14:44Z,duplicate,194.53
R004442,PAY0059330,O0056296,2024-04-04T10:25:47Z,late_delivery,1198.61
R004443,PAY0059335,O0056301,2023-02-23T00:32:14Z,customer_return,65.39
R004444,PAY0059342,O0056308,2025-06-20T17:20:50Z,duplicate,608.50
R004445,PAY0059357,O0056323,2024-09-02T09:35:36Z,damaged,628.70
R004446,PAY0059364,O0056329,2024-02-19T06:56:54Z,customer_return,176.09
R004447,PAY0059369,O0056334,2023-01-12T09:17:52Z,late_delivery,35.48
R004448,PAY0059379,O0056344,2024-07-28T04:38:51Z,customer_return,449.14
R004449,PAY0059384,O0056349,2025-10-05T15:08:24Z,customer_return,93.99
R004450,PAY0059442,O0056406,2025-06-26T11:03:54Z,duplicate,299.93
R004451,PAY0059466,O0056430,2025-06-18T17:04:18Z,damaged,1741.08
R004452,PAY0059474,O0056437,2023-05-25T12:27:14Z,duplicate,173.62
R004453,PAY0059475,O0056438,2025-06-20T10:14:22Z,duplicate,369.09
R004454,PAY0059478,O0056441,2024-05-26T23:23:42Z,damaged,511.85
R004455,PAY0059486,O0056449,2025-11-10T01:44:13Z,customer_return,450.51
R004456,PAY0059501,O0056464,2023-10-04T00:02:03Z,damaged,327.26
R004457,PAY0059520,O0056482,2023-05-06T21:31:38Z,damaged,1688.61
R004458,PAY0059525,O0056487,2024-05-28T15:00:08Z,customer_return,216.76
R004459,PAY0059534,O0056496,2025-09-24T21:45:44Z,duplicate,991.44
R004460,PAY0059544,O0056505,2023-10-22T02:30:01Z,damaged,750.66
R004461,PAY0059574,O0056531,2024-02-21T13:34:18Z,late_delivery,729.78
R004462,PAY0059606,O0056560,2024-06-28T22:18:32Z,late_delivery,477.82
R004463,PAY0059622,O0056576,2025-03-01T01:46:12Z,customer_return,22.73
R004464,PAY0059648,O0056600,2024-03-29T06:53:49Z,duplicate,366.83
R004465,PAY0059653,O0056605,2024-06-17T06:34:15Z,late_delivery,37.82
R004466,PAY0059671,O0056623,2025-07-24T01:50:27Z,duplicate,162.96
R004467,PAY0059682,O0056633,2023-08-19T11:27:38Z,customer_return,1273.59
R004468,PAY0059724,O0056673,2025-12-31T21:00:26Z,duplicate,734.55
R004469,PAY0059726,O0056675,2025-02-21T12:21:07Z,damaged,85.83
R004470,PAY0059737,O0056686,2024-01-17T15:28:22Z,duplicate,60.43
R004471,PAY0059744,O0056693,2025-08-28T12:26:22Z,damaged,513.52
R004472,PAY0059745,O0056694,2025-09-06T13:54:40Z,late_delivery,81.48
R004473,PAY0059754,O0056703,2024-02-18T17:38:16Z,damaged,780.74
R004474,PAY0059766,O0056715,2024-03-23T14:25:08Z,damaged,1453.53
R004475,PAY0059783,O0056731,2023-09-06T06:48:02Z,late_delivery,165.21
R004476,PAY0059797,O0056745,2023-01-17T17:09:59Z,late_delivery,144.25
R004477,PAY0059802,O0056750,2024-03-18T07:17:02Z,late_delivery,38.49
R004478,PAY0059805,O0056753,2024-12-02T02:15:17Z,damaged,436.18
R004479,PAY0059814,O0056762,2024-06-14T07:12:18Z,duplicate,1095.14
R004480,PAY0059819,O0056767,2025-07-19T13:52:08Z,damaged,19.51
R004481,PAY0059821,O0056769,2024-12-27T20:37:00Z,duplicate,99.55
R004482,PAY0059838,O0056784,2023-10-25T05:33:12Z,duplicate,45.25
R004483,PAY0059839,O0056785,2025-08-13T04:37:37Z,late_delivery,18.40
R004484,PAY0059841,O0056786,2025-12-31T18:00:42Z,customer_return,222.13
R004485,PAY0059845,O0056790,2024-06-24T16:15:26Z,damaged,106.29
R004486,PAY0059847,O0056792,2025-03-10T20:41:26Z,late_delivery,367.91
R004487,PAY0059855,O0056800,2023-04-09T07:38:04Z,late_delivery,1581.44
R004488,PAY0059857,O0056802,2024-02-28T03:31:02Z,late_delivery,32.97
R004489,PAY0059871,O0056815,2024-08-04T22:11:10Z,late_delivery,131.14
R004490,PAY0059873,O0056817,2023-08-11T03:23:30Z,customer_return,704.38
R004491,PAY0059885,O0056828,2025-01-22T20:10:09Z,damaged,1074.97
R004492,PAY0059899,O0056842,2024-06-21T18:50:52Z,late_delivery,928.61
R004493,PAY0059905,O0056848,2023-07-07T17:44:41Z,late_delivery,436.59
R004494,PAY0059907,O0056850,2024-11-24T17:02:55Z,customer_return,162.24
R004495,PAY0059920,O0056863,2025-05-24T18:10:24Z,customer_return,55.04
R004496,PAY0059948,O0056888,2025-09-01T01:30:41Z,damaged,1637.80
R004497,PAY0059949,O0056889,2023-02-26T10:13:27Z,duplicate,34.26
R004498,PAY0059962,O0056902,2023-09-13T15:15:01Z,late_delivery,98.83
R004499,PAY0059975,O0056915,2023-03-01T20:01:21Z,customer_return,1548.00
R004500,PAY0060002,O0056940,2023-07-23T07:35:02Z,duplicate,335.57
R004501,PAY0060009,O0056947,2024-02-02T18:28:06Z,customer_return,16.76
R004502,PAY0060025,O0056960,2023-03-15T12:06:34Z,late_delivery,33.67
R004503,PAY0060044,O0056978,2025-06-23T19:10:04Z,late_delivery,441.87
R004504,PAY0060056,O0056990,2024-05-02T16:46:17Z,late_delivery,34.73
R004505,PAY0060077,O0057010,2025-09-12T20:46:08Z,late_delivery,264.25
R004506,PAY0060078,O0057011,2024-03-14T09:48:26Z,late_delivery,1353.38
R004507,PAY0060110,O0057042,2025-11-01T12:01:05Z,late_delivery,581.58
R004508,PAY0060124,O0057056,2025-12-31T14:30:26Z,damaged,33.73
R004509,PAY0060133,O0057065,2025-05-26T02:29:57Z,duplicate,160.22
R004510,PAY0060136,O0057068,2024-05-09T02:55:25Z,damaged,474.99
R004511,PAY0060145,O0057077,2025-05-07T20:30:35Z,late_delivery,247.37
R004512,PAY0060151,O0057083,2025-06-21T17:49:39Z,duplicate,15.50
R004513,PAY0060173,O0057104,2024-11-02T23:55:12Z,duplicate,529.51
R004514,PAY0060187,O0057117,2024-08-14T04:12:33Z,late_delivery,192.26
R004515,PAY0060196,O0057126,2025-05-15T20:54:47Z,duplicate,18.48
R004516,PAY0060227,O0057157,2024-12-21T21:14:13Z,customer_return,654.75
R004517,PAY0060242,O0057172,2025-11-17T15:09:38Z,customer_return,1060.82
R004518,PAY0060244,O0057174,2025-02-14T21:13:10Z,late_delivery,84.44
R004519,PAY0060247,O0057177,2023-03-06T22:33:25Z,duplicate,713.79
R004520,PAY0060263,O0057192,2024-03-01T22:43:33Z,customer_return,725.30
R004521,PAY0060265,O0057194,2023-10-28T04:42:06Z,damaged,105.13
R004522,PAY0060282,O0057209,2024-03-07T11:24:51Z,customer_return,247.36
R004523,PAY0060309,O0057234,2024-09-15T11:46:03Z,damaged,15.79
R004524,PAY0060340,O0057264,2024-07-08T02:41:00Z,duplicate,1116.88
R004525,PAY0060377,O0057299,2025-02-09T16:41:58Z,duplicate,970.74
R004526,PAY0060404,O0057324,2024-05-31T16:20:24Z,duplicate,430.76
R004527,PAY0060437,O0057356,2024-10-06T23:19:07Z,damaged,856.26
R004528,PAY0060445,O0057364,2023-10-23T01:37:45Z,damaged,256.82
R004529,PAY0060508,O0057423,2023-05-10T14:21:56Z,duplicate,10.05
R004530,PAY0060511,O0057426,2024-06-11T13:00:35Z,damaged,344.11
R004531,PAY0060532,O0057446,2025-09-11T06:45:31Z,duplicate,554.05
R004532,PAY0060535,O0057449,2023-09-30T13:57:08Z,customer_return,50.23
R004533,PAY0060562,O0057473,2025-03-16T10:29:13Z,damaged,27.13
R004534,PAY0060563,O0057474,2024-01-11T22:41:42Z,customer_return,443.94
R004535,PAY0060593,O0057499,2025-03-23T03:55:01Z,customer_return,160.51
R004536,PAY0060599,O0057505,2025-11-23T12:20:47Z,late_delivery,1511.23
R004537,PAY0060610,O0057514,2024-04-13T20:59:37Z,customer_return,405.63
R004538,PAY0060644,O0057546,2024-08-16T01:28:07Z,damaged,25.81
R004539,PAY0060680,O0057582,2024-12-06T23:55:48Z,customer_return,67.22
R004540,PAY0060693,O0057594,2024-10-19T19:36:17Z,damaged,858.23
R004541,PAY0060698,O0057599,2025-04-29T02:11:05Z,damaged,150.29
R004542,PAY0060699,O0057600,2025-10-12T13:51:42Z,damaged,3.80
R004543,PAY0060701,O0057602,2025-09-18T13:29:23Z,duplicate,39.58
R004544,PAY0060702,O0057603,2025-05-17T12:07:37Z,late_delivery,91.86
R004545,PAY0060711,O0057612,2024-12-02T03:53:24Z,customer_return,468.32
R004546,PAY0060712,O0057613,2023-02-17T03:27:35Z,duplicate,345.67
R004547,PAY0060722,O0057622,2024-09-26T22:34:39Z,late_delivery,534.08
R004548,PAY0060724,O0057624,2025-10-19T12:26:25Z,duplicate,19.27
R004549,PAY0060751,O0057649,2025-10-30T11:02:44Z,customer_return,2.09
R004550,PAY0060753,O0057651,2025-07-17T02:25:02Z,duplicate,347.21
R004551,PAY0060778,O0057675,2023-09-16T00:38:51Z,customer_return,197.49
R004552,PAY0060781,O0057678,2025-04-15T21:11:05Z,damaged,494.17
R004553,PAY0060782,O0057679,2024-06-05T14:00:33Z,damaged,1027.45
R004554,PAY0060791,O0057687,2023-04-10T23:13:23Z,customer_return,1280.36
R004555,PAY0060810,O0057705,2024-11-18T11:03:45Z,late_delivery,1206.33
R004556,PAY0060811,O0057706,2025-11-15T21:10:28Z,customer_return,994.33
R004557,PAY0060815,O0057710,2025-02-21T10:01:28Z,duplicate,466.34
R004558,PAY0060818,O0057713,2025-11-06T20:23:31Z,customer_return,235.52
R004559,PAY0060828,O0057723,2025-11-02T14:38:44Z,customer_return,206.78
R004560,PAY0060852,O0057744,2024-03-25T04:17:28Z,duplicate,571.86
R004561,PAY0060868,O0057760,2024-10-14T01:57:50Z,damaged,65.09
R004562,PAY0060884,O0057775,2024-02-07T00:11:41Z,late_delivery,507.26
R004563,PAY0060885,O0057776,2023-11-14T18:46:05Z,duplicate,253.74
R004564,PAY0060895,O0057784,2023-01-22T13:29:45Z,duplicate,1072.34
R004565,PAY0060918,O0057806,2024-06-09T06:39:47Z,damaged,96.03
R004566,PAY0060921,O0057809,2023-12-25T18:13:51Z,damaged,134.48
R004567,PAY0060933,O0057820,2023-06-19T10:20:35Z,duplicate,201.40
R004568,PAY0060941,O0057828,2024-07-28T07:34:17Z,customer_return,636.35
R004569,PAY0060948,O0057835,2025-12-12T07:18:49Z,customer_return,1597.77
R004570,PAY0060950,O0057837,2024-01-29T17:36:29Z,damaged,57.32
R004571,PAY0060969,O0057856,2024-08-29T08:19:16Z,damaged,225.33
R004572,PAY0060975,O0057861,2024-08-30T04:52:44Z,late_delivery,637.04
R004573,PAY0060978,O0057864,2024-08-25T20:27:53Z,duplicate,165.75
R004574,PAY0060993,O0057877,2024-04-19T01:55:54Z,damaged,27.69
R004575,PAY0061001,O0057884,2023-12-03T16:41:26Z,damaged,272.36
R004576,PAY0061009,O0057892,2024-04-29T11:57:13Z,late_delivery,768.14
R004577,PAY0061032,O0057915,2025-08-26T02:06:03Z,customer_return,733.47
R004578,PAY0061034,O0057917,2023-07-15T15:32:01Z,customer_return,1045.31
R004579,PAY0061041,O0057923,2023-12-29T03:57:34Z,customer_return,468.58
R004580,PAY0061045,O0057927,2025-01-20T01:25:45Z,late_delivery,294.71
R004581,PAY0061082,O0057961,2025-01-16T23:19:33Z,customer_return,775.00
R004582,PAY0061103,O0057981,2025-03-15T06:49:33Z,late_delivery,597.00
R004583,PAY0061105,O0057983,2024-12-29T23:12:14Z,customer_return,250.05
R004584,PAY0061117,O0057995,2025-12-20T09:48:01Z,customer_return,191.20
R004585,PAY0061123,O0058001,2023-07-31T18:15:12Z,late_delivery,886.44
R004586,PAY0061167,O0058039,2024-11-19T14:10:05Z,late_delivery,1.91
R004587,PAY0061170,O0058042,2024-06-01T14:20:52Z,customer_return,386.25
R004588,PAY0061171,O0058043,2023-12-09T05:54:08Z,duplicate,133.91
R004589,PAY0061183,O0058055,2023-05-04T08:50:29Z,duplicate,92.20
R004590,PAY0061205,O0058076,2024-02-17T07:26:08Z,damaged,139.44
R004591,PAY0061248,O0058117,2025-12-26T12:08:25Z,late_delivery,105.83
R004592,PAY0061258,O0058127,2023-06-07T14:36:59Z,customer_return,682.88
R004593,PAY0061263,O0058131,2025-04-07T04:14:27Z,duplicate,577.93
R004594,PAY0061266,O0058134,2023-05-22T18:54:26Z,late_delivery,355.00
R004595,PAY0061273,O0058140,2024-01-22T20:47:30Z,damaged,435.20
R004596,PAY0061279,O0058146,2023-05-08T19:26:41Z,late_delivery,63.83
R004597,PAY0061282,O0058149,2025-06-11T09:19:11Z,damaged,77.32
R004598,PAY0061285,O0058152,2025-08-17T08:22:43Z,customer_return,620.92
R004599,PAY0061298,O0058165,2025-07-14T19:42:40Z,customer_return,146.24
R004600,PAY0061299,O0058166,2025-10-10T19:31:08Z,customer_return,233.46
R004601,PAY0061318,O0058185,2023-10-14T07:23:40Z,late_delivery,433.71
R004602,PAY0061344,O0058210,2023-05-21T09:22:15Z,late_delivery,324.29
R004603,PAY0061348,O0058214,2025-02-17T06:47:41Z,customer_return,349.36
R004604,PAY0061363,O0058228,2024-11-15T20:22:58Z,customer_return,776.02
R004605,PAY0061374,O0058239,2025-12-31T04:23:03Z,damaged,190.92
R004606,PAY0061375,O0058240,2025-07-07T02:52:12Z,late_delivery,291.81
R004607,PAY0061378,O0058242,2025-10-06T02:46:36Z,customer_return,42.52
R004608,PAY0061385,O0058249,2025-04-18T08:27:50Z,damaged,791.00
R004609,PAY0061399,O0058263,2023-07-31T22:28:58Z,customer_return,304.30
R004610,PAY0061415,O0058279,2024-05-05T00:14:37Z,customer_return,22.94
R004611,PAY0061433,O0058296,2024-11-17T21:18:51Z,damaged,263.08
R004612,PAY0061440,O0058303,2023-10-06T18:46:50Z,damaged,467.12
R004613,PAY0061443,O0058306,2023-03-30T07:29:18Z,damaged,284.92
R004614,PAY0061463,O0058325,2023-11-05T00:40:22Z,duplicate,218.46
R004615,PAY0061465,O0058327,2024-01-30T11:44:02Z,duplicate,1337.52
R004616,PAY0061484,O0058346,2023-08-05T17:20:34Z,duplicate,455.92
R004617,PAY0061487,O0058349,2023-08-17T02:11:23Z,damaged,624.79
R004618,PAY0061556,O0058415,2023-12-22T22:57:15Z,damaged,240.69
R004619,PAY0061564,O0058422,2023-05-15T12:53:09Z,late_delivery,117.32
R004620,PAY0061567,O0058424,2025-01-26T15:05:56Z,customer_return,199.21
R004621,PAY0061576,O0058433,2023-11-27T23:17:55Z,damaged,419.58
R004622,PAY0061585,O0058441,2024-03-16T04:28:49Z,customer_return,865.88
R004623,PAY0061590,O0058446,2024-05-17T07:21:57Z,damaged,328.37
R004624,PAY0061593,O0058449,2024-11-30T12:44:52Z,customer_return,914.34
R004625,PAY0061611,O0058466,2024-08-26T22:38:53Z,damaged,1534.23
R004626,PAY0061620,O0058475,2023-09-30T05:14:20Z,damaged,2.22
R004627,PAY0061650,O0058504,2024-08-03T19:48:55Z,damaged,644.44
R004628,PAY0061663,O0058516,2024-02-20T17:47:17Z,late_delivery,57.30
R004629,PAY0061670,O0058523,2023-04-07T09:14:23Z,customer_return,242.02
R004630,PAY0061688,O0058540,2024-05-01T02:53:16Z,duplicate,159.36
R004631,PAY0061692,O0058544,2023-12-11T04:08:08Z,duplicate,585.67
R004632,PAY0061697,O0058549,2024-07-27T11:21:42Z,late_delivery,798.36
R004633,PAY0061721,O0058572,2023-12-12T07:20:07Z,late_delivery,984.14
R004634,PAY0061727,O0058577,2025-05-05T14:08:49Z,damaged,699.91
R004635,PAY0061781,O0058625,2025-09-09T01:11:32Z,damaged,677.43
R004636,PAY0061797,O0058640,2024-08-25T03:38:29Z,damaged,614.62
R004637,PAY0061803,O0058646,2025-02-04T08:46:26Z,duplicate,145.24
R004638,PAY0061811,O0058653,2023-09-22T15:12:14Z,late_delivery,30.80
R004639,PAY0061846,O0058686,2025-06-17T20:24:47Z,customer_return,622.08
R004640,PAY0061860,O0058700,2024-10-04T04:24:36Z,duplicate,264.76
R004641,PAY0061862,O0058702,2023-08-18T10:08:20Z,damaged,340.87
R004642,PAY0061863,O0058703,2025-12-07T08:20:55Z,late_delivery,1035.58
R004643,PAY0061879,O0058718,2024-06-03T11:05:59Z,damaged,159.67
R004644,PAY0061894,O0058731,2024-05-04T14:31:51Z,customer_return,1196.90
R004645,PAY0061922,O0058757,2025-09-23T21:21:37Z,damaged,141.75
R004646,PAY0061955,O0058787,2024-08-26T08:01:36Z,duplicate,32.74
R004647,PAY0061964,O0058795,2024-11-15T04:33:47Z,customer_return,233.80
R004648,PAY0061971,O0058801,2024-09-06T16:48:48Z,damaged,68.69
R004649,PAY0061982,O0058812,2025-12-01T06:29:35Z,customer_return,38.73
R004650,PAY0061987,O0058817,2025-02-17T07:22:47Z,customer_return,542.78
R004651,PAY0061991,O0058821,2025-06-08T17:00:53Z,duplicate,335.86
R004652,PAY0061993,O0058823,2023-11-02T05:30:15Z,customer_return,1016.07
R004653,PAY0062005,O0058834,2025-03-19T15:21:12Z,damaged,127.16
R004654,PAY0062006,O0058835,2024-05-29T03:22:37Z,late_delivery,656.92
R004655,PAY0062027,O0058854,2025-10-19T13:33:08Z,customer_return,407.27
R004656,PAY0062037,O0058862,2023-12-25T06:37:48Z,damaged,906.92
R004657,PAY0062039,O0058864,2023-07-11T13:38:42Z,late_delivery,132.80
R004658,PAY0062042,O0058867,2023-12-23T01:20:44Z,customer_return,429.37
R004659,PAY0062045,O0058870,2024-09-10T15:04:39Z,late_delivery,281.51
R004660,PAY0062050,O0058875,2023-04-01T04:25:59Z,customer_return,82.72
R004661,PAY0062056,O0058881,2025-09-17T23:46:13Z,duplicate,72.77
R004662,PAY0062083,O0058906,2024-10-17T15:16:38Z,damaged,416.19
R004663,PAY0062087,O0058910,2024-07-18T15:52:05Z,duplicate,1313.15
R004664,PAY0062102,O0058924,2024-09-05T13:53:16Z,late_delivery,1044.15
R004665,PAY0062106,O0058927,2024-06-16T05:58:52Z,duplicate,168.42
R004666,PAY0062108,O0058929,2025-08-11T08:12:51Z,late_delivery,56.64
R004667,PAY0062110,O0058931,2024-10-24T20:19:06Z,late_delivery,115.20
R004668,PAY0062112,O0058933,2025-08-08T22:30:38Z,customer_return,160.17
R004669,PAY0062133,O0058953,2024-12-23T10:55:11Z,duplicate,867.14
R004670,PAY0062143,O0058962,2023-04-28T01:30:28Z,customer_return,185.14
R004671,PAY0062151,O0058970,2025-12-06T13:29:03Z,customer_return,430.45
R004672,PAY0062159,O0058978,2023-12-25T09:13:49Z,customer_return,88.04
R004673,PAY0062169,O0058987,2024-10-01T06:34:32Z,damaged,71.91
R004674,PAY0062184,O0059001,2024-08-13T09:31:50Z,late_delivery,210.75
R004675,PAY0062189,O0059006,2024-10-15T09:01:10Z,customer_return,173.67
R004676,PAY0062211,O0059028,2024-02-17T13:26:18Z,duplicate,431.20
R004677,PAY0062252,O0059067,2023-07-19T22:51:35Z,duplicate,640.58
R004678,PAY0062253,O0059068,2025-03-24T16:03:02Z,late_delivery,719.91
R004679,PAY0062259,O0059074,2025-01-22T11:41:28Z,late_delivery,263.03
R004680,PAY0062284,O0059096,2024-09-03T07:08:43Z,duplicate,1792.67
R004681,PAY0062294,O0059105,2023-10-13T15:44:35Z,late_delivery,393.18
R004682,PAY0062316,O0059125,2024-05-04T15:40:37Z,customer_return,1158.92
R004683,PAY0062320,O0059129,2025-06-02T06:03:06Z,damaged,229.67
R004684,PAY0062328,O0059137,2024-07-22T06:03:44Z,duplicate,195.45
R004685,PAY0062407,O0059211,2024-02-14T08:50:43Z,customer_return,150.23
R004686,PAY0062463,O0059263,2024-09-15T14:13:53Z,late_delivery,583.82
R004687,PAY0062477,O0059276,2025-07-09T16:38:22Z,customer_return,550.23
R004688,PAY0062508,O0059305,2025-03-18T00:00:29Z,late_delivery,159.69
R004689,PAY0062528,O0059324,2025-06-22T09:20:04Z,damaged,1077.47
R004690,PAY0062536,O0059332,2025-01-27T07:41:03Z,customer_return,141.40
R004691,PAY0062556,O0059352,2023-02-02T07:34:47Z,customer_return,211.88
R004692,PAY0062573,O0059369,2024-03-28T19:16:53Z,damaged,25.73
R004693,PAY0062580,O0059375,2025-02-09T12:45:03Z,customer_return,186.37
R004694,PAY0062587,O0059382,2023-03-17T15:10:28Z,duplicate,25.90
R004695,PAY0062591,O0059386,2025-06-17T04:01:30Z,duplicate,4.94
R004696,PAY0062593,O0059388,2025-05-12T05:48:18Z,damaged,274.72
R004697,PAY0062611,O0059404,2025-11-29T05:45:48Z,duplicate,136.18
R004698,PAY0062615,O0059407,2024-04-04T02:49:20Z,duplicate,467.24
R004699,PAY0062639,O0059430,2025-05-17T11:23:31Z,late_delivery,101.13
R004700,PAY0062656,O0059445,2024-09-09T16:58:10Z,damaged,144.46
R004701,PAY0062665,O0059452,2025-10-23T11:34:13Z,late_delivery,1430.19
R004702,PAY0062667,O0059454,2023-05-11T09:34:14Z,duplicate,581.63
R004703,PAY0062670,O0059456,2025-12-24T00:38:54Z,customer_return,432.26
R004704,PAY0062676,O0059462,2025-12-05T11:36:46Z,duplicate,655.47
R004705,PAY0062698,O0059482,2025-02-24T20:32:08Z,customer_return,623.43
R004706,PAY0062699,O0059483,2023-06-15T02:27:46Z,damaged,141.49
R004707,PAY0062724,O0059506,2024-10-08T15:27:11Z,damaged,1014.79
R004708,PAY0062742,O0059524,2025-09-19T07:32:23Z,customer_return,745.52
R004709,PAY0062746,O0059528,2025-04-03T07:07:28Z,damaged,28.57
R004710,PAY0062759,O0059540,2023-07-17T10:32:24Z,late_delivery,124.15
R004711,PAY0062768,O0059547,2023-07-31T09:18:16Z,customer_return,15.93
R004712,PAY0062770,O0059549,2024-07-11T06:42:49Z,late_delivery,2048.90
R004713,PAY0062773,O0059552,2025-06-19T10:46:18Z,customer_return,543.32
R004714,PAY0062783,O0059561,2024-12-05T08:50:08Z,customer_return,728.41
R004715,PAY0062786,O0059564,2025-12-24T20:45:12Z,customer_return,1367.23
R004716,PAY0062805,O0059581,2023-11-26T18:26:13Z,damaged,321.25
R004717,PAY0062846,O0059620,2024-03-31T02:32:26Z,damaged,426.49
R004718,PAY0062848,O0059622,2025-12-31T00:23:46Z,duplicate,566.48
R004719,PAY0062865,O0059637,2024-06-30T21:17:25Z,late_delivery,452.87
R004720,PAY0062867,O0059639,2023-05-29T03:32:15Z,duplicate,59.65
R004721,PAY0062869,O0059641,2024-08-07T21:19:10Z,duplicate,331.35
R004722,PAY0062891,O0059663,2023-12-29T13:51:39Z,late_delivery,184.13
R004723,PAY0062914,O0059684,2025-02-26T22:47:19Z,late_delivery,12.78
R004724,PAY0062939,O0059708,2024-07-11T21:24:07Z,damaged,24.62
R004725,PAY0062952,O0059719,2024-09-11T18:04:06Z,late_delivery,144.59
R004726,PAY0062972,O0059739,2023-06-27T18:35:00Z,duplicate,376.81
R004727,PAY0062980,O0059746,2023-08-18T21:13:01Z,duplicate,512.98
R004728,PAY0062981,O0059747,2025-09-02T01:20:44Z,duplicate,81.16
R004729,PAY0063023,O0059785,2024-02-13T14:43:56Z,damaged,1713.13
R004730,PAY0063030,O0059792,2023-01-24T23:30:35Z,customer_return,230.45
R004731,PAY0063049,O0059810,2023-11-11T07:19:08Z,late_delivery,220.69
R004732,PAY0063055,O0059816,2024-09-12T04:32:21Z,damaged,587.92
R004733,PAY0063071,O0059829,2023-07-01T07:07:50Z,duplicate,535.08
R004734,PAY0063084,O0059840,2023-05-05T20:23:13Z,duplicate,242.81
R004735,PAY0063087,O0059843,2025-04-15T08:11:53Z,late_delivery,215.15
R004736,PAY0063133,O0059887,2023-01-23T14:58:12Z,late_delivery,263.37
R004737,PAY0063148,O0059901,2023-08-10T03:17:05Z,damaged,383.86
R004738,PAY0063162,O0059915,2023-11-28T23:12:48Z,duplicate,472.06
R004739,PAY0063170,O0059923,2024-09-22T06:00:11Z,late_delivery,387.99
R004740,PAY0063175,O0059928,2025-10-26T11:14:22Z,duplicate,365.27
R004741,PAY0063206,O0059959,2023-09-10T21:56:05Z,customer_return,665.77
R004742,PAY0063232,O0059982,2023-08-27T21:44:35Z,damaged,885.96
R004743,PAY0063243,O0059993,2023-05-27T21:51:40Z,customer_return,478.27
R004744,PAY0063244,O0059994,2024-09-22T13:54:34Z,customer_return,1694.77
R004745,PAY0063290,O0060034,2025-01-06T05:57:46Z,damaged,487.19
R004746,PAY0063293,O0060037,2023-11-24T03:52:56Z,late_delivery,478.64
R004747,PAY0063302,O0060046,2023-11-17T08:11:48Z,duplicate,80.31
R004748,PAY0063321,O0060063,2025-06-26T22:17:04Z,customer_return,202.48
R004749,PAY0063324,O0060066,2024-01-09T15:51:29Z,late_delivery,1485.50
R004750,PAY0063331,O0060073,2025-01-29T06:25:49Z,damaged,466.44
R004751,PAY0063375,O0060114,2025-07-20T02:14:14Z,customer_return,496.57
R004752,PAY0063389,O0060128,2024-11-26T16:44:50Z,customer_return,758.12
R004753,PAY0063397,O0060135,2023-06-07T18:35:16Z,late_delivery,1301.16
R004754,PAY0063409,O0060147,2023-07-22T11:44:07Z,damaged,131.96
R004755,PAY0063412,O0060150,2025-12-31T01:37:13Z,duplicate,0.31
R004756,PAY0063435,O0060171,2024-10-28T03:02:03Z,duplicate,46.50
R004757,PAY0063461,O0060194,2024-12-29T07:49:48Z,damaged,421.82
R004758,PAY0063465,O0060198,2023-05-05T03:05:49Z,customer_return,184.35
R004759,PAY0063478,O0060210,2023-10-28T05:38:30Z,damaged,237.25
R004760,PAY0063481,O0060213,2024-10-16T12:23:01Z,customer_return,3.62
R004761,PAY0063493,O0060224,2025-08-24T14:03:05Z,damaged,340.66
R004762,PAY0063504,O0060234,2024-02-29T08:12:23Z,late_delivery,152.42
R004763,PAY0063525,O0060254,2025-02-01T09:31:45Z,late_delivery,807.07
R004764,PAY0063526,O0060255,2024-05-11T09:23:32Z,duplicate,640.25
R004765,PAY0063535,O0060263,2025-05-16T03:03:24Z,damaged,48.76
R004766,PAY0063571,O0060298,2024-07-16T07:54:21Z,customer_return,126.25
R004767,PAY0063590,O0060316,2025-01-23T08:35:29Z,damaged,497.41
R004768,PAY0063603,O0060329,2024-05-08T09:00:19Z,duplicate,209.31
R004769,PAY0063616,O0060340,2025-09-15T10:48:33Z,damaged,343.75
R004770,PAY0063621,O0060344,2023-12-22T17:24:50Z,customer_return,1890.87
R004771,PAY0063628,O0060351,2023-07-23T01:56:08Z,duplicate,235.45
R004772,PAY0063644,O0060366,2023-03-02T19:20:45Z,late_delivery,155.25
R004773,PAY0063655,O0060377,2023-03-20T08:29:21Z,customer_return,1274.79
R004774,PAY0063662,O0060384,2023-08-26T16:57:08Z,customer_return,74.30
R004775,PAY0063673,O0060395,2024-07-26T19:14:01Z,customer_return,9.87
R004776,PAY0063678,O0060400,2024-04-24T18:56:32Z,duplicate,731.98
R004777,PAY0063690,O0060411,2024-06-03T06:18:00Z,customer_return,85.10
R004778,PAY0063707,O0060427,2023-03-18T19:41:17Z,customer_return,636.37
R004779,PAY0063715,O0060434,2023-03-29T06:33:53Z,late_delivery,86.53
R004780,PAY0063719,O0060438,2024-08-01T18:08:08Z,customer_return,85.70
R004781,PAY0063738,O0060457,2024-02-25T10:50:23Z,damaged,136.24
R004782,PAY0063747,O0060466,2025-07-07T08:18:06Z,damaged,1844.32
R004783,PAY0063749,O0060468,2023-07-05T05:27:38Z,duplicate,1598.77
R004784,PAY0063755,O0060474,2025-03-16T13:01:34Z,customer_return,224.42
R004785,PAY0063766,O0060485,2023-10-22T09:16:02Z,late_delivery,18.66
R004786,PAY0063791,O0060508,2023-05-27T04:28:51Z,late_delivery,947.59
R004787,PAY0063811,O0060525,2024-09-14T00:06:37Z,duplicate,512.55
R004788,PAY0063812,O0060526,2025-03-27T19:53:58Z,customer_return,96.25
R004789,PAY0063855,O0060567,2024-07-21T12:50:28Z,damaged,709.59
R004790,PAY0063887,O0060597,2025-12-30T23:52:51Z,late_delivery,518.11
R004791,PAY0063896,O0060606,2025-06-16T18:49:39Z,duplicate,19.70
R004792,PAY0063900,O0060609,2023-05-31T08:20:43Z,customer_return,569.35
R004793,PAY0063904,O0060613,2023-10-28T18:42:27Z,customer_return,99.66
R004794,PAY0063931,O0060637,2024-10-31T19:18:50Z,late_delivery,555.69
R004795,PAY0063935,O0060641,2023-05-01T01:53:31Z,damaged,240.44
R004796,PAY0063940,O0060646,2025-06-10T21:55:02Z,late_delivery,271.09
R004797,PAY0063960,O0060664,2023-06-18T23:21:36Z,late_delivery,1671.46
R004798,PAY0063975,O0060678,2024-08-19T05:33:17Z,duplicate,352.34
R004799,PAY0063976,O0060679,2025-12-16T10:29:05Z,late_delivery,918.92
R004800,PAY0063982,O0060685,2025-05-20T13:16:49Z,late_delivery,70.88
R004801,PAY0064021,O0060723,2025-01-12T09:15:12Z,damaged,950.62
R004802,PAY0064022,O0060724,2024-07-29T05:31:04Z,late_delivery,158.79
R004803,PAY0064102,O0060801,2023-02-20T20:54:09Z,late_delivery,64.63
R004804,PAY0064150,O0060845,2024-09-11T06:27:38Z,duplicate,530.38
R004805,PAY0064154,O0060849,2023-11-13T13:26:44Z,customer_return,284.23
R004806,PAY0064163,O0060858,2025-03-03T17:12:23Z,customer_return,149.20
R004807,PAY0064191,O0060884,2024-12-01T19:25:25Z,customer_return,30.21
R004808,PAY0064223,O0060915,2025-05-17T22:06:48Z,late_delivery,452.21
R004809,PAY0064236,O0060928,2025-04-06T20:47:47Z,late_delivery,462.25
R004810,PAY0064268,O0060960,2023-12-18T23:01:30Z,duplicate,648.29
R004811,PAY0064269,O0060961,2024-11-02T12:50:23Z,damaged,53.09
R004812,PAY0064272,O0060964,2024-02-17T06:08:11Z,customer_return,163.93
R004813,PAY0064290,O0060978,2025-10-11T10:28:38Z,duplicate,81.80
R004814,PAY0064293,O0060981,2025-10-22T07:45:16Z,late_delivery,486.79
R004815,PAY0064301,O0060988,2025-10-25T23:59:41Z,customer_return,857.50
R004816,PAY0064309,O0060995,2025-11-23T11:30:36Z,late_delivery,152.28
R004817,PAY0064322,O0061006,2023-05-17T05:34:45Z,customer_return,239.37
R004818,PAY0064325,O0061009,2025-05-18T00:13:00Z,customer_return,697.22
R004819,PAY0064339,O0061022,2025-06-08T20:22:28Z,late_delivery,141.02
R004820,PAY0064350,O0061033,2024-07-03T18:46:10Z,customer_return,522.48
R004821,PAY0064363,O0061046,2024-10-02T07:16:54Z,customer_return,585.62
R004822,PAY0064385,O0061067,2023-04-26T02:43:43Z,late_delivery,199.38
R004823,PAY0064388,O0061070,2024-07-15T02:25:15Z,late_delivery,660.85
R004824,PAY0064402,O0061084,2023-09-30T18:20:07Z,customer_return,1056.88
R004825,PAY0064410,O0061092,2024-12-30T08:51:25Z,customer_return,63.84
R004826,PAY0064412,O0061094,2025-02-22T15:01:44Z,customer_return,828.39
R004827,PAY0064413,O0061095,2025-06-22T04:20:39Z,late_delivery,155.80
R004828,PAY0064420,O0061101,2024-10-13T22:56:28Z,customer_return,1394.14
R004829,PAY0064442,O0061122,2024-04-16T16:01:27Z,late_delivery,1267.95
R004830,PAY0064446,O0061125,2024-04-14T03:17:13Z,duplicate,841.10
R004831,PAY0064486,O0061163,2023-10-07T05:08:41Z,late_delivery,189.45
R004832,PAY0064510,O0061186,2023-03-08T03:46:35Z,damaged,0.70
R004833,PAY0064524,O0061200,2024-03-26T09:22:20Z,duplicate,240.60
R004834,PAY0064535,O0061210,2023-09-09T20:13:09Z,duplicate,180.53
R004835,PAY0064543,O0061218,2023-03-03T19:35:47Z,late_delivery,1695.42
R004836,PAY0064557,O0061230,2023-02-27T22:49:24Z,damaged,1376.96
R004837,PAY0064564,O0061237,2025-12-02T05:54:02Z,late_delivery,253.57
R004838,PAY0064571,O0061244,2023-11-01T01:08:11Z,customer_return,194.37
R004839,PAY0064590,O0061259,2024-07-14T03:16:06Z,duplicate,580.42
R004840,PAY0064594,O0061263,2023-05-08T04:02:43Z,damaged,557.11
R004841,PAY0064602,O0061270,2023-11-17T20:16:44Z,customer_return,302.99
R004842,PAY0064675,O0061339,2025-01-08T14:00:11Z,duplicate,72.20
R004843,PAY0064682,O0061345,2024-05-01T09:01:19Z,customer_return,1960.76
R004844,PAY0064720,O0061382,2023-06-23T17:38:37Z,customer_return,32.77
R004845,PAY0064730,O0061392,2025-05-17T19:57:45Z,customer_return,498.43
R004846,PAY0064766,O0061425,2023-05-14T16:45:58Z,late_delivery,21.35
R004847,PAY0064770,O0061429,2024-05-25T06:08:00Z,duplicate,419.91
R004848,PAY0064778,O0061437,2024-09-01T03:48:05Z,customer_return,62.20
R004849,PAY0064800,O0061459,2023-05-24T12:02:44Z,damaged,821.98
R004850,PAY0064831,O0061489,2023-05-06T11:57:06Z,late_delivery,0.31
R004851,PAY0064855,O0061512,2025-11-08T07:16:22Z,late_delivery,1322.30
R004852,PAY0064859,O0061516,2025-04-28T12:49:27Z,late_delivery,206.80
R004853,PAY0064876,O0061533,2025-01-07T04:19:42Z,damaged,205.69
R004854,PAY0064888,O0061544,2025-12-11T14:43:16Z,late_delivery,60.57
R004855,PAY0064904,O0061560,2025-12-19T07:54:45Z,late_delivery,271.05
R004856,PAY0064926,O0061581,2024-12-26T01:17:53Z,customer_return,231.33
R004857,PAY0064927,O0061582,2024-11-29T06:16:39Z,duplicate,493.12
R004858,PAY0064966,O0061619,2025-05-24T15:17:39Z,duplicate,768.10
R004859,PAY0064990,O0061643,2025-11-22T23:26:23Z,duplicate,967.84
R004860,PAY0065011,O0061664,2025-06-28T22:30:11Z,damaged,8.08
R004861,PAY0065029,O0061681,2024-05-20T11:24:15Z,late_delivery,572.28
R004862,PAY0065038,O0061690,2024-06-20T02:23:53Z,customer_return,618.10
R004863,PAY0065040,O0061692,2024-07-16T20:04:51Z,damaged,37.84
R004864,PAY0065052,O0061703,2024-10-30T06:01:28Z,damaged,195.59
R004865,PAY0065065,O0061715,2025-10-29T01:08:11Z,damaged,694.05
R004866,PAY0065072,O0061722,2025-03-16T12:32:56Z,duplicate,449.40
R004867,PAY0065075,O0061725,2023-11-24T09:56:43Z,customer_return,1097.86
R004868,PAY0065091,O0061740,2023-10-21T21:55:44Z,duplicate,272.71
R004869,PAY0065103,O0061752,2024-02-08T23:52:17Z,damaged,205.98
R004870,PAY0065104,O0061753,2025-08-05T23:14:17Z,damaged,17.20
R004871,PAY0065112,O0061761,2023-12-04T22:01:53Z,damaged,803.36
R004872,PAY0065117,O0061766,2025-08-04T06:43:58Z,customer_return,107.48
R004873,PAY0065118,O0061767,2025-02-08T05:15:15Z,damaged,628.45
R004874,PAY0065121,O0061770,2023-03-04T01:23:26Z,customer_return,2000.27
R004875,PAY0065130,O0061779,2025-08-27T13:55:07Z,damaged,1403.87
R004876,PAY0065131,O0061780,2024-02-15T15:43:35Z,customer_return,603.56
R004877,PAY0065135,O0061784,2025-08-19T17:23:04Z,damaged,539.47
R004878,PAY0065152,O0061799,2025-09-02T23:00:45Z,duplicate,16.90
R004879,PAY0065196,O0061842,2023-11-07T09:39:32Z,damaged,676.23
R004880,PAY0065204,O0061850,2025-12-31T10:17:31Z,duplicate,73.24
R004881,PAY0065218,O0061864,2023-03-26T08:47:42Z,duplicate,175.82
R004882,PAY0065225,O0061869,2024-12-19T12:02:44Z,damaged,184.68
R004883,PAY0065235,O0061879,2024-11-02T09:59:26Z,duplicate,1048.02
R004884,PAY0065260,O0061903,2024-08-03T08:02:28Z,late_delivery,724.97
R004885,PAY0065293,O0061935,2025-07-15T23:29:32Z,customer_return,139.44
R004886,PAY0065379,O0062016,2025-12-14T19:54:48Z,damaged,1448.80
R004887,PAY0065404,O0062041,2024-12-01T08:57:33Z,late_delivery,1390.18
R004888,PAY0065414,O0062050,2023-10-13T18:00:23Z,late_delivery,448.01
R004889,PAY0065416,O0062052,2025-05-14T21:12:16Z,duplicate,1108.61
R004890,PAY0065432,O0062066,2023-07-12T23:57:06Z,duplicate,458.60
R004891,PAY0065450,O0062084,2025-08-04T18:05:06Z,customer_return,8.08
R004892,PAY0065474,O0062108,2025-10-22T12:22:21Z,late_delivery,580.65
R004893,PAY0065480,O0062114,2024-11-17T21:51:01Z,late_delivery,93.76
R004894,PAY0065481,O0062115,2023-09-10T03:06:06Z,customer_return,106.23
R004895,PAY0065484,O0062118,2025-06-11T08:59:25Z,damaged,335.38
R004896,PAY0065491,O0062125,2024-08-23T02:17:29Z,late_delivery,1256.60
R004897,PAY0065497,O0062131,2025-04-06T02:37:41Z,customer_return,304.85
R004898,PAY0065499,O0062133,2024-07-04T20:43:57Z,damaged,60.27
R004899,PAY0065502,O0062136,2025-12-21T04:47:35Z,damaged,30.80
R004900,PAY0065524,O0062157,2023-10-27T06:34:50Z,duplicate,151.20
R004901,PAY0065525,O0062158,2025-03-23T18:28:07Z,late_delivery,498.88
R004902,PAY0065532,O0062165,2023-10-21T20:53:10Z,duplicate,546.12
R004903,PAY0065554,O0062185,2024-11-19T02:59:30Z,duplicate,15.62
R004904,PAY0065557,O0062188,2024-02-20T15:44:31Z,duplicate,1305.12
R004905,PAY0065562,O0062192,2025-12-30T09:12:47Z,duplicate,174.43
R004906,PAY0065567,O0062197,2025-11-19T18:27:30Z,duplicate,288.96
R004907,PAY0065575,O0062205,2023-01-27T12:16:12Z,damaged,179.79
R004908,PAY0065591,O0062219,2024-04-06T06:03:10Z,customer_return,649.49
R004909,PAY0065594,O0062221,2025-10-02T04:36:39Z,duplicate,1005.89
R004910,PAY0065598,O0062225,2023-03-30T15:50:43Z,late_delivery,112.82
R004911,PAY0065600,O0062227,2025-10-27T22:34:33Z,duplicate,761.68
R004912,PAY0065612,O0062239,2025-03-20T19:01:23Z,late_delivery,580.71
R004913,PAY0065634,O0062259,2025-02-23T07:18:57Z,duplicate,306.68
R004914,PAY0065637,O0062262,2024-04-29T00:20:58Z,customer_return,1211.49
R004915,PAY0065639,O0062264,2023-01-19T18:51:41Z,duplicate,32.59
R004916,PAY0065647,O0062271,2023-07-24T04:50:20Z,duplicate,434.45
R004917,PAY0065657,O0062281,2025-01-11T17:55:59Z,late_delivery,874.37
R004918,PAY0065662,O0062285,2024-06-17T10:25:46Z,duplicate,82.39
R004919,PAY0065674,O0062297,2023-05-13T16:34:06Z,customer_return,576.80
R004920,PAY0065724,O0062341,2024-04-11T04:49:38Z,duplicate,85.86
R004921,PAY0065725,O0062342,2025-09-18T17:04:53Z,duplicate,809.18
R004922,PAY0065741,O0062358,2024-03-30T11:44:15Z,duplicate,1069.39
R004923,PAY0065743,O0062359,2023-06-18T10:01:50Z,customer_return,559.49
R004924,PAY0065748,O0062364,2025-04-10T14:34:44Z,damaged,1304.67
R004925,PAY0065753,O0062368,2023-08-16T19:21:11Z,duplicate,39.10
R004926,PAY0065783,O0062397,2023-10-28T13:14:13Z,late_delivery,537.67
R004927,PAY0065790,O0062403,2025-08-18T22:44:18Z,damaged,92.15
R004928,PAY0065793,O0062406,2024-05-03T15:21:33Z,late_delivery,381.75
R004929,PAY0065803,O0062415,2024-04-01T06:41:55Z,damaged,0.29
R004930,PAY0065807,O0062418,2023-09-08T01:39:34Z,damaged,1446.65
R004931,PAY0065815,O0062426,2024-07-28T23:16:34Z,duplicate,753.86
R004932,PAY0065842,O0062453,2025-09-01T11:39:11Z,late_delivery,405.22
R004933,PAY0065843,O0062454,2024-09-01T09:44:33Z,duplicate,470.80
R004934,PAY0065865,O0062476,2024-01-21T23:55:48Z,customer_return,29.82
R004935,PAY0065880,O0062491,2024-09-01T18:02:08Z,customer_return,1543.55
R004936,PAY0065887,O0062497,2023-01-31T03:54:10Z,damaged,508.37
R004937,PAY0065940,O0062549,2024-01-15T09:31:22Z,damaged,1116.61
R004938,PAY0065953,O0062562,2024-09-03T15:10:32Z,late_delivery,86.72
R004939,PAY0065962,O0062570,2024-04-07T14:34:28Z,late_delivery,11.21
R004940,PAY0065990,O0062596,2024-10-31T14:34:56Z,damaged,167.35
R004941,PAY0065997,O0062602,2024-07-13T04:24:14Z,customer_return,996.03
R004942,PAY0066010,O0062614,2025-01-17T15:08:33Z,duplicate,116.50
R004943,PAY0066024,O0062627,2024-12-09T16:13:13Z,damaged,315.88
R004944,PAY0066053,O0062655,2025-11-08T04:29:51Z,duplicate,539.79
R004945,PAY0066065,O0062667,2024-06-04T23:05:56Z,duplicate,97.11
R004946,PAY0066070,O0062672,2025-03-06T18:29:03Z,customer_return,98.76
R004947,PAY0066078,O0062680,2025-10-27T06:00:31Z,duplicate,879.61
R004948,PAY0066079,O0062681,2023-07-15T05:22:46Z,customer_return,448.31
R004949,PAY0066088,O0062690,2025-02-04T12:38:37Z,customer_return,35.32
R004950,PAY0066101,O0062702,2025-06-12T01:11:43Z,duplicate,67.11
R004951,PAY0066159,O0062756,2024-04-23T09:13:57Z,duplicate,141.81
R004952,PAY0066184,O0062779,2025-01-28T02:31:26Z,customer_return,182.01
R004953,PAY0066221,O0062814,2025-02-14T09:43:20Z,duplicate,96.32
R004954,PAY0066223,O0062816,2024-12-18T11:44:27Z,late_delivery,165.48
R004955,PAY0066228,O0062821,2024-06-08T21:02:24Z,duplicate,1000.25
R004956,PAY0066235,O0062828,2024-06-07T18:12:05Z,customer_return,383.95
R004957,PAY0066279,O0062868,2024-08-18T03:25:52Z,damaged,536.29
R004958,PAY0066284,O0062873,2023-06-03T00:10:29Z,late_delivery,592.03
R004959,PAY0066286,O0062875,2023-09-06T16:44:39Z,duplicate,12.77
R004960,PAY0066306,O0062893,2025-02-15T20:36:04Z,customer_return,406.74
R004961,PAY0066314,O0062900,2024-12-23T01:49:57Z,late_delivery,512.11
R004962,PAY0066334,O0062918,2024-12-19T19:27:54Z,duplicate,1274.01
R004963,PAY0066336,O0062920,2025-01-17T02:12:55Z,damaged,811.09
R004964,PAY0066350,O0062934,2024-04-07T14:16:43Z,damaged,580.55
R004965,PAY0066409,O0062991,2025-11-12T21:48:46Z,duplicate,178.66
R004966,PAY0066413,O0062995,2023-02-27T06:47:09Z,customer_return,109.85
R004967,PAY0066421,O0063001,2023-05-26T12:39:02Z,duplicate,2037.47
R004968,PAY0066422,O0063002,2024-10-10T14:35:37Z,late_delivery,86.93
R004969,PAY0066433,O0063013,2024-02-24T14:11:22Z,duplicate,17.44
R004970,PAY0066453,O0063032,2025-08-11T02:44:35Z,duplicate,58.77
R004971,PAY0066487,O0063063,2025-12-24T07:43:58Z,damaged,0.87
R004972,PAY0066506,O0063082,2023-08-18T06:32:38Z,customer_return,628.67
R004973,PAY0066526,O0063100,2025-02-11T08:00:06Z,damaged,1724.34
R004974,PAY0066532,O0063105,2024-06-23T04:07:20Z,customer_return,101.56
R004975,PAY0066533,O0063106,2025-09-15T04:20:09Z,duplicate,120.17
R004976,PAY0066541,O0063114,2025-11-11T12:39:26Z,customer_return,125.26
R004977,PAY0066542,O0063115,2025-09-05T18:03:07Z,customer_return,145.84
R004978,PAY0066551,O0063123,2023-11-21T00:05:04Z,customer_return,247.04
R004979,PAY0066571,O0063142,2025-03-10T02:58:29Z,customer_return,25.18
R004980,PAY0066577,O0063148,2024-03-19T01:04:36Z,late_delivery,1037.71
R004981,PAY0066579,O0063150,2023-12-05T00:59:54Z,late_delivery,671.25
R004982,PAY0066580,O0063151,2025-01-25T20:37:58Z,late_delivery,107.76
R004983,PAY0066588,O0063158,2025-02-05T14:12:48Z,late_delivery,32.45
R004984,PAY0066595,O0063165,2024-12-18T07:47:28Z,duplicate,74.40
R004985,PAY0066606,O0063176,2024-05-22T12:36:01Z,late_delivery,347.54
R004986,PAY0066638,O0063206,2025-12-18T11:41:56Z,customer_return,0.50
R004987,PAY0066639,O0063207,2023-06-13T22:03:12Z,late_delivery,74.71
R004988,PAY0066663,O0063231,2025-12-09T12:38:37Z,customer_return,957.15
R004989,PAY0066668,O0063236,2023-05-21T21:54:47Z,damaged,69.77
R004990,PAY0066684,O0063252,2023-03-24T04:49:46Z,customer_return,130.81
R004991,PAY0066690,O0063258,2023-01-24T06:49:23Z,customer_return,273.62
R004992,PAY0066694,O0063262,2024-01-22T17:10:05Z,duplicate,381.49
R004993,PAY0066702,O0063270,2025-09-11T02:34:59Z,duplicate,2318.23
R004994,PAY0066712,O0063280,2025-04-10T01:34:44Z,customer_return,407.81
R004995,PAY0066713,O0063281,2025-05-19T16:54:53Z,late_delivery,49.12
R004996,PAY0066716,O0063284,2024-03-07T02:34:33Z,duplicate,110.15
R004997,PAY0066720,O0063288,2025-03-22T07:10:25Z,damaged,294.88
R004998,PAY0066728,O0063296,2023-05-26T15:52:29Z,customer_return,659.86
R004999,PAY0066750,O0063316,2024-03-07T19:56:01Z,late_delivery,871.01
R005000,PAY0066761,O0063326,2025-04-14T13:18:03Z,late_delivery,306.45
R005001,PAY0066785,O0063350,2025-04-28T03:41:45Z,duplicate,912.49
R005002,PAY0066801,O0063366,2025-06-28T21:46:41Z,customer_return,449.81
R005003,PAY0066813,O0063378,2023-01-28T18:11:36Z,late_delivery,355.00
R005004,PAY0066816,O0063381,2025-11-12T21:05:30Z,damaged,78.18
R005005,PAY0066817,O0063382,2025-06-09T02:46:16Z,late_delivery,139.15
R005006,PAY0066822,O0063387,2025-11-12T15:05:31Z,late_delivery,186.68
R005007,PAY0066865,O0063428,2023-06-22T17:04:38Z,customer_return,230.39
R005008,PAY0066890,O0063452,2023-07-15T15:22:47Z,damaged,357.26
R005009,PAY0066898,O0063459,2024-10-12T08:26:13Z,damaged,310.74
R005010,PAY0066907,O0063468,2024-05-22T04:46:52Z,duplicate,174.12
R005011,PAY0066928,O0063488,2023-02-06T05:40:50Z,customer_return,300.15
R005012,PAY0066931,O0063491,2025-03-07T00:53:28Z,duplicate,132.89
R005013,PAY0066941,O0063501,2025-09-04T09:38:38Z,duplicate,191.30
R005014,PAY0066971,O0063530,2023-04-07T05:03:31Z,customer_return,318.35
R005015,PAY0066980,O0063539,2023-11-04T08:43:56Z,damaged,340.89
R005016,PAY0066990,O0063548,2023-12-17T11:14:00Z,customer_return,213.27
R005017,PAY0066998,O0063555,2025-12-13T13:04:39Z,damaged,51.97
R005018,PAY0067015,O0063570,2025-06-21T03:57:13Z,damaged,327.77
R005019,PAY0067031,O0063585,2024-09-22T15:32:08Z,late_delivery,789.74
R005020,PAY0067062,O0063615,2025-03-26T21:36:13Z,duplicate,393.52
R005021,PAY0067082,O0063635,2024-03-25T08:53:20Z,late_delivery,128.04
R005022,PAY0067088,O0063641,2023-04-05T03:44:07Z,customer_return,737.50
R005023,PAY0067092,O0063645,2025-01-12T07:45:20Z,customer_return,30.88
R005024,PAY0067125,O0063675,2024-03-01T05:06:36Z,customer_return,273.81
R005025,PAY0067143,O0063693,2024-01-31T00:20:44Z,damaged,433.89
R005026,PAY0067147,O0063696,2025-09-03T12:52:41Z,customer_return,125.49
R005027,PAY0067157,O0063705,2025-11-09T12:50:36Z,damaged,72.50
R005028,PAY0067162,O0063710,2023-07-26T12:50:04Z,customer_return,572.18
R005029,PAY0067178,O0063723,2023-11-08T01:46:52Z,customer_return,177.53
R005030,PAY0067186,O0063731,2024-12-13T02:07:31Z,customer_return,108.99
R005031,PAY0067208,O0063752,2025-02-25T15:19:24Z,customer_return,354.64
R005032,PAY0067209,O0063753,2025-02-24T13:34:29Z,late_delivery,418.02
R005033,PAY0067211,O0063755,2025-09-09T15:28:40Z,late_delivery,605.36
R005034,PAY0067239,O0063782,2025-12-31T19:16:55Z,late_delivery,602.27
R005035,PAY0067254,O0063797,2024-05-07T03:53:30Z,customer_return,118.85
R005036,PAY0067257,O0063800,2023-09-10T03:41:53Z,duplicate,281.23
R005037,PAY0067258,O0063801,2024-06-16T07:57:31Z,late_delivery,36.17
R005038,PAY0067329,O0063871,2024-04-10T11:32:48Z,customer_return,315.09
R005039,PAY0067347,O0063889,2023-11-22T12:05:45Z,late_delivery,555.17
R005040,PAY0067378,O0063917,2023-09-24T07:35:36Z,damaged,515.50
R005041,PAY0067410,O0063948,2024-06-09T17:24:20Z,duplicate,620.27
R005042,PAY0067412,O0063950,2023-07-05T21:19:51Z,duplicate,23.55
R005043,PAY0067435,O0063973,2023-05-18T17:32:19Z,late_delivery,1.31
R005044,PAY0067445,O0063982,2025-07-01T08:21:37Z,late_delivery,1059.64
R005045,PAY0067449,O0063986,2025-08-01T13:07:24Z,damaged,688.64
R005046,PAY0067455,O0063991,2024-06-27T03:23:22Z,duplicate,237.68
R005047,PAY0067458,O0063994,2024-11-30T12:48:41Z,damaged,301.48
R005048,PAY0067466,O0064001,2024-10-26T14:33:50Z,late_delivery,16.05
R005049,PAY0067527,O0064058,2024-02-17T01:45:15Z,customer_return,103.84
R005050,PAY0067543,O0064073,2023-07-18T07:13:32Z,customer_return,106.04
R005051,PAY0067546,O0064076,2023-11-10T08:28:23Z,customer_return,246.99
R005052,PAY0067567,O0064096,2023-05-07T06:51:41Z,damaged,362.71
R005053,PAY0067592,O0064121,2025-10-23T18:05:49Z,late_delivery,261.33
R005054,PAY0067613,O0064142,2025-07-30T00:02:56Z,customer_return,1305.74
R005055,PAY0067614,O0064143,2024-01-04T18:15:48Z,damaged,15.28
R005056,PAY0067617,O0064146,2024-10-15T00:31:57Z,late_delivery,238.56
R005057,PAY0067636,O0064165,2024-04-05T16:49:56Z,late_delivery,83.64
R005058,PAY0067639,O0064168,2024-07-29T00:27:38Z,late_delivery,171.41
R005059,PAY0067642,O0064171,2023-06-26T12:04:55Z,duplicate,165.80
R005060,PAY0067656,O0064183,2023-12-22T11:21:30Z,duplicate,92.14
R005061,PAY0067668,O0064195,2025-02-06T16:16:18Z,late_delivery,337.83
R005062,PAY0067701,O0064227,2025-10-21T04:16:33Z,duplicate,410.56
R005063,PAY0067717,O0064242,2025-11-03T07:42:24Z,duplicate,1189.23
R005064,PAY0067731,O0064255,2023-01-10T11:24:32Z,damaged,529.08
R005065,PAY0067734,O0064257,2024-04-19T14:58:42Z,customer_return,14.66
R005066,PAY0067748,O0064269,2025-03-19T03:27:39Z,customer_return,124.04
R005067,PAY0067769,O0064289,2025-02-04T20:47:07Z,duplicate,1072.50
R005068,PAY0067828,O0064344,2024-05-31T13:44:59Z,customer_return,210.20
R005069,PAY0067852,O0064367,2025-11-21T12:48:47Z,customer_return,1106.91
R005070,PAY0067864,O0064379,2023-03-02T06:33:18Z,late_delivery,524.16
R005071,PAY0067866,O0064380,2024-09-26T08:42:39Z,duplicate,522.27
R005072,PAY0067868,O0064382,2024-11-01T04:29:43Z,duplicate,468.15
R005073,PAY0067870,O0064384,2024-01-17T08:39:40Z,duplicate,1673.02
R005074,PAY0067872,O0064386,2024-06-01T05:58:31Z,duplicate,438.00
R005075,PAY0067888,O0064402,2025-06-13T14:30:46Z,duplicate,149.86
R005076,PAY0067904,O0064417,2023-09-19T22:59:20Z,damaged,333.39
R005077,PAY0067907,O0064419,2023-12-05T22:04:55Z,damaged,28.39
R005078,PAY0067912,O0064423,2024-10-27T16:30:43Z,damaged,263.97
R005079,PAY0067913,O0064424,2023-09-28T18:30:05Z,duplicate,366.16
R005080,PAY0067929,O0064439,2024-04-28T14:55:35Z,duplicate,724.91
R005081,PAY0067946,O0064455,2023-01-16T16:51:16Z,damaged,437.92
R005082,PAY0067967,O0064475,2023-08-22T02:49:04Z,duplicate,208.84
R005083,PAY0067977,O0064485,2023-04-24T07:49:51Z,damaged,89.67
R005084,PAY0067989,O0064497,2023-11-08T03:40:56Z,duplicate,118.18
R005085,PAY0068017,O0064525,2025-07-11T20:53:31Z,duplicate,0.49
R005086,PAY0068026,O0064534,2025-01-28T17:21:43Z,damaged,121.08
R005087,PAY0068085,O0064585,2025-11-10T09:41:18Z,customer_return,297.81
R005088,PAY0068090,O0064590,2024-04-20T08:16:05Z,late_delivery,415.47
R005089,PAY0068091,O0064591,2025-08-08T17:56:06Z,customer_return,235.85
R005090,PAY0068106,O0064604,2025-05-11T17:10:29Z,duplicate,584.10
R005091,PAY0068108,O0064606,2024-07-02T21:43:01Z,customer_return,54.48
R005092,PAY0068113,O0064611,2024-12-04T09:30:04Z,late_delivery,1149.26
R005093,PAY0068126,O0064624,2025-11-15T10:49:40Z,damaged,40.19
R005094,PAY0068148,O0064643,2024-10-07T03:15:19Z,damaged,435.66
R005095,PAY0068170,O0064664,2024-08-02T00:22:05Z,duplicate,267.33
R005096,PAY0068197,O0064690,2025-06-25T13:00:17Z,late_delivery,491.53
R005097,PAY0068229,O0064721,2025-05-18T10:52:30Z,customer_return,1426.63
R005098,PAY0068233,O0064725,2025-02-02T05:26:30Z,customer_return,1471.35
R005099,PAY0068241,O0064733,2024-01-08T14:57:04Z,duplicate,266.47
R005100,PAY0068247,O0064739,2025-05-21T05:09:08Z,customer_return,222.86
R005101,PAY0068258,O0064750,2024-09-01T22:50:45Z,late_delivery,674.70
R005102,PAY0068262,O0064753,2025-09-27T21:16:44Z,customer_return,169.77
R005103,PAY0068270,O0064760,2024-06-13T11:17:15Z,damaged,525.16
R005104,PAY0068279,O0064769,2024-09-03T20:24:35Z,duplicate,55.93
R005105,PAY0068307,O0064796,2025-12-31T16:57:04Z,damaged,100.95
R005106,PAY0068338,O0064825,2023-04-19T05:45:04Z,damaged,229.07
R005107,PAY0068346,O0064833,2023-04-20T21:53:34Z,late_delivery,137.09
R005108,PAY0068347,O0064834,2024-05-22T10:33:41Z,customer_return,123.38
R005109,PAY0068350,O0064837,2025-06-27T05:32:17Z,late_delivery,165.63
R005110,PAY0068352,O0064839,2025-05-09T11:22:21Z,duplicate,77.06
R005111,PAY0068394,O0064877,2024-02-17T04:10:54Z,customer_return,756.03
R005112,PAY0068410,O0064892,2024-01-25T05:12:44Z,damaged,534.05
R005113,PAY0068411,O0064893,2024-04-19T16:18:41Z,customer_return,1017.34
R005114,PAY0068480,O0064959,2023-08-11T10:00:37Z,duplicate,1331.02
R005115,PAY0068481,O0064960,2024-03-07T05:57:00Z,duplicate,413.68
R005116,PAY0068495,O0064974,2024-11-16T13:22:14Z,late_delivery,343.44
R005117,PAY0068506,O0064984,2024-01-27T18:24:15Z,customer_return,332.95
R005118,PAY0068508,O0064986,2023-07-25T16:12:38Z,damaged,171.83
R005119,PAY0068519,O0064997,2023-10-23T06:13:19Z,customer_return,370.58
R005120,PAY0068520,O0064998,2025-01-01T13:23:31Z,damaged,1201.38
R005121,PAY0068544,O0065022,2024-10-07T15:12:20Z,duplicate,485.93
R005122,PAY0068549,O0065027,2023-02-20T09:54:06Z,late_delivery,855.93
R005123,PAY0068561,O0065038,2023-02-09T04:17:52Z,damaged,108.52
R005124,PAY0068583,O0065058,2023-04-13T22:10:30Z,late_delivery,141.91
R005125,PAY0068596,O0065071,2025-12-30T01:33:39Z,late_delivery,796.39
R005126,PAY0068610,O0065083,2024-04-27T00:40:35Z,damaged,769.08
R005127,PAY0068611,O0065084,2023-11-02T20:27:37Z,duplicate,362.50
R005128,PAY0068651,O0065123,2024-01-20T09:44:47Z,late_delivery,15.89
R005129,PAY0068663,O0065134,2025-11-08T01:23:05Z,customer_return,300.22
R005130,PAY0068674,O0065144,2024-09-04T04:31:09Z,damaged,400.30
R005131,PAY0068689,O0065159,2024-11-21T02:36:14Z,late_delivery,345.96
R005132,PAY0068708,O0065178,2024-07-04T14:24:35Z,customer_return,744.69
R005133,PAY0068710,O0065180,2025-08-21T13:00:20Z,late_delivery,310.01
R005134,PAY0068713,O0065183,2025-09-02T18:59:35Z,customer_return,1023.00
R005135,PAY0068724,O0065193,2024-05-08T15:26:23Z,duplicate,60.28
R005136,PAY0068740,O0065207,2023-05-17T22:10:23Z,damaged,300.93
R005137,PAY0068773,O0065239,2023-08-09T05:07:19Z,late_delivery,263.29
R005138,PAY0068783,O0065248,2025-03-30T17:48:22Z,customer_return,1205.47
R005139,PAY0068820,O0065282,2023-12-16T10:07:07Z,damaged,181.33
R005140,PAY0068821,O0065283,2025-07-21T21:13:13Z,duplicate,313.15
R005141,PAY0068833,O0065295,2023-07-26T11:34:24Z,damaged,108.43
R005142,PAY0068849,O0065311,2025-10-17T14:14:37Z,customer_return,242.88
R005143,PAY0068853,O0065315,2023-02-14T18:23:33Z,customer_return,779.61
R005144,PAY0068857,O0065318,2024-12-27T02:01:09Z,damaged,336.25
R005145,PAY0068860,O0065320,2024-07-28T20:07:44Z,customer_return,205.48
R005146,PAY0068867,O0065326,2023-06-16T10:17:31Z,duplicate,441.44
R005147,PAY0068888,O0065347,2024-09-24T12:26:01Z,late_delivery,50.40
R005148,PAY0068890,O0065349,2023-09-04T03:28:42Z,duplicate,18.52
R005149,PAY0068898,O0065357,2024-12-13T14:26:35Z,late_delivery,1171.55
R005150,PAY0068910,O0065368,2023-07-01T09:31:59Z,damaged,83.00
R005151,PAY0068918,O0065375,2025-09-25T09:21:15Z,duplicate,401.81
R005152,PAY0068939,O0065394,2025-09-02T03:53:00Z,customer_return,391.77
R005153,PAY0068985,O0065439,2025-03-14T11:18:57Z,late_delivery,782.38
R005154,PAY0068987,O0065441,2023-02-03T00:00:07Z,duplicate,531.68
R005155,PAY0069005,O0065458,2025-05-31T03:34:29Z,late_delivery,269.71
R005156,PAY0069017,O0065469,2024-06-26T23:25:46Z,damaged,54.25
R005157,PAY0069022,O0065474,2024-02-09T10:12:36Z,duplicate,49.20
R005158,PAY0069024,O0065476,2024-12-02T13:15:09Z,damaged,251.74
R005159,PAY0069045,O0065497,2024-08-11T19:31:57Z,damaged,178.36
R005160,PAY0069083,O0065534,2023-03-13T15:15:28Z,late_delivery,1135.63
R005161,PAY0069141,O0065590,2025-07-29T00:08:47Z,damaged,37.80
R005162,PAY0069144,O0065593,2025-09-07T21:23:53Z,customer_return,13.56
R005163,PAY0069151,O0065600,2023-02-16T20:53:01Z,customer_return,567.01
R005164,PAY0069170,O0065619,2025-04-17T14:31:08Z,duplicate,1343.83
R005165,PAY0069204,O0065653,2025-05-21T09:26:15Z,duplicate,343.96
R005166,PAY0069241,O0065688,2025-01-22T22:57:08Z,damaged,1006.65
R005167,PAY0069253,O0065699,2023-04-13T23:41:02Z,customer_return,445.81
R005168,PAY0069275,O0065720,2025-02-03T15:03:31Z,late_delivery,45.25
R005169,PAY0069311,O0065754,2023-06-15T01:55:26Z,duplicate,376.75
R005170,PAY0069325,O0065768,2024-01-23T11:07:19Z,late_delivery,338.96
R005171,PAY0069333,O0065776,2024-04-21T14:50:36Z,late_delivery,179.83
R005172,PAY0069340,O0065782,2025-07-08T12:05:44Z,late_delivery,1161.48
R005173,PAY0069345,O0065787,2024-01-25T00:53:27Z,damaged,154.74
R005174,PAY0069346,O0065788,2025-06-01T23:05:18Z,damaged,482.32
R005175,PAY0069352,O0065794,2024-06-27T18:26:36Z,customer_return,324.01
R005176,PAY0069402,O0065841,2023-04-11T10:42:37Z,damaged,416.41
R005177,PAY0069419,O0065858,2025-08-06T23:10:00Z,damaged,113.55
R005178,PAY0069434,O0065873,2024-09-09T17:24:42Z,duplicate,10.86
R005179,PAY0069481,O0065916,2024-05-30T04:36:28Z,late_delivery,214.74
R005180,PAY0069506,O0065941,2024-10-08T22:09:29Z,duplicate,327.56
R005181,PAY0069507,O0065942,2025-04-21T10:49:56Z,late_delivery,81.74
R005182,PAY0069524,O0065957,2024-10-09T13:54:56Z,customer_return,128.75
R005183,PAY0069528,O0065961,2025-07-05T04:05:58Z,damaged,12.47
R005184,PAY0069536,O0065969,2024-07-13T20:43:36Z,customer_return,29.79
R005185,PAY0069546,O0065979,2024-05-11T00:18:08Z,customer_return,273.93
R005186,PAY0069561,O0065994,2025-04-29T22:56:24Z,customer_return,711.64
R005187,PAY0069568,O0066001,2023-11-21T05:30:06Z,customer_return,903.87
R005188,PAY0069569,O0066002,2025-01-16T19:36:50Z,damaged,410.69
R005189,PAY0069587,O0066020,2024-07-16T01:13:20Z,customer_return,1037.73
R005190,PAY0069590,O0066023,2024-04-14T20:03:59Z,damaged,74.18
R005191,PAY0069591,O0066024,2025-12-27T01:43:02Z,duplicate,157.21
R005192,PAY0069596,O0066029,2023-12-03T20:16:25Z,late_delivery,879.37
R005193,PAY0069621,O0066053,2025-09-19T09:31:16Z,customer_return,390.31
R005194,PAY0069622,O0066054,2023-02-18T02:10:25Z,late_delivery,261.07
R005195,PAY0069632,O0066063,2024-03-16T09:29:56Z,customer_return,643.96
R005196,PAY0069658,O0066088,2023-03-05T20:08:54Z,late_delivery,700.62
R005197,PAY0069663,O0066092,2025-10-15T07:59:57Z,late_delivery,108.85
R005198,PAY0069674,O0066101,2023-07-28T21:01:51Z,customer_return,609.81
R005199,PAY0069683,O0066109,2024-11-17T21:57:59Z,damaged,11.29
R005200,PAY0069686,O0066112,2023-05-21T23:50:55Z,damaged,131.84
R005201,PAY0069688,O0066114,2023-04-19T01:23:25Z,duplicate,705.56
R005202,PAY0069720,O0066142,2023-11-30T11:51:31Z,duplicate,109.68
R005203,PAY0069725,O0066147,2025-09-21T20:37:20Z,damaged,844.00
R005204,PAY0069751,O0066172,2024-05-19T20:29:29Z,late_delivery,5.25
R005205,PAY0069762,O0066182,2025-12-28T19:11:42Z,duplicate,99.15
R005206,PAY0069768,O0066187,2024-01-09T09:08:40Z,damaged,881.73
R005207,PAY0069770,O0066189,2025-10-20T10:20:53Z,customer_return,648.14
R005208,PAY0069775,O0066192,2024-08-16T13:24:43Z,late_delivery,10.87
R005209,PAY0069815,O0066230,2023-09-25T10:42:43Z,duplicate,302.55
R005210,PAY0069825,O0066240,2024-09-13T08:16:37Z,customer_return,374.74
R005211,PAY0069841,O0066256,2025-03-15T20:00:42Z,duplicate,717.94
R005212,PAY0069843,O0066258,2023-08-28T06:34:37Z,late_delivery,538.05
R005213,PAY0069844,O0066259,2024-05-12T11:22:48Z,duplicate,80.26
R005214,PAY0069869,O0066284,2024-08-20T02:00:23Z,duplicate,130.63
R005215,PAY0069913,O0066326,2024-10-19T06:54:36Z,customer_return,54.30
R005216,PAY0069945,O0066356,2025-02-09T22:13:42Z,duplicate,319.06
R005217,PAY0069958,O0066369,2025-07-31T19:07:24Z,damaged,106.56
R005218,PAY0069963,O0066374,2025-04-23T22:03:17Z,late_delivery,51.68
R005219,PAY0069971,O0066382,2025-07-27T07:46:19Z,duplicate,39.81
R005220,PAY0069981,O0066391,2024-02-07T08:45:56Z,duplicate,526.98
R005221,PAY0069993,O0066403,2023-02-26T09:06:14Z,late_delivery,555.89
R005222,PAY0070014,O0066424,2023-02-10T04:08:40Z,late_delivery,163.77
R005223,PAY0070024,O0066434,2023-02-13T08:40:20Z,damaged,1566.99
R005224,PAY0070033,O0066442,2024-12-28T19:50:07Z,damaged,49.17
R005225,PAY0070036,O0066445,2023-12-21T00:05:28Z,duplicate,646.42
R005226,PAY0070045,O0066454,2024-12-04T12:54:46Z,damaged,8.82
R005227,PAY0070055,O0066464,2025-12-01T04:33:30Z,duplicate,942.33
R005228,PAY0070065,O0066474,2024-11-08T19:49:57Z,damaged,237.29
R005229,PAY0070071,O0066479,2023-02-15T08:37:35Z,duplicate,1156.16
R005230,PAY0070079,O0066487,2025-09-18T14:26:10Z,customer_return,220.58
R005231,PAY0070088,O0066496,2023-02-10T04:49:08Z,duplicate,1087.02
R005232,PAY0070106,O0066512,2025-03-18T10:19:48Z,duplicate,274.66
R005233,PAY0070116,O0066521,2023-05-08T01:32:49Z,duplicate,377.75
R005234,PAY0070117,O0066522,2025-12-25T04:31:42Z,customer_return,1549.92
R005235,PAY0070120,O0066525,2025-07-05T11:22:11Z,customer_return,509.35
R005236,PAY0070121,O0066526,2023-10-27T09:02:44Z,duplicate,136.91
R005237,PAY0070131,O0066534,2023-06-16T05:47:38Z,duplicate,321.54
R005238,PAY0070154,O0066555,2024-06-14T12:02:27Z,late_delivery,173.30
R005239,PAY0070174,O0066575,2024-08-20T01:58:07Z,damaged,318.69
R005240,PAY0070176,O0066577,2024-07-23T18:29:25Z,damaged,406.56
R005241,PAY0070179,O0066580,2023-06-27T22:40:13Z,customer_return,184.62
R005242,PAY0070190,O0066590,2024-05-11T05:04:47Z,customer_return,279.53
R005243,PAY0070195,O0066594,2025-08-27T10:46:52Z,duplicate,332.50
R005244,PAY0070200,O0066599,2024-12-15T17:18:38Z,late_delivery,23.03
R005245,PAY0070248,O0066646,2025-06-21T12:03:19Z,duplicate,330.90
R005246,PAY0070266,O0066664,2025-12-31T21:03:49Z,customer_return,927.41
R005247,PAY0070287,O0066685,2023-01-31T20:48:39Z,damaged,565.33
R005248,PAY0070294,O0066691,2024-12-10T01:31:31Z,late_delivery,48.07
R005249,PAY0070302,O0066699,2024-08-21T06:46:04Z,damaged,215.17
R005250,PAY0070321,O0066718,2023-02-08T20:27:01Z,duplicate,443.64
R005251,PAY0070339,O0066735,2023-07-09T16:00:37Z,customer_return,1279.02
R005252,PAY0070350,O0066746,2024-01-10T03:03:47Z,damaged,11.19
R005253,PAY0070363,O0066758,2024-09-30T17:57:34Z,customer_return,305.19
R005254,PAY0070390,O0066785,2023-10-02T12:52:22Z,damaged,279.05
R005255,PAY0070396,O0066791,2024-09-27T16:35:51Z,damaged,467.89
R005256,PAY0070428,O0066821,2025-12-13T05:15:07Z,damaged,1248.21
R005257,PAY0070437,O0066828,2023-03-30T12:34:07Z,damaged,646.20
R005258,PAY0070439,O0066830,2024-05-25T20:34:36Z,customer_return,20.31
R005259,PAY0070446,O0066837,2025-06-26T22:59:16Z,customer_return,1397.43
R005260,PAY0070466,O0066855,2025-09-11T04:46:01Z,customer_return,327.43
R005261,PAY0070485,O0066874,2023-10-02T03:03:24Z,late_delivery,156.60
R005262,PAY0070505,O0066891,2024-04-07T14:52:17Z,customer_return,45.87
R005263,PAY0070507,O0066893,2023-06-11T03:26:40Z,damaged,680.89
R005264,PAY0070554,O0066937,2023-06-17T13:23:32Z,damaged,902.98
R005265,PAY0070564,O0066947,2025-04-26T13:27:12Z,duplicate,4.56
R005266,PAY0070565,O0066948,2025-05-07T08:36:17Z,customer_return,12.59
R005267,PAY0070584,O0066967,2023-11-15T06:49:09Z,late_delivery,316.70
R005268,PAY0070585,O0066968,2025-02-12T23:25:42Z,duplicate,140.00
R005269,PAY0070592,O0066975,2025-05-26T20:32:59Z,customer_return,770.11
R005270,PAY0070617,O0066998,2025-12-01T08:28:35Z,late_delivery,209.11
R005271,PAY0070623,O0067004,2023-02-03T18:43:20Z,duplicate,99.34
R005272,PAY0070627,O0067008,2024-09-26T21:46:38Z,customer_return,308.35
R005273,PAY0070634,O0067015,2023-07-30T10:46:31Z,damaged,377.47
R005274,PAY0070662,O0067042,2024-12-23T23:04:03Z,late_delivery,224.54
R005275,PAY0070665,O0067045,2025-04-22T14:08:44Z,duplicate,886.62
R005276,PAY0070676,O0067055,2025-01-26T13:54:21Z,damaged,117.50
R005277,PAY0070678,O0067057,2025-02-23T18:37:24Z,customer_return,576.56
R005278,PAY0070682,O0067061,2023-11-19T03:15:50Z,late_delivery,76.75
R005279,PAY0070698,O0067076,2025-10-13T04:32:43Z,customer_return,210.65
R005280,PAY0070712,O0067090,2024-11-07T02:01:21Z,late_delivery,27.73
R005281,PAY0070716,O0067094,2025-06-10T01:28:00Z,customer_return,493.72
R005282,PAY0070724,O0067102,2023-11-10T07:01:22Z,duplicate,11.88
R005283,PAY0070769,O0067145,2023-03-09T17:20:21Z,damaged,704.34
R005284,PAY0070771,O0067146,2023-07-03T04:05:31Z,damaged,575.90
R005285,PAY0070779,O0067153,2024-11-28T09:10:41Z,damaged,418.52
R005286,PAY0070789,O0067163,2025-10-25T16:23:28Z,late_delivery,462.99
R005287,PAY0070819,O0067191,2023-01-27T10:07:54Z,damaged,419.93
R005288,PAY0070833,O0067204,2025-03-02T16:04:04Z,late_delivery,149.61
R005289,PAY0070840,O0067211,2025-04-23T20:22:50Z,duplicate,255.61
R005290,PAY0070841,O0067212,2024-01-05T10:38:51Z,late_delivery,112.43
R005291,PAY0070846,O0067217,2024-07-28T01:25:39Z,customer_return,495.68
R005292,PAY0070884,O0067252,2023-08-13T03:27:06Z,damaged,1877.74
R005293,PAY0070890,O0067258,2025-05-15T15:49:02Z,customer_return,642.58
R005294,PAY0070896,O0067263,2023-11-18T00:46:30Z,late_delivery,148.18
R005295,PAY0070897,O0067264,2023-02-12T15:11:40Z,late_delivery,388.01
R005296,PAY0070911,O0067278,2023-04-21T17:35:49Z,damaged,145.10
R005297,PAY0070923,O0067289,2023-12-01T01:46:58Z,late_delivery,33.07
R005298,PAY0070935,O0067301,2025-03-15T23:58:27Z,damaged,820.41
R005299,PAY0070943,O0067308,2024-01-04T07:48:49Z,duplicate,1261.04
R005300,PAY0070950,O0067315,2024-03-16T05:50:07Z,customer_return,316.56
R005301,PAY0070969,O0067334,2025-07-28T08:24:54Z,customer_return,1942.88
R005302,PAY0070980,O0067345,2024-12-27T03:05:25Z,damaged,864.92
R005303,PAY0070998,O0067362,2023-04-01T01:17:13Z,duplicate,1844.04
R005304,PAY0071000,O0067364,2025-05-02T04:50:57Z,damaged,202.80
R005305,PAY0071002,O0067366,2024-03-23T04:31:35Z,damaged,472.36
R005306,PAY0071014,O0067378,2024-07-06T21:15:00Z,duplicate,18.53
R005307,PAY0071017,O0067381,2025-06-21T09:11:06Z,damaged,629.82
R005308,PAY0071021,O0067385,2025-01-10T21:40:34Z,duplicate,688.91
R005309,PAY0071025,O0067389,2025-05-23T19:48:17Z,late_delivery,380.47
R005310,PAY0071031,O0067395,2023-12-03T17:17:08Z,customer_return,356.37
R005311,PAY0071039,O0067403,2025-08-27T16:16:45Z,customer_return,269.07
R005312,PAY0071045,O0067408,2023-12-06T02:27:41Z,late_delivery,105.22
R005313,PAY0071077,O0067436,2023-12-10T15:38:45Z,customer_return,779.43
R005314,PAY0071087,O0067446,2024-08-10T05:59:43Z,late_delivery,14.30
R005315,PAY0071098,O0067457,2025-10-19T22:43:17Z,customer_return,835.52
R005316,PAY0071101,O0067460,2024-11-19T14:02:02Z,damaged,1223.75
R005317,PAY0071109,O0067467,2023-09-21T21:08:17Z,late_delivery,401.55
R005318,PAY0071113,O0067470,2024-12-05T05:53:41Z,damaged,136.52
R005319,PAY0071119,O0067476,2025-10-31T21:16:26Z,duplicate,121.40
R005320,PAY0071149,O0067504,2023-03-07T20:49:00Z,late_delivery,60.27
R005321,PAY0071153,O0067508,2024-07-04T13:01:43Z,customer_return,1022.39
R005322,PAY0071200,O0067554,2025-02-22T12:50:08Z,duplicate,83.20
R005323,PAY0071234,O0067587,2024-06-30T01:44:31Z,damaged,30.57
R005324,PAY0071240,O0067593,2023-05-19T00:51:38Z,customer_return,32.43
R005325,PAY0071246,O0067599,2025-12-31T02:31:24Z,duplicate,1060.55
R005326,PAY0071247,O0067600,2025-08-07T03:01:49Z,late_delivery,242.51
R005327,PAY0071281,O0067634,2024-07-07T12:09:28Z,duplicate,476.73
R005328,PAY0071294,O0067647,2024-02-05T03:48:14Z,duplicate,659.23
R005329,PAY0071327,O0067678,2024-07-11T00:05:27Z,customer_return,503.56
R005330,PAY0071334,O0067685,2025-06-29T20:39:34Z,customer_return,256.99
R005331,PAY0071377,O0067726,2024-10-21T02:47:36Z,late_delivery,1298.42
R005332,PAY0071379,O0067728,2025-12-31T05:09:22Z,duplicate,84.94
R005333,PAY0071387,O0067736,2025-09-22T02:29:44Z,customer_return,83.36
R005334,PAY0071403,O0067750,2025-11-17T22:44:17Z,late_delivery,35.50
R005335,PAY0071406,O0067753,2024-04-20T02:42:38Z,late_delivery,172.51
R005336,PAY0071435,O0067781,2024-07-09T02:11:29Z,late_delivery,304.20
R005337,PAY0071461,O0067805,2024-05-26T18:51:04Z,damaged,176.11
R005338,PAY0071464,O0067808,2024-10-13T20:01:17Z,late_delivery,531.83
R005339,PAY0071475,O0067819,2024-03-13T21:01:36Z,customer_return,384.75
R005340,PAY0071477,O0067821,2023-03-31T06:38:08Z,customer_return,255.97
R005341,PAY0071495,O0067838,2024-02-03T17:13:09Z,customer_return,619.55
R005342,PAY0071496,O0067839,2024-01-10T03:29:43Z,customer_return,30.16
R005343,PAY0071500,O0067843,2025-05-10T12:09:20Z,duplicate,110.97
R005344,PAY0071519,O0067861,2025-11-21T00:32:15Z,late_delivery,223.85
R005345,PAY0071551,O0067891,2025-04-20T09:13:39Z,damaged,313.64
R005346,PAY0071562,O0067901,2023-04-03T08:59:18Z,damaged,1298.36
R005347,PAY0071564,O0067903,2023-04-16T11:56:28Z,customer_return,166.71
R005348,PAY0071576,O0067915,2024-04-17T18:50:05Z,customer_return,383.75
R005349,PAY0071591,O0067930,2025-08-18T02:20:17Z,damaged,472.56
R005350,PAY0071637,O0067973,2025-12-18T03:05:38Z,customer_return,288.66
R005351,PAY0071645,O0067981,2024-03-14T15:49:15Z,damaged,345.76
R005352,PAY0071648,O0067984,2025-12-12T04:26:22Z,customer_return,231.99
R005353,PAY0071663,O0067998,2025-01-28T21:08:05Z,duplicate,277.33
R005354,PAY0071671,O0068006,2023-01-29T22:09:05Z,damaged,216.35
R005355,PAY0071680,O0068015,2024-03-29T06:31:46Z,customer_return,1200.29
R005356,PAY0071688,O0068023,2024-06-01T20:51:46Z,customer_return,390.62
R005357,PAY0071689,O0068024,2025-12-03T00:33:24Z,late_delivery,91.82
R005358,PAY0071750,O0068082,2025-11-07T02:13:36Z,customer_return,642.42
R005359,PAY0071753,O0068085,2024-04-09T00:54:54Z,damaged,87.10
R005360,PAY0071754,O0068086,2025-04-28T11:08:09Z,late_delivery,196.01
R005361,PAY0071759,O0068091,2025-12-31T20:24:28Z,customer_return,928.30
R005362,PAY0071776,O0068108,2023-02-02T04:05:08Z,late_delivery,45.72
R005363,PAY0071779,O0068111,2023-04-11T22:01:06Z,duplicate,625.30
R005364,PAY0071793,O0068125,2024-05-24T01:00:16Z,customer_return,1376.79
R005365,PAY0071799,O0068131,2025-10-12T12:03:52Z,duplicate,338.82
R005366,PAY0071825,O0068156,2024-01-12T13:38:57Z,damaged,6.73
R005367,PAY0071846,O0068176,2025-02-21T19:01:48Z,late_delivery,1289.19
R005368,PAY0071859,O0068189,2025-06-19T09:23:26Z,duplicate,472.59
R005369,PAY0071867,O0068197,2025-01-09T12:13:26Z,late_delivery,895.04
R005370,PAY0071885,O0068215,2023-04-30T15:44:07Z,damaged,564.71
R005371,PAY0071894,O0068224,2025-09-06T02:56:37Z,damaged,1059.37
R005372,PAY0071907,O0068237,2024-02-15T09:35:01Z,duplicate,47.37
R005373,PAY0071915,O0068245,2025-08-03T06:25:43Z,late_delivery,145.84
R005374,PAY0071916,O0068246,2023-12-20T03:27:30Z,customer_return,55.31
R005375,PAY0071923,O0068253,2024-10-01T22:56:53Z,damaged,1892.59
R005376,PAY0071926,O0068256,2024-05-09T11:12:52Z,damaged,633.68
R005377,PAY0071951,O0068280,2025-06-05T08:14:09Z,customer_return,627.20
R005378,PAY0071982,O0068309,2025-06-22T12:24:00Z,damaged,208.77
R005379,PAY0071997,O0068322,2024-02-24T23:07:33Z,duplicate,111.98
R005380,PAY0072004,O0068329,2024-08-02T07:58:17Z,late_delivery,477.63
R005381,PAY0072052,O0068372,2024-08-10T07:56:54Z,customer_return,394.14
R005382,PAY0072072,O0068391,2025-08-16T22:03:45Z,duplicate,304.93
R005383,PAY0072087,O0068406,2024-02-25T09:20:59Z,customer_return,457.33
R005384,PAY0072113,O0068432,2025-11-18T00:41:29Z,duplicate,1259.88
R005385,PAY0072114,O0068433,2024-08-07T12:35:03Z,damaged,150.64
R005386,PAY0072116,O0068435,2023-04-27T18:45:09Z,customer_return,630.14
R005387,PAY0072131,O0068450,2025-02-22T11:47:08Z,duplicate,386.09
R005388,PAY0072159,O0068474,2025-08-30T02:13:44Z,late_delivery,428.98
R005389,PAY0072160,O0068475,2024-07-14T02:58:23Z,duplicate,305.80
R005390,PAY0072171,O0068485,2024-09-13T16:48:51Z,late_delivery,1438.06
R005391,PAY0072182,O0068496,2025-12-06T17:09:04Z,duplicate,855.79
R005392,PAY0072198,O0068510,2024-07-26T15:10:16Z,damaged,601.91
R005393,PAY0072212,O0068523,2023-09-21T16:32:32Z,damaged,43.42
R005394,PAY0072258,O0068567,2024-03-13T21:26:20Z,late_delivery,1444.88
R005395,PAY0072276,O0068583,2024-05-08T23:58:47Z,customer_return,863.86
R005396,PAY0072282,O0068588,2024-08-16T03:52:48Z,damaged,63.52
R005397,PAY0072283,O0068589,2024-05-18T02:08:45Z,customer_return,793.39
R005398,PAY0072293,O0068599,2024-08-04T21:49:41Z,late_delivery,193.41
R005399,PAY0072303,O0068609,2023-07-16T13:52:01Z,damaged,527.26
R005400,PAY0072305,O0068611,2024-10-07T18:11:31Z,late_delivery,730.54
R005401,PAY0072312,O0068618,2023-10-05T08:58:38Z,late_delivery,150.43
R005402,PAY0072320,O0068626,2025-04-10T09:44:47Z,late_delivery,156.04
R005403,PAY0072324,O0068629,2024-08-27T11:06:14Z,customer_return,117.60
R005404,PAY0072339,O0068644,2023-03-01T10:10:51Z,damaged,143.14
R005405,PAY0072343,O0068648,2023-11-29T14:47:03Z,customer_return,416.91
R005406,PAY0072345,O0068650,2023-02-28T00:16:19Z,late_delivery,35.97
R005407,PAY0072408,O0068712,2025-06-12T06:02:17Z,late_delivery,122.82
R005408,PAY0072416,O0068720,2024-02-01T10:18:00Z,late_delivery,525.85
R005409,PAY0072439,O0068741,2025-12-10T21:01:55Z,damaged,958.33
R005410,PAY0072460,O0068761,2025-01-09T14:26:23Z,duplicate,368.64
R005411,PAY0072468,O0068768,2023-02-10T01:23:14Z,late_delivery,24.49
R005412,PAY0072469,O0068769,2023-09-19T23:53:50Z,duplicate,58.33
R005413,PAY0072494,O0068794,2023-07-15T08:35:04Z,damaged,93.63
R005414,PAY0072499,O0068799,2024-09-27T07:31:50Z,customer_return,142.93
R005415,PAY0072503,O0068803,2024-09-20T17:37:32Z,duplicate,858.32
R005416,PAY0072520,O0068820,2025-01-04T11:55:44Z,damaged,221.04
R005417,PAY0072521,O0068821,2023-03-14T22:27:50Z,damaged,672.93
R005418,PAY0072539,O0068839,2024-05-26T01:18:38Z,late_delivery,512.15
R005419,PAY0072594,O0068891,2025-06-16T01:07:39Z,damaged,337.90
R005420,PAY0072610,O0068907,2023-08-08T22:28:41Z,duplicate,16.15
R005421,PAY0072627,O0068924,2024-12-06T12:50:54Z,late_delivery,5.16
R005422,PAY0072696,O0068987,2023-11-02T00:15:08Z,damaged,382.51
R005423,PAY0072699,O0068990,2025-03-11T22:51:32Z,duplicate,544.97
R005424,PAY0072715,O0069005,2023-08-04T05:42:37Z,damaged,57.41
R005425,PAY0072735,O0069024,2023-02-19T12:19:16Z,damaged,143.30
R005426,PAY0072737,O0069026,2024-01-06T09:05:58Z,duplicate,206.59
R005427,PAY0072738,O0069027,2024-10-08T15:28:38Z,customer_return,31.78
R005428,PAY0072740,O0069029,2023-09-29T14:46:56Z,duplicate,73.16
R005429,PAY0072752,O0069041,2024-04-30T17:30:38Z,late_delivery,360.75
R005430,PAY0072767,O0069056,2024-06-30T20:10:11Z,damaged,403.34
R005431,PAY0072770,O0069059,2023-11-10T14:35:18Z,late_delivery,98.76
R005432,PAY0072774,O0069063,2024-11-28T15:18:29Z,damaged,298.68
R005433,PAY0072777,O0069066,2023-06-02T13:25:24Z,customer_return,250.72
R005434,PAY0072792,O0069081,2023-11-30T17:05:28Z,damaged,1857.89
R005435,PAY0072804,O0069092,2025-08-26T14:37:56Z,late_delivery,349.72
R005436,PAY0072813,O0069100,2023-06-08T22:20:50Z,damaged,96.80
R005437,PAY0072830,O0069117,2024-11-07T05:55:41Z,customer_return,1125.69
R005438,PAY0072837,O0069122,2023-11-18T18:09:35Z,damaged,674.36
R005439,PAY0072867,O0069150,2024-03-30T09:20:17Z,damaged,314.34
R005440,PAY0072895,O0069177,2024-05-11T16:51:02Z,duplicate,332.31
R005441,PAY0072897,O0069179,2024-01-02T16:41:44Z,duplicate,1429.44
R005442,PAY0072899,O0069181,2025-01-07T12:06:46Z,late_delivery,563.02
R005443,PAY0072904,O0069185,2024-07-07T13:05:13Z,damaged,23.38
R005444,PAY0072908,O0069189,2024-11-25T17:18:24Z,late_delivery,229.63
R005445,PAY0072913,O0069194,2023-03-25T00:52:45Z,damaged,220.56
R005446,PAY0072946,O0069225,2025-02-02T19:26:27Z,damaged,158.43
R005447,PAY0072950,O0069229,2025-07-16T20:57:09Z,duplicate,1091.75
R005448,PAY0072995,O0069271,2025-08-25T13:15:37Z,duplicate,99.99
R005449,PAY0073013,O0069289,2025-11-04T14:37:36Z,damaged,210.87
R005450,PAY0073019,O0069295,2024-04-10T01:21:44Z,duplicate,110.10
R005451,PAY0073023,O0069299,2023-03-01T12:24:09Z,customer_return,986.90
R005452,PAY0073049,O0069324,2024-11-18T23:47:48Z,damaged,726.18
R005453,PAY0073052,O0069327,2025-01-29T22:06:50Z,customer_return,15.97
R005454,PAY0073063,O0069338,2023-05-28T06:48:34Z,customer_return,531.54
R005455,PAY0073077,O0069352,2025-05-06T10:04:48Z,duplicate,153.31
R005456,PAY0073080,O0069355,2023-07-30T22:11:02Z,damaged,814.21
R005457,PAY0073081,O0069356,2024-10-24T18:27:19Z,late_delivery,108.33
R005458,PAY0073097,O0069371,2023-11-11T06:31:38Z,late_delivery,33.62
R005459,PAY0073129,O0069403,2025-11-02T12:46:35Z,damaged,531.81
R005460,PAY0073132,O0069406,2025-07-23T16:43:25Z,late_delivery,122.13
R005461,PAY0073159,O0069433,2024-08-25T04:58:36Z,duplicate,322.16
R005462,PAY0073163,O0069437,2023-07-10T07:19:08Z,duplicate,1305.35
R005463,PAY0073165,O0069439,2023-07-22T03:57:33Z,damaged,154.39
R005464,PAY0073184,O0069457,2025-09-14T14:41:21Z,customer_return,71.32
R005465,PAY0073202,O0069475,2023-05-18T09:36:40Z,damaged,420.82
R005466,PAY0073212,O0069484,2025-07-22T22:44:51Z,customer_return,256.57
R005467,PAY0073233,O0069505,2023-06-06T18:57:26Z,customer_return,0.33
R005468,PAY0073264,O0069534,2025-04-14T16:02:59Z,damaged,8.76
R005469,PAY0073269,O0069538,2023-10-05T20:51:10Z,customer_return,1012.32
R005470,PAY0073298,O0069565,2024-08-05T03:00:45Z,damaged,565.28
R005471,PAY0073323,O0069588,2023-05-05T20:10:54Z,duplicate,10.14
R005472,PAY0073326,O0069591,2024-11-21T14:22:37Z,customer_return,960.42
R005473,PAY0073330,O0069595,2025-07-24T23:54:17Z,late_delivery,495.92
R005474,PAY0073348,O0069610,2024-11-14T18:12:43Z,duplicate,76.36
R005475,PAY0073367,O0069629,2024-11-01T12:12:37Z,damaged,327.64
R005476,PAY0073385,O0069645,2025-01-13T14:46:59Z,damaged,1119.38
R005477,PAY0073407,O0069666,2023-12-05T03:51:04Z,customer_return,296.31
R005478,PAY0073427,O0069685,2025-05-11T00:19:53Z,customer_return,770.03
R005479,PAY0073429,O0069687,2024-03-30T22:50:51Z,customer_return,210.93
R005480,PAY0073445,O0069702,2025-01-30T02:22:50Z,customer_return,1028.36
R005481,PAY0073453,O0069709,2025-12-10T15:41:55Z,late_delivery,650.38
R005482,PAY0073470,O0069724,2025-01-27T22:01:50Z,customer_return,851.71
R005483,PAY0073487,O0069741,2025-09-29T16:45:55Z,damaged,626.80
R005484,PAY0073506,O0069758,2025-11-08T03:53:53Z,customer_return,431.21
R005485,PAY0073521,O0069772,2023-06-07T10:57:05Z,duplicate,148.31
R005486,PAY0073528,O0069779,2024-12-31T07:35:17Z,damaged,875.06
R005487,PAY0073532,O0069782,2025-10-27T21:34:58Z,damaged,344.69
R005488,PAY0073535,O0069785,2025-02-23T14:39:27Z,customer_return,580.42
R005489,PAY0073549,O0069799,2025-12-20T19:31:50Z,damaged,458.28
R005490,PAY0073556,O0069806,2025-04-28T09:46:46Z,late_delivery,256.15
R005491,PAY0073557,O0069807,2024-08-03T17:56:23Z,customer_return,88.91
R005492,PAY0073564,O0069814,2024-10-24T19:55:57Z,late_delivery,155.01
R005493,PAY0073570,O0069820,2024-03-11T05:35:33Z,late_delivery,296.95
R005494,PAY0073571,O0069821,2024-10-26T19:56:31Z,duplicate,273.03
R005495,PAY0073577,O0069827,2025-08-20T09:01:48Z,late_delivery,339.67
R005496,PAY0073578,O0069828,2025-06-23T00:56:49Z,duplicate,104.07
R005497,PAY0073580,O0069830,2023-10-31T09:45:45Z,duplicate,32.29
R005498,PAY0073594,O0069844,2024-05-10T03:12:04Z,duplicate,9.81
R005499,PAY0073610,O0069859,2023-10-12T04:13:35Z,late_delivery,6.27
R005500,PAY0073661,O0069906,2023-12-19T03:17:03Z,damaged,423.27
R005501,PAY0073674,O0069919,2024-02-07T08:38:34Z,damaged,119.52
R005502,PAY0073691,O0069933,2025-06-23T19:39:57Z,late_delivery,592.54
R005503,PAY0073713,O0069952,2025-11-14T01:26:37Z,duplicate,25.51
R005504,PAY0073723,O0069962,2024-09-21T04:09:08Z,customer_return,328.20
R005505,PAY0073732,O0069971,2024-07-26T09:40:08Z,duplicate,81.89
R005506,PAY0073753,O0069991,2025-05-09T05:16:43Z,damaged,1318.79
R005507,PAY0073760,O0069997,2023-09-28T23:22:37Z,late_delivery,34.78
R005508,PAY0073763,O0070000,2024-08-27T10:44:17Z,late_delivery,1199.35
R005509,PAY0073770,O0070007,2025-03-18T08:40:40Z,late_delivery,454.17
R005510,PAY0073778,O0070014,2024-12-04T14:18:52Z,late_delivery,687.23
R005511,PAY0073784,O0070020,2023-06-26T00:24:27Z,damaged,242.95
R005512,PAY0073802,O0070037,2025-12-31T11:06:24Z,duplicate,1507.18
R005513,PAY0073814,O0070048,2025-06-30T20:21:49Z,duplicate,632.46
R005514,PAY0073829,O0070063,2024-06-13T13:31:35Z,duplicate,401.79
R005515,PAY0073865,O0070099,2025-07-18T18:49:36Z,customer_return,497.75
R005516,PAY0073867,O0070100,2024-10-10T23:31:17Z,customer_return,1816.92
R005517,PAY0073870,O0070103,2024-09-10T13:44:42Z,customer_return,1309.95
R005518,PAY0073881,O0070114,2024-09-10T17:50:45Z,late_delivery,176.40
R005519,PAY0073946,O0070177,2025-04-24T22:44:43Z,duplicate,67.15
R005520,PAY0073969,O0070198,2025-11-26T19:56:29Z,duplicate,512.88
R005521,PAY0073980,O0070209,2025-05-06T23:56:11Z,damaged,728.74
R005522,PAY0073994,O0070222,2023-11-28T01:04:43Z,damaged,580.91
R005523,PAY0073997,O0070225,2024-05-27T09:56:55Z,customer_return,1281.97
R005524,PAY0073999,O0070227,2023-10-22T17:32:11Z,late_delivery,284.33
R005525,PAY0074033,O0070258,2023-03-21T06:21:46Z,damaged,1.73
R005526,PAY0074040,O0070265,2023-09-10T12:47:52Z,customer_return,1169.50
R005527,PAY0074058,O0070283,2023-07-06T07:51:47Z,customer_return,1356.66
R005528,PAY0074082,O0070306,2023-07-30T19:28:42Z,duplicate,114.98
R005529,PAY0074092,O0070316,2025-12-23T02:48:41Z,duplicate,81.53
R005530,PAY0074100,O0070323,2024-02-04T11:13:12Z,customer_return,113.57
R005531,PAY0074102,O0070325,2025-04-07T01:25:35Z,late_delivery,149.58
R005532,PAY0074112,O0070335,2025-07-20T18:01:16Z,late_delivery,674.73
R005533,PAY0074120,O0070342,2025-07-18T04:00:09Z,duplicate,469.49
R005534,PAY0074132,O0070353,2023-03-01T04:41:02Z,customer_return,457.12
R005535,PAY0074137,O0070358,2024-05-07T22:36:03Z,customer_return,906.45
R005536,PAY0074149,O0070370,2024-12-21T02:36:27Z,customer_return,139.56
R005537,PAY0074173,O0070391,2023-06-05T18:37:55Z,late_delivery,299.77
R005538,PAY0074181,O0070399,2023-08-27T23:04:24Z,late_delivery,543.65
R005539,PAY0074187,O0070405,2024-10-20T14:48:42Z,damaged,364.28
R005540,PAY0074198,O0070415,2024-02-29T20:43:40Z,duplicate,1117.50
R005541,PAY0074199,O0070416,2025-10-24T11:31:36Z,late_delivery,245.33
R005542,PAY0074246,O0070461,2024-12-02T04:31:25Z,duplicate,131.79
R005543,PAY0074258,O0070472,2024-06-27T21:28:37Z,damaged,364.67
R005544,PAY0074264,O0070478,2024-09-10T18:49:05Z,duplicate,303.97
R005545,PAY0074266,O0070480,2024-08-15T18:56:41Z,damaged,48.19
R005546,PAY0074272,O0070486,2024-05-01T17:24:29Z,customer_return,527.07
R005547,PAY0074281,O0070494,2023-08-18T08:10:43Z,damaged,451.32
R005548,PAY0074284,O0070497,2025-09-07T13:11:43Z,late_delivery,343.64
R005549,PAY0074288,O0070500,2024-03-20T18:32:36Z,late_delivery,133.34
R005550,PAY0074299,O0070510,2023-11-04T05:12:13Z,duplicate,78.36
R005551,PAY0074332,O0070541,2025-11-22T11:38:54Z,duplicate,530.27
R005552,PAY0074336,O0070545,2023-06-12T10:02:39Z,duplicate,276.70
R005553,PAY0074339,O0070548,2024-05-01T02:36:10Z,duplicate,125.53
R005554,PAY0074344,O0070553,2025-04-17T15:49:31Z,customer_return,505.00
R005555,PAY0074351,O0070559,2023-11-14T13:14:50Z,duplicate,502.18
R005556,PAY0074362,O0070570,2025-01-13T02:02:42Z,late_delivery,154.61
R005557,PAY0074370,O0070577,2025-06-04T19:18:23Z,late_delivery,1038.70
R005558,PAY0074376,O0070583,2025-07-23T22:17:12Z,customer_return,1000.96
R005559,PAY0074399,O0070605,2024-10-31T23:44:10Z,customer_return,354.40
R005560,PAY0074413,O0070619,2025-03-18T00:36:10Z,damaged,619.10
R005561,PAY0074423,O0070629,2023-04-10T21:49:14Z,late_delivery,209.36
R005562,PAY0074427,O0070632,2023-05-02T10:11:50Z,late_delivery,1595.10
R005563,PAY0074447,O0070651,2023-08-26T10:00:42Z,damaged,897.14
R005564,PAY0074470,O0070671,2025-04-14T00:53:12Z,damaged,152.93
R005565,PAY0074473,O0070674,2023-07-29T22:13:50Z,customer_return,11.01
R005566,PAY0074477,O0070677,2025-02-17T08:49:00Z,duplicate,157.42
R005567,PAY0074497,O0070697,2023-10-07T06:02:02Z,customer_return,205.93
R005568,PAY0074498,O0070698,2024-02-23T10:12:54Z,late_delivery,144.57
R005569,PAY0074499,O0070699,2025-08-17T01:38:02Z,duplicate,417.97
R005570,PAY0074508,O0070708,2023-08-18T09:18:16Z,duplicate,420.18
R005571,PAY0074510,O0070710,2025-11-01T00:53:50Z,late_delivery,788.61
R005572,PAY0074532,O0070730,2024-09-18T01:47:21Z,customer_return,154.36
R005573,PAY0074553,O0070750,2023-11-24T03:57:48Z,late_delivery,258.67
R005574,PAY0074582,O0070778,2023-10-18T02:31:03Z,late_delivery,62.37
R005575,PAY0074587,O0070783,2023-12-14T04:38:39Z,duplicate,1113.27
R005576,PAY0074588,O0070784,2025-11-10T04:27:45Z,customer_return,205.40
R005577,PAY0074591,O0070787,2023-01-30T02:02:59Z,damaged,750.58
R005578,PAY0074626,O0070822,2025-04-01T06:13:35Z,damaged,1017.89
R005579,PAY0074631,O0070827,2023-03-22T11:16:32Z,duplicate,113.54
R005580,PAY0074640,O0070836,2024-11-12T17:34:44Z,customer_return,113.96
R005581,PAY0074658,O0070854,2024-07-22T02:57:41Z,duplicate,614.27
R005582,PAY0074663,O0070858,2023-07-21T06:36:15Z,customer_return,230.92
R005583,PAY0074665,O0070860,2024-05-11T23:39:04Z,damaged,571.41
R005584,PAY0074672,O0070867,2024-09-26T10:47:43Z,damaged,685.96
R005585,PAY0074673,O0070868,2025-11-24T04:07:36Z,duplicate,457.09
R005586,PAY0074674,O0070869,2023-02-24T00:47:39Z,late_delivery,542.15
R005587,PAY0074680,O0070875,2024-12-05T04:27:39Z,late_delivery,280.03
R005588,PAY0074684,O0070878,2024-03-09T07:15:04Z,customer_return,8.24
R005589,PAY0074710,O0070903,2025-10-07T20:20:14Z,damaged,71.41
R005590,PAY0074720,O0070913,2024-02-11T01:59:45Z,duplicate,287.25
R005591,PAY0074727,O0070920,2025-11-20T18:29:52Z,damaged,224.31
R005592,PAY0074732,O0070925,2024-03-17T10:06:46Z,damaged,36.17
R005593,PAY0074736,O0070928,2023-09-07T16:55:38Z,damaged,145.41
R005594,PAY0074738,O0070930,2023-12-17T03:58:06Z,damaged,594.81
R005595,PAY0074766,O0070957,2025-05-18T08:42:30Z,damaged,875.84
R005596,PAY0074771,O0070962,2024-08-19T05:41:03Z,customer_return,173.43
R005597,PAY0074775,O0070966,2025-07-01T07:22:42Z,duplicate,923.63
R005598,PAY0074786,O0070976,2023-08-01T11:49:33Z,customer_return,809.46
R005599,PAY0074796,O0070986,2023-12-30T08:10:14Z,customer_return,444.87
R005600,PAY0074815,O0071004,2025-05-09T19:03:53Z,duplicate,42.22
R005601,PAY0074837,O0071026,2025-11-09T10:05:24Z,late_delivery,10.76
R005602,PAY0074841,O0071029,2024-02-18T03:05:15Z,duplicate,222.92
R005603,PAY0074850,O0071036,2024-03-07T18:04:29Z,damaged,606.56
R005604,PAY0074853,O0071039,2025-10-28T19:36:31Z,customer_return,246.53
R005605,PAY0074870,O0071056,2024-12-21T22:39:32Z,customer_return,221.58
R005606,PAY0074931,O0071114,2025-08-06T08:18:22Z,damaged,332.77
R005607,PAY0074933,O0071116,2023-03-14T18:50:03Z,late_delivery,1062.83
R005608,PAY0074937,O0071120,2025-08-22T14:24:31Z,damaged,178.16
R005609,PAY0074946,O0071129,2024-06-16T11:49:18Z,customer_return,15.71
R005610,PAY0074953,O0071136,2024-04-16T01:54:34Z,customer_return,719.74
R005611,PAY0074986,O0071167,2023-12-31T03:56:07Z,duplicate,78.76
R005612,PAY0074999,O0071180,2025-08-27T15:05:52Z,duplicate,149.51
R005613,PAY0075010,O0071191,2025-03-08T21:45:20Z,late_delivery,52.31
R005614,PAY0075011,O0071192,2025-12-31T18:48:18Z,customer_return,17.82
R005615,PAY0075028,O0071209,2025-11-02T13:38:12Z,late_delivery,370.49
R005616,PAY0075030,O0071211,2025-09-14T14:02:40Z,damaged,548.29
R005617,PAY0075037,O0071217,2023-10-27T21:28:14Z,damaged,165.87
R005618,PAY0075046,O0071225,2025-09-17T09:51:43Z,customer_return,368.79
R005619,PAY0075053,O0071232,2023-09-01T16:13:16Z,duplicate,531.66
R005620,PAY0075069,O0071247,2023-08-28T13:28:57Z,duplicate,1177.89
R005621,PAY0075093,O0071270,2025-04-28T06:29:11Z,customer_return,90.95
R005622,PAY0075097,O0071273,2023-06-20T06:28:52Z,duplicate,377.54
R005623,PAY0075133,O0071308,2023-08-31T22:15:39Z,late_delivery,130.10
R005624,PAY0075140,O0071314,2025-07-18T11:37:31Z,customer_return,538.37
R005625,PAY0075145,O0071319,2025-05-14T03:38:40Z,late_delivery,2.02
R005626,PAY0075163,O0071337,2023-12-21T14:53:44Z,duplicate,160.76
R005627,PAY0075169,O0071343,2025-01-26T00:55:06Z,customer_return,383.45
R005628,PAY0075174,O0071348,2024-05-25T11:44:16Z,duplicate,1053.42
R005629,PAY0075181,O0071354,2024-01-20T09:11:03Z,customer_return,272.94
R005630,PAY0075185,O0071357,2023-07-26T22:46:47Z,late_delivery,443.72
R005631,PAY0075208,O0071377,2023-08-03T12:07:38Z,damaged,221.39
R005632,PAY0075210,O0071379,2023-06-03T00:31:54Z,damaged,544.48
R005633,PAY0075215,O0071384,2023-08-23T18:13:43Z,customer_return,952.15
R005634,PAY0075231,O0071399,2024-02-16T02:45:17Z,customer_return,254.22
R005635,PAY0075233,O0071400,2024-12-24T15:26:41Z,late_delivery,722.92
R005636,PAY0075235,O0071402,2024-01-19T03:30:35Z,duplicate,80.03
R005637,PAY0075236,O0071403,2023-04-02T13:53:40Z,duplicate,30.07
R005638,PAY0075240,O0071407,2025-02-17T10:35:17Z,damaged,109.48
R005639,PAY0075266,O0071430,2024-09-01T03:38:04Z,duplicate,860.09
R005640,PAY0075279,O0071442,2023-04-11T09:26:59Z,customer_return,617.88
R005641,PAY0075284,O0071446,2025-08-09T02:57:07Z,late_delivery,336.57
R005642,PAY0075305,O0071467,2024-06-14T04:50:00Z,damaged,397.08
R005643,PAY0075334,O0071494,2024-04-11T06:24:20Z,late_delivery,3.61
R005644,PAY0075347,O0071507,2024-10-02T05:41:26Z,damaged,99.96
R005645,PAY0075398,O0071556,2025-09-02T07:17:12Z,customer_return,296.69
R005646,PAY0075401,O0071559,2025-10-28T20:22:09Z,late_delivery,773.33
R005647,PAY0075411,O0071566,2024-08-06T17:06:07Z,late_delivery,1395.89
R005648,PAY0075418,O0071572,2025-10-22T18:39:55Z,damaged,1146.47
R005649,PAY0075419,O0071573,2023-03-24T12:39:41Z,duplicate,16.94
R005650,PAY0075439,O0071592,2023-12-30T11:56:46Z,damaged,59.98
R005651,PAY0075463,O0071615,2023-09-16T19:18:43Z,duplicate,388.02
R005652,PAY0075487,O0071637,2023-11-07T23:38:38Z,customer_return,869.49
R005653,PAY0075501,O0071651,2024-12-27T16:51:31Z,duplicate,91.62
R005654,PAY0075508,O0071658,2023-03-05T21:36:56Z,damaged,356.18
R005655,PAY0075513,O0071662,2025-08-03T04:51:02Z,late_delivery,770.00
R005656,PAY0075526,O0071675,2023-10-18T16:29:08Z,damaged,605.97
R005657,PAY0075541,O0071690,2023-08-07T11:13:21Z,damaged,220.49
R005658,PAY0075545,O0071694,2024-12-22T08:36:20Z,late_delivery,298.71
R005659,PAY0075557,O0071705,2025-10-18T11:22:31Z,damaged,1038.44
R005660,PAY0075560,O0071708,2025-01-25T22:47:54Z,duplicate,467.07
R005661,PAY0075591,O0071736,2025-02-11T06:01:28Z,duplicate,220.61
R005662,PAY0075605,O0071749,2023-04-05T22:21:53Z,damaged,164.24
R005663,PAY0075615,O0071758,2023-02-21T13:18:43Z,late_delivery,956.10
R005664,PAY0075626,O0071768,2025-05-18T10:50:56Z,late_delivery,331.11
R005665,PAY0075636,O0071778,2023-04-11T18:47:43Z,late_delivery,143.79
R005666,PAY0075653,O0071794,2024-01-20T20:51:21Z,duplicate,1011.19
R005667,PAY0075669,O0071809,2025-02-24T12:34:20Z,late_delivery,1236.12
R005668,PAY0075673,O0071813,2025-07-27T18:07:06Z,late_delivery,701.70
R005669,PAY0075712,O0071848,2023-07-01T21:34:12Z,damaged,93.11
R005670,PAY0075729,O0071865,2024-06-04T13:07:07Z,late_delivery,74.48
R005671,PAY0075742,O0071876,2024-02-18T16:56:22Z,customer_return,206.74
R005672,PAY0075748,O0071882,2024-04-11T09:23:37Z,late_delivery,647.54
R005673,PAY0075776,O0071907,2025-09-19T19:33:24Z,customer_return,3.55
R005674,PAY0075780,O0071911,2025-10-29T00:53:15Z,damaged,45.61
R005675,PAY0075785,O0071915,2024-11-08T11:59:19Z,damaged,684.95
R005676,PAY0075792,O0071922,2025-04-10T07:23:00Z,customer_return,263.53
R005677,PAY0075800,O0071929,2025-03-21T22:51:52Z,damaged,835.13
R005678,PAY0075823,O0071949,2024-06-11T22:36:46Z,damaged,283.42
R005679,PAY0075833,O0071957,2025-02-02T08:26:55Z,damaged,317.73
R005680,PAY0075838,O0071962,2024-10-11T15:30:43Z,late_delivery,1101.66
R005681,PAY0075882,O0072004,2023-04-16T20:28:37Z,damaged,147.95
R005682,PAY0075892,O0072013,2023-09-29T12:08:54Z,customer_return,345.82
R005683,PAY0075895,O0072016,2025-04-15T12:53:28Z,damaged,1252.41
R005684,PAY0075918,O0072038,2024-03-13T12:12:29Z,customer_return,605.87
R005685,PAY0075925,O0072045,2023-10-14T16:51:27Z,duplicate,291.49
R005686,PAY0075957,O0072076,2025-02-17T01:42:54Z,customer_return,619.57
R005687,PAY0075982,O0072098,2023-02-23T15:47:05Z,duplicate,270.37
R005688,PAY0076014,O0072129,2024-11-19T20:10:36Z,damaged,1394.26
R005689,PAY0076016,O0072131,2025-08-02T17:15:35Z,late_delivery,85.80
R005690,PAY0076026,O0072140,2023-09-20T12:25:23Z,late_delivery,561.23
R005691,PAY0076032,O0072146,2025-12-31T03:19:06Z,late_delivery,1009.99
R005692,PAY0076043,O0072155,2025-08-07T09:33:54Z,damaged,10.98
R005693,PAY0076047,O0072159,2025-09-13T16:39:26Z,customer_return,760.67
R005694,PAY0076050,O0072161,2023-12-18T14:54:51Z,late_delivery,148.63
R005695,PAY0076069,O0072178,2025-06-04T22:23:49Z,customer_return,604.88
R005696,PAY0076091,O0072200,2023-12-23T04:16:14Z,late_delivery,1072.97
R005697,PAY0076108,O0072217,2024-10-25T16:55:03Z,damaged,89.07
R005698,PAY0076120,O0072229,2024-12-23T07:28:14Z,late_delivery,80.11
R005699,PAY0076122,O0072231,2024-08-29T19:44:20Z,customer_return,538.24
R005700,PAY0076126,O0072235,2024-12-27T14:27:14Z,damaged,565.52
R005701,PAY0076130,O0072239,2024-07-29T14:05:14Z,duplicate,145.76
R005702,PAY0076135,O0072244,2025-08-02T04:46:39Z,duplicate,258.14
R005703,PAY0076140,O0072249,2023-06-13T20:25:22Z,customer_return,217.02
R005704,PAY0076142,O0072251,2024-05-21T20:16:08Z,duplicate,304.49
R005705,PAY0076169,O0072276,2024-01-28T22:12:49Z,customer_return,1192.00
R005706,PAY0076204,O0072308,2025-03-28T08:17:32Z,late_delivery,815.22
R005707,PAY0076219,O0072323,2023-03-27T11:24:15Z,duplicate,16.56
R005708,PAY0076236,O0072338,2025-12-29T22:38:16Z,damaged,255.98
R005709,PAY0076242,O0072344,2024-07-31T14:26:12Z,late_delivery,14.62
R005710,PAY0076248,O0072350,2025-11-19T00:54:48Z,late_delivery,76.81
R005711,PAY0076251,O0072353,2025-10-21T15:13:00Z,late_delivery,1392.01
R005712,PAY0076273,O0072375,2025-10-06T10:20:25Z,duplicate,552.08
R005713,PAY0076288,O0072388,2023-11-08T00:05:16Z,customer_return,704.27
R005714,PAY0076309,O0072407,2023-08-15T03:54:11Z,duplicate,36.39
R005715,PAY0076312,O0072410,2023-01-28T18:52:27Z,customer_return,582.35
R005716,PAY0076313,O0072411,2025-08-15T11:07:11Z,duplicate,284.95
R005717,PAY0076314,O0072412,2024-02-11T22:29:32Z,customer_return,1897.56
R005718,PAY0076315,O0072413,2023-03-27T09:47:52Z,late_delivery,146.83
R005719,PAY0076329,O0072427,2024-04-15T02:17:22Z,customer_return,149.23
R005720,PAY0076340,O0072438,2025-08-22T19:08:58Z,damaged,543.34
R005721,PAY0076347,O0072445,2025-05-18T22:22:08Z,late_delivery,289.67
R005722,PAY0076360,O0072456,2025-11-05T23:34:48Z,duplicate,32.19
R005723,PAY0076362,O0072458,2024-02-09T14:14:55Z,damaged,21.87
R005724,PAY0076376,O0072472,2023-08-18T14:39:23Z,late_delivery,386.71
R005725,PAY0076389,O0072484,2025-03-31T18:27:30Z,customer_return,66.33
R005726,PAY0076395,O0072490,2025-01-21T14:32:36Z,late_delivery,226.83
R005727,PAY0076400,O0072495,2023-07-26T12:52:52Z,customer_return,128.45
R005728,PAY0076408,O0072503,2025-10-13T00:30:19Z,duplicate,287.97
R005729,PAY0076412,O0072507,2024-12-05T22:07:22Z,damaged,933.72
R005730,PAY0076425,O0072520,2023-09-09T06:00:03Z,customer_return,711.75
R005731,PAY0076448,O0072542,2024-10-31T19:24:18Z,duplicate,497.85
R005732,PAY0076469,O0072563,2023-08-04T15:01:49Z,customer_return,847.04
R005733,PAY0076472,O0072566,2024-01-01T13:13:49Z,late_delivery,158.78
R005734,PAY0076477,O0072571,2025-03-27T06:48:23Z,customer_return,0.46
R005735,PAY0076479,O0072573,2025-01-15T10:15:53Z,damaged,1412.96
R005736,PAY0076482,O0072576,2023-10-07T22:40:03Z,customer_return,0.44
R005737,PAY0076491,O0072585,2023-10-27T07:16:58Z,customer_return,269.02
R005738,PAY0076496,O0072590,2023-09-22T14:47:24Z,damaged,77.15
R005739,PAY0076498,O0072591,2025-04-20T05:32:49Z,damaged,187.35
R005740,PAY0076503,O0072596,2025-09-23T23:36:26Z,customer_return,335.32
R005741,PAY0076537,O0072628,2024-07-14T20:25:59Z,customer_return,1280.89
R005742,PAY0076545,O0072636,2023-02-21T12:37:20Z,damaged,249.13
R005743,PAY0076547,O0072638,2023-11-29T04:37:42Z,damaged,282.61
R005744,PAY0076566,O0072655,2023-02-14T13:23:46Z,duplicate,705.49
R005745,PAY0076573,O0072662,2024-09-27T22:32:40Z,late_delivery,335.70
R005746,PAY0076583,O0072670,2024-08-24T13:22:07Z,customer_return,39.86
R005747,PAY0076629,O0072714,2024-05-27T19:12:32Z,duplicate,169.99
R005748,PAY0076638,O0072722,2025-02-15T14:02:23Z,damaged,290.83
R005749,PAY0076648,O0072732,2025-11-12T01:45:29Z,late_delivery,503.33
R005750,PAY0076658,O0072742,2025-12-27T04:40:53Z,damaged,1933.39
R005751,PAY0076673,O0072757,2025-04-09T00:42:00Z,late_delivery,186.23
R005752,PAY0076695,O0072778,2025-07-01T21:51:48Z,duplicate,348.25
R005753,PAY0076700,O0072782,2023-04-22T07:14:10Z,late_delivery,590.96
R005754,PAY0076701,O0072783,2023-03-24T17:17:16Z,late_delivery,399.47
R005755,PAY0076707,O0072788,2023-06-21T14:54:19Z,damaged,435.29
R005756,PAY0076711,O0072792,2025-01-05T07:46:26Z,late_delivery,190.26
R005757,PAY0076716,O0072797,2023-08-16T03:04:18Z,damaged,44.98
R005758,PAY0076721,O0072802,2025-07-11T09:15:35Z,customer_return,15.70
R005759,PAY0076732,O0072813,2024-09-26T21:34:47Z,damaged,397.69
R005760,PAY0076772,O0072850,2023-12-30T12:47:57Z,damaged,41.14
R005761,PAY0076787,O0072865,2024-11-13T09:58:40Z,customer_return,250.71
R005762,PAY0076814,O0072892,2023-05-22T11:25:44Z,customer_return,1310.28
R005763,PAY0076825,O0072903,2023-02-05T00:44:44Z,customer_return,828.49
R005764,PAY0076826,O0072904,2024-10-20T22:53:56Z,customer_return,442.84
R005765,PAY0076827,O0072905,2025-12-31T16:32:23Z,late_delivery,1354.47
R005766,PAY0076834,O0072911,2024-02-28T02:56:17Z,duplicate,536.98
R005767,PAY0076841,O0072918,2025-08-07T04:30:23Z,customer_return,220.90
R005768,PAY0076862,O0072939,2025-10-25T20:07:19Z,late_delivery,312.10
R005769,PAY0076867,O0072944,2025-11-02T09:05:24Z,customer_return,206.34
R005770,PAY0076875,O0072952,2025-12-04T03:05:00Z,duplicate,195.09
R005771,PAY0076876,O0072953,2025-05-03T02:53:21Z,duplicate,544.35
R005772,PAY0076882,O0072959,2024-09-12T18:32:23Z,late_delivery,519.51
R005773,PAY0076941,O0073016,2025-08-27T23:12:04Z,customer_return,934.43
R005774,PAY0076949,O0073024,2024-03-04T04:39:49Z,damaged,98.85
R005775,PAY0076989,O0073061,2023-01-18T06:02:42Z,damaged,286.06
R005776,PAY0077004,O0073075,2024-01-27T15:00:41Z,customer_return,488.87
R005777,PAY0077022,O0073092,2025-09-21T19:12:10Z,damaged,24.18
R005778,PAY0077031,O0073101,2024-08-19T12:18:00Z,customer_return,804.25
R005779,PAY0077055,O0073123,2025-02-01T15:58:43Z,late_delivery,803.34
R005780,PAY0077059,O0073127,2024-11-09T20:47:05Z,damaged,1004.40
R005781,PAY0077061,O0073129,2024-12-15T02:19:12Z,damaged,95.85
R005782,PAY0077072,O0073139,2025-07-08T01:04:39Z,duplicate,527.15
R005783,PAY0077082,O0073147,2025-04-17T21:03:52Z,duplicate,191.52
R005784,PAY0077098,O0073162,2023-08-27T06:11:27Z,customer_return,290.59
R005785,PAY0077115,O0073179,2023-02-24T01:08:29Z,duplicate,1033.99
R005786,PAY0077129,O0073193,2024-01-14T00:57:42Z,customer_return,170.71
R005787,PAY0077144,O0073208,2023-03-30T17:58:08Z,customer_return,612.03
R005788,PAY0077164,O0073228,2023-04-09T18:21:17Z,duplicate,260.28
R005789,PAY0077168,O0073232,2024-05-08T13:35:50Z,duplicate,469.11
R005790,PAY0077198,O0073261,2023-02-15T11:58:57Z,damaged,324.95
R005791,PAY0077212,O0073275,2024-08-24T18:23:43Z,late_delivery,1390.36
R005792,PAY0077221,O0073283,2024-03-28T03:25:25Z,customer_return,24.36
R005793,PAY0077252,O0073313,2023-11-04T04:45:53Z,duplicate,778.89
R005794,PAY0077265,O0073325,2024-01-19T18:20:29Z,duplicate,18.09
R005795,PAY0077273,O0073333,2025-01-12T20:19:53Z,customer_return,577.01
R005796,PAY0077298,O0073358,2023-11-15T15:21:36Z,damaged,564.43
R005797,PAY0077305,O0073364,2025-06-22T07:12:35Z,customer_return,1731.79
R005798,PAY0077322,O0073380,2025-03-14T15:59:36Z,late_delivery,306.82
R005799,PAY0077323,O0073381,2024-04-27T06:34:55Z,customer_return,182.13
R005800,PAY0077346,O0073403,2023-11-13T14:14:59Z,duplicate,711.43
R005801,PAY0077357,O0073414,2025-04-19T16:06:17Z,damaged,189.19
R005802,PAY0077378,O0073434,2024-08-17T10:25:30Z,duplicate,46.75
R005803,PAY0077380,O0073436,2024-09-30T01:49:48Z,damaged,270.89
R005804,PAY0077386,O0073442,2025-12-31T21:26:23Z,customer_return,687.42
R005805,PAY0077390,O0073446,2024-01-17T02:33:00Z,duplicate,333.40
R005806,PAY0077393,O0073449,2023-08-29T01:38:56Z,customer_return,311.04
R005807,PAY0077408,O0073463,2025-01-25T23:32:54Z,damaged,174.23
R005808,PAY0077425,O0073479,2023-06-25T06:20:06Z,duplicate,681.15
R005809,PAY0077450,O0073504,2024-06-03T10:19:12Z,duplicate,6.06
R005810,PAY0077463,O0073516,2025-03-06T07:37:04Z,damaged,169.44
R005811,PAY0077471,O0073523,2023-12-11T19:19:13Z,duplicate,150.33
R005812,PAY0077483,O0073534,2024-06-10T08:09:51Z,late_delivery,294.05
R005813,PAY0077491,O0073541,2023-08-12T09:33:31Z,damaged,98.05
R005814,PAY0077494,O0073544,2024-07-28T11:56:32Z,customer_return,33.71
R005815,PAY0077495,O0073545,2024-07-18T23:02:08Z,damaged,591.45
R005816,PAY0077515,O0073564,2025-03-31T07:14:21Z,damaged,355.79
R005817,PAY0077516,O0073565,2025-03-26T10:02:54Z,damaged,1.67
R005818,PAY0077520,O0073569,2023-08-22T13:08:21Z,damaged,145.70
R005819,PAY0077522,O0073571,2024-04-29T15:50:30Z,customer_return,14.70
R005820,PAY0077525,O0073574,2023-01-26T17:54:31Z,duplicate,293.36
R005821,PAY0077537,O0073586,2024-07-25T16:04:49Z,customer_return,813.37
R005822,PAY0077538,O0073587,2023-10-17T09:32:18Z,duplicate,511.26
R005823,PAY0077543,O0073591,2024-04-03T18:16:04Z,duplicate,118.17
R005824,PAY0077547,O0073595,2025-07-18T14:46:34Z,damaged,361.01
R005825,PAY0077557,O0073605,2025-11-11T22:21:58Z,customer_return,439.44
R005826,PAY0077559,O0073607,2024-02-27T05:45:09Z,late_delivery,773.78
R005827,PAY0077568,O0073616,2025-12-31T02:27:09Z,damaged,923.60
R005828,PAY0077597,O0073643,2025-10-04T06:50:57Z,customer_return,47.38
R005829,PAY0077615,O0073659,2025-10-13T19:07:57Z,duplicate,168.67
R005830,PAY0077617,O0073661,2023-04-29T03:14:39Z,late_delivery,190.60
R005831,PAY0077631,O0073674,2025-01-05T12:55:40Z,damaged,440.47
R005832,PAY0077648,O0073691,2024-03-19T14:16:22Z,late_delivery,244.90
R005833,PAY0077704,O0073740,2025-02-16T01:02:14Z,duplicate,521.02
R005834,PAY0077712,O0073748,2023-05-12T13:41:20Z,customer_return,452.73
R005835,PAY0077717,O0073752,2023-01-14T15:59:30Z,duplicate,274.07
R005836,PAY0077718,O0073753,2023-03-21T17:56:53Z,duplicate,333.60
R005837,PAY0077720,O0073755,2024-12-31T22:09:00Z,duplicate,10.23
R005838,PAY0077743,O0073778,2023-06-04T06:18:10Z,duplicate,1364.10
R005839,PAY0077753,O0073787,2025-04-14T02:22:56Z,duplicate,133.79
R005840,PAY0077761,O0073795,2024-12-22T10:48:57Z,duplicate,56.44
R005841,PAY0077763,O0073797,2025-02-05T07:53:16Z,customer_return,673.27
R005842,PAY0077769,O0073803,2024-06-21T21:21:15Z,late_delivery,326.82
R005843,PAY0077786,O0073819,2025-12-31T23:54:36Z,damaged,425.03
R005844,PAY0077790,O0073823,2024-04-26T12:42:38Z,customer_return,48.14
R005845,PAY0077792,O0073825,2023-12-08T02:00:36Z,damaged,928.54
R005846,PAY0077801,O0073833,2024-06-18T19:31:34Z,duplicate,1532.67
R005847,PAY0077813,O0073845,2024-10-07T05:13:56Z,late_delivery,438.92
R005848,PAY0077824,O0073854,2023-11-19T12:44:39Z,damaged,1823.86
R005849,PAY0077836,O0073865,2025-07-07T11:05:39Z,duplicate,341.65
R005850,PAY0077845,O0073873,2025-09-14T05:21:35Z,customer_return,699.67
R005851,PAY0077850,O0073878,2024-01-27T23:51:35Z,customer_return,57.44
R005852,PAY0077861,O0073888,2025-03-06T20:35:13Z,late_delivery,903.57
R005853,PAY0077862,O0073889,2023-09-02T07:21:55Z,late_delivery,1243.49
R005854,PAY0077866,O0073893,2023-05-05T00:26:28Z,customer_return,306.10
R005855,PAY0077879,O0073906,2024-08-05T15:09:07Z,late_delivery,30.76
R005856,PAY0077884,O0073910,2024-05-29T23:38:30Z,duplicate,440.61
R005857,PAY0077898,O0073924,2023-03-31T02:44:24Z,duplicate,181.62
R005858,PAY0077899,O0073925,2023-04-18T14:24:27Z,duplicate,654.90
R005859,PAY0077916,O0073941,2024-10-05T11:50:33Z,duplicate,710.61
R005860,PAY0077917,O0073942,2023-09-24T19:08:49Z,late_delivery,573.07
R005861,PAY0077952,O0073974,2024-03-16T13:25:16Z,duplicate,186.96
R005862,PAY0077975,O0073996,2025-05-08T11:01:33Z,late_delivery,103.44
R005863,PAY0077978,O0073999,2023-07-11T17:29:42Z,customer_return,764.67
R005864,PAY0078003,O0074023,2024-02-22T09:02:35Z,customer_return,1298.32
R005865,PAY0078007,O0074027,2023-12-14T13:17:27Z,duplicate,173.54
R005866,PAY0078013,O0074033,2023-03-03T17:40:00Z,damaged,472.30
R005867,PAY0078027,O0074046,2024-02-04T04:10:28Z,late_delivery,916.80
R005868,PAY0078031,O0074050,2025-11-09T15:06:04Z,customer_return,112.21
R005869,PAY0078059,O0074078,2024-01-05T02:39:12Z,duplicate,335.50
R005870,PAY0078060,O0074079,2023-08-31T12:15:45Z,late_delivery,6.42
R005871,PAY0078098,O0074116,2023-10-06T01:16:18Z,customer_return,323.76
R005872,PAY0078114,O0074131,2024-12-21T20:40:27Z,customer_return,134.37
R005873,PAY0078135,O0074150,2024-10-10T03:54:11Z,customer_return,579.45
R005874,PAY0078144,O0074159,2024-01-25T23:48:37Z,customer_return,558.87
R005875,PAY0078152,O0074166,2023-06-04T13:00:33Z,late_delivery,404.69
R005876,PAY0078157,O0074171,2024-02-29T17:40:59Z,customer_return,373.25
R005877,PAY0078170,O0074183,2023-02-26T07:53:28Z,late_delivery,188.83
R005878,PAY0078183,O0074195,2025-07-05T07:44:51Z,damaged,693.63
R005879,PAY0078217,O0074227,2025-08-03T00:06:32Z,damaged,138.20
R005880,PAY0078221,O0074231,2025-09-20T20:40:30Z,damaged,358.03
R005881,PAY0078226,O0074236,2025-07-02T10:55:26Z,duplicate,458.38
R005882,PAY0078227,O0074237,2023-08-08T18:20:29Z,late_delivery,27.08
R005883,PAY0078235,O0074245,2025-12-17T17:55:52Z,damaged,11.18
R005884,PAY0078238,O0074248,2024-09-02T02:22:23Z,late_delivery,1829.67
R005885,PAY0078243,O0074252,2024-02-02T15:03:30Z,damaged,778.94
R005886,PAY0078291,O0074297,2024-11-29T07:59:43Z,damaged,726.44
R005887,PAY0078311,O0074317,2025-01-24T05:49:06Z,damaged,249.79
R005888,PAY0078317,O0074323,2024-02-13T19:11:04Z,late_delivery,39.97
R005889,PAY0078336,O0074341,2025-06-15T03:19:22Z,customer_return,115.66
R005890,PAY0078340,O0074345,2025-01-10T16:35:28Z,late_delivery,2083.42
R005891,PAY0078353,O0074358,2023-02-06T07:55:20Z,duplicate,139.42
R005892,PAY0078368,O0074373,2023-07-23T12:33:18Z,customer_return,583.51
R005893,PAY0078381,O0074383,2025-06-25T10:20:19Z,late_delivery,268.89
R005894,PAY0078384,O0074386,2023-10-01T06:31:31Z,duplicate,340.65
R005895,PAY0078392,O0074394,2025-11-07T13:32:17Z,damaged,251.29
R005896,PAY0078398,O0074400,2024-12-08T21:43:03Z,damaged,639.53
R005897,PAY0078404,O0074406,2023-12-23T18:17:44Z,late_delivery,783.17
R005898,PAY0078414,O0074416,2024-11-28T04:58:04Z,late_delivery,388.68
R005899,PAY0078443,O0074444,2024-01-04T04:29:32Z,customer_return,890.48
R005900,PAY0078448,O0074449,2024-08-07T14:41:54Z,duplicate,42.96
R005901,PAY0078450,O0074451,2025-11-18T23:30:32Z,late_delivery,179.53
R005902,PAY0078464,O0074464,2023-02-08T09:08:35Z,late_delivery,711.87
R005903,PAY0078470,O0074470,2023-10-16T04:33:16Z,late_delivery,759.65
R005904,PAY0078501,O0074499,2024-09-03T21:57:46Z,customer_return,387.43
R005905,PAY0078534,O0074531,2024-07-27T18:11:49Z,late_delivery,86.94
R005906,PAY0078560,O0074556,2023-07-10T19:45:03Z,duplicate,159.51
R005907,PAY0078590,O0074584,2024-07-08T09:12:41Z,duplicate,607.40
R005908,PAY0078592,O0074586,2025-12-27T11:39:40Z,late_delivery,239.44
R005909,PAY0078600,O0074594,2023-08-28T09:43:18Z,duplicate,793.49
R005910,PAY0078602,O0074596,2025-11-18T12:50:49Z,damaged,279.61
R005911,PAY0078620,O0074613,2025-04-05T15:04:38Z,damaged,30.37
R005912,PAY0078633,O0074625,2025-04-16T02:33:44Z,late_delivery,321.47
R005913,PAY0078634,O0074626,2023-09-13T16:17:28Z,customer_return,12.83
R005914,PAY0078640,O0074632,2025-01-17T07:09:14Z,late_delivery,281.84
R005915,PAY0078647,O0074639,2024-02-16T00:07:42Z,customer_return,211.86
R005916,PAY0078650,O0074642,2023-09-05T01:38:02Z,damaged,146.05
R005917,PAY0078651,O0074643,2024-03-25T15:40:14Z,duplicate,95.48
R005918,PAY0078660,O0074651,2025-09-21T16:34:14Z,damaged,473.37
R005919,PAY0078670,O0074659,2024-09-22T16:37:47Z,duplicate,18.18
R005920,PAY0078678,O0074667,2025-12-19T08:51:39Z,damaged,614.79
R005921,PAY0078690,O0074679,2023-09-27T08:54:58Z,damaged,1039.89
R005922,PAY0078694,O0074683,2024-02-15T12:41:43Z,damaged,198.35
R005923,PAY0078719,O0074708,2025-12-26T18:24:28Z,duplicate,858.03
R005924,PAY0078720,O0074709,2023-01-29T11:48:06Z,damaged,577.41
R005925,PAY0078721,O0074710,2023-06-20T17:47:22Z,late_delivery,638.16
R005926,PAY0078751,O0074738,2025-02-10T02:54:25Z,duplicate,312.43
R005927,PAY0078766,O0074753,2025-07-08T16:18:20Z,late_delivery,110.64
R005928,PAY0078785,O0074770,2024-05-27T18:56:19Z,late_delivery,968.84
R005929,PAY0078794,O0074777,2024-04-15T14:04:33Z,late_delivery,136.86
R005930,PAY0078798,O0074781,2024-03-13T18:49:16Z,late_delivery,370.01
R005931,PAY0078805,O0074788,2023-04-21T09:07:28Z,customer_return,243.23
R005932,PAY0078829,O0074811,2024-09-05T19:50:16Z,customer_return,470.82
R005933,PAY0078835,O0074817,2023-07-26T04:20:20Z,duplicate,324.03
R005934,PAY0078859,O0074839,2023-09-08T16:01:14Z,late_delivery,264.76
R005935,PAY0078869,O0074848,2023-06-30T00:03:05Z,customer_return,228.69
R005936,PAY0078885,O0074863,2024-11-01T04:35:55Z,damaged,4.50
R005937,PAY0078899,O0074877,2023-12-21T19:14:30Z,damaged,270.51
R005938,PAY0078901,O0074878,2025-08-16T10:18:45Z,damaged,38.23
R005939,PAY0078923,O0074899,2024-10-01T21:59:56Z,customer_return,614.50
R005940,PAY0078946,O0074920,2024-10-08T01:47:44Z,customer_return,291.25
R005941,PAY0078950,O0074924,2025-09-04T11:55:25Z,customer_return,827.92
R005942,PAY0078952,O0074926,2024-04-21T16:33:44Z,damaged,344.26
R005943,PAY0078957,O0074931,2025-11-19T00:47:27Z,late_delivery,461.30
R005944,PAY0078964,O0074938,2023-08-21T03:26:29Z,damaged,274.24
R005945,PAY0078974,O0074948,2023-04-14T14:53:18Z,late_delivery,88.31
R005946,PAY0078978,O0074952,2024-10-11T03:32:02Z,customer_return,412.38
R005947,PAY0078979,O0074953,2023-09-17T08:46:27Z,duplicate,261.25
R005948,PAY0078991,O0074965,2024-10-17T20:08:23Z,damaged,101.09
R005949,PAY0078997,O0074971,2024-02-03T19:59:15Z,customer_return,1.16
R005950,PAY0079017,O0074991,2023-02-02T12:37:51Z,duplicate,35.93
R005951,PAY0079021,O0074995,2023-11-24T16:20:37Z,duplicate,515.70
R005952,PAY0079029,O0075002,2024-08-15T01:29:02Z,late_delivery,8.85
R005953,PAY0079041,O0075014,2023-05-18T01:33:11Z,customer_return,716.10
R005954,PAY0079046,O0075018,2023-11-30T19:13:42Z,customer_return,252.35
R005955,PAY0079054,O0075025,2025-04-19T21:28:54Z,damaged,138.78
R005956,PAY0079077,O0075048,2025-02-06T17:45:56Z,late_delivery,1425.64
R005957,PAY0079079,O0075050,2024-06-11T14:23:02Z,late_delivery,76.81
R005958,PAY0079080,O0075051,2024-05-02T20:41:37Z,damaged,594.09
R005959,PAY0079085,O0075056,2025-06-13T18:01:36Z,duplicate,25.51
R005960,PAY0079108,O0075077,2024-03-24T09:25:03Z,damaged,2.76
R005961,PAY0079119,O0075088,2025-07-24T16:25:36Z,damaged,1052.91
R005962,PAY0079125,O0075094,2024-03-11T22:21:38Z,late_delivery,160.26
R005963,PAY0079128,O0075096,2023-11-16T18:34:22Z,customer_return,30.03
R005964,PAY0079147,O0075115,2023-07-06T11:03:42Z,late_delivery,50.41
R005965,PAY0079177,O0075144,2024-01-26T03:13:31Z,duplicate,884.34
R005966,PAY0079184,O0075151,2023-08-30T11:05:44Z,duplicate,56.47
R005967,PAY0079195,O0075162,2023-07-12T00:54:48Z,damaged,136.31
R005968,PAY0079219,O0075184,2023-05-31T11:06:33Z,damaged,105.61
R005969,PAY0079221,O0075186,2024-04-21T19:55:04Z,late_delivery,46.10
R005970,PAY0079225,O0075190,2025-12-08T11:52:30Z,duplicate,631.81
R005971,PAY0079241,O0075205,2025-11-03T01:25:48Z,customer_return,611.23
R005972,PAY0079258,O0075222,2023-03-16T02:38:18Z,late_delivery,621.52
R005973,PAY0079269,O0075233,2023-09-02T20:45:02Z,duplicate,640.04
R005974,PAY0079281,O0075244,2023-12-05T00:37:03Z,duplicate,683.46
R005975,PAY0079286,O0075249,2025-07-21T08:41:23Z,duplicate,1.00
R005976,PAY0079295,O0075257,2025-10-15T06:42:25Z,customer_return,29.27
R005977,PAY0079301,O0075263,2024-01-18T14:52:52Z,late_delivery,289.97
R005978,PAY0079318,O0075280,2025-07-10T15:52:00Z,duplicate,595.01
R005979,PAY0079324,O0075286,2025-09-26T05:11:15Z,damaged,118.38
R005980,PAY0079344,O0075304,2025-04-06T01:46:56Z,late_delivery,956.15
R005981,PAY0079363,O0075321,2025-10-13T20:18:08Z,duplicate,115.80
R005982,PAY0079367,O0075325,2024-04-19T17:04:17Z,customer_return,641.82
R005983,PAY0079374,O0075332,2024-06-04T07:21:05Z,customer_return,67.81
R005984,PAY0079417,O0075371,2024-08-17T10:33:26Z,duplicate,42.44
R005985,PAY0079426,O0075380,2025-03-04T00:48:02Z,late_delivery,82.03
R005986,PAY0079428,O0075382,2025-10-12T00:33:01Z,damaged,140.08
R005987,PAY0079450,O0075403,2025-12-11T10:30:32Z,damaged,882.50
R005988,PAY0079461,O0075414,2025-06-09T19:13:32Z,damaged,337.01
R005989,PAY0079466,O0075418,2024-09-17T11:48:42Z,customer_return,523.79
R005990,PAY0079472,O0075423,2024-09-27T20:58:12Z,late_delivery,118.33
R005991,PAY0079484,O0075434,2025-06-14T06:12:29Z,customer_return,194.87
R005992,PAY0079493,O0075443,2023-12-30T06:01:51Z,late_delivery,102.87
R005993,PAY0079505,O0075455,2023-09-07T07:16:25Z,late_delivery,423.62
R005994,PAY0079507,O0075457,2024-09-05T14:36:51Z,duplicate,590.22
R005995,PAY0079516,O0075466,2024-12-21T00:18:27Z,late_delivery,1151.12
R005996,PAY0079537,O0075487,2024-02-08T17:56:41Z,customer_return,114.99
R005997,PAY0079540,O0075490,2025-08-23T20:26:05Z,customer_return,572.78
R005998,PAY0079548,O0075498,2023-11-07T06:54:30Z,damaged,109.58
R005999,PAY0079553,O0075503,2024-08-08T09:54:42Z,duplicate,171.42
R006000,PAY0079559,O0075508,2024-08-01T05:12:30Z,customer_return,270.42
R006001,PAY0079570,O0075519,2023-04-27T00:51:42Z,duplicate,1300.47
R006002,PAY0079584,O0075532,2023-06-26T12:09:47Z,customer_return,390.86
R006003,PAY0079588,O0075536,2024-03-09T00:20:17Z,late_delivery,385.13
R006004,PAY0079591,O0075539,2025-09-13T06:19:32Z,customer_return,652.49
R006005,PAY0079594,O0075542,2023-07-21T02:11:21Z,damaged,414.91
R006006,PAY0079603,O0075551,2024-10-06T09:10:29Z,late_delivery,459.61
R006007,PAY0079683,O0075627,2025-08-11T14:20:27Z,customer_return,278.05
R006008,PAY0079718,O0075661,2025-01-17T16:20:16Z,late_delivery,253.34
R006009,PAY0079729,O0075672,2024-05-14T22:35:04Z,damaged,33.87
R006010,PAY0079756,O0075697,2024-01-13T05:59:02Z,customer_return,138.41
R006011,PAY0079773,O0075713,2023-06-09T10:01:09Z,duplicate,785.07
R006012,PAY0079799,O0075738,2025-02-27T05:36:07Z,customer_return,295.39
R006013,PAY0079812,O0075751,2025-12-31T12:50:38Z,damaged,398.11
R006014,PAY0079814,O0075753,2023-11-24T07:44:44Z,damaged,56.56
R006015,PAY0079820,O0075759,2025-06-29T13:54:35Z,damaged,507.55
R006016,PAY0079837,O0075775,2025-03-19T03:08:40Z,duplicate,193.50
R006017,PAY0079855,O0075791,2025-09-27T12:52:57Z,late_delivery,430.28
R006018,PAY0079864,O0075798,2023-06-28T00:14:51Z,customer_return,240.83
R006019,PAY0079904,O0075834,2024-03-10T12:48:46Z,customer_return,992.77
R006020,PAY0079914,O0075844,2024-07-17T08:17:24Z,late_delivery,321.95
R006021,PAY0079917,O0075846,2025-01-14T15:57:04Z,customer_return,396.11
R006022,PAY0079924,O0075853,2025-05-14T20:16:06Z,damaged,751.58
R006023,PAY0079944,O0075871,2024-02-29T17:16:45Z,damaged,784.36
R006024,PAY0079962,O0075887,2025-08-04T07:25:49Z,duplicate,67.08
R006025,PAY0079966,O0075890,2023-06-17T14:05:13Z,customer_return,373.12
R006026,PAY0079975,O0075897,2023-11-21T03:53:00Z,duplicate,90.14
R006027,PAY0079984,O0075906,2025-09-27T06:38:16Z,damaged,2610.00
R006028,PAY0079988,O0075910,2025-09-14T12:51:45Z,customer_return,569.13
R006029,PAY0080004,O0075924,2025-12-18T12:11:11Z,late_delivery,133.11
R006030,PAY0080015,O0075933,2025-10-10T18:50:00Z,duplicate,50.88
R006031,PAY0080026,O0075943,2024-10-12T06:02:21Z,customer_return,585.19
R006032,PAY0080031,O0075948,2025-09-13T06:08:30Z,duplicate,86.59
R006033,PAY0080033,O0075950,2024-08-09T23:32:28Z,late_delivery,17.28
R006034,PAY0080084,O0075999,2024-01-02T04:04:37Z,late_delivery,169.88
R006035,PAY0080085,O0076000,2025-04-23T09:58:56Z,damaged,822.96
R006036,PAY0080094,O0076009,2024-05-30T22:47:16Z,damaged,566.71
R006037,PAY0080100,O0076015,2025-08-15T17:10:34Z,duplicate,303.17
R006038,PAY0080127,O0076039,2025-09-10T09:08:50Z,late_delivery,390.35
R006039,PAY0080136,O0076046,2024-04-05T09:35:26Z,duplicate,238.74
R006040,PAY0080150,O0076060,2023-09-15T15:44:12Z,duplicate,156.55
R006041,PAY0080161,O0076071,2025-12-03T21:22:19Z,late_delivery,361.92
R006042,PAY0080166,O0076075,2023-10-08T19:40:47Z,damaged,831.40
R006043,PAY0080174,O0076083,2023-11-24T12:53:26Z,customer_return,56.36
R006044,PAY0080177,O0076086,2023-11-11T21:02:30Z,late_delivery,311.72
R006045,PAY0080179,O0076088,2023-02-17T22:31:26Z,late_delivery,127.82
R006046,PAY0080190,O0076099,2023-05-05T11:13:48Z,duplicate,275.07
R006047,PAY0080205,O0076114,2024-10-03T07:54:29Z,duplicate,929.50
R006048,PAY0080256,O0076163,2024-08-20T00:36:27Z,late_delivery,576.61
R006049,PAY0080280,O0076184,2024-11-29T14:32:42Z,damaged,267.62
R006050,PAY0080320,O0076222,2024-02-01T12:03:49Z,duplicate,28.49
R006051,PAY0080355,O0076256,2024-10-01T16:58:21Z,damaged,190.79
R006052,PAY0080364,O0076265,2023-05-15T15:51:57Z,damaged,1707.16
R006053,PAY0080371,O0076272,2023-08-25T02:05:59Z,duplicate,414.57
R006054,PAY0080410,O0076309,2025-01-27T04:23:49Z,late_delivery,59.81
R006055,PAY0080432,O0076330,2025-11-29T10:58:29Z,duplicate,283.61
R006056,PAY0080443,O0076341,2023-04-22T19:56:50Z,damaged,91.38
R006057,PAY0080483,O0076379,2023-01-31T10:29:51Z,damaged,1.33
R006058,PAY0080489,O0076385,2024-08-25T16:03:23Z,late_delivery,116.80
R006059,PAY0080495,O0076390,2024-08-21T16:07:06Z,customer_return,834.89
R006060,PAY0080516,O0076411,2023-10-30T05:03:42Z,duplicate,62.06
R006061,PAY0080519,O0076414,2023-12-26T23:46:37Z,damaged,15.23
R006062,PAY0080535,O0076430,2023-12-15T22:33:06Z,duplicate,130.16
R006063,PAY0080543,O0076438,2023-03-13T23:14:39Z,late_delivery,51.17
R006064,PAY0080559,O0076453,2025-07-13T16:30:15Z,late_delivery,600.71
R006065,PAY0080560,O0076454,2024-03-05T00:54:54Z,damaged,630.59
R006066,PAY0080561,O0076455,2024-04-27T02:49:59Z,damaged,627.59
R006067,PAY0080562,O0076456,2023-09-15T07:21:28Z,customer_return,404.50
R006068,PAY0080565,O0076459,2025-02-03T21:36:17Z,damaged,504.96
R006069,PAY0080578,O0076471,2023-03-29T17:48:46Z,late_delivery,922.20
R006070,PAY0080581,O0076474,2025-09-11T22:14:18Z,customer_return,98.79
R006071,PAY0080588,O0076481,2024-11-21T07:16:50Z,late_delivery,250.38
R006072,PAY0080592,O0076485,2025-07-05T18:56:33Z,damaged,143.66
R006073,PAY0080614,O0076505,2025-07-07T00:20:02Z,duplicate,762.19
R006074,PAY0080640,O0076530,2024-12-27T23:27:19Z,late_delivery,632.90
R006075,PAY0080655,O0076545,2025-04-09T19:28:17Z,damaged,549.56
R006076,PAY0080656,O0076546,2023-09-01T20:31:19Z,damaged,171.41
R006077,PAY0080658,O0076548,2023-08-06T10:33:05Z,late_delivery,798.46
R006078,PAY0080672,O0076560,2025-12-31T03:39:05Z,duplicate,17.81
R006079,PAY0080677,O0076565,2024-11-29T11:51:51Z,customer_return,71.65
R006080,PAY0080716,O0076603,2023-06-16T08:12:31Z,customer_return,708.39
R006081,PAY0080728,O0076615,2024-01-16T02:15:53Z,late_delivery,353.24
R006082,PAY0080735,O0076622,2023-08-02T02:08:12Z,duplicate,149.38
R006083,PAY0080737,O0076624,2024-11-14T23:19:15Z,duplicate,56.25
R006084,PAY0080739,O0076626,2024-10-08T05:12:24Z,customer_return,546.26
R006085,PAY0080761,O0076646,2024-04-28T09:50:36Z,late_delivery,166.74
R006086,PAY0080770,O0076655,2024-10-21T23:11:36Z,damaged,717.77
R006087,PAY0080778,O0076663,2023-01-31T04:48:44Z,late_delivery,1549.58
R006088,PAY0080787,O0076671,2025-06-05T16:50:28Z,duplicate,222.94
R006089,PAY0080788,O0076672,2023-01-23T16:43:48Z,customer_return,864.21
R006090,PAY0080791,O0076675,2023-02-04T00:31:35Z,damaged,946.79
R006091,PAY0080794,O0076677,2024-03-20T19:07:14Z,late_delivery,88.28
R006092,PAY0080821,O0076702,2023-02-28T14:06:23Z,late_delivery,924.94
R006093,PAY0080822,O0076703,2024-02-09T13:56:00Z,late_delivery,31.93
R006094,PAY0080831,O0076712,2023-11-09T13:39:50Z,customer_return,183.75
R006095,PAY0080848,O0076727,2024-09-03T22:48:37Z,late_delivery,53.05
R006096,PAY0080850,O0076729,2023-11-21T04:00:59Z,customer_return,908.34
R006097,PAY0080860,O0076739,2025-09-02T10:30:36Z,damaged,655.48
R006098,PAY0080895,O0076769,2024-03-13T15:54:20Z,customer_return,241.91
R006099,PAY0080903,O0076777,2023-11-26T09:13:28Z,late_delivery,543.56
R006100,PAY0080906,O0076780,2025-12-05T03:54:52Z,customer_return,236.30
R006101,PAY0080933,O0076806,2024-07-03T23:44:46Z,damaged,447.42
R006102,PAY0080956,O0076827,2023-02-17T18:12:47Z,customer_return,482.67
R006103,PAY0080963,O0076833,2025-09-08T01:16:36Z,customer_return,379.88
R006104,PAY0081004,O0076872,2023-10-21T13:22:09Z,customer_return,290.15
R006105,PAY0081012,O0076879,2025-08-13T08:29:05Z,customer_return,212.03
R006106,PAY0081029,O0076894,2023-02-11T02:39:41Z,customer_return,26.30
R006107,PAY0081043,O0076908,2024-09-28T08:14:28Z,duplicate,232.99
R006108,PAY0081049,O0076913,2024-06-18T06:06:52Z,late_delivery,1298.70
R006109,PAY0081073,O0076936,2025-02-12T00:25:11Z,customer_return,308.97
R006110,PAY0081089,O0076951,2023-05-30T21:12:05Z,duplicate,176.33
R006111,PAY0081096,O0076958,2023-12-22T13:20:01Z,duplicate,49.78
R006112,PAY0081136,O0076993,2025-07-05T08:44:49Z,duplicate,61.26
R006113,PAY0081138,O0076995,2025-04-16T16:59:34Z,late_delivery,307.77
R006114,PAY0081156,O0077012,2025-04-02T19:03:08Z,duplicate,128.09
R006115,PAY0081161,O0077017,2023-05-30T19:45:16Z,late_delivery,317.43
R006116,PAY0081187,O0077041,2023-09-03T02:01:54Z,damaged,237.83
R006117,PAY0081200,O0077053,2025-11-17T13:53:54Z,damaged,422.56
R006118,PAY0081229,O0077079,2023-03-10T14:19:22Z,customer_return,1862.73
R006119,PAY0081245,O0077094,2024-03-10T13:38:53Z,damaged,541.43
R006120,PAY0081266,O0077115,2023-08-30T15:55:36Z,late_delivery,184.85
R006121,PAY0081296,O0077143,2025-04-28T23:32:29Z,duplicate,98.77
R006122,PAY0081324,O0077171,2024-04-30T03:54:40Z,late_delivery,339.63
R006123,PAY0081359,O0077206,2023-12-19T16:32:34Z,damaged,236.03
R006124,PAY0081372,O0077219,2024-12-22T04:12:26Z,damaged,57.08
R006125,PAY0081384,O0077231,2023-02-16T09:03:55Z,customer_return,478.96
R006126,PAY0081391,O0077238,2024-01-28T01:37:40Z,customer_return,272.66
R006127,PAY0081396,O0077243,2025-02-05T15:17:01Z,duplicate,210.47
R006128,PAY0081427,O0077272,2023-11-02T23:34:15Z,damaged,160.91
R006129,PAY0081455,O0077299,2025-07-14T09:05:34Z,customer_return,36.35
R006130,PAY0081458,O0077302,2024-12-28T21:49:02Z,customer_return,514.88
R006131,PAY0081473,O0077317,2024-08-21T12:13:04Z,customer_return,245.66
R006132,PAY0081485,O0077328,2023-03-30T11:38:34Z,late_delivery,125.70
R006133,PAY0081497,O0077340,2025-06-17T16:58:18Z,duplicate,869.59
R006134,PAY0081514,O0077355,2025-01-31T20:13:24Z,late_delivery,154.68
R006135,PAY0081516,O0077357,2023-09-15T22:45:52Z,customer_return,89.49
R006136,PAY0081518,O0077359,2025-04-13T09:01:27Z,customer_return,144.52
R006137,PAY0081539,O0077380,2024-04-27T01:48:34Z,customer_return,282.93
R006138,PAY0081544,O0077385,2023-08-13T02:13:17Z,duplicate,607.95
R006139,PAY0081583,O0077419,2023-10-15T22:36:14Z,duplicate,254.25
R006140,PAY0081626,O0077460,2023-04-21T13:38:15Z,duplicate,152.07
R006141,PAY0081647,O0077480,2023-11-28T05:18:03Z,customer_return,163.43
R006142,PAY0081669,O0077501,2024-04-03T03:28:59Z,customer_return,229.84
R006143,PAY0081676,O0077508,2024-03-23T22:03:31Z,damaged,193.01
R006144,PAY0081701,O0077532,2023-08-04T18:50:55Z,customer_return,1336.62
R006145,PAY0081724,O0077554,2024-08-22T18:17:31Z,duplicate,728.25
R006146,PAY0081726,O0077556,2023-03-25T01:05:35Z,damaged,385.27
R006147,PAY0081734,O0077564,2023-03-09T06:16:27Z,late_delivery,420.01
R006148,PAY0081735,O0077565,2023-10-25T13:58:06Z,duplicate,45.18
R006149,PAY0081743,O0077573,2023-09-29T05:13:40Z,late_delivery,306.57
R006150,PAY0081790,O0077616,2023-07-30T05:52:11Z,late_delivery,59.41
R006151,PAY0081795,O0077620,2024-08-26T06:05:44Z,damaged,341.33
R006152,PAY0081806,O0077631,2025-01-28T13:18:42Z,duplicate,1360.24
R006153,PAY0081811,O0077636,2023-11-08T11:59:40Z,late_delivery,1864.73
R006154,PAY0081819,O0077644,2023-12-16T11:16:03Z,late_delivery,26.06
R006155,PAY0081824,O0077649,2023-11-21T19:26:42Z,damaged,7.28
R006156,PAY0081841,O0077665,2025-02-25T04:29:35Z,customer_return,345.55
R006157,PAY0081854,O0077678,2024-02-29T02:49:16Z,damaged,357.22
R006158,PAY0081870,O0077692,2025-07-14T04:27:17Z,late_delivery,1065.70
R006159,PAY0081883,O0077704,2025-06-18T09:13:35Z,damaged,27.36
R006160,PAY0081884,O0077705,2024-11-27T14:54:35Z,customer_return,101.74
R006161,PAY0081886,O0077707,2025-08-01T16:57:17Z,damaged,329.43
R006162,PAY0081891,O0077712,2023-05-09T14:13:25Z,customer_return,523.23
R006163,PAY0081892,O0077713,2023-11-14T10:01:14Z,damaged,69.17
R006164,PAY0081897,O0077718,2023-04-30T06:26:16Z,duplicate,1014.64
R006165,PAY0081898,O0077719,2025-10-02T05:21:28Z,duplicate,997.30
R006166,PAY0081906,O0077726,2024-06-21T19:51:42Z,late_delivery,882.98
R006167,PAY0081933,O0077751,2023-04-19T15:41:36Z,late_delivery,61.31
R006168,PAY0081942,O0077758,2024-11-05T03:24:28Z,late_delivery,652.10
R006169,PAY0081945,O0077761,2023-04-18T22:23:30Z,customer_return,50.20
R006170,PAY0081949,O0077765,2023-05-08T04:57:43Z,damaged,245.25
R006171,PAY0081952,O0077768,2025-12-21T21:09:27Z,duplicate,582.24
R006172,PAY0081958,O0077774,2024-09-11T13:58:09Z,duplicate,492.64
R006173,PAY0081965,O0077781,2024-07-12T07:43:42Z,damaged,410.11
R006174,PAY0081977,O0077792,2025-05-01T14:29:36Z,customer_return,11.26
R006175,PAY0081981,O0077795,2023-05-22T08:59:08Z,customer_return,295.18
R006176,PAY0081983,O0077797,2025-07-09T18:46:19Z,damaged,46.15
R006177,PAY0081988,O0077801,2023-08-31T00:05:10Z,damaged,661.47
R006178,PAY0081995,O0077808,2023-06-02T09:05:33Z,damaged,792.45
R006179,PAY0081997,O0077810,2025-12-24T11:17:46Z,late_delivery,453.02
R006180,PAY0082035,O0077845,2024-07-03T16:40:50Z,late_delivery,199.99
R006181,PAY0082043,O0077852,2024-05-21T07:21:11Z,damaged,1385.66
R006182,PAY0082044,O0077853,2023-02-01T17:45:25Z,duplicate,178.11
R006183,PAY0082053,O0077862,2023-11-25T16:33:43Z,customer_return,34.65
R006184,PAY0082055,O0077864,2023-03-28T13:32:24Z,duplicate,24.84
R006185,PAY0082079,O0077887,2023-07-22T12:40:43Z,damaged,295.56
R006186,PAY0082080,O0077888,2025-12-31T19:25:18Z,customer_return,493.23
R006187,PAY0082091,O0077898,2025-10-01T01:38:45Z,customer_return,84.06
R006188,PAY0082101,O0077908,2024-08-23T22:17:29Z,damaged,26.96
R006189,PAY0082102,O0077909,2024-04-02T15:49:46Z,damaged,182.47
R006190,PAY0082126,O0077932,2025-09-15T17:41:12Z,customer_return,690.00
R006191,PAY0082132,O0077938,2024-10-19T05:26:05Z,customer_return,200.48
R006192,PAY0082162,O0077966,2025-10-16T20:35:12Z,duplicate,93.88
R006193,PAY0082167,O0077970,2023-02-17T21:56:04Z,late_delivery,405.49
R006194,PAY0082178,O0077981,2023-02-14T00:52:48Z,duplicate,11.68
R006195,PAY0082183,O0077986,2023-01-23T15:08:21Z,duplicate,391.46
R006196,PAY0082188,O0077991,2023-06-18T15:03:18Z,late_delivery,914.12
R006197,PAY0082229,O0078028,2025-12-21T03:13:42Z,customer_return,642.96
R006198,PAY0082234,O0078033,2024-06-24T08:44:49Z,duplicate,34.16
R006199,PAY0082245,O0078044,2023-11-01T02:58:52Z,damaged,421.63
R006200,PAY0082292,O0078089,2023-11-20T09:35:49Z,customer_return,29.24
R006201,PAY0082301,O0078098,2025-01-31T02:25:34Z,late_delivery,82.95
R006202,PAY0082336,O0078131,2024-04-07T09:26:03Z,damaged,125.64
R006203,PAY0082355,O0078150,2023-08-11T07:07:30Z,customer_return,584.36
R006204,PAY0082366,O0078160,2023-08-11T19:10:59Z,duplicate,431.91
R006205,PAY0082422,O0078215,2023-09-19T04:54:02Z,duplicate,73.70
R006206,PAY0082433,O0078225,2023-06-28T15:02:13Z,late_delivery,26.87
R006207,PAY0082483,O0078272,2023-11-08T10:17:15Z,damaged,46.39
R006208,PAY0082491,O0078279,2023-10-29T05:11:16Z,damaged,277.36
R006209,PAY0082493,O0078281,2023-05-24T04:36:12Z,customer_return,412.81
R006210,PAY0082500,O0078288,2023-02-15T03:20:18Z,late_delivery,725.86
R006211,PAY0082503,O0078291,2023-02-04T05:49:08Z,duplicate,277.88
R006212,PAY0082527,O0078315,2025-07-31T03:54:22Z,late_delivery,97.14
R006213,PAY0082532,O0078320,2024-07-18T22:37:16Z,damaged,22.81
R006214,PAY0082552,O0078338,2025-03-27T23:47:16Z,duplicate,674.75
R006215,PAY0082575,O0078361,2025-08-06T08:35:15Z,customer_return,195.26
R006216,PAY0082582,O0078367,2025-03-26T19:09:11Z,late_delivery,251.91
R006217,PAY0082590,O0078375,2025-04-22T09:21:22Z,damaged,337.74
R006218,PAY0082598,O0078382,2025-07-13T17:30:52Z,late_delivery,339.57
R006219,PAY0082610,O0078394,2023-06-18T00:16:04Z,duplicate,125.51
R006220,PAY0082666,O0078448,2024-04-24T00:26:09Z,late_delivery,106.72
R006221,PAY0082669,O0078451,2024-04-13T09:32:27Z,late_delivery,252.29
R006222,PAY0082689,O0078470,2025-06-29T22:45:32Z,customer_return,327.61
R006223,PAY0082693,O0078474,2025-07-23T22:23:09Z,customer_return,463.56
R006224,PAY0082694,O0078475,2025-09-24T21:34:34Z,duplicate,388.64
R006225,PAY0082697,O0078478,2023-06-18T03:34:19Z,customer_return,1356.34
R006226,PAY0082698,O0078479,2024-07-17T21:09:41Z,duplicate,46.05
R006227,PAY0082711,O0078492,2024-03-09T16:44:17Z,late_delivery,116.55
R006228,PAY0082731,O0078509,2025-05-05T09:36:22Z,late_delivery,62.76
R006229,PAY0082739,O0078516,2024-06-23T12:39:19Z,damaged,1050.72
R006230,PAY0082769,O0078546,2023-09-21T15:10:18Z,damaged,137.51
R006231,PAY0082780,O0078557,2024-10-01T10:54:02Z,late_delivery,158.05
R006232,PAY0082784,O0078561,2024-09-16T21:38:23Z,damaged,405.79
R006233,PAY0082789,O0078566,2024-12-22T01:27:59Z,damaged,1950.80
R006234,PAY0082811,O0078587,2025-04-06T12:23:44Z,late_delivery,179.64
R006235,PAY0082823,O0078599,2024-12-09T02:17:20Z,damaged,209.62
R006236,PAY0082842,O0078617,2023-06-06T20:41:31Z,late_delivery,3.49
R006237,PAY0082843,O0078618,2025-10-24T17:43:41Z,customer_return,11.50
R006238,PAY0082852,O0078626,2025-05-31T17:14:47Z,duplicate,272.81
R006239,PAY0082857,O0078631,2025-09-01T00:35:01Z,damaged,1336.38
R006240,PAY0082866,O0078640,2024-02-08T14:59:16Z,duplicate,158.63
R006241,PAY0082869,O0078643,2025-06-09T19:01:33Z,damaged,876.71
R006242,PAY0082873,O0078647,2024-02-21T11:06:02Z,customer_return,22.73
R006243,PAY0082887,O0078660,2025-10-17T13:48:34Z,customer_return,233.48
R006244,PAY0082893,O0078666,2025-05-13T07:14:23Z,damaged,323.24
R006245,PAY0082904,O0078676,2023-08-09T17:23:34Z,late_delivery,167.18
R006246,PAY0082930,O0078700,2025-11-22T10:58:02Z,duplicate,799.14
R006247,PAY0082935,O0078705,2023-12-19T18:43:42Z,duplicate,76.46
R006248,PAY0083003,O0078769,2023-10-22T20:42:37Z,late_delivery,249.95
R006249,PAY0083016,O0078782,2025-09-08T15:00:43Z,customer_return,203.75
R006250,PAY0083022,O0078788,2024-05-24T13:37:17Z,customer_return,1145.84
R006251,PAY0083029,O0078794,2024-12-05T12:17:58Z,customer_return,980.78
R006252,PAY0083030,O0078795,2024-06-15T15:02:32Z,late_delivery,125.19
R006253,PAY0083039,O0078804,2023-05-02T08:54:56Z,customer_return,995.50
R006254,PAY0083048,O0078811,2025-02-15T20:27:44Z,late_delivery,150.66
R006255,PAY0083064,O0078826,2023-06-12T07:02:15Z,damaged,501.75
R006256,PAY0083094,O0078856,2024-10-06T10:18:54Z,damaged,88.38
R006257,PAY0083098,O0078860,2023-02-21T04:05:21Z,damaged,966.97
R006258,PAY0083121,O0078881,2024-02-20T07:19:48Z,customer_return,395.10
R006259,PAY0083136,O0078896,2023-05-15T22:18:32Z,damaged,211.23
R006260,PAY0083144,O0078903,2023-01-16T16:02:50Z,damaged,1110.13
R006261,PAY0083145,O0078904,2024-02-11T07:58:48Z,late_delivery,390.92
R006262,PAY0083160,O0078918,2024-01-06T07:44:02Z,late_delivery,1813.08
R006263,PAY0083170,O0078928,2025-04-04T17:37:14Z,damaged,249.31
R006264,PAY0083176,O0078933,2025-06-23T11:55:19Z,damaged,0.25
R006265,PAY0083193,O0078949,2025-08-16T18:24:47Z,duplicate,644.19
R006266,PAY0083197,O0078953,2025-11-11T15:49:16Z,damaged,183.15
R006267,PAY0083201,O0078956,2023-11-03T19:29:08Z,damaged,330.53
R006268,PAY0083202,O0078957,2025-09-06T00:10:43Z,customer_return,450.37
R006269,PAY0083264,O0079016,2023-06-23T19:00:38Z,duplicate,51.80
R006270,PAY0083273,O0079025,2025-02-10T18:40:27Z,damaged,565.56
R006271,PAY0083336,O0079083,2025-09-07T16:33:58Z,customer_return,776.67
R006272,PAY0083341,O0079088,2024-10-26T16:22:17Z,duplicate,760.90
R006273,PAY0083377,O0079121,2023-03-22T04:14:14Z,late_delivery,561.22
R006274,PAY0083385,O0079128,2024-02-14T19:12:14Z,late_delivery,87.66
R006275,PAY0083429,O0079169,2025-03-08T03:28:24Z,late_delivery,986.26
R006276,PAY0083467,O0079203,2024-05-14T10:06:07Z,customer_return,180.74
R006277,PAY0083484,O0079220,2023-09-06T10:29:40Z,duplicate,550.88
R006278,PAY0083487,O0079223,2023-11-07T13:17:52Z,customer_return,431.97
R006279,PAY0083488,O0079224,2023-08-29T09:48:25Z,late_delivery,600.20
R006280,PAY0083491,O0079227,2025-09-23T19:04:10Z,customer_return,448.39
R006281,PAY0083515,O0079250,2023-11-01T18:18:57Z,customer_return,219.30
R006282,PAY0083517,O0079252,2023-05-14T19:31:22Z,customer_return,298.71
R006283,PAY0083569,O0079298,2024-12-19T09:59:31Z,duplicate,876.96
R006284,PAY0083573,O0079302,2024-10-30T11:33:34Z,damaged,520.17
R006285,PAY0083580,O0079309,2025-03-10T05:16:02Z,duplicate,186.21
R006286,PAY0083593,O0079321,2025-03-04T02:51:20Z,damaged,1346.10
R006287,PAY0083608,O0079336,2024-07-20T08:22:05Z,duplicate,97.68
R006288,PAY0083615,O0079343,2025-01-21T04:04:26Z,customer_return,177.41
R006289,PAY0083627,O0079354,2025-10-18T18:51:56Z,duplicate,336.91
R006290,PAY0083644,O0079369,2025-12-14T06:05:03Z,damaged,629.27
R006291,PAY0083669,O0079391,2024-10-09T22:27:19Z,damaged,181.23
R006292,PAY0083672,O0079394,2025-01-13T23:20:35Z,late_delivery,157.97
R006293,PAY0083675,O0079396,2024-06-22T16:10:49Z,late_delivery,235.20
R006294,PAY0083683,O0079404,2023-08-09T13:42:14Z,damaged,269.57
R006295,PAY0083707,O0079427,2024-09-23T21:50:37Z,damaged,75.54
R006296,PAY0083721,O0079440,2025-08-15T05:09:16Z,damaged,161.99
R006297,PAY0083725,O0079444,2023-06-07T06:11:11Z,late_delivery,845.90
R006298,PAY0083735,O0079454,2024-04-30T16:08:33Z,late_delivery,889.41
R006299,PAY0083744,O0079463,2025-01-19T00:38:42Z,late_delivery,54.43
R006300,PAY0083751,O0079470,2023-06-01T11:45:09Z,late_delivery,17.50
R006301,PAY0083788,O0079504,2023-04-16T13:02:43Z,damaged,115.14
R006302,PAY0083798,O0079513,2024-04-06T12:30:58Z,duplicate,257.55
R006303,PAY0083808,O0079523,2023-07-30T00:22:28Z,customer_return,234.04
R006304,PAY0083813,O0079528,2025-12-02T13:56:04Z,customer_return,248.02
R006305,PAY0083832,O0079546,2025-10-04T17:57:20Z,customer_return,618.81
R006306,PAY0083850,O0079564,2025-09-27T19:22:47Z,damaged,756.86
R006307,PAY0083890,O0079601,2025-12-27T02:05:25Z,duplicate,215.31
R006308,PAY0083894,O0079605,2024-03-18T06:54:10Z,late_delivery,122.10
R006309,PAY0083925,O0079636,2023-05-15T17:26:24Z,late_delivery,162.68
R006310,PAY0083932,O0079642,2024-02-09T23:46:34Z,late_delivery,136.79
R006311,PAY0083938,O0079648,2023-01-21T15:31:36Z,customer_return,550.86
R006312,PAY0083947,O0079655,2025-08-25T15:44:56Z,late_delivery,157.16
R006313,PAY0083950,O0079658,2023-06-27T12:30:13Z,customer_return,356.10
R006314,PAY0083959,O0079666,2024-02-14T19:54:00Z,late_delivery,1184.98
R006315,PAY0083963,O0079670,2023-02-28T08:31:48Z,damaged,45.82
R006316,PAY0083983,O0079688,2023-11-29T12:05:49Z,customer_return,701.92
R006317,PAY0083985,O0079690,2023-08-16T01:07:41Z,late_delivery,89.12
R006318,PAY0083990,O0079694,2025-11-19T06:29:01Z,duplicate,264.83
R006319,PAY0084001,O0079705,2023-01-22T15:08:59Z,duplicate,1175.16
R006320,PAY0084033,O0079736,2025-06-28T12:35:42Z,damaged,8.48
R006321,PAY0084057,O0079759,2024-04-10T21:01:51Z,late_delivery,216.79
R006322,PAY0084073,O0079772,2025-01-09T23:55:09Z,duplicate,397.58
R006323,PAY0084081,O0079780,2023-06-21T03:42:45Z,customer_return,402.67
R006324,PAY0084084,O0079783,2023-06-17T14:45:30Z,damaged,157.10
R006325,PAY0084094,O0079793,2025-09-10T00:11:31Z,damaged,425.15
R006326,PAY0084104,O0079802,2025-04-04T19:02:34Z,damaged,546.31
R006327,PAY0084111,O0079809,2024-07-03T23:21:47Z,duplicate,997.97
R006328,PAY0084132,O0079827,2024-12-31T04:18:23Z,damaged,375.56
R006329,PAY0084171,O0079863,2024-12-10T10:24:39Z,late_delivery,838.27
R006330,PAY0084188,O0079879,2023-04-16T17:35:38Z,duplicate,297.38
R006331,PAY0084192,O0079883,2024-07-24T08:24:52Z,customer_return,71.58
R006332,PAY0084197,O0079888,2025-12-17T20:17:50Z,customer_return,293.55
R006333,PAY0084199,O0079890,2025-11-25T12:56:14Z,late_delivery,69.17
R006334,PAY0084237,O0079928,2024-06-21T18:34:34Z,duplicate,220.57
R006335,PAY0084277,O0079964,2025-01-24T12:12:58Z,duplicate,190.48
R006336,PAY0084309,O0079993,2024-07-26T10:44:59Z,damaged,59.70
R006337,PAY0084318,O0080001,2023-01-30T04:44:23Z,damaged,124.56
R006338,PAY0084349,O0080028,2023-04-01T15:15:32Z,customer_return,450.37
R006339,PAY0084351,O0080030,2025-05-07T20:11:03Z,damaged,282.85
R006340,PAY0084356,O0080035,2025-04-22T13:12:24Z,duplicate,21.15
R006341,PAY0084401,O0080080,2025-12-31T20:14:37Z,customer_return,1032.74
R006342,PAY0084422,O0080101,2025-04-09T01:16:26Z,duplicate,221.56
R006343,PAY0084429,O0080108,2024-07-06T02:42:40Z,customer_return,90.53
R006344,PAY0084495,O0080171,2024-07-24T14:45:30Z,late_delivery,177.62
R006345,PAY0084506,O0080181,2023-08-22T20:29:11Z,duplicate,158.89
R006346,PAY0084510,O0080185,2024-09-05T23:28:15Z,duplicate,847.23
R006347,PAY0084525,O0080198,2024-01-13T12:31:28Z,late_delivery,251.94
R006348,PAY0084550,O0080222,2023-09-23T12:39:31Z,customer_return,224.95
R006349,PAY0084563,O0080234,2024-02-13T09:58:48Z,customer_return,228.36
R006350,PAY0084569,O0080240,2024-09-28T23:37:22Z,customer_return,530.25
R006351,PAY0084594,O0080264,2023-10-28T09:34:02Z,late_delivery,554.08
R006352,PAY0084610,O0080280,2023-03-01T04:46:07Z,damaged,373.24
R006353,PAY0084625,O0080295,2024-12-01T20:53:48Z,late_delivery,679.13
R006354,PAY0084627,O0080297,2024-03-13T20:35:20Z,customer_return,448.15
R006355,PAY0084640,O0080309,2023-04-23T16:57:58Z,damaged,1257.43
R006356,PAY0084658,O0080327,2025-12-31T15:25:33Z,duplicate,199.37
R006357,PAY0084665,O0080333,2024-09-15T06:02:21Z,customer_return,381.51
R006358,PAY0084668,O0080335,2024-01-31T20:17:08Z,damaged,188.97
R006359,PAY0084675,O0080341,2025-11-29T18:27:11Z,duplicate,207.31
R006360,PAY0084704,O0080370,2025-06-05T12:45:32Z,late_delivery,237.65
R006361,PAY0084713,O0080379,2025-07-05T21:01:18Z,customer_return,800.00
R006362,PAY0084720,O0080386,2023-05-02T02:34:38Z,late_delivery,525.19
R006363,PAY0084735,O0080400,2024-05-29T09:28:03Z,duplicate,1336.99
R006364,PAY0084740,O0080403,2025-02-10T04:18:37Z,damaged,84.59
R006365,PAY0084752,O0080414,2025-12-22T12:14:30Z,late_delivery,531.64
R006366,PAY0084764,O0080426,2025-12-31T17:50:06Z,duplicate,8.57
R006367,PAY0084781,O0080442,2023-10-16T13:08:49Z,duplicate,859.54
R006368,PAY0084791,O0080451,2025-12-18T00:50:17Z,late_delivery,884.55
R006369,PAY0084807,O0080466,2023-10-07T08:29:24Z,damaged,1069.63
R006370,PAY0084837,O0080496,2024-06-28T08:58:25Z,customer_return,325.93
R006371,PAY0084852,O0080508,2023-10-08T00:09:00Z,damaged,314.59
R006372,PAY0084895,O0080549,2025-04-09T13:14:15Z,duplicate,33.37
R006373,PAY0084911,O0080564,2025-05-24T16:15:05Z,late_delivery,946.94
R006374,PAY0084915,O0080568,2025-09-10T12:54:07Z,customer_return,539.87
R006375,PAY0084917,O0080569,2024-02-16T01:12:52Z,late_delivery,557.85
R006376,PAY0084944,O0080594,2025-07-17T19:37:02Z,duplicate,47.52
R006377,PAY0084954,O0080603,2025-01-16T16:11:46Z,customer_return,300.36
R006378,PAY0084961,O0080610,2024-12-22T07:36:58Z,late_delivery,241.36
R006379,PAY0084966,O0080615,2023-10-19T15:07:12Z,late_delivery,202.05
R006380,PAY0084978,O0080627,2023-04-11T14:55:59Z,late_delivery,146.92
R006381,PAY0084984,O0080633,2025-05-19T01:02:02Z,late_delivery,448.62
R006382,PAY0084992,O0080641,2024-04-14T10:48:39Z,customer_return,223.83
R006383,PAY0084993,O0080642,2025-10-26T08:44:04Z,late_delivery,387.31
R006384,PAY0084995,O0080644,2025-01-24T00:31:07Z,damaged,224.95
R006385,PAY0085010,O0080657,2025-11-12T02:08:17Z,customer_return,119.17
R006386,PAY0085017,O0080664,2023-03-10T17:22:12Z,damaged,1061.22
R006387,PAY0085042,O0080688,2025-07-16T01:30:29Z,damaged,629.17
R006388,PAY0085094,O0080740,2024-09-08T01:09:37Z,late_delivery,96.16
R006389,PAY0085095,O0080741,2025-12-10T07:41:58Z,customer_return,18.96
R006390,PAY0085108,O0080753,2023-10-10T00:12:33Z,damaged,309.00
R006391,PAY0085125,O0080770,2024-03-31T19:25:37Z,damaged,1156.67
R006392,PAY0085133,O0080777,2024-03-03T23:25:50Z,customer_return,149.44
R006393,PAY0085151,O0080795,2023-03-28T16:39:47Z,customer_return,296.96
R006394,PAY0085159,O0080803,2025-06-11T16:53:29Z,damaged,1231.31
R006395,PAY0085172,O0080816,2023-10-16T22:35:25Z,damaged,2025.76
R006396,PAY0085174,O0080818,2024-05-11T21:14:12Z,damaged,279.00
R006397,PAY0085182,O0080825,2024-11-08T08:11:10Z,damaged,857.90
R006398,PAY0085190,O0080833,2023-08-24T18:51:56Z,customer_return,395.17
R006399,PAY0085224,O0080865,2025-12-18T20:11:43Z,late_delivery,844.32
R006400,PAY0085239,O0080880,2025-05-05T13:12:25Z,duplicate,381.81
R006401,PAY0085241,O0080882,2024-05-05T15:21:45Z,late_delivery,185.55
R006402,PAY0085245,O0080886,2025-10-24T00:59:19Z,damaged,171.60
R006403,PAY0085254,O0080894,2024-01-02T03:11:56Z,duplicate,75.97
R006404,PAY0085265,O0080904,2023-12-15T06:30:13Z,damaged,9.42
R006405,PAY0085280,O0080917,2024-05-31T15:25:51Z,damaged,934.42
R006406,PAY0085282,O0080919,2023-09-29T08:58:23Z,duplicate,26.56
R006407,PAY0085311,O0080945,2025-10-29T20:52:41Z,late_delivery,216.00
R006408,PAY0085318,O0080952,2024-05-07T02:33:20Z,damaged,189.01
R006409,PAY0085319,O0080953,2024-12-07T07:45:24Z,late_delivery,59.67
R006410,PAY0085328,O0080961,2024-07-03T02:01:27Z,customer_return,195.00
R006411,PAY0085332,O0080965,2023-06-28T09:24:13Z,customer_return,48.37
R006412,PAY0085337,O0080970,2024-06-11T05:46:19Z,duplicate,598.71
R006413,PAY0085346,O0080979,2024-07-09T00:23:04Z,customer_return,1197.96
R006414,PAY0085386,O0081019,2025-05-25T11:19:38Z,customer_return,4.46
R006415,PAY0085405,O0081037,2024-01-12T00:39:56Z,duplicate,199.24
R006416,PAY0085408,O0081040,2023-07-04T23:05:49Z,damaged,1070.61
R006417,PAY0085412,O0081044,2024-12-25T15:39:21Z,damaged,305.39
R006418,PAY0085418,O0081050,2023-04-29T17:04:58Z,damaged,243.34
R006419,PAY0085419,O0081051,2023-12-20T04:12:27Z,duplicate,10.06
R006420,PAY0085444,O0081074,2024-07-03T12:45:25Z,late_delivery,1151.96
R006421,PAY0085459,O0081088,2023-09-29T19:38:10Z,customer_return,129.90
R006422,PAY0085461,O0081090,2023-11-19T07:39:58Z,damaged,554.49
R006423,PAY0085475,O0081104,2023-08-06T05:49:11Z,damaged,989.51
R006424,PAY0085476,O0081105,2023-08-09T08:05:50Z,customer_return,186.71
R006425,PAY0085486,O0081115,2025-06-12T19:14:29Z,late_delivery,411.36
R006426,PAY0085489,O0081118,2024-12-28T15:31:17Z,duplicate,521.89
R006427,PAY0085497,O0081126,2023-03-28T22:27:11Z,customer_return,1009.42
R006428,PAY0085503,O0081132,2024-01-23T04:27:54Z,duplicate,548.37
R006429,PAY0085528,O0081155,2024-04-21T06:31:23Z,late_delivery,264.35
R006430,PAY0085563,O0081188,2024-05-22T03:44:48Z,duplicate,363.66
R006431,PAY0085584,O0081207,2024-01-23T00:34:01Z,customer_return,639.33
R006432,PAY0085626,O0081248,2024-06-18T08:35:05Z,damaged,293.95
R006433,PAY0085631,O0081253,2025-06-29T09:53:37Z,customer_return,178.15
R006434,PAY0085668,O0081289,2025-08-07T05:19:20Z,damaged,486.83
R006435,PAY0085686,O0081307,2023-07-23T03:26:56Z,damaged,123.74
R006436,PAY0085688,O0081309,2023-03-10T16:35:45Z,late_delivery,1913.49
R006437,PAY0085710,O0081331,2024-10-23T10:29:31Z,customer_return,615.10
R006438,PAY0085720,O0081341,2024-01-28T23:47:19Z,damaged,1146.48
R006439,PAY0085742,O0081363,2024-02-25T13:36:03Z,duplicate,1153.11
R006440,PAY0085753,O0081373,2025-08-21T07:38:41Z,damaged,999.13
R006441,PAY0085756,O0081376,2025-12-16T17:28:58Z,late_delivery,154.85
R006442,PAY0085767,O0081386,2023-04-15T17:38:14Z,duplicate,529.38
R006443,PAY0085786,O0081404,2024-11-30T22:50:28Z,damaged,669.03
R006444,PAY0085800,O0081418,2025-04-24T01:41:20Z,customer_return,1045.07
R006445,PAY0085806,O0081424,2023-10-04T14:45:54Z,customer_return,141.80
R006446,PAY0085835,O0081453,2025-11-16T04:31:54Z,late_delivery,512.77
R006447,PAY0085853,O0081468,2023-09-24T02:16:45Z,duplicate,324.87
R006448,PAY0085861,O0081476,2024-10-28T15:01:58Z,damaged,984.51
R006449,PAY0085876,O0081491,2023-02-17T00:08:15Z,late_delivery,16.15
R006450,PAY0085879,O0081494,2025-12-11T11:36:19Z,damaged,46.49
R006451,PAY0085881,O0081496,2024-10-04T09:45:17Z,late_delivery,215.01
R006452,PAY0085884,O0081499,2025-09-15T02:42:37Z,damaged,525.29
R006453,PAY0085894,O0081509,2023-03-15T15:55:59Z,damaged,492.32
R006454,PAY0085902,O0081517,2024-02-28T16:24:58Z,duplicate,222.98
R006455,PAY0085910,O0081524,2025-01-25T11:47:55Z,duplicate,129.17
R006456,PAY0085911,O0081525,2024-08-21T21:38:44Z,late_delivery,304.26
R006457,PAY0085929,O0081541,2025-12-31T16:56:04Z,damaged,63.30
R006458,PAY0085934,O0081546,2024-04-23T14:08:06Z,duplicate,219.03
R006459,PAY0085949,O0081560,2025-06-15T11:11:27Z,late_delivery,254.36
R006460,PAY0085950,O0081561,2023-10-11T20:26:53Z,customer_return,14.41
R006461,PAY0085964,O0081574,2023-05-04T16:37:47Z,damaged,431.39
R006462,PAY0085980,O0081590,2023-03-20T06:46:09Z,damaged,350.98
R006463,PAY0085981,O0081591,2025-11-16T02:05:36Z,customer_return,218.93
R006464,PAY0085986,O0081595,2025-09-09T17:29:06Z,duplicate,568.76
R006465,PAY0086024,O0081631,2024-04-18T22:18:44Z,late_delivery,849.82
R006466,PAY0086033,O0081640,2025-02-27T03:16:07Z,duplicate,115.38
R006467,PAY0086043,O0081650,2023-06-11T19:36:33Z,customer_return,9.21
R006468,PAY0086050,O0081657,2023-11-28T04:24:32Z,late_delivery,295.07
R006469,PAY0086058,O0081665,2025-05-29T17:23:19Z,late_delivery,255.29
R006470,PAY0086061,O0081668,2024-06-13T18:50:01Z,duplicate,218.59
R006471,PAY0086071,O0081678,2024-02-20T15:08:23Z,late_delivery,137.85
R006472,PAY0086088,O0081693,2025-01-02T19:39:42Z,late_delivery,527.92
R006473,PAY0086095,O0081700,2023-07-26T17:21:02Z,duplicate,259.15
R006474,PAY0086107,O0081712,2024-04-28T02:12:06Z,duplicate,987.76
R006475,PAY0086111,O0081716,2025-11-06T15:00:21Z,late_delivery,175.74
R006476,PAY0086119,O0081724,2023-10-10T18:07:42Z,duplicate,82.25
R006477,PAY0086135,O0081740,2024-03-14T07:44:36Z,damaged,501.05
R006478,PAY0086171,O0081774,2024-04-05T04:25:53Z,damaged,1226.43
R006479,PAY0086172,O0081775,2025-01-27T20:28:48Z,duplicate,26.96
R006480,PAY0086174,O0081777,2023-05-20T14:31:50Z,duplicate,96.37
R006481,PAY0086189,O0081791,2025-05-11T18:15:36Z,customer_return,33.45
R006482,PAY0086198,O0081799,2023-03-13T23:16:33Z,late_delivery,1481.23
R006483,PAY0086200,O0081801,2023-12-18T10:45:46Z,duplicate,185.38
R006484,PAY0086208,O0081809,2023-02-03T18:00:44Z,customer_return,885.26
R006485,PAY0086209,O0081810,2025-05-06T10:09:21Z,late_delivery,274.58
R006486,PAY0086221,O0081822,2023-06-26T00:35:02Z,customer_return,26.78
R006487,PAY0086226,O0081827,2025-08-04T10:51:11Z,customer_return,116.89
R006488,PAY0086228,O0081829,2023-10-08T17:20:52Z,late_delivery,100.23
R006489,PAY0086249,O0081849,2024-03-27T20:16:57Z,late_delivery,149.30
R006490,PAY0086250,O0081850,2025-09-30T17:51:26Z,late_delivery,27.31
R006491,PAY0086251,O0081851,2025-09-03T02:26:56Z,duplicate,39.30
R006492,PAY0086270,O0081869,2025-08-23T18:23:16Z,duplicate,307.30
R006493,PAY0086278,O0081877,2025-01-08T12:29:16Z,duplicate,293.56
R006494,PAY0086299,O0081897,2025-08-20T20:38:52Z,customer_return,567.84
R006495,PAY0086316,O0081913,2025-03-26T06:06:32Z,customer_return,46.24
R006496,PAY0086320,O0081917,2024-12-20T21:46:43Z,damaged,591.95
R006497,PAY0086330,O0081927,2023-06-04T12:56:17Z,duplicate,38.60
R006498,PAY0086337,O0081934,2024-01-17T09:48:24Z,customer_return,721.19
R006499,PAY0086339,O0081936,2024-05-09T23:56:10Z,duplicate,770.57
R006500,PAY0086372,O0081967,2025-07-18T14:42:08Z,late_delivery,181.93
R006501,PAY0086374,O0081969,2025-07-26T04:30:12Z,late_delivery,34.86
R006502,PAY0086379,O0081974,2023-10-28T12:43:19Z,duplicate,2.58
R006503,PAY0086406,O0081998,2025-12-29T05:12:00Z,damaged,1287.94
R006504,PAY0086407,O0081999,2023-11-19T15:18:19Z,damaged,16.78
R006505,PAY0086431,O0082021,2023-06-17T04:05:43Z,customer_return,1662.68
R006506,PAY0086439,O0082029,2025-06-20T21:32:44Z,duplicate,1267.13
R006507,PAY0086447,O0082037,2025-04-18T05:04:08Z,duplicate,160.44
R006508,PAY0086449,O0082039,2023-04-21T10:14:03Z,customer_return,73.14
R006509,PAY0086453,O0082043,2024-09-10T02:01:30Z,damaged,69.85
R006510,PAY0086456,O0082046,2024-12-31T06:27:27Z,late_delivery,19.68
R006511,PAY0086478,O0082067,2023-06-13T11:19:51Z,duplicate,28.60
R006512,PAY0086489,O0082077,2025-08-08T11:56:37Z,customer_return,628.45
R006513,PAY0086507,O0082093,2025-03-15T10:59:44Z,late_delivery,687.37
R006514,PAY0086523,O0082108,2023-01-30T20:24:32Z,late_delivery,713.64
R006515,PAY0086534,O0082119,2024-02-15T15:50:58Z,damaged,1274.22
R006516,PAY0086555,O0082140,2025-09-27T11:22:29Z,damaged,414.31
R006517,PAY0086574,O0082157,2025-04-18T23:22:47Z,duplicate,227.54
R006518,PAY0086584,O0082167,2025-08-04T04:52:11Z,damaged,284.55
R006519,PAY0086589,O0082172,2025-03-21T11:45:33Z,duplicate,387.88
R006520,PAY0086592,O0082175,2025-03-09T23:28:24Z,customer_return,244.44
R006521,PAY0086598,O0082181,2024-08-02T12:32:54Z,late_delivery,319.88
R006522,PAY0086603,O0082186,2024-05-24T04:09:09Z,customer_return,157.29
R006523,PAY0086628,O0082210,2025-12-31T16:59:42Z,damaged,1706.28
R006524,PAY0086636,O0082217,2025-08-05T03:11:16Z,customer_return,73.27
R006525,PAY0086641,O0082222,2025-03-06T04:07:09Z,duplicate,409.60
R006526,PAY0086650,O0082231,2025-08-19T01:42:20Z,damaged,622.75
R006527,PAY0086693,O0082271,2025-12-17T01:35:00Z,late_delivery,914.53
R006528,PAY0086702,O0082279,2023-05-12T03:32:18Z,damaged,1430.56
R006529,PAY0086711,O0082288,2025-01-01T22:50:01Z,damaged,242.90
R006530,PAY0086730,O0082307,2025-11-13T18:14:00Z,damaged,160.78
R006531,PAY0086749,O0082326,2024-04-05T17:44:41Z,duplicate,262.36
R006532,PAY0086768,O0082345,2023-04-10T00:39:18Z,late_delivery,1086.50
R006533,PAY0086777,O0082353,2025-05-26T04:09:47Z,damaged,147.73
R006534,PAY0086813,O0082389,2023-11-16T11:03:20Z,damaged,24.67
R006535,PAY0086837,O0082412,2023-11-16T14:57:04Z,duplicate,516.63
R006536,PAY0086866,O0082440,2023-07-23T08:49:05Z,damaged,152.04
R006537,PAY0086880,O0082453,2024-10-29T11:12:35Z,customer_return,364.22
R006538,PAY0086882,O0082455,2023-01-26T17:04:34Z,customer_return,441.49
R006539,PAY0086902,O0082473,2024-08-02T03:00:33Z,duplicate,393.31
R006540,PAY0086905,O0082476,2023-11-05T07:50:20Z,duplicate,75.21
R006541,PAY0086910,O0082481,2025-11-19T09:35:30Z,late_delivery,486.04
R006542,PAY0086930,O0082501,2023-02-22T05:01:56Z,customer_return,594.38
R006543,PAY0086933,O0082504,2024-01-18T09:43:34Z,late_delivery,651.87
R006544,PAY0086940,O0082511,2024-06-10T06:44:20Z,customer_return,1475.06
R006545,PAY0086947,O0082518,2025-02-20T23:10:45Z,damaged,232.95
R006546,PAY0086953,O0082524,2024-12-31T10:11:28Z,customer_return,10.32
R006547,PAY0086966,O0082537,2023-09-07T14:47:35Z,customer_return,177.80
R006548,PAY0086967,O0082538,2024-09-02T12:29:34Z,late_delivery,151.96
R006549,PAY0086999,O0082568,2024-07-02T12:47:18Z,customer_return,116.63
R006550,PAY0087040,O0082606,2025-05-17T19:20:36Z,duplicate,309.72
R006551,PAY0087064,O0082629,2025-07-28T18:44:16Z,late_delivery,1118.83
R006552,PAY0087100,O0082664,2024-10-28T20:37:36Z,customer_return,1053.42
R006553,PAY0087101,O0082665,2025-03-07T15:29:18Z,duplicate,913.81
R006554,PAY0087104,O0082667,2023-07-31T09:34:50Z,customer_return,83.36
R006555,PAY0087118,O0082680,2025-06-17T18:37:37Z,customer_return,3.78
R006556,PAY0087127,O0082689,2025-02-13T22:52:37Z,customer_return,62.18
R006557,PAY0087133,O0082695,2024-08-08T01:47:38Z,customer_return,297.86
R006558,PAY0087151,O0082709,2024-02-23T21:28:23Z,late_delivery,370.76
R006559,PAY0087165,O0082721,2024-01-14T12:21:56Z,duplicate,517.85
R006560,PAY0087177,O0082732,2023-07-11T00:58:45Z,duplicate,917.84
R006561,PAY0087183,O0082737,2025-02-26T07:48:08Z,customer_return,825.57
R006562,PAY0087210,O0082761,2023-02-24T03:34:38Z,customer_return,410.16
R006563,PAY0087218,O0082769,2025-10-07T08:25:24Z,customer_return,40.02
R006564,PAY0087223,O0082774,2023-06-26T11:43:21Z,customer_return,231.67
R006565,PAY0087232,O0082783,2025-12-07T00:40:20Z,customer_return,467.97
R006566,PAY0087239,O0082790,2023-04-09T05:50:12Z,late_delivery,68.29
R006567,PAY0087257,O0082806,2023-01-18T10:48:18Z,late_delivery,121.88
R006568,PAY0087262,O0082811,2024-06-18T03:32:14Z,duplicate,737.81
R006569,PAY0087267,O0082815,2024-04-02T15:18:38Z,duplicate,360.16
R006570,PAY0087275,O0082823,2023-09-07T04:21:00Z,damaged,87.99
R006571,PAY0087280,O0082828,2024-07-14T01:47:21Z,customer_return,1480.77
R006572,PAY0087282,O0082830,2024-06-23T08:12:33Z,customer_return,27.42
R006573,PAY0087284,O0082832,2024-01-29T21:55:50Z,customer_return,163.05
R006574,PAY0087287,O0082835,2025-02-18T22:28:18Z,customer_return,1.76
R006575,PAY0087300,O0082846,2025-07-24T03:12:32Z,duplicate,497.93
R006576,PAY0087311,O0082857,2024-10-20T21:26:46Z,late_delivery,183.14
R006577,PAY0087318,O0082864,2023-07-09T21:06:28Z,customer_return,294.74
R006578,PAY0087328,O0082874,2024-07-27T22:29:22Z,damaged,272.72
R006579,PAY0087357,O0082901,2024-07-30T00:45:17Z,late_delivery,294.03
R006580,PAY0087359,O0082903,2025-05-10T16:06:29Z,damaged,142.96
R006581,PAY0087369,O0082913,2025-04-02T04:32:53Z,customer_return,31.60
R006582,PAY0087417,O0082960,2023-10-28T14:28:05Z,customer_return,1.08
R006583,PAY0087447,O0082990,2025-06-21T08:59:07Z,damaged,36.34
R006584,PAY0087467,O0083010,2023-06-29T04:51:38Z,damaged,23.10
R006585,PAY0087487,O0083028,2023-12-28T16:32:52Z,customer_return,827.34
R006586,PAY0087488,O0083029,2023-06-08T23:07:46Z,damaged,2.81
R006587,PAY0087507,O0083046,2024-03-03T16:52:26Z,duplicate,232.44
R006588,PAY0087520,O0083056,2025-04-22T05:05:52Z,late_delivery,336.43
R006589,PAY0087528,O0083064,2025-08-01T14:20:51Z,damaged,98.97
R006590,PAY0087541,O0083076,2023-10-20T10:36:28Z,duplicate,288.40
R006591,PAY0087566,O0083101,2024-02-12T09:15:17Z,duplicate,26.20
R006592,PAY0087591,O0083125,2024-10-14T17:25:44Z,customer_return,80.40
R006593,PAY0087595,O0083129,2025-01-03T14:19:51Z,late_delivery,430.06
R006594,PAY0087602,O0083136,2024-01-27T12:14:52Z,customer_return,771.40
R006595,PAY0087604,O0083138,2024-12-09T05:39:03Z,damaged,276.43
R006596,PAY0087605,O0083139,2024-01-29T21:12:16Z,late_delivery,131.86
R006597,PAY0087621,O0083155,2025-09-04T05:39:33Z,damaged,114.42
R006598,PAY0087626,O0083160,2025-11-21T12:13:43Z,late_delivery,42.27
R006599,PAY0087628,O0083162,2025-11-05T14:42:12Z,customer_return,24.75
R006600,PAY0087649,O0083181,2025-02-08T01:51:55Z,duplicate,25.44
R006601,PAY0087657,O0083189,2024-09-25T12:40:41Z,damaged,1680.99
R006602,PAY0087659,O0083191,2023-09-14T22:17:28Z,late_delivery,426.74
R006603,PAY0087664,O0083195,2025-03-25T02:07:26Z,late_delivery,263.66
R006604,PAY0087666,O0083197,2025-07-09T04:00:47Z,customer_return,53.87
R006605,PAY0087681,O0083211,2024-06-02T01:18:29Z,damaged,113.04
R006606,PAY0087682,O0083212,2023-05-02T19:54:47Z,late_delivery,1339.64
R006607,PAY0087697,O0083227,2024-02-26T08:14:47Z,customer_return,38.35
R006608,PAY0087725,O0083255,2025-12-25T13:06:33Z,damaged,145.52
R006609,PAY0087764,O0083290,2023-07-27T20:54:13Z,damaged,55.13
R006610,PAY0087776,O0083301,2024-05-28T04:53:24Z,damaged,776.45
R006611,PAY0087796,O0083320,2025-12-18T02:12:46Z,customer_return,664.01
R006612,PAY0087804,O0083328,2025-03-04T05:10:46Z,duplicate,133.34
R006613,PAY0087848,O0083370,2025-10-18T17:59:11Z,damaged,671.24
R006614,PAY0087867,O0083389,2025-11-18T13:01:10Z,duplicate,619.79
R006615,PAY0087870,O0083392,2025-12-03T19:20:58Z,customer_return,2781.12
R006616,PAY0087887,O0083409,2025-07-28T11:09:23Z,late_delivery,290.15
R006617,PAY0087908,O0083428,2023-08-14T07:51:49Z,customer_return,112.30
R006618,PAY0087909,O0083429,2024-05-12T12:10:49Z,late_delivery,60.28
R006619,PAY0087910,O0083430,2024-02-22T23:58:50Z,duplicate,76.66
R006620,PAY0087920,O0083439,2024-11-19T05:04:13Z,damaged,447.60
R006621,PAY0087921,O0083440,2024-03-05T21:31:57Z,late_delivery,165.78
R006622,PAY0087922,O0083441,2023-02-27T22:08:17Z,customer_return,149.42
R006623,PAY0087946,O0083464,2025-11-10T17:19:29Z,damaged,294.63
R006624,PAY0087953,O0083471,2023-03-24T11:00:14Z,late_delivery,45.54
R006625,PAY0087966,O0083484,2025-12-31T07:26:28Z,late_delivery,1205.04
R006626,PAY0087977,O0083495,2025-08-27T13:28:44Z,late_delivery,12.97
R006627,PAY0088005,O0083520,2023-06-19T08:16:38Z,duplicate,41.02
R006628,PAY0088011,O0083526,2024-10-30T00:04:03Z,damaged,304.71
R006629,PAY0088021,O0083535,2025-11-03T20:17:02Z,duplicate,349.69
R006630,PAY0088023,O0083537,2024-05-09T05:54:48Z,duplicate,1511.81
R006631,PAY0088033,O0083547,2025-04-25T15:17:08Z,customer_return,1466.42
R006632,PAY0088096,O0083607,2023-07-17T13:45:10Z,duplicate,48.10
R006633,PAY0088111,O0083621,2023-02-16T14:16:07Z,customer_return,2143.96
R006634,PAY0088136,O0083644,2023-10-07T04:54:55Z,customer_return,494.92
R006635,PAY0088143,O0083650,2024-08-27T05:55:01Z,duplicate,383.92
R006636,PAY0088176,O0083681,2023-07-08T23:36:07Z,damaged,405.48
R006637,PAY0088190,O0083695,2023-05-12T07:38:13Z,late_delivery,175.09
R006638,PAY0088201,O0083704,2024-12-25T14:47:48Z,damaged,1075.33
R006639,PAY0088223,O0083723,2023-02-02T02:45:22Z,late_delivery,949.29
R006640,PAY0088256,O0083754,2024-05-04T05:11:20Z,customer_return,39.24
R006641,PAY0088266,O0083762,2025-07-14T16:02:00Z,damaged,112.35
R006642,PAY0088272,O0083768,2023-03-08T21:26:06Z,late_delivery,872.29
R006643,PAY0088274,O0083770,2024-09-22T07:53:43Z,customer_return,540.99
R006644,PAY0088290,O0083786,2024-08-21T10:37:52Z,late_delivery,359.98
R006645,PAY0088304,O0083799,2023-07-02T03:15:21Z,late_delivery,264.99
R006646,PAY0088322,O0083815,2025-12-31T17:39:30Z,customer_return,1037.34
R006647,PAY0088326,O0083819,2024-05-09T22:59:16Z,duplicate,52.84
R006648,PAY0088327,O0083820,2024-09-30T01:26:57Z,duplicate,268.39
R006649,PAY0088347,O0083840,2025-04-01T01:43:03Z,damaged,681.85
R006650,PAY0088353,O0083846,2023-08-08T22:11:35Z,customer_return,39.08
R006651,PAY0088354,O0083847,2024-11-25T08:21:50Z,customer_return,844.07
R006652,PAY0088371,O0083864,2024-01-15T21:10:06Z,customer_return,990.94
R006653,PAY0088379,O0083870,2023-10-24T22:59:37Z,customer_return,44.66
R006654,PAY0088415,O0083906,2025-02-12T08:48:45Z,late_delivery,155.27
R006655,PAY0088416,O0083907,2025-07-04T12:36:37Z,customer_return,667.74
R006656,PAY0088425,O0083916,2023-11-24T01:04:14Z,duplicate,756.77
R006657,PAY0088431,O0083922,2025-08-07T13:17:21Z,late_delivery,23.91
R006658,PAY0088439,O0083930,2025-11-19T23:46:14Z,customer_return,735.75
R006659,PAY0088444,O0083935,2024-04-09T18:28:11Z,duplicate,7.18
R006660,PAY0088451,O0083942,2025-06-10T05:34:32Z,late_delivery,526.88
R006661,PAY0088452,O0083943,2024-10-06T23:34:19Z,late_delivery,1244.76
R006662,PAY0088459,O0083950,2025-07-27T20:48:22Z,damaged,336.94
R006663,PAY0088504,O0083993,2023-12-27T19:36:30Z,late_delivery,482.93
R006664,PAY0088516,O0084005,2023-08-04T13:08:55Z,late_delivery,302.03
R006665,PAY0088589,O0084074,2025-06-07T07:32:21Z,customer_return,558.15
R006666,PAY0088618,O0084103,2025-05-28T03:46:57Z,damaged,64.91
R006667,PAY0088649,O0084133,2023-05-30T14:31:29Z,duplicate,790.54
R006668,PAY0088677,O0084159,2023-07-26T12:21:36Z,duplicate,975.53
R006669,PAY0088714,O0084193,2025-08-11T10:33:22Z,duplicate,69.90
R006670,PAY0088716,O0084195,2025-07-25T00:37:06Z,duplicate,0.75
R006671,PAY0088719,O0084198,2024-07-26T10:06:18Z,duplicate,106.09
R006672,PAY0088724,O0084203,2024-07-27T23:22:57Z,late_delivery,23.60
R006673,PAY0088737,O0084215,2024-11-22T17:27:38Z,customer_return,169.33
R006674,PAY0088756,O0084233,2024-12-18T17:58:21Z,customer_return,23.64
R006675,PAY0088771,O0084248,2024-03-20T08:14:21Z,late_delivery,67.49
R006676,PAY0088782,O0084259,2023-10-04T18:29:00Z,late_delivery,51.98
R006677,PAY0088787,O0084264,2025-03-13T22:50:42Z,duplicate,420.20
R006678,PAY0088817,O0084292,2025-03-28T19:02:18Z,customer_return,6.19
R006679,PAY0088820,O0084294,2024-05-05T03:09:27Z,customer_return,500.57
R006680,PAY0088825,O0084299,2025-03-14T20:33:03Z,duplicate,339.67
R006681,PAY0088846,O0084320,2025-10-24T23:18:42Z,customer_return,141.87
R006682,PAY0088848,O0084322,2025-11-21T07:42:38Z,damaged,38.89
R006683,PAY0088857,O0084329,2025-05-31T04:58:36Z,damaged,622.31
R006684,PAY0088858,O0084330,2024-03-04T19:25:08Z,damaged,67.41
R006685,PAY0088862,O0084334,2023-10-03T01:57:10Z,late_delivery,138.20
R006686,PAY0088875,O0084347,2024-07-30T10:37:13Z,late_delivery,549.18
R006687,PAY0088880,O0084352,2024-06-01T13:30:10Z,duplicate,313.40
R006688,PAY0088893,O0084365,2025-11-16T20:23:39Z,duplicate,109.25
R006689,PAY0088918,O0084387,2024-08-13T01:51:01Z,damaged,494.31
R006690,PAY0088936,O0084405,2025-08-26T08:33:09Z,damaged,402.73
R006691,PAY0088963,O0084430,2023-09-25T13:52:13Z,duplicate,590.08
R006692,PAY0088969,O0084436,2024-10-21T05:58:04Z,customer_return,908.30
R006693,PAY0088982,O0084449,2023-12-01T07:31:10Z,duplicate,541.66
R006694,PAY0088986,O0084452,2024-11-16T17:48:15Z,late_delivery,97.00
R006695,PAY0089010,O0084474,2025-12-23T09:13:50Z,late_delivery,531.67
R006696,PAY0089058,O0084518,2025-01-11T01:03:31Z,customer_return,259.42
R006697,PAY0089071,O0084530,2023-07-16T14:28:18Z,late_delivery,798.97
R006698,PAY0089091,O0084549,2024-08-14T07:54:48Z,customer_return,1.56
R006699,PAY0089097,O0084555,2025-02-24T21:24:28Z,customer_return,396.18
R006700,PAY0089098,O0084556,2025-11-19T04:37:36Z,customer_return,238.56
R006701,PAY0089108,O0084564,2025-08-18T15:10:02Z,damaged,181.34
R006702,PAY0089134,O0084589,2024-04-17T07:08:21Z,damaged,214.74
R006703,PAY0089154,O0084609,2024-10-26T14:07:00Z,duplicate,341.26
R006704,PAY0089156,O0084611,2024-03-30T11:40:05Z,damaged,645.55
R006705,PAY0089174,O0084627,2023-02-06T17:49:37Z,damaged,244.93
R006706,PAY0089181,O0084634,2023-10-14T02:11:29Z,late_delivery,28.45
R006707,PAY0089185,O0084638,2023-02-04T18:45:56Z,late_delivery,164.74
R006708,PAY0089194,O0084646,2024-12-13T06:48:42Z,damaged,45.64
R006709,PAY0089222,O0084673,2025-10-18T23:45:14Z,late_delivery,23.60
R006710,PAY0089244,O0084694,2025-03-29T17:54:54Z,late_delivery,518.06
R006711,PAY0089249,O0084699,2024-11-12T09:47:37Z,late_delivery,164.15
R006712,PAY0089254,O0084704,2025-06-19T11:00:35Z,duplicate,99.67
R006713,PAY0089261,O0084710,2023-09-22T00:38:07Z,duplicate,640.50
R006714,PAY0089274,O0084723,2023-12-15T09:45:15Z,duplicate,204.34
R006715,PAY0089278,O0084727,2024-01-23T23:19:44Z,duplicate,813.62
R006716,PAY0089283,O0084732,2025-06-19T12:43:33Z,customer_return,320.34
R006717,PAY0089293,O0084742,2024-01-03T21:12:15Z,damaged,812.56
R006718,PAY0089307,O0084755,2024-08-30T17:56:26Z,damaged,671.45
R006719,PAY0089323,O0084770,2024-01-09T18:18:36Z,late_delivery,35.29
R006720,PAY0089324,O0084771,2023-05-25T20:14:26Z,duplicate,148.67
R006721,PAY0089329,O0084776,2024-04-02T04:22:54Z,customer_return,116.37
R006722,PAY0089334,O0084781,2025-03-21T09:16:55Z,damaged,231.61
R006723,PAY0089336,O0084783,2023-11-07T07:17:57Z,late_delivery,386.64
R006724,PAY0089337,O0084784,2024-02-14T11:40:54Z,customer_return,624.19
R006725,PAY0089377,O0084823,2024-11-10T17:02:59Z,customer_return,344.62
R006726,PAY0089381,O0084827,2023-11-12T21:23:17Z,damaged,402.26
R006727,PAY0089385,O0084830,2024-11-23T11:43:26Z,customer_return,1151.83
R006728,PAY0089393,O0084838,2024-05-14T05:02:43Z,customer_return,993.51
R006729,PAY0089399,O0084844,2023-11-03T12:13:54Z,late_delivery,560.69
R006730,PAY0089416,O0084860,2023-12-04T10:58:59Z,damaged,717.02
R006731,PAY0089434,O0084878,2024-09-07T10:34:26Z,damaged,568.84
R006732,PAY0089444,O0084888,2024-02-10T17:40:31Z,customer_return,472.17
R006733,PAY0089456,O0084899,2023-04-16T02:58:41Z,customer_return,848.11
R006734,PAY0089474,O0084916,2025-12-09T06:04:11Z,customer_return,219.27
R006735,PAY0089481,O0084923,2023-05-15T06:15:00Z,damaged,144.06
R006736,PAY0089485,O0084927,2024-11-19T11:29:14Z,duplicate,21.25
R006737,PAY0089496,O0084938,2024-10-10T21:06:26Z,late_delivery,495.44
R006738,PAY0089500,O0084942,2025-04-11T11:17:12Z,damaged,381.48
R006739,PAY0089512,O0084953,2025-04-25T14:14:32Z,duplicate,85.98
R006740,PAY0089566,O0085003,2024-11-25T21:23:58Z,damaged,543.15
R006741,PAY0089568,O0085005,2025-11-18T12:36:29Z,customer_return,180.50
R006742,PAY0089616,O0085051,2023-11-08T18:35:44Z,damaged,529.66
R006743,PAY0089629,O0085064,2024-11-24T16:44:47Z,late_delivery,5.16
R006744,PAY0089631,O0085065,2024-03-31T15:24:20Z,damaged,311.23
R006745,PAY0089639,O0085072,2024-01-09T19:58:09Z,damaged,890.77
R006746,PAY0089655,O0085086,2023-03-29T13:13:46Z,duplicate,946.02
R006747,PAY0089680,O0085109,2023-09-07T06:14:50Z,late_delivery,595.00
R006748,PAY0089701,O0085130,2024-03-19T13:27:30Z,customer_return,247.07
R006749,PAY0089702,O0085131,2025-05-16T07:53:38Z,late_delivery,395.06
R006750,PAY0089762,O0085187,2025-11-13T19:17:58Z,duplicate,625.45
R006751,PAY0089793,O0085215,2024-12-18T02:43:32Z,duplicate,78.86
R006752,PAY0089794,O0085216,2024-12-22T22:53:11Z,late_delivery,429.94
R006753,PAY0089796,O0085218,2024-11-28T01:19:48Z,damaged,219.70
R006754,PAY0089800,O0085222,2024-10-04T20:16:41Z,late_delivery,679.80
R006755,PAY0089805,O0085227,2025-10-04T00:21:37Z,customer_return,682.83
R006756,PAY0089818,O0085239,2024-11-16T12:07:09Z,late_delivery,608.68
R006757,PAY0089822,O0085242,2025-01-31T11:03:02Z,duplicate,302.47
R006758,PAY0089823,O0085243,2023-02-14T16:05:56Z,customer_return,608.54
R006759,PAY0089855,O0085272,2024-06-23T17:11:15Z,damaged,2504.16
R006760,PAY0089871,O0085288,2024-09-18T20:24:35Z,customer_return,308.69
R006761,PAY0089894,O0085310,2025-03-21T06:35:19Z,late_delivery,475.66
R006762,PAY0089899,O0085315,2025-04-02T16:25:33Z,customer_return,153.45
R006763,PAY0089915,O0085331,2025-10-27T16:20:26Z,customer_return,223.30
R006764,PAY0089922,O0085338,2025-11-21T09:57:07Z,customer_return,278.63
R006765,PAY0089960,O0085374,2025-03-31T21:52:25Z,customer_return,274.09
R006766,PAY0089969,O0085382,2024-01-20T07:39:07Z,damaged,1285.49
R006767,PAY0089990,O0085402,2025-07-29T14:52:53Z,duplicate,72.30
R006768,PAY0090030,O0085438,2024-02-27T11:26:31Z,duplicate,406.59
R006769,PAY0090037,O0085445,2024-07-08T14:42:09Z,damaged,590.20
R006770,PAY0090041,O0085449,2023-03-21T21:48:52Z,late_delivery,312.37
R006771,PAY0090049,O0085457,2025-07-01T23:38:51Z,duplicate,637.91
R006772,PAY0090050,O0085458,2025-10-16T19:18:52Z,duplicate,387.36
R006773,PAY0090063,O0085470,2024-07-20T08:16:46Z,customer_return,1396.50
R006774,PAY0090072,O0085478,2025-08-31T11:31:47Z,duplicate,1009.65
R006775,PAY0090102,O0085504,2024-12-11T18:00:03Z,damaged,410.55
R006776,PAY0090119,O0085521,2023-08-21T13:52:36Z,duplicate,352.09
R006777,PAY0090127,O0085529,2024-01-05T16:28:12Z,duplicate,347.47
R006778,PAY0090129,O0085531,2023-10-03T22:09:00Z,damaged,1005.90
R006779,PAY0090143,O0085545,2023-11-11T07:39:31Z,late_delivery,154.89
R006780,PAY0090147,O0085549,2024-01-23T01:44:45Z,damaged,96.93
R006781,PAY0090150,O0085552,2024-03-23T19:08:57Z,damaged,105.51
R006782,PAY0090159,O0085560,2024-08-25T08:39:04Z,customer_return,350.67
R006783,PAY0090168,O0085569,2024-07-24T17:28:57Z,late_delivery,373.70
R006784,PAY0090171,O0085572,2024-01-13T23:19:28Z,damaged,207.15
R006785,PAY0090194,O0085595,2024-05-09T04:12:14Z,late_delivery,256.54
R006786,PAY0090242,O0085639,2024-06-06T08:48:25Z,customer_return,178.09
R006787,PAY0090275,O0085670,2024-04-20T05:42:35Z,duplicate,111.74
R006788,PAY0090340,O0085731,2023-05-25T09:40:40Z,duplicate,384.77
R006789,PAY0090342,O0085733,2024-10-21T05:37:34Z,customer_return,249.59
R006790,PAY0090358,O0085748,2025-12-31T14:25:56Z,late_delivery,983.67
R006791,PAY0090363,O0085753,2023-02-24T02:24:07Z,late_delivery,87.59
R006792,PAY0090378,O0085767,2024-09-03T03:32:04Z,customer_return,15.18
R006793,PAY0090409,O0085796,2023-07-03T14:43:10Z,customer_return,136.05
R006794,PAY0090423,O0085809,2025-08-09T02:15:23Z,customer_return,9.49
R006795,PAY0090425,O0085811,2024-10-03T08:38:17Z,customer_return,525.77
R006796,PAY0090435,O0085820,2025-01-19T09:53:41Z,duplicate,150.35
R006797,PAY0090447,O0085832,2025-06-07T13:38:44Z,damaged,239.04
R006798,PAY0090458,O0085843,2025-02-16T16:47:22Z,damaged,416.43
R006799,PAY0090481,O0085862,2025-11-26T14:40:54Z,duplicate,10.39
R006800,PAY0090494,O0085875,2024-01-03T12:47:04Z,customer_return,476.40
R006801,PAY0090500,O0085881,2023-08-04T06:04:22Z,duplicate,597.76
R006802,PAY0090535,O0085913,2025-06-29T03:04:50Z,damaged,115.95
R006803,PAY0090537,O0085915,2025-05-12T19:41:32Z,customer_return,54.03
R006804,PAY0090572,O0085947,2023-09-28T05:37:02Z,late_delivery,1672.13
R006805,PAY0090588,O0085962,2023-01-19T01:57:23Z,damaged,267.16
R006806,PAY0090594,O0085968,2025-04-12T18:25:10Z,customer_return,1451.93
R006807,PAY0090608,O0085981,2023-03-01T10:52:08Z,customer_return,1028.27
R006808,PAY0090709,O0086079,2024-08-14T16:29:54Z,customer_return,170.04
R006809,PAY0090714,O0086084,2025-03-13T14:09:41Z,damaged,802.00
R006810,PAY0090717,O0086087,2023-06-30T14:16:43Z,damaged,184.49
R006811,PAY0090727,O0086096,2025-10-21T00:38:05Z,duplicate,456.58
R006812,PAY0090730,O0086099,2025-08-17T16:38:47Z,duplicate,1953.13
R006813,PAY0090735,O0086104,2025-09-27T17:24:37Z,damaged,13.51
R006814,PAY0090737,O0086106,2023-03-29T18:58:50Z,duplicate,123.10
R006815,PAY0090745,O0086114,2023-06-19T04:43:42Z,duplicate,132.48
R006816,PAY0090750,O0086119,2025-07-22T09:22:29Z,customer_return,46.04
R006817,PAY0090751,O0086120,2025-10-08T19:40:41Z,late_delivery,184.80
R006818,PAY0090764,O0086131,2023-05-29T20:43:35Z,duplicate,210.11
R006819,PAY0090769,O0086136,2024-02-26T17:03:48Z,duplicate,1.16
R006820,PAY0090770,O0086137,2025-02-18T13:41:57Z,customer_return,1488.05
R006821,PAY0090788,O0086155,2025-08-01T09:11:15Z,duplicate,3.32
R006822,PAY0090789,O0086156,2025-01-27T12:26:35Z,duplicate,1013.29
R006823,PAY0090794,O0086160,2024-01-23T08:10:09Z,damaged,594.09
R006824,PAY0090825,O0086189,2024-11-25T08:51:37Z,customer_return,212.75
R006825,PAY0090837,O0086200,2024-06-22T03:21:58Z,duplicate,386.71
R006826,PAY0090846,O0086209,2023-07-21T10:10:22Z,damaged,362.98
R006827,PAY0090857,O0086219,2024-04-21T04:18:07Z,damaged,589.68
R006828,PAY0090867,O0086229,2025-02-04T03:04:13Z,customer_return,47.54
R006829,PAY0090876,O0086238,2023-06-05T21:25:28Z,customer_return,244.35
R006830,PAY0090883,O0086244,2025-04-28T01:47:00Z,late_delivery,59.68
R006831,PAY0090900,O0086260,2023-09-02T18:42:32Z,duplicate,193.32
R006832,PAY0090933,O0086292,2025-10-12T13:17:37Z,duplicate,450.78
R006833,PAY0090956,O0086314,2024-02-23T22:37:53Z,customer_return,204.68
R006834,PAY0090960,O0086317,2023-11-21T18:13:11Z,duplicate,253.57
R006835,PAY0090984,O0086340,2024-07-23T10:58:40Z,duplicate,1840.28
R006836,PAY0090998,O0086352,2023-12-12T22:31:22Z,customer_return,251.39
R006837,PAY0091046,O0086397,2024-09-08T21:09:27Z,customer_return,678.56
R006838,PAY0091080,O0086430,2024-12-18T20:48:17Z,late_delivery,81.86
R006839,PAY0091111,O0086461,2025-03-21T21:04:08Z,customer_return,327.14
R006840,PAY0091113,O0086463,2023-07-23T18:24:50Z,late_delivery,853.23
R006841,PAY0091126,O0086476,2023-12-21T15:42:02Z,late_delivery,370.01
R006842,PAY0091151,O0086499,2024-04-20T19:02:02Z,duplicate,1053.66
R006843,PAY0091168,O0086516,2024-01-23T15:40:19Z,damaged,32.24
R006844,PAY0091197,O0086543,2024-07-26T14:17:17Z,damaged,190.76
R006845,PAY0091198,O0086544,2023-08-14T04:05:29Z,customer_return,410.96
R006846,PAY0091202,O0086548,2023-06-13T06:34:39Z,damaged,297.32
R006847,PAY0091231,O0086577,2025-12-31T01:49:20Z,damaged,523.12
R006848,PAY0091249,O0086595,2025-07-06T16:49:10Z,customer_return,104.61
R006849,PAY0091253,O0086599,2023-12-31T06:08:04Z,late_delivery,39.45
R006850,PAY0091276,O0086622,2025-04-06T11:13:42Z,damaged,225.48
R006851,PAY0091287,O0086633,2024-06-28T14:57:14Z,duplicate,715.19
R006852,PAY0091304,O0086649,2025-07-07T23:20:01Z,duplicate,414.86
R006853,PAY0091311,O0086656,2024-01-12T09:46:43Z,late_delivery,349.39
R006854,PAY0091337,O0086681,2025-10-03T21:25:06Z,late_delivery,370.42
R006855,PAY0091352,O0086695,2025-10-10T06:09:56Z,duplicate,568.07
R006856,PAY0091357,O0086700,2024-08-31T17:55:01Z,duplicate,262.14
R006857,PAY0091379,O0086720,2025-08-21T22:45:59Z,customer_return,1.01
R006858,PAY0091395,O0086736,2024-07-03T18:43:28Z,customer_return,868.68
R006859,PAY0091397,O0086738,2024-03-17T18:44:24Z,customer_return,169.74
R006860,PAY0091409,O0086749,2025-06-06T04:58:02Z,late_delivery,182.55
R006861,PAY0091415,O0086755,2025-03-01T12:48:49Z,late_delivery,167.77
R006862,PAY0091424,O0086764,2023-03-24T23:09:14Z,damaged,25.69
R006863,PAY0091426,O0086766,2025-09-12T06:04:59Z,customer_return,395.65
R006864,PAY0091437,O0086777,2024-11-27T11:27:46Z,damaged,1183.64
R006865,PAY0091438,O0086778,2024-06-30T15:28:19Z,customer_return,98.26
R006866,PAY0091439,O0086779,2024-01-15T00:00:40Z,duplicate,177.77
R006867,PAY0091448,O0086788,2023-01-28T02:42:21Z,customer_return,148.95
R006868,PAY0091451,O0086791,2025-12-01T02:04:12Z,duplicate,1015.93
R006869,PAY0091457,O0086797,2025-05-21T07:00:38Z,late_delivery,140.89
R006870,PAY0091476,O0086812,2025-02-11T21:56:23Z,damaged,164.41
R006871,PAY0091487,O0086823,2023-06-03T22:53:02Z,customer_return,200.91
R006872,PAY0091496,O0086831,2023-10-16T14:40:52Z,customer_return,613.60
R006873,PAY0091515,O0086850,2025-12-31T04:11:21Z,duplicate,275.12
R006874,PAY0091518,O0086853,2023-04-18T22:37:07Z,customer_return,688.77
R006875,PAY0091519,O0086854,2024-03-06T20:49:16Z,duplicate,566.06
R006876,PAY0091552,O0086885,2023-03-21T11:00:37Z,damaged,892.97
R006877,PAY0091556,O0086888,2025-08-31T11:45:09Z,damaged,452.78
R006878,PAY0091567,O0086899,2024-01-25T09:34:06Z,late_delivery,501.42
R006879,PAY0091577,O0086909,2024-03-31T13:40:12Z,damaged,334.80
R006880,PAY0091580,O0086912,2024-03-16T11:24:19Z,duplicate,180.20
R006881,PAY0091591,O0086922,2023-08-15T10:27:53Z,duplicate,50.78
R006882,PAY0091596,O0086927,2024-08-09T15:49:59Z,late_delivery,1198.52
R006883,PAY0091613,O0086944,2024-10-15T20:31:09Z,customer_return,108.62
R006884,PAY0091616,O0086947,2023-02-19T16:25:09Z,late_delivery,1286.95
R006885,PAY0091626,O0086956,2024-11-29T18:35:07Z,damaged,549.87
R006886,PAY0091637,O0086967,2023-05-22T23:39:15Z,customer_return,194.20
R006887,PAY0091639,O0086968,2024-04-07T00:49:34Z,duplicate,358.29
R006888,PAY0091644,O0086973,2024-06-01T02:18:16Z,duplicate,59.63
R006889,PAY0091663,O0086991,2024-05-25T11:19:23Z,duplicate,416.69
R006890,PAY0091677,O0087003,2024-05-22T08:18:26Z,late_delivery,395.51
R006891,PAY0091705,O0087029,2023-11-09T21:25:06Z,late_delivery,790.72
R006892,PAY0091720,O0087044,2024-01-01T09:05:02Z,damaged,12.13
R006893,PAY0091740,O0087063,2024-08-05T04:16:05Z,duplicate,810.95
R006894,PAY0091765,O0087088,2024-01-03T11:58:47Z,duplicate,136.96
R006895,PAY0091781,O0087104,2024-03-03T04:51:05Z,duplicate,761.08
R006896,PAY0091789,O0087112,2023-02-26T07:20:09Z,duplicate,222.48
R006897,PAY0091807,O0087127,2025-06-08T14:54:38Z,damaged,1262.55
R006898,PAY0091812,O0087132,2025-09-30T03:40:57Z,damaged,160.98
R006899,PAY0091814,O0087134,2024-08-29T07:34:52Z,late_delivery,193.69
R006900,PAY0091821,O0087141,2023-05-12T00:11:17Z,duplicate,190.67
R006901,PAY0091827,O0087147,2023-11-16T18:56:56Z,customer_return,393.19
R006902,PAY0091829,O0087149,2024-06-23T19:53:49Z,duplicate,128.47
R006903,PAY0091841,O0087161,2023-06-29T09:05:37Z,duplicate,348.66
R006904,PAY0091844,O0087164,2025-02-06T13:53:46Z,late_delivery,235.76
R006905,PAY0091855,O0087175,2023-12-22T00:10:12Z,duplicate,297.29
R006906,PAY0091856,O0087176,2023-11-08T22:14:00Z,duplicate,44.81
R006907,PAY0091858,O0087178,2023-08-10T00:54:57Z,late_delivery,192.10
R006908,PAY0091880,O0087198,2024-09-16T18:19:24Z,duplicate,381.61
R006909,PAY0091890,O0087208,2025-02-15T16:22:53Z,late_delivery,102.17
R006910,PAY0091897,O0087214,2025-07-15T16:09:31Z,duplicate,411.66
R006911,PAY0091902,O0087219,2024-02-25T16:52:50Z,duplicate,344.97
R006912,PAY0091903,O0087220,2025-06-10T04:01:27Z,late_delivery,217.83
R006913,PAY0091906,O0087223,2024-03-02T16:13:12Z,duplicate,444.58
R006914,PAY0091911,O0087228,2025-09-14T13:44:23Z,customer_return,24.31
R006915,PAY0091918,O0087235,2024-01-11T02:21:52Z,duplicate,1583.00
R006916,PAY0091934,O0087251,2023-10-23T10:52:43Z,customer_return,216.14
R006917,PAY0091943,O0087260,2025-02-16T04:35:36Z,late_delivery,235.79
R006918,PAY0091953,O0087270,2023-05-19T05:25:40Z,late_delivery,715.61
R006919,PAY0091996,O0087310,2025-08-25T18:20:24Z,duplicate,168.44
R006920,PAY0092016,O0087329,2023-08-29T17:19:05Z,late_delivery,1739.10
R006921,PAY0092032,O0087345,2024-02-15T01:16:23Z,duplicate,739.45
R006922,PAY0092037,O0087350,2024-01-08T10:29:09Z,duplicate,199.92
R006923,PAY0092042,O0087355,2024-04-21T05:57:08Z,customer_return,183.97
R006924,PAY0092046,O0087359,2024-06-27T09:30:07Z,damaged,173.93
R006925,PAY0092063,O0087376,2024-05-26T18:17:22Z,late_delivery,744.22
R006926,PAY0092065,O0087378,2023-07-06T23:28:12Z,late_delivery,168.21
R006927,PAY0092074,O0087387,2025-12-12T02:39:25Z,damaged,36.08
R006928,PAY0092087,O0087400,2023-04-10T22:15:10Z,damaged,582.10
R006929,PAY0092095,O0087408,2023-06-18T03:49:55Z,late_delivery,604.39
R006930,PAY0092100,O0087413,2024-11-12T07:04:45Z,duplicate,458.00
R006931,PAY0092131,O0087444,2023-06-26T17:15:16Z,duplicate,213.64
R006932,PAY0092145,O0087457,2025-05-31T08:58:41Z,customer_return,405.94
R006933,PAY0092152,O0087464,2023-11-07T21:22:42Z,damaged,850.02
R006934,PAY0092171,O0087482,2023-08-20T14:58:28Z,late_delivery,326.79
R006935,PAY0092172,O0087483,2025-04-16T11:22:12Z,late_delivery,398.36
R006936,PAY0092175,O0087486,2023-09-13T05:29:50Z,damaged,390.58
R006937,PAY0092199,O0087510,2025-03-23T04:42:27Z,duplicate,188.52
R006938,PAY0092200,O0087511,2023-04-11T00:38:09Z,late_delivery,105.85
R006939,PAY0092211,O0087522,2025-12-31T20:12:16Z,damaged,115.06
R006940,PAY0092213,O0087524,2024-05-25T11:23:11Z,damaged,719.27
R006941,PAY0092237,O0087548,2025-01-08T14:35:23Z,late_delivery,474.15
R006942,PAY0092247,O0087557,2023-04-20T03:22:31Z,damaged,444.12
R006943,PAY0092253,O0087563,2025-09-15T21:27:00Z,customer_return,310.74
R006944,PAY0092267,O0087573,2023-06-09T23:22:21Z,late_delivery,841.77
R006945,PAY0092279,O0087583,2023-09-14T20:19:14Z,damaged,824.08
R006946,PAY0092284,O0087588,2025-11-10T21:46:15Z,duplicate,306.34
R006947,PAY0092311,O0087615,2023-10-13T09:16:24Z,duplicate,475.90
R006948,PAY0092331,O0087634,2023-11-30T14:49:22Z,damaged,166.50
R006949,PAY0092340,O0087643,2024-08-15T09:37:51Z,duplicate,274.86
R006950,PAY0092344,O0087647,2025-10-11T18:18:56Z,damaged,468.87
R006951,PAY0092358,O0087661,2024-06-06T04:47:26Z,late_delivery,158.71
R006952,PAY0092360,O0087663,2023-07-30T07:49:03Z,duplicate,219.72
R006953,PAY0092387,O0087689,2025-03-17T01:43:50Z,customer_return,282.73
R006954,PAY0092407,O0087709,2025-03-05T00:53:04Z,late_delivery,181.41
R006955,PAY0092411,O0087713,2024-02-17T04:57:21Z,damaged,218.37
R006956,PAY0092441,O0087741,2024-11-15T00:56:29Z,damaged,48.77
R006957,PAY0092450,O0087750,2025-09-27T02:02:47Z,late_delivery,178.01
R006958,PAY0092471,O0087769,2023-10-19T11:14:29Z,damaged,334.07
R006959,PAY0092512,O0087810,2025-11-27T14:17:17Z,customer_return,213.16
R006960,PAY0092516,O0087814,2024-06-27T08:49:24Z,duplicate,553.98
R006961,PAY0092543,O0087839,2024-03-25T00:09:58Z,damaged,244.83
R006962,PAY0092544,O0087840,2023-03-06T23:54:36Z,duplicate,21.67
R006963,PAY0092576,O0087871,2025-05-28T17:50:53Z,duplicate,14.27
R006964,PAY0092577,O0087872,2023-05-10T12:49:00Z,damaged,276.74
R006965,PAY0092581,O0087875,2025-11-16T04:10:42Z,late_delivery,1582.26
R006966,PAY0092591,O0087884,2025-05-27T15:08:00Z,late_delivery,78.25
R006967,PAY0092594,O0087887,2025-05-01T22:00:44Z,customer_return,146.49
R006968,PAY0092597,O0087890,2024-12-13T02:04:31Z,damaged,927.42
R006969,PAY0092616,O0087907,2023-03-01T16:51:35Z,duplicate,11.63
R006970,PAY0092618,O0087909,2024-08-23T05:50:30Z,duplicate,97.16
R006971,PAY0092625,O0087916,2024-10-05T03:06:20Z,damaged,252.50
R006972,PAY0092633,O0087924,2024-05-07T14:45:46Z,customer_return,532.12
R006973,PAY0092652,O0087941,2025-09-25T08:44:53Z,damaged,795.29
R006974,PAY0092658,O0087946,2025-12-31T09:00:29Z,duplicate,1078.60
R006975,PAY0092672,O0087959,2024-11-09T23:50:29Z,customer_return,272.20
R006976,PAY0092676,O0087963,2024-01-23T13:47:12Z,customer_return,355.23
R006977,PAY0092721,O0088007,2024-11-16T07:26:26Z,late_delivery,1259.90
R006978,PAY0092745,O0088030,2024-10-10T04:44:53Z,duplicate,374.22
R006979,PAY0092747,O0088032,2024-07-01T21:06:36Z,customer_return,803.76
R006980,PAY0092769,O0088054,2025-02-03T03:30:37Z,late_delivery,365.34
R006981,PAY0092770,O0088055,2023-07-04T14:47:34Z,duplicate,129.10
R006982,PAY0092782,O0088066,2024-06-16T23:53:06Z,duplicate,751.93
R006983,PAY0092843,O0088125,2025-12-31T13:22:06Z,damaged,226.91
R006984,PAY0092856,O0088137,2024-07-09T06:09:58Z,duplicate,66.55
R006985,PAY0092882,O0088162,2023-02-08T03:54:07Z,duplicate,218.32
R006986,PAY0092898,O0088178,2024-01-01T04:24:53Z,late_delivery,507.84
R006987,PAY0092901,O0088181,2023-12-26T14:11:18Z,duplicate,146.48
R006988,PAY0092909,O0088189,2025-11-11T09:48:53Z,late_delivery,87.57
R006989,PAY0092970,O0088246,2025-12-31T21:13:17Z,damaged,1486.06
R006990,PAY0092971,O0088247,2024-04-15T02:45:32Z,late_delivery,57.56
R006991,PAY0092972,O0088248,2025-07-29T19:04:41Z,damaged,886.16
R006992,PAY0092975,O0088251,2024-08-12T08:00:05Z,duplicate,1187.10
R006993,PAY0093034,O0088308,2024-06-16T15:40:03Z,customer_return,46.92
R006994,PAY0093045,O0088318,2023-03-29T12:51:41Z,duplicate,181.05
R006995,PAY0093050,O0088323,2024-12-03T12:36:37Z,late_delivery,60.93
R006996,PAY0093074,O0088347,2023-11-04T09:17:31Z,customer_return,138.03
R006997,PAY0093078,O0088351,2025-03-28T21:39:26Z,duplicate,573.05
R006998,PAY0093108,O0088380,2024-03-22T15:01:57Z,customer_return,1302.85
R006999,PAY0093132,O0088404,2023-09-13T12:14:45Z,duplicate,2173.88
R007000,PAY0093133,O0088405,2023-12-29T22:24:23Z,late_delivery,40.50
R007001,PAY0093141,O0088413,2024-07-03T00:48:23Z,late_delivery,207.64
R007002,PAY0093150,O0088421,2025-12-31T06:18:00Z,late_delivery,118.36
R007003,PAY0093155,O0088425,2025-06-10T04:18:29Z,late_delivery,0.98
R007004,PAY0093157,O0088427,2024-03-17T19:03:48Z,duplicate,1372.26
R007005,PAY0093191,O0088458,2025-11-21T10:21:56Z,customer_return,82.46
R007006,PAY0093196,O0088462,2025-11-10T01:52:45Z,duplicate,71.93
R007007,PAY0093222,O0088486,2024-10-05T12:39:06Z,duplicate,208.27
R007008,PAY0093266,O0088530,2025-01-27T10:51:02Z,duplicate,1.85
R007009,PAY0093297,O0088557,2023-05-21T06:24:04Z,duplicate,329.34
R007010,PAY0093306,O0088566,2025-05-12T00:55:44Z,damaged,1408.49
R007011,PAY0093308,O0088568,2023-10-02T10:28:24Z,late_delivery,1497.49
R007012,PAY0093322,O0088582,2023-07-23T03:17:28Z,late_delivery,1375.78
R007013,PAY0093328,O0088587,2023-12-06T08:14:38Z,damaged,542.40
R007014,PAY0093329,O0088588,2023-10-30T16:24:09Z,late_delivery,1040.96
R007015,PAY0093373,O0088628,2025-07-23T19:50:29Z,late_delivery,10.54
R007016,PAY0093378,O0088633,2025-05-19T03:35:41Z,late_delivery,1643.32
R007017,PAY0093379,O0088634,2023-10-29T00:14:08Z,duplicate,415.33
R007018,PAY0093432,O0088684,2023-09-30T02:40:42Z,damaged,1101.48
R007019,PAY0093439,O0088690,2023-09-07T19:48:17Z,damaged,279.59
R007020,PAY0093441,O0088692,2023-12-10T14:26:03Z,customer_return,115.70
R007021,PAY0093445,O0088696,2024-08-13T17:59:31Z,customer_return,31.20
R007022,PAY0093446,O0088697,2025-07-27T03:40:25Z,damaged,230.13
R007023,PAY0093462,O0088712,2024-10-23T20:43:48Z,duplicate,34.84
R007024,PAY0093463,O0088713,2025-05-03T22:58:15Z,late_delivery,938.16
R007025,PAY0093465,O0088715,2024-09-24T03:38:39Z,duplicate,338.18
R007026,PAY0093471,O0088720,2024-03-07T09:50:36Z,damaged,104.87
R007027,PAY0093495,O0088743,2025-09-20T05:12:42Z,duplicate,141.11
R007028,PAY0093509,O0088755,2023-07-01T02:35:03Z,late_delivery,762.90
R007029,PAY0093510,O0088756,2024-04-22T15:54:39Z,duplicate,796.33
R007030,PAY0093512,O0088758,2025-12-31T22:23:53Z,late_delivery,563.84
R007031,PAY0093515,O0088761,2024-08-09T20:12:33Z,damaged,135.55
R007032,PAY0093527,O0088772,2025-05-04T02:37:14Z,customer_return,91.45
R007033,PAY0093530,O0088774,2024-09-14T19:04:24Z,customer_return,1822.92
R007034,PAY0093553,O0088794,2024-04-10T00:45:02Z,late_delivery,210.06
R007035,PAY0093555,O0088796,2023-05-20T08:21:29Z,duplicate,130.34
R007036,PAY0093561,O0088801,2024-08-22T19:33:16Z,late_delivery,119.87
R007037,PAY0093569,O0088809,2023-07-27T17:12:24Z,damaged,203.82
R007038,PAY0093587,O0088827,2023-04-12T12:57:41Z,late_delivery,1160.30
R007039,PAY0093612,O0088852,2023-01-12T16:28:23Z,customer_return,186.17
R007040,PAY0093624,O0088864,2023-08-22T01:54:21Z,duplicate,5.08
R007041,PAY0093643,O0088883,2023-04-26T02:45:51Z,damaged,800.84
R007042,PAY0093664,O0088904,2025-10-13T21:08:37Z,duplicate,406.27
R007043,PAY0093676,O0088915,2025-01-26T08:00:12Z,customer_return,320.72
R007044,PAY0093711,O0088947,2024-12-05T23:56:32Z,late_delivery,19.07
R007045,PAY0093719,O0088955,2023-03-28T05:23:25Z,customer_return,1456.29
R007046,PAY0093749,O0088984,2024-01-19T02:09:37Z,customer_return,596.42
R007047,PAY0093763,O0088997,2023-08-26T03:04:55Z,damaged,109.97
R007048,PAY0093766,O0089000,2025-03-18T05:22:54Z,customer_return,208.07
R007049,PAY0093769,O0089003,2023-06-20T23:42:16Z,late_delivery,904.04
R007050,PAY0093776,O0089010,2023-06-07T13:28:19Z,damaged,1323.93
R007051,PAY0093782,O0089016,2024-05-05T22:39:37Z,damaged,87.81
R007052,PAY0093790,O0089024,2024-01-09T08:05:25Z,damaged,449.06
R007053,PAY0093808,O0089040,2025-10-28T21:23:31Z,duplicate,397.50
R007054,PAY0093858,O0089088,2025-09-03T01:35:16Z,damaged,20.10
R007055,PAY0093868,O0089097,2023-07-25T01:08:16Z,duplicate,2.53
R007056,PAY0093902,O0089129,2023-10-19T15:54:56Z,damaged,990.10
R007057,PAY0093905,O0089132,2025-01-26T11:16:16Z,late_delivery,50.80
R007058,PAY0093908,O0089135,2024-06-17T22:11:20Z,customer_return,222.91
R007059,PAY0093914,O0089141,2024-11-18T03:24:07Z,customer_return,6.48
R007060,PAY0093921,O0089148,2023-02-03T15:00:07Z,duplicate,745.32
R007061,PAY0093924,O0089151,2023-04-11T07:14:48Z,duplicate,584.59
R007062,PAY0093930,O0089157,2024-03-24T15:13:58Z,customer_return,87.90
R007063,PAY0093934,O0089161,2025-10-31T22:32:32Z,duplicate,162.80
R007064,PAY0093948,O0089173,2024-07-25T16:22:19Z,customer_return,97.69
R007065,PAY0093953,O0089178,2025-01-03T07:57:05Z,duplicate,190.60
R007066,PAY0093977,O0089202,2025-05-10T17:21:30Z,late_delivery,1161.58
R007067,PAY0093997,O0089221,2024-05-02T13:58:22Z,late_delivery,1308.95
R007068,PAY0094018,O0089240,2024-10-09T08:47:34Z,customer_return,679.67
R007069,PAY0094052,O0089269,2025-10-14T02:12:56Z,late_delivery,57.02
R007070,PAY0094059,O0089276,2023-03-02T11:30:07Z,customer_return,182.50
R007071,PAY0094064,O0089281,2024-02-25T23:29:55Z,damaged,236.76
R007072,PAY0094085,O0089301,2024-10-22T16:43:12Z,duplicate,301.14
R007073,PAY0094087,O0089303,2023-07-08T19:28:22Z,customer_return,896.55
R007074,PAY0094097,O0089312,2025-12-29T04:09:43Z,late_delivery,177.95
R007075,PAY0094120,O0089334,2024-10-11T06:23:52Z,customer_return,893.25
R007076,PAY0094124,O0089338,2023-05-01T11:26:40Z,damaged,563.23
R007077,PAY0094150,O0089363,2024-07-03T16:24:19Z,late_delivery,744.31
R007078,PAY0094155,O0089368,2025-01-20T05:44:34Z,duplicate,217.49
R007079,PAY0094185,O0089397,2025-11-04T12:01:04Z,duplicate,212.85
R007080,PAY0094233,O0089442,2025-01-22T21:12:33Z,late_delivery,83.30
R007081,PAY0094242,O0089451,2023-10-05T22:48:54Z,duplicate,200.77
R007082,PAY0094262,O0089471,2023-02-03T18:43:40Z,customer_return,395.62
R007083,PAY0094313,O0089521,2023-08-08T10:08:29Z,duplicate,1039.81
R007084,PAY0094330,O0089536,2025-02-18T01:31:18Z,customer_return,149.84
R007085,PAY0094339,O0089545,2024-02-28T01:17:30Z,duplicate,257.47
R007086,PAY0094345,O0089551,2025-05-28T10:04:18Z,damaged,427.92
R007087,PAY0094346,O0089552,2023-07-11T08:42:49Z,damaged,996.69
R007088,PAY0094367,O0089572,2024-03-28T12:56:21Z,customer_return,77.42
R007089,PAY0094371,O0089576,2025-01-31T00:03:16Z,damaged,1251.60
R007090,PAY0094384,O0089589,2023-06-05T02:32:02Z,customer_return,102.03
R007091,PAY0094397,O0089600,2024-08-25T11:06:43Z,customer_return,148.95
R007092,PAY0094402,O0089605,2023-03-03T08:14:22Z,customer_return,9.88
R007093,PAY0094404,O0089606,2024-07-01T09:46:02Z,damaged,539.42
R007094,PAY0094406,O0089608,2024-11-28T01:20:36Z,customer_return,518.33
R007095,PAY0094423,O0089625,2024-12-05T20:04:56Z,duplicate,321.94
R007096,PAY0094434,O0089635,2024-03-05T11:29:49Z,duplicate,1198.84
R007097,PAY0094452,O0089653,2023-04-13T01:11:54Z,customer_return,732.27
R007098,PAY0094463,O0089664,2025-07-07T16:13:08Z,late_delivery,638.00
R007099,PAY0094475,O0089676,2025-12-24T09:26:43Z,duplicate,202.87
R007100,PAY0094484,O0089684,2025-03-20T05:25:10Z,duplicate,191.95
R007101,PAY0094502,O0089700,2024-10-18T20:34:11Z,duplicate,219.46
R007102,PAY0094503,O0089701,2023-12-11T15:53:50Z,damaged,313.54
R007103,PAY0094522,O0089718,2024-09-11T07:11:40Z,damaged,191.83
R007104,PAY0094549,O0089744,2025-02-28T15:27:06Z,duplicate,202.45
R007105,PAY0094551,O0089746,2023-08-09T00:08:40Z,damaged,878.15
R007106,PAY0094588,O0089780,2025-11-13T12:19:06Z,damaged,152.88
R007107,PAY0094589,O0089781,2024-06-19T06:53:15Z,customer_return,474.72
R007108,PAY0094590,O0089782,2025-10-01T09:40:23Z,duplicate,200.35
R007109,PAY0094593,O0089785,2025-09-17T00:34:49Z,customer_return,132.60
R007110,PAY0094652,O0089842,2023-11-29T06:57:32Z,late_delivery,430.41
R007111,PAY0094691,O0089877,2025-06-06T18:55:05Z,damaged,120.53
R007112,PAY0094708,O0089893,2024-08-18T08:39:34Z,damaged,451.46
R007113,PAY0094735,O0089919,2023-01-26T16:21:02Z,duplicate,181.01
R007114,PAY0094741,O0089925,2024-12-04T18:39:53Z,duplicate,355.50
R007115,PAY0094743,O0089927,2024-09-27T00:39:18Z,customer_return,62.66
R007116,PAY0094756,O0089938,2025-01-06T04:03:31Z,customer_return,1897.61
R007117,PAY0094763,O0089945,2023-07-25T12:53:56Z,damaged,139.75
R007118,PAY0094766,O0089948,2024-02-07T16:38:16Z,duplicate,183.93
R007119,PAY0094782,O0089964,2023-02-23T07:26:07Z,late_delivery,1359.55
R007120,PAY0094803,O0089984,2024-03-01T11:03:20Z,customer_return,15.20
R007121,PAY0094810,O0089991,2023-11-04T23:03:29Z,duplicate,453.18
R007122,PAY0094830,O0090011,2024-09-20T19:55:04Z,late_delivery,84.46
R007123,PAY0094850,O0090030,2023-09-28T02:36:53Z,damaged,280.39
R007124,PAY0094864,O0090043,2024-06-02T12:09:22Z,late_delivery,91.59
R007125,PAY0094867,O0090046,2025-01-18T21:26:40Z,duplicate,278.04
R007126,PAY0094868,O0090047,2024-03-05T23:12:13Z,late_delivery,638.19
R007127,PAY0094891,O0090069,2023-06-23T11:30:06Z,customer_return,881.08
R007128,PAY0094903,O0090080,2023-10-12T05:38:12Z,customer_return,56.19
R007129,PAY0094908,O0090084,2024-11-10T06:21:47Z,damaged,168.27
R007130,PAY0094915,O0090091,2023-07-02T11:59:03Z,damaged,368.65
R007131,PAY0094916,O0090092,2025-05-11T16:20:13Z,late_delivery,55.45
R007132,PAY0094917,O0090093,2025-05-27T08:13:02Z,late_delivery,91.25
R007133,PAY0094925,O0090101,2025-06-27T19:02:01Z,duplicate,423.26
R007134,PAY0094968,O0090141,2024-09-02T19:17:17Z,damaged,448.99
R007135,PAY0094976,O0090149,2025-08-24T12:15:55Z,duplicate,475.94
R007136,PAY0094997,O0090169,2024-06-08T07:41:02Z,customer_return,499.03
R007137,PAY0095038,O0090208,2023-03-06T04:33:36Z,customer_return,1100.97
R007138,PAY0095054,O0090223,2025-07-29T19:00:07Z,damaged,591.59
R007139,PAY0095062,O0090229,2023-02-23T09:49:33Z,late_delivery,80.90
R007140,PAY0095066,O0090233,2025-09-13T04:07:29Z,customer_return,815.63
R007141,PAY0095082,O0090248,2024-07-23T17:05:56Z,duplicate,612.72
R007142,PAY0095083,O0090249,2025-01-21T21:51:36Z,late_delivery,363.32
R007143,PAY0095199,O0090358,2024-03-25T06:49:46Z,customer_return,196.37
R007144,PAY0095201,O0090360,2025-02-21T16:35:11Z,late_delivery,1406.97
R007145,PAY0095246,O0090404,2025-12-31T00:39:58Z,late_delivery,1005.91
R007146,PAY0095253,O0090411,2025-07-15T02:19:08Z,customer_return,260.84
R007147,PAY0095260,O0090418,2023-10-07T13:01:49Z,damaged,461.62
R007148,PAY0095267,O0090425,2024-09-03T05:04:22Z,duplicate,75.38
R007149,PAY0095296,O0090452,2025-09-28T18:10:53Z,late_delivery,189.91
R007150,PAY0095297,O0090453,2025-01-26T04:22:38Z,customer_return,393.22
R007151,PAY0095311,O0090466,2025-12-03T03:55:43Z,customer_return,1038.35
R007152,PAY0095324,O0090478,2025-11-19T14:36:07Z,customer_return,708.95
R007153,PAY0095372,O0090526,2023-03-23T00:42:02Z,damaged,76.75
R007154,PAY0095384,O0090537,2025-10-31T13:49:46Z,damaged,453.54
R007155,PAY0095424,O0090574,2025-12-31T18:24:28Z,damaged,736.78
R007156,PAY0095437,O0090587,2024-10-06T17:37:10Z,customer_return,156.17
R007157,PAY0095440,O0090590,2025-02-22T07:42:03Z,duplicate,160.84
R007158,PAY0095445,O0090595,2024-01-17T15:19:16Z,late_delivery,117.35
R007159,PAY0095469,O0090617,2025-08-05T14:30:41Z,late_delivery,5.66
R007160,PAY0095478,O0090625,2023-10-17T15:33:31Z,duplicate,198.48
R007161,PAY0095488,O0090635,2025-03-15T02:55:03Z,damaged,799.89
R007162,PAY0095555,O0090696,2024-06-07T16:47:45Z,customer_return,543.47
R007163,PAY0095578,O0090717,2025-12-15T08:37:02Z,duplicate,159.31
R007164,PAY0095586,O0090725,2024-03-03T21:24:29Z,late_delivery,101.11
R007165,PAY0095591,O0090730,2025-03-12T15:10:43Z,customer_return,114.91
R007166,PAY0095607,O0090746,2024-05-11T18:49:07Z,late_delivery,379.66
R007167,PAY0095625,O0090764,2023-12-03T08:30:07Z,duplicate,888.62
R007168,PAY0095666,O0090805,2023-10-06T17:11:38Z,customer_return,777.82
R007169,PAY0095667,O0090806,2023-04-22T14:47:38Z,duplicate,16.14
R007170,PAY0095684,O0090823,2023-06-06T02:49:45Z,duplicate,475.97
R007171,PAY0095688,O0090827,2023-01-22T01:52:20Z,duplicate,480.47
R007172,PAY0095691,O0090830,2023-06-30T11:30:38Z,customer_return,437.69
R007173,PAY0095693,O0090832,2025-08-22T07:53:29Z,late_delivery,935.32
R007174,PAY0095696,O0090835,2024-11-30T05:20:14Z,customer_return,413.02
R007175,PAY0095719,O0090857,2025-06-30T09:49:49Z,duplicate,250.73
R007176,PAY0095727,O0090865,2024-10-20T00:36:41Z,late_delivery,537.16
R007177,PAY0095778,O0090913,2025-03-03T03:42:57Z,late_delivery,652.51
R007178,PAY0095801,O0090936,2024-01-14T08:37:25Z,duplicate,108.78
R007179,PAY0095817,O0090950,2023-07-30T05:27:41Z,customer_return,226.27
R007180,PAY0095844,O0090976,2025-07-10T19:03:29Z,customer_return,64.68
R007181,PAY0095848,O0090980,2025-06-13T20:00:38Z,damaged,942.49
R007182,PAY0095871,O0091002,2023-09-10T06:41:49Z,duplicate,73.01
R007183,PAY0095901,O0091030,2024-08-24T13:35:00Z,duplicate,235.51
R007184,PAY0095919,O0091047,2024-09-28T01:57:24Z,duplicate,442.03
R007185,PAY0095925,O0091053,2024-07-19T04:06:21Z,duplicate,717.57
R007186,PAY0095949,O0091074,2023-09-07T16:53:55Z,duplicate,1206.94
R007187,PAY0095952,O0091077,2024-11-30T17:27:05Z,late_delivery,957.41
R007188,PAY0095961,O0091085,2023-09-14T07:20:27Z,damaged,377.72
R007189,PAY0095966,O0091089,2024-10-20T15:29:36Z,damaged,684.87
R007190,PAY0095983,O0091105,2023-05-23T05:35:43Z,late_delivery,279.86
R007191,PAY0096027,O0091146,2023-07-26T16:15:43Z,duplicate,820.86
R007192,PAY0096041,O0091159,2025-12-27T10:39:20Z,late_delivery,223.72
R007193,PAY0096056,O0091173,2023-08-30T05:46:52Z,late_delivery,577.16
R007194,PAY0096072,O0091189,2024-01-11T01:02:11Z,late_delivery,490.40
R007195,PAY0096075,O0091192,2023-11-24T11:30:06Z,late_delivery,32.52
R007196,PAY0096087,O0091203,2025-10-28T16:34:41Z,duplicate,685.10
R007197,PAY0096090,O0091206,2024-04-22T05:17:20Z,duplicate,673.06
R007198,PAY0096106,O0091221,2025-10-04T21:03:26Z,late_delivery,36.52
R007199,PAY0096107,O0091222,2024-11-28T10:34:31Z,damaged,869.08
R007200,PAY0096113,O0091228,2024-08-09T05:38:07Z,damaged,69.98
R007201,PAY0096126,O0091240,2023-05-25T08:03:20Z,damaged,105.65
R007202,PAY0096134,O0091248,2023-04-13T04:25:21Z,damaged,656.87
R007203,PAY0096161,O0091273,2023-12-03T10:26:58Z,customer_return,334.16
R007204,PAY0096168,O0091279,2024-05-23T01:49:40Z,customer_return,30.84
R007205,PAY0096192,O0091302,2024-09-02T12:55:30Z,late_delivery,272.12
R007206,PAY0096208,O0091316,2024-11-25T00:12:17Z,duplicate,215.69
R007207,PAY0096225,O0091332,2024-01-05T21:35:06Z,damaged,210.65
R007208,PAY0096231,O0091337,2024-12-12T05:10:20Z,duplicate,169.60
R007209,PAY0096233,O0091339,2024-04-15T12:57:47Z,late_delivery,355.85
R007210,PAY0096241,O0091346,2024-12-09T00:42:38Z,damaged,296.49
R007211,PAY0096251,O0091356,2025-06-07T20:22:27Z,late_delivery,347.67
R007212,PAY0096265,O0091370,2023-04-03T15:02:18Z,damaged,153.30
R007213,PAY0096266,O0091371,2025-03-25T16:09:43Z,damaged,688.62
R007214,PAY0096273,O0091377,2025-04-01T05:22:22Z,damaged,898.18
R007215,PAY0096296,O0091399,2023-07-25T17:21:53Z,duplicate,33.20
R007216,PAY0096297,O0091400,2023-10-04T16:27:46Z,customer_return,185.70
R007217,PAY0096310,O0091411,2024-07-29T07:40:12Z,customer_return,368.43
R007218,PAY0096367,O0091467,2025-06-12T19:17:06Z,late_delivery,336.32
R007219,PAY0096369,O0091469,2025-12-08T21:22:38Z,damaged,951.03
R007220,PAY0096381,O0091480,2024-11-16T03:08:17Z,customer_return,905.95
R007221,PAY0096390,O0091487,2025-08-21T11:41:40Z,late_delivery,491.05
R007222,PAY0096408,O0091505,2024-04-15T07:00:55Z,customer_return,341.69
R007223,PAY0096411,O0091508,2024-01-01T08:24:56Z,customer_return,414.31
R007224,PAY0096414,O0091511,2023-04-09T07:48:38Z,damaged,585.77
R007225,PAY0096415,O0091512,2025-04-18T07:49:00Z,damaged,21.82
R007226,PAY0096417,O0091514,2025-07-21T19:21:14Z,late_delivery,537.56
R007227,PAY0096426,O0091522,2023-08-16T08:39:20Z,duplicate,601.64
R007228,PAY0096435,O0091531,2025-07-02T14:03:03Z,customer_return,605.05
R007229,PAY0096443,O0091538,2023-01-22T07:24:14Z,late_delivery,238.71
R007230,PAY0096444,O0091539,2025-03-23T13:22:23Z,customer_return,20.54
R007231,PAY0096445,O0091540,2024-11-22T10:51:59Z,late_delivery,38.12
R007232,PAY0096460,O0091553,2024-08-25T02:30:30Z,duplicate,129.98
R007233,PAY0096467,O0091559,2024-04-30T15:19:18Z,late_delivery,320.04
R007234,PAY0096481,O0091573,2023-07-29T01:11:57Z,duplicate,225.18
R007235,PAY0096498,O0091589,2024-06-05T16:54:35Z,damaged,918.90
R007236,PAY0096557,O0091646,2023-05-25T06:56:58Z,duplicate,594.72
R007237,PAY0096566,O0091654,2025-05-13T03:50:13Z,customer_return,305.32
R007238,PAY0096582,O0091669,2023-01-18T11:22:24Z,duplicate,176.10
R007239,PAY0096584,O0091671,2024-12-11T13:17:45Z,damaged,555.08
R007240,PAY0096660,O0091742,2023-02-20T01:17:02Z,customer_return,813.16
R007241,PAY0096664,O0091746,2025-07-07T21:35:30Z,late_delivery,377.45
R007242,PAY0096696,O0091777,2023-07-19T00:11:26Z,damaged,150.62
R007243,PAY0096743,O0091822,2024-10-27T05:16:43Z,duplicate,234.18
R007244,PAY0096771,O0091850,2025-06-18T16:05:05Z,late_delivery,812.35
R007245,PAY0096783,O0091862,2023-01-30T22:49:09Z,customer_return,575.08
R007246,PAY0096790,O0091869,2025-07-10T07:51:28Z,late_delivery,452.63
R007247,PAY0096798,O0091877,2023-02-01T18:57:34Z,customer_return,61.73
R007248,PAY0096800,O0091879,2025-05-12T14:50:24Z,customer_return,137.18
R007249,PAY0096801,O0091880,2024-01-11T03:58:46Z,damaged,222.45
R007250,PAY0096808,O0091886,2024-04-05T17:12:03Z,duplicate,269.53
R007251,PAY0096818,O0091896,2025-07-31T12:48:54Z,customer_return,421.07
R007252,PAY0096828,O0091906,2024-06-13T14:02:03Z,late_delivery,660.10
R007253,PAY0096832,O0091910,2025-02-15T13:07:11Z,customer_return,809.09
R007254,PAY0096844,O0091922,2023-11-07T06:38:22Z,late_delivery,395.41
R007255,PAY0096853,O0091931,2024-11-25T06:01:58Z,damaged,73.88
R007256,PAY0096861,O0091938,2024-06-04T20:48:41Z,late_delivery,794.50
R007257,PAY0096874,O0091951,2025-12-18T05:46:54Z,damaged,296.80
R007258,PAY0096876,O0091953,2025-10-01T19:51:56Z,customer_return,351.26
R007259,PAY0096888,O0091965,2024-11-30T18:43:51Z,duplicate,891.28
R007260,PAY0096895,O0091972,2024-04-04T10:25:22Z,duplicate,1106.40
R007261,PAY0096912,O0091987,2024-08-08T12:44:04Z,customer_return,604.44
R007262,PAY0096969,O0092041,2025-10-20T15:30:49Z,damaged,462.66
R007263,PAY0096979,O0092050,2023-09-15T02:28:35Z,damaged,604.91
R007264,PAY0096989,O0092060,2023-05-01T20:21:12Z,damaged,171.45
R007265,PAY0096990,O0092061,2024-11-23T11:14:34Z,late_delivery,327.53
R007266,PAY0096991,O0092062,2024-03-10T05:58:37Z,damaged,242.95
R007267,PAY0097028,O0092097,2025-06-08T11:33:13Z,customer_return,178.84
R007268,PAY0097039,O0092107,2025-10-21T16:32:48Z,late_delivery,581.76
R007269,PAY0097046,O0092114,2025-06-13T00:20:03Z,customer_return,704.58
R007270,PAY0097047,O0092115,2025-02-18T13:07:40Z,customer_return,196.35
R007271,PAY0097052,O0092120,2023-12-21T17:05:51Z,duplicate,306.45
R007272,PAY0097053,O0092121,2024-09-15T16:10:37Z,late_delivery,784.08
R007273,PAY0097071,O0092139,2023-07-21T02:47:18Z,customer_return,161.29
R007274,PAY0097073,O0092141,2025-11-03T11:21:49Z,damaged,147.79
R007275,PAY0097077,O0092145,2025-08-24T11:07:38Z,customer_return,1623.60
R007276,PAY0097087,O0092154,2025-08-08T02:03:37Z,duplicate,681.44
R007277,PAY0097105,O0092170,2023-07-13T13:17:57Z,duplicate,211.99
R007278,PAY0097106,O0092171,2023-01-21T19:30:36Z,damaged,119.15
R007279,PAY0097124,O0092189,2025-09-29T20:49:00Z,damaged,150.22
R007280,PAY0097128,O0092193,2023-04-18T02:04:12Z,duplicate,87.86
R007281,PAY0097133,O0092197,2023-05-20T11:11:48Z,damaged,69.89
R007282,PAY0097149,O0092213,2024-09-01T20:37:56Z,customer_return,1353.25
R007283,PAY0097153,O0092217,2025-09-28T21:57:20Z,damaged,66.44
R007284,PAY0097159,O0092223,2023-07-28T18:33:59Z,customer_return,48.33
R007285,PAY0097162,O0092225,2024-01-17T07:22:49Z,late_delivery,214.12
R007286,PAY0097191,O0092254,2024-11-11T10:15:41Z,late_delivery,169.15
R007287,PAY0097212,O0092275,2023-09-06T06:06:21Z,customer_return,866.92
R007288,PAY0097218,O0092281,2025-12-08T04:55:58Z,damaged,144.13
R007289,PAY0097219,O0092282,2024-09-04T07:45:09Z,late_delivery,485.32
R007290,PAY0097239,O0092302,2024-08-08T09:35:15Z,customer_return,286.83
R007291,PAY0097252,O0092314,2023-06-10T16:44:21Z,late_delivery,1231.03
R007292,PAY0097255,O0092317,2024-06-07T09:50:09Z,duplicate,37.12
R007293,PAY0097311,O0092369,2023-08-16T22:36:46Z,damaged,828.48
R007294,PAY0097324,O0092382,2025-11-05T07:09:49Z,damaged,255.28
R007295,PAY0097338,O0092394,2023-06-21T23:36:48Z,duplicate,105.72
R007296,PAY0097350,O0092405,2023-05-01T19:27:17Z,customer_return,234.23
R007297,PAY0097355,O0092409,2025-08-21T02:13:40Z,customer_return,484.38
R007298,PAY0097391,O0092441,2024-11-27T02:25:16Z,late_delivery,371.54
R007299,PAY0097393,O0092443,2025-01-02T14:23:59Z,damaged,110.85
R007300,PAY0097418,O0092466,2024-07-24T22:44:06Z,damaged,443.92
R007301,PAY0097438,O0092486,2024-04-21T14:37:14Z,duplicate,267.34
R007302,PAY0097445,O0092492,2025-01-23T01:43:16Z,customer_return,1416.36
R007303,PAY0097451,O0092498,2025-02-12T04:29:59Z,damaged,661.27
R007304,PAY0097479,O0092526,2025-05-17T10:03:28Z,damaged,536.54
R007305,PAY0097485,O0092532,2023-12-25T15:12:39Z,damaged,343.44
R007306,PAY0097487,O0092533,2023-05-16T13:53:43Z,late_delivery,103.40
R007307,PAY0097493,O0092539,2025-03-13T21:57:33Z,duplicate,525.11
R007308,PAY0097502,O0092548,2024-05-25T10:19:41Z,late_delivery,1337.85
R007309,PAY0097527,O0092573,2025-04-18T07:24:55Z,duplicate,302.33
R007310,PAY0097538,O0092584,2023-09-10T01:49:09Z,late_delivery,349.42
R007311,PAY0097542,O0092588,2025-04-29T23:53:07Z,late_delivery,28.27
R007312,PAY0097570,O0092614,2023-07-10T08:26:34Z,customer_return,721.78
R007313,PAY0097571,O0092615,2023-05-30T12:18:07Z,duplicate,284.86
R007314,PAY0097580,O0092623,2023-11-06T22:45:13Z,late_delivery,621.06
R007315,PAY0097608,O0092649,2024-01-29T23:23:32Z,duplicate,466.90
R007316,PAY0097614,O0092653,2025-07-04T17:19:53Z,customer_return,417.87
R007317,PAY0097615,O0092654,2023-01-22T06:42:11Z,late_delivery,139.99
R007318,PAY0097620,O0092659,2025-12-21T13:26:31Z,customer_return,617.12
R007319,PAY0097622,O0092660,2024-07-18T01:23:56Z,late_delivery,654.06
R007320,PAY0097663,O0092695,2025-04-26T14:42:44Z,customer_return,7.60
R007321,PAY0097665,O0092697,2025-12-31T01:05:23Z,duplicate,32.30
R007322,PAY0097679,O0092710,2024-04-26T17:44:40Z,duplicate,603.60
R007323,PAY0097689,O0092720,2024-09-05T23:01:11Z,damaged,727.53
R007324,PAY0097690,O0092721,2024-10-16T11:00:23Z,damaged,811.48
R007325,PAY0097700,O0092729,2025-04-22T13:26:11Z,customer_return,2093.59
R007326,PAY0097705,O0092733,2023-09-26T17:34:37Z,damaged,402.76
R007327,PAY0097706,O0092734,2023-02-04T00:18:09Z,duplicate,76.78
R007328,PAY0097735,O0092760,2023-05-31T16:07:21Z,duplicate,206.21
R007329,PAY0097745,O0092770,2025-05-17T14:16:30Z,duplicate,465.06
R007330,PAY0097758,O0092782,2024-06-03T07:30:34Z,late_delivery,30.09
R007331,PAY0097764,O0092788,2025-03-02T00:39:30Z,damaged,315.96
R007332,PAY0097776,O0092799,2023-05-28T18:26:00Z,damaged,391.20
R007333,PAY0097808,O0092829,2023-08-28T20:56:25Z,damaged,232.79
R007334,PAY0097813,O0092833,2024-09-12T01:30:00Z,late_delivery,113.56
R007335,PAY0097829,O0092848,2025-09-06T17:30:22Z,late_delivery,547.32
R007336,PAY0097836,O0092855,2025-07-23T23:25:21Z,damaged,436.57
R007337,PAY0097844,O0092863,2024-04-28T01:55:17Z,damaged,1389.42
R007338,PAY0097853,O0092871,2023-11-08T05:49:12Z,late_delivery,92.86
R007339,PAY0097861,O0092879,2025-11-05T10:05:08Z,duplicate,351.54
R007340,PAY0097897,O0092914,2023-09-05T21:05:34Z,customer_return,459.28
R007341,PAY0097902,O0092917,2025-02-27T22:00:04Z,duplicate,574.92
R007342,PAY0097908,O0092923,2025-12-11T11:02:28Z,duplicate,108.75
R007343,PAY0097914,O0092929,2023-06-24T02:24:41Z,duplicate,622.91
R007344,PAY0097918,O0092933,2023-11-27T06:04:16Z,duplicate,575.44
R007345,PAY0097921,O0092936,2025-01-09T05:53:07Z,duplicate,57.32
R007346,PAY0097931,O0092946,2023-05-17T21:43:34Z,late_delivery,636.99
R007347,PAY0097934,O0092949,2023-05-24T14:33:13Z,damaged,25.69
R007348,PAY0097941,O0092956,2023-11-26T03:09:41Z,duplicate,85.23
R007349,PAY0097946,O0092961,2024-01-03T01:59:07Z,duplicate,554.11
R007350,PAY0097950,O0092965,2025-05-14T07:55:50Z,customer_return,476.79
R007351,PAY0097956,O0092971,2024-02-02T06:55:30Z,customer_return,232.32
R007352,PAY0097979,O0092991,2023-06-18T18:39:58Z,late_delivery,730.66
R007353,PAY0097988,O0093000,2025-06-05T12:23:41Z,duplicate,525.55
R007354,PAY0097994,O0093006,2024-07-02T03:09:36Z,customer_return,259.57
R007355,PAY0098008,O0093019,2024-02-29T21:30:50Z,late_delivery,52.37
R007356,PAY0098015,O0093026,2023-03-11T21:04:01Z,damaged,1810.19
R007357,PAY0098020,O0093031,2025-12-19T10:51:12Z,late_delivery,68.56
R007358,PAY0098022,O0093033,2024-01-26T08:34:04Z,damaged,241.38
R007359,PAY0098038,O0093047,2025-08-03T05:40:29Z,damaged,996.19
R007360,PAY0098046,O0093053,2024-07-10T00:56:44Z,damaged,406.02
R007361,PAY0098072,O0093078,2025-06-30T09:57:15Z,customer_return,170.44
R007362,PAY0098080,O0093086,2025-03-29T09:41:10Z,customer_return,634.22
R007363,PAY0098082,O0093088,2023-09-01T00:32:52Z,damaged,0.77
R007364,PAY0098083,O0093089,2024-06-03T02:05:10Z,late_delivery,28.72
R007365,PAY0098111,O0093116,2024-09-24T21:20:47Z,late_delivery,73.45
R007366,PAY0098112,O0093117,2023-03-06T22:11:25Z,duplicate,1351.28
R007367,PAY0098137,O0093141,2024-06-09T12:55:03Z,late_delivery,1333.63
R007368,PAY0098151,O0093155,2024-12-29T01:23:07Z,duplicate,537.58
R007369,PAY0098166,O0093167,2023-02-26T20:31:50Z,damaged,103.29
R007370,PAY0098203,O0093204,2023-10-03T09:24:57Z,damaged,383.66
R007371,PAY0098215,O0093215,2023-07-07T10:40:17Z,late_delivery,260.69
R007372,PAY0098256,O0093252,2025-04-12T06:14:02Z,late_delivery,39.46
R007373,PAY0098269,O0093265,2023-11-14T02:00:46Z,late_delivery,1106.76
R007374,PAY0098270,O0093266,2024-06-30T00:05:26Z,customer_return,1404.27
R007375,PAY0098271,O0093267,2025-12-21T17:33:14Z,damaged,50.54
R007376,PAY0098282,O0093277,2025-07-17T11:36:16Z,damaged,42.46
R007377,PAY0098302,O0093296,2024-12-16T15:22:44Z,damaged,324.09
R007378,PAY0098310,O0093304,2025-01-24T12:04:16Z,damaged,423.69
R007379,PAY0098312,O0093306,2024-07-13T17:58:31Z,damaged,658.76
R007380,PAY0098316,O0093310,2023-08-31T13:07:56Z,damaged,1549.20
R007381,PAY0098347,O0093340,2023-07-08T06:18:46Z,customer_return,23.71
R007382,PAY0098367,O0093359,2025-02-18T09:33:29Z,damaged,79.52
R007383,PAY0098398,O0093389,2024-05-17T10:41:21Z,damaged,832.52
R007384,PAY0098411,O0093401,2023-08-21T05:14:53Z,customer_return,1495.84
R007385,PAY0098476,O0093466,2025-05-11T18:09:20Z,damaged,611.84
R007386,PAY0098481,O0093471,2024-04-17T08:37:40Z,late_delivery,1.47
R007387,PAY0098502,O0093491,2023-04-25T05:06:21Z,damaged,312.15
R007388,PAY0098506,O0093495,2024-08-01T20:04:18Z,damaged,779.46
R007389,PAY0098530,O0093518,2023-12-21T14:03:24Z,damaged,702.80
R007390,PAY0098538,O0093526,2025-07-11T22:15:52Z,damaged,1053.54
R007391,PAY0098546,O0093534,2023-04-17T08:24:43Z,customer_return,309.66
R007392,PAY0098549,O0093537,2024-02-22T22:19:10Z,late_delivery,1106.63
R007393,PAY0098555,O0093541,2025-11-16T21:09:56Z,late_delivery,543.79
R007394,PAY0098566,O0093552,2025-08-26T09:16:02Z,damaged,728.63
R007395,PAY0098573,O0093559,2025-05-03T20:33:10Z,customer_return,222.81
R007396,PAY0098575,O0093561,2025-03-11T08:26:20Z,late_delivery,535.35
R007397,PAY0098577,O0093563,2023-10-20T17:08:58Z,customer_return,218.34
R007398,PAY0098606,O0093591,2023-06-27T00:03:42Z,late_delivery,254.04
R007399,PAY0098638,O0093622,2023-03-14T23:53:30Z,damaged,941.43
R007400,PAY0098645,O0093629,2024-03-31T23:13:40Z,damaged,473.25
R007401,PAY0098659,O0093642,2025-05-29T03:15:56Z,duplicate,955.78
R007402,PAY0098660,O0093643,2023-02-25T23:49:54Z,duplicate,545.43
R007403,PAY0098674,O0093657,2024-12-19T19:52:54Z,damaged,98.50
R007404,PAY0098677,O0093659,2024-06-17T19:14:52Z,duplicate,112.89
R007405,PAY0098684,O0093666,2025-04-21T11:30:22Z,customer_return,1190.47
R007406,PAY0098686,O0093668,2024-12-14T10:31:30Z,duplicate,361.42
R007407,PAY0098696,O0093678,2023-06-10T10:29:02Z,damaged,116.66
R007408,PAY0098710,O0093691,2023-12-16T18:22:45Z,late_delivery,1163.68
R007409,PAY0098713,O0093694,2025-11-19T05:10:19Z,damaged,967.01
R007410,PAY0098715,O0093696,2023-01-14T06:22:45Z,damaged,642.36
R007411,PAY0098734,O0093714,2025-04-02T10:22:31Z,customer_return,1144.64
R007412,PAY0098742,O0093722,2024-02-23T16:51:01Z,late_delivery,630.45
R007413,PAY0098751,O0093729,2024-02-11T02:43:16Z,duplicate,79.81
R007414,PAY0098752,O0093730,2025-01-02T14:33:09Z,customer_return,397.24
R007415,PAY0098776,O0093754,2024-07-05T11:30:50Z,customer_return,129.90
R007416,PAY0098792,O0093770,2023-08-14T04:38:37Z,duplicate,89.53
R007417,PAY0098840,O0093815,2024-01-09T02:42:01Z,late_delivery,470.85
R007418,PAY0098863,O0093836,2024-07-08T14:28:52Z,late_delivery,375.01
R007419,PAY0098889,O0093861,2024-03-05T08:52:42Z,customer_return,358.98
R007420,PAY0098903,O0093874,2024-04-11T16:33:45Z,duplicate,18.14
R007421,PAY0098906,O0093877,2024-02-17T06:27:31Z,customer_return,1199.16
R007422,PAY0098913,O0093882,2024-05-06T03:13:28Z,duplicate,218.60
R007423,PAY0098935,O0093903,2025-04-15T03:34:57Z,duplicate,92.09
R007424,PAY0098940,O0093908,2024-05-30T20:34:46Z,duplicate,106.85
R007425,PAY0098951,O0093918,2025-09-17T06:51:02Z,customer_return,447.99
R007426,PAY0098963,O0093930,2025-06-28T13:23:28Z,duplicate,410.92
R007427,PAY0098992,O0093957,2024-05-01T10:24:10Z,duplicate,380.70
R007428,PAY0099014,O0093978,2025-12-06T03:07:40Z,damaged,1251.31
R007429,PAY0099017,O0093981,2023-01-30T20:44:49Z,late_delivery,279.08
R007430,PAY0099044,O0094004,2023-11-13T01:47:01Z,damaged,365.15
R007431,PAY0099050,O0094010,2023-10-22T16:58:39Z,customer_return,247.08
R007432,PAY0099070,O0094028,2025-07-04T04:14:52Z,duplicate,1255.51
R007433,PAY0099076,O0094034,2023-02-07T19:41:33Z,customer_return,41.24
R007434,PAY0099078,O0094036,2025-08-10T07:35:55Z,late_delivery,253.97
R007435,PAY0099093,O0094051,2024-10-12T23:16:36Z,customer_return,343.00
R007436,PAY0099125,O0094079,2025-12-31T20:03:44Z,damaged,69.16
R007437,PAY0099135,O0094089,2023-05-26T04:09:52Z,duplicate,652.17
R007438,PAY0099143,O0094097,2024-11-10T16:05:11Z,late_delivery,1653.53
R007439,PAY0099152,O0094106,2025-12-04T10:41:33Z,damaged,547.24
R007440,PAY0099161,O0094114,2023-04-23T00:48:28Z,duplicate,737.42
R007441,PAY0099172,O0094125,2024-11-01T22:35:00Z,duplicate,209.58
R007442,PAY0099181,O0094133,2025-08-15T15:21:40Z,customer_return,584.42
R007443,PAY0099189,O0094141,2025-02-13T12:37:15Z,duplicate,179.81
R007444,PAY0099207,O0094157,2023-11-04T05:43:35Z,customer_return,561.67
R007445,PAY0099215,O0094164,2025-07-18T23:53:30Z,damaged,470.22
R007446,PAY0099228,O0094177,2023-12-14T04:31:39Z,late_delivery,511.53
R007447,PAY0099235,O0094183,2023-07-01T05:54:25Z,customer_return,568.01
R007448,PAY0099236,O0094184,2023-07-21T07:58:01Z,damaged,456.14
R007449,PAY0099245,O0094191,2025-12-02T21:51:45Z,duplicate,1018.53
R007450,PAY0099250,O0094196,2023-09-02T19:28:41Z,duplicate,1287.33
R007451,PAY0099281,O0094226,2024-02-12T11:52:17Z,damaged,168.85
R007452,PAY0099282,O0094227,2025-06-18T13:33:19Z,duplicate,268.37
R007453,PAY0099295,O0094239,2025-01-31T16:49:35Z,customer_return,259.75
R007454,PAY0099300,O0094244,2023-09-27T13:21:01Z,damaged,479.11
R007455,PAY0099310,O0094254,2025-04-16T15:39:23Z,damaged,168.97
R007456,PAY0099314,O0094257,2024-04-16T15:42:45Z,duplicate,448.47
R007457,PAY0099324,O0094267,2024-08-31T15:04:57Z,late_delivery,76.14
R007458,PAY0099359,O0094298,2024-03-04T13:33:15Z,damaged,187.36
R007459,PAY0099364,O0094303,2024-11-28T09:15:38Z,duplicate,77.48
R007460,PAY0099370,O0094309,2025-04-30T09:42:38Z,late_delivery,1.94
R007461,PAY0099379,O0094317,2025-09-09T15:30:11Z,late_delivery,311.69
R007462,PAY0099401,O0094336,2023-02-07T02:58:10Z,late_delivery,715.58
R007463,PAY0099412,O0094346,2025-08-24T09:11:45Z,customer_return,334.62
R007464,PAY0099416,O0094350,2023-02-08T20:13:32Z,customer_return,456.45
R007465,PAY0099431,O0094364,2025-01-03T23:08:38Z,damaged,889.94
R007466,PAY0099436,O0094369,2023-08-20T11:29:24Z,customer_return,223.01
R007467,PAY0099444,O0094376,2025-01-24T05:18:40Z,late_delivery,21.00
R007468,PAY0099446,O0094378,2025-02-24T16:40:38Z,customer_return,3392.98
R007469,PAY0099464,O0094393,2025-06-10T05:09:28Z,damaged,1514.29
R007470,PAY0099472,O0094400,2024-08-14T02:33:52Z,duplicate,62.29
R007471,PAY0099473,O0094401,2024-03-01T10:15:39Z,customer_return,1411.31
R007472,PAY0099487,O0094414,2023-10-06T10:01:32Z,late_delivery,185.53
R007473,PAY0099503,O0094430,2023-10-28T07:49:54Z,damaged,228.04
R007474,PAY0099508,O0094435,2024-03-28T07:36:47Z,damaged,249.49
R007475,PAY0099554,O0094478,2025-01-04T09:53:10Z,damaged,454.43
R007476,PAY0099558,O0094481,2025-05-06T03:37:26Z,customer_return,961.17
R007477,PAY0099582,O0094502,2025-11-30T17:08:42Z,damaged,609.94
R007478,PAY0099614,O0094532,2025-12-31T17:51:22Z,damaged,290.35
R007479,PAY0099617,O0094535,2023-06-13T20:55:20Z,duplicate,85.81
R007480,PAY0099635,O0094552,2025-10-15T17:42:56Z,duplicate,234.30
R007481,PAY0099643,O0094559,2024-01-29T15:26:28Z,damaged,277.29
R007482,PAY0099668,O0094583,2024-01-02T12:09:26Z,damaged,1608.48
R007483,PAY0099715,O0094628,2024-04-03T04:43:04Z,duplicate,789.04
R007484,PAY0099718,O0094630,2023-08-15T02:45:57Z,damaged,220.11
R007485,PAY0099726,O0094638,2024-12-19T20:02:17Z,damaged,110.01
R007486,PAY0099731,O0094642,2024-01-09T23:54:31Z,late_delivery,72.92
R007487,PAY0099736,O0094647,2025-07-05T06:52:03Z,customer_return,225.80
R007488,PAY0099739,O0094650,2023-12-20T13:32:32Z,duplicate,486.25
R007489,PAY0099756,O0094666,2023-12-31T20:10:30Z,duplicate,29.64
R007490,PAY0099761,O0094671,2024-12-02T23:01:29Z,damaged,429.56
R007491,PAY0099764,O0094674,2025-06-04T05:54:51Z,damaged,226.59
R007492,PAY0099770,O0094680,2025-08-01T07:34:20Z,duplicate,628.33
R007493,PAY0099788,O0094698,2024-12-11T21:16:41Z,duplicate,950.93
R007494,PAY0099799,O0094709,2024-09-26T18:39:52Z,late_delivery,2.90
R007495,PAY0099816,O0094726,2023-01-19T16:25:28Z,duplicate,730.36
R007496,PAY0099826,O0094736,2025-07-16T02:53:32Z,customer_return,295.06
R007497,PAY0099861,O0094768,2023-09-21T01:51:45Z,customer_return,485.74
R007498,PAY0099902,O0094805,2025-11-12T00:12:54Z,duplicate,1003.35
R007499,PAY0099907,O0094810,2023-03-28T09:05:12Z,customer_return,119.58
R007500,PAY0099923,O0094825,2024-12-21T10:57:27Z,late_delivery,113.59
R007501,PAY0099929,O0094831,2025-10-12T20:20:04Z,duplicate,399.96
R007502,PAY0099945,O0094846,2023-05-20T16:31:26Z,duplicate,883.18
R007503,PAY0099958,O0094859,2025-07-16T04:57:28Z,duplicate,305.77
R007504,PAY0099968,O0094868,2023-05-03T23:43:36Z,late_delivery,791.62
R007505,PAY0099977,O0094876,2024-03-11T00:01:25Z,duplicate,359.47
R007506,PAY0099994,O0094893,2025-01-31T16:16:13Z,damaged,892.46
R007507,PAY0100034,O0094929,2025-01-30T15:00:32Z,late_delivery,40.05
R007508,PAY0100036,O0094930,2024-01-06T12:29:32Z,duplicate,161.74
R007509,PAY0100041,O0094933,2024-03-18T23:46:48Z,late_delivery,7.71
R007510,PAY0100042,O0094934,2023-03-22T07:07:50Z,duplicate,7.10
R007511,PAY0100044,O0094936,2024-07-12T15:11:01Z,late_delivery,815.80
R007512,PAY0100045,O0094937,2025-02-01T18:02:18Z,duplicate,101.79
R007513,PAY0100065,O0094955,2023-07-25T22:17:33Z,damaged,815.00
R007514,PAY0100071,O0094961,2023-02-17T23:09:51Z,customer_return,209.57
R007515,PAY0100090,O0094980,2025-05-24T14:09:38Z,duplicate,77.51
R007516,PAY0100123,O0095013,2025-02-16T07:39:45Z,customer_return,72.70
R007517,PAY0100127,O0095017,2023-09-15T21:24:45Z,late_delivery,71.71
R007518,PAY0100155,O0095042,2025-08-18T20:45:51Z,customer_return,611.86
R007519,PAY0100164,O0095050,2024-05-12T08:52:31Z,customer_return,305.86
R007520,PAY0100169,O0095055,2024-07-13T02:43:31Z,damaged,459.02
R007521,PAY0100185,O0095071,2023-05-31T04:56:08Z,late_delivery,73.16
R007522,PAY0100188,O0095074,2024-07-17T15:10:36Z,customer_return,260.00
R007523,PAY0100209,O0095093,2025-03-10T06:11:38Z,customer_return,105.11
R007524,PAY0100214,O0095097,2024-04-03T10:52:07Z,customer_return,717.08
R007525,PAY0100247,O0095126,2024-01-16T17:42:06Z,late_delivery,286.35
R007526,PAY0100261,O0095139,2024-12-17T05:48:56Z,customer_return,190.84
R007527,PAY0100275,O0095153,2023-10-17T02:06:58Z,duplicate,720.65
R007528,PAY0100279,O0095157,2025-06-11T12:46:39Z,late_delivery,104.14
R007529,PAY0100280,O0095158,2024-10-22T05:26:00Z,late_delivery,19.78
R007530,PAY0100308,O0095184,2023-05-29T04:47:26Z,duplicate,0.85
R007531,PAY0100333,O0095207,2025-01-31T22:32:34Z,damaged,356.79
R007532,PAY0100342,O0095215,2024-09-14T21:32:02Z,damaged,436.15
R007533,PAY0100346,O0095219,2025-11-10T17:54:08Z,late_delivery,855.39
R007534,PAY0100396,O0095269,2025-01-22T09:36:32Z,customer_return,411.84
R007535,PAY0100403,O0095276,2025-03-04T20:08:50Z,late_delivery,310.88
R007536,PAY0100420,O0095290,2023-04-07T04:45:42Z,late_delivery,42.68
R007537,PAY0100426,O0095296,2023-08-18T18:30:17Z,late_delivery,1160.41
R007538,PAY0100434,O0095304,2023-06-24T06:35:20Z,duplicate,632.13
R007539,PAY0100456,O0095326,2025-04-12T08:17:29Z,late_delivery,51.68
R007540,PAY0100462,O0095331,2023-11-01T15:40:27Z,late_delivery,104.48
R007541,PAY0100464,O0095333,2025-02-25T01:07:39Z,late_delivery,827.51
R007542,PAY0100467,O0095336,2023-11-25T12:58:16Z,late_delivery,23.66
R007543,PAY0100503,O0095370,2024-10-10T21:28:35Z,damaged,110.57
R007544,PAY0100525,O0095391,2025-04-13T04:27:30Z,late_delivery,109.91
R007545,PAY0100569,O0095435,2024-10-20T09:53:45Z,damaged,53.50
R007546,PAY0100570,O0095436,2025-05-02T10:53:18Z,customer_return,13.50
R007547,PAY0100573,O0095438,2023-03-14T12:38:36Z,duplicate,597.50
R007548,PAY0100577,O0095442,2023-05-11T20:03:14Z,damaged,741.46
R007549,PAY0100588,O0095453,2023-04-12T19:35:03Z,late_delivery,508.55
R007550,PAY0100590,O0095455,2023-02-26T12:06:01Z,duplicate,79.17
R007551,PAY0100594,O0095459,2025-12-31T02:06:12Z,late_delivery,1410.73
R007552,PAY0100636,O0095501,2024-09-09T01:16:16Z,late_delivery,17.76
R007553,PAY0100641,O0095506,2025-04-19T14:44:12Z,duplicate,97.61
R007554,PAY0100645,O0095510,2025-10-01T23:19:32Z,customer_return,490.31
R007555,PAY0100647,O0095512,2023-07-16T16:58:36Z,late_delivery,481.80
R007556,PAY0100651,O0095515,2023-10-08T14:13:47Z,customer_return,472.41
R007557,PAY0100661,O0095525,2023-07-08T19:14:58Z,damaged,150.70
R007558,PAY0100675,O0095538,2024-02-17T09:49:56Z,late_delivery,119.85
R007559,PAY0100708,O0095570,2025-10-08T02:57:41Z,duplicate,25.96
R007560,PAY0100724,O0095583,2024-08-16T23:13:11Z,duplicate,45.11
R007561,PAY0100756,O0095612,2024-01-29T16:03:40Z,damaged,250.83
R007562,PAY0100759,O0095615,2024-04-09T17:32:58Z,duplicate,181.55
R007563,PAY0100768,O0095623,2025-06-11T23:15:34Z,duplicate,641.48
R007564,PAY0100785,O0095640,2024-11-11T04:44:54Z,damaged,655.45
R007565,PAY0100787,O0095642,2023-12-18T14:56:36Z,late_delivery,425.14
R007566,PAY0100801,O0095656,2024-03-31T04:45:27Z,customer_return,139.75
R007567,PAY0100820,O0095673,2025-11-02T01:17:58Z,damaged,313.23
R007568,PAY0100839,O0095690,2025-12-31T23:32:07Z,customer_return,50.40
R007569,PAY0100859,O0095710,2025-05-18T17:24:23Z,duplicate,431.13
R007570,PAY0100864,O0095715,2025-10-08T20:47:49Z,late_delivery,551.02
R007571,PAY0100879,O0095729,2023-07-05T01:08:03Z,customer_return,269.69
R007572,PAY0100889,O0095739,2023-03-12T01:21:39Z,duplicate,368.94
R007573,PAY0100890,O0095740,2024-02-26T05:16:59Z,damaged,220.97
R007574,PAY0100918,O0095766,2025-04-20T15:11:50Z,customer_return,388.94
R007575,PAY0100936,O0095783,2024-06-06T04:49:46Z,duplicate,528.36
R007576,PAY0100937,O0095784,2023-12-08T14:40:00Z,customer_return,676.85
R007577,PAY0100953,O0095799,2023-12-14T19:20:29Z,duplicate,582.43
R007578,PAY0100957,O0095802,2023-05-29T01:15:09Z,damaged,294.30
R007579,PAY0100962,O0095807,2024-08-27T15:10:50Z,duplicate,225.19
R007580,PAY0100964,O0095809,2024-10-03T20:55:16Z,late_delivery,554.24
R007581,PAY0100973,O0095818,2023-08-29T13:35:38Z,duplicate,614.60
R007582,PAY0100980,O0095825,2023-09-01T09:57:59Z,late_delivery,84.72
R007583,PAY0100982,O0095827,2023-01-31T19:56:14Z,customer_return,250.67
R007584,PAY0100986,O0095830,2023-12-18T15:07:12Z,customer_return,169.02
R007585,PAY0100997,O0095841,2023-09-13T13:27:29Z,late_delivery,141.08
R007586,PAY0101000,O0095843,2023-08-07T11:46:28Z,customer_return,391.02
R007587,PAY0101005,O0095848,2024-11-03T14:41:03Z,duplicate,763.36
R007588,PAY0101023,O0095864,2024-09-19T05:20:45Z,damaged,5.47
R007589,PAY0101037,O0095876,2023-06-19T09:01:20Z,customer_return,115.03
R007590,PAY0101064,O0095900,2024-02-24T16:36:15Z,duplicate,480.86
R007591,PAY0101065,O0095901,2024-01-29T08:33:39Z,duplicate,199.65
R007592,PAY0101081,O0095917,2024-05-25T16:38:29Z,customer_return,119.21
R007593,PAY0101085,O0095921,2023-08-28T14:44:54Z,damaged,77.59
R007594,PAY0101105,O0095940,2025-01-16T23:07:15Z,customer_return,277.43
R007595,PAY0101115,O0095949,2023-10-12T21:28:14Z,duplicate,1.44
R007596,PAY0101117,O0095951,2025-05-24T08:38:45Z,damaged,155.03
R007597,PAY0101119,O0095953,2025-11-17T05:11:48Z,customer_return,51.48
R007598,PAY0101120,O0095954,2025-01-03T11:14:49Z,duplicate,1334.78
R007599,PAY0101142,O0095973,2024-03-24T06:53:58Z,duplicate,615.70
R007600,PAY0101143,O0095974,2023-03-09T00:19:09Z,duplicate,1321.93
R007601,PAY0101154,O0095985,2025-11-19T02:18:26Z,customer_return,149.91
R007602,PAY0101164,O0095994,2023-05-06T05:25:21Z,duplicate,63.64
R007603,PAY0101210,O0096039,2024-04-26T21:16:55Z,customer_return,994.87
R007604,PAY0101230,O0096058,2024-11-25T16:33:29Z,damaged,191.60
R007605,PAY0101253,O0096081,2023-05-17T10:35:53Z,late_delivery,276.27
R007606,PAY0101254,O0096082,2023-12-28T01:08:55Z,late_delivery,664.45
R007607,PAY0101280,O0096106,2025-08-02T09:31:24Z,customer_return,48.41
R007608,PAY0101286,O0096112,2024-09-14T14:35:10Z,damaged,90.55
R007609,PAY0101290,O0096115,2024-07-07T09:12:44Z,duplicate,217.21
R007610,PAY0101316,O0096139,2023-10-22T08:20:44Z,duplicate,493.07
R007611,PAY0101320,O0096143,2023-07-07T21:39:39Z,damaged,919.79
R007612,PAY0101325,O0096148,2024-06-29T21:30:37Z,duplicate,232.76
R007613,PAY0101329,O0096152,2025-04-24T23:02:23Z,customer_return,3.15
R007614,PAY0101333,O0096155,2024-02-14T07:46:26Z,late_delivery,484.03
R007615,PAY0101351,O0096171,2024-12-21T09:40:32Z,damaged,134.64
R007616,PAY0101372,O0096191,2024-11-17T07:28:53Z,damaged,87.60
R007617,PAY0101424,O0096240,2025-10-14T05:25:35Z,duplicate,83.71
R007618,PAY0101434,O0096249,2024-12-21T23:59:46Z,customer_return,257.37
R007619,PAY0101448,O0096263,2024-11-29T02:26:03Z,late_delivery,213.55
R007620,PAY0101503,O0096316,2025-04-22T16:50:29Z,customer_return,246.49
R007621,PAY0101517,O0096330,2023-04-18T11:52:26Z,damaged,789.43
R007622,PAY0101528,O0096338,2023-01-20T02:13:09Z,late_delivery,25.98
R007623,PAY0101546,O0096356,2025-01-22T19:01:06Z,late_delivery,831.61
R007624,PAY0101550,O0096360,2025-04-16T19:26:12Z,late_delivery,119.56
R007625,PAY0101553,O0096363,2023-07-02T13:03:34Z,customer_return,87.83
R007626,PAY0101562,O0096372,2024-09-18T06:03:20Z,customer_return,432.62
R007627,PAY0101570,O0096380,2025-02-22T08:07:42Z,duplicate,142.45
R007628,PAY0101574,O0096384,2024-10-11T13:01:20Z,customer_return,110.82
R007629,PAY0101590,O0096400,2025-05-09T05:27:42Z,duplicate,1722.07
R007630,PAY0101593,O0096403,2023-08-27T04:36:06Z,damaged,147.34
R007631,PAY0101602,O0096412,2025-10-10T12:11:40Z,customer_return,164.50
R007632,PAY0101604,O0096414,2023-06-28T02:11:28Z,damaged,45.69
R007633,PAY0101614,O0096424,2025-10-13T19:19:54Z,late_delivery,766.44
R007634,PAY0101641,O0096449,2024-06-02T22:46:57Z,customer_return,44.13
R007635,PAY0101642,O0096450,2025-10-08T16:43:56Z,customer_return,1590.28
R007636,PAY0101658,O0096466,2025-06-16T11:26:53Z,damaged,88.43
R007637,PAY0101663,O0096471,2024-01-31T22:09:29Z,late_delivery,2559.49
R007638,PAY0101675,O0096482,2024-03-06T01:24:05Z,damaged,206.64
R007639,PAY0101701,O0096507,2024-07-22T06:47:37Z,duplicate,977.90
R007640,PAY0101737,O0096540,2024-08-28T09:01:10Z,duplicate,51.46
R007641,PAY0101774,O0096575,2023-05-07T14:27:00Z,duplicate,290.47
R007642,PAY0101780,O0096581,2025-11-09T09:59:35Z,late_delivery,401.75
R007643,PAY0101794,O0096595,2023-01-24T13:11:33Z,late_delivery,135.23
R007644,PAY0101797,O0096598,2025-12-31T15:34:02Z,damaged,387.34
R007645,PAY0101803,O0096603,2025-03-10T10:34:38Z,duplicate,290.08
R007646,PAY0101805,O0096605,2025-06-06T21:18:48Z,late_delivery,160.38
R007647,PAY0101828,O0096626,2024-08-17T20:41:06Z,damaged,1296.30
R007648,PAY0101871,O0096667,2023-08-28T20:10:57Z,damaged,1313.04
R007649,PAY0101885,O0096681,2023-07-06T06:41:28Z,late_delivery,302.69
R007650,PAY0101889,O0096685,2025-01-06T06:14:50Z,customer_return,166.69
R007651,PAY0101905,O0096700,2024-11-05T14:17:26Z,late_delivery,1106.99
R007652,PAY0101922,O0096717,2025-07-23T00:30:26Z,duplicate,784.05
R007653,PAY0101944,O0096739,2025-08-01T14:22:40Z,duplicate,47.09
R007654,PAY0101960,O0096755,2024-11-22T03:13:33Z,late_delivery,258.05
R007655,PAY0101982,O0096776,2023-10-31T13:36:13Z,late_delivery,57.95
R007656,PAY0102012,O0096806,2025-08-25T16:42:29Z,customer_return,344.48
R007657,PAY0102028,O0096822,2024-10-29T23:19:32Z,duplicate,856.08
R007658,PAY0102031,O0096825,2023-03-10T21:28:29Z,customer_return,430.57
R007659,PAY0102040,O0096832,2023-10-23T13:25:59Z,duplicate,71.78
R007660,PAY0102049,O0096841,2024-07-31T12:26:55Z,customer_return,2265.41
R007661,PAY0102051,O0096843,2025-02-15T05:33:36Z,customer_return,642.06
R007662,PAY0102052,O0096844,2023-12-03T15:54:45Z,duplicate,209.92
R007663,PAY0102058,O0096850,2024-08-25T08:37:22Z,duplicate,149.07
R007664,PAY0102059,O0096851,2024-07-21T10:33:20Z,duplicate,182.26
R007665,PAY0102065,O0096857,2023-06-01T23:58:15Z,customer_return,224.58
R007666,PAY0102068,O0096860,2024-10-18T13:06:41Z,late_delivery,642.84
R007667,PAY0102073,O0096864,2024-05-18T06:01:30Z,duplicate,193.45
R007668,PAY0102075,O0096866,2023-07-14T19:10:18Z,duplicate,44.13
R007669,PAY0102083,O0096872,2023-04-05T01:24:30Z,late_delivery,31.58
R007670,PAY0102097,O0096886,2025-06-04T15:04:12Z,customer_return,294.02
R007671,PAY0102123,O0096911,2024-09-13T22:14:42Z,duplicate,113.35
R007672,PAY0102136,O0096924,2024-04-18T11:09:59Z,damaged,1345.17
R007673,PAY0102153,O0096940,2025-09-11T03:25:25Z,duplicate,158.30
R007674,PAY0102162,O0096949,2023-12-20T15:52:42Z,customer_return,1283.76
R007675,PAY0102173,O0096959,2024-11-02T10:22:07Z,duplicate,175.79
R007676,PAY0102174,O0096960,2024-03-23T03:37:59Z,customer_return,102.53
R007677,PAY0102185,O0096971,2023-09-16T23:08:30Z,late_delivery,380.13
R007678,PAY0102201,O0096986,2024-09-06T05:57:03Z,late_delivery,467.38
R007679,PAY0102222,O0097004,2023-08-06T22:23:52Z,customer_return,316.35
R007680,PAY0102250,O0097030,2025-05-26T04:39:36Z,duplicate,156.70
R007681,PAY0102296,O0097073,2025-09-12T13:32:22Z,damaged,135.22
R007682,PAY0102299,O0097076,2025-12-29T00:00:52Z,late_delivery,528.78
R007683,PAY0102302,O0097079,2024-07-28T12:17:58Z,damaged,28.41
R007684,PAY0102318,O0097094,2023-08-21T12:04:16Z,customer_return,125.18
R007685,PAY0102328,O0097104,2023-12-14T23:44:45Z,duplicate,365.70
R007686,PAY0102359,O0097134,2023-04-15T00:22:34Z,late_delivery,1291.33
R007687,PAY0102368,O0097143,2023-08-15T10:46:54Z,damaged,24.59
R007688,PAY0102381,O0097155,2023-06-21T17:32:44Z,damaged,18.81
R007689,PAY0102413,O0097185,2025-11-30T12:40:43Z,damaged,1258.35
R007690,PAY0102432,O0097203,2023-09-21T02:31:24Z,duplicate,958.56
R007691,PAY0102452,O0097223,2024-09-10T21:40:19Z,duplicate,26.25
R007692,PAY0102456,O0097227,2025-05-24T02:06:16Z,duplicate,20.83
R007693,PAY0102457,O0097228,2025-09-04T16:45:57Z,late_delivery,729.89
R007694,PAY0102480,O0097248,2024-10-23T11:56:26Z,duplicate,12.12
R007695,PAY0102494,O0097261,2025-01-28T12:55:09Z,customer_return,262.27
R007696,PAY0102515,O0097282,2024-11-07T09:09:11Z,late_delivery,2.83
R007697,PAY0102523,O0097290,2025-02-24T02:35:35Z,late_delivery,1947.94
R007698,PAY0102538,O0097304,2023-01-28T01:33:54Z,late_delivery,8.30
R007699,PAY0102548,O0097314,2023-04-24T03:51:52Z,duplicate,150.03
R007700,PAY0102549,O0097315,2024-03-07T04:19:21Z,late_delivery,41.85
R007701,PAY0102559,O0097324,2023-10-19T19:04:41Z,late_delivery,1323.48
R007702,PAY0102570,O0097335,2025-07-28T04:30:47Z,customer_return,934.71
R007703,PAY0102574,O0097339,2025-05-11T02:59:03Z,late_delivery,257.89
R007704,PAY0102605,O0097369,2025-05-04T11:20:49Z,duplicate,467.41
R007705,PAY0102617,O0097379,2024-07-14T11:34:00Z,customer_return,338.32
R007706,PAY0102630,O0097392,2024-01-23T16:22:09Z,customer_return,275.90
R007707,PAY0102637,O0097399,2023-07-14T12:24:04Z,duplicate,123.43
R007708,PAY0102638,O0097400,2024-06-14T13:08:25Z,customer_return,208.82
R007709,PAY0102649,O0097410,2024-10-24T02:37:27Z,customer_return,116.35
R007710,PAY0102650,O0097411,2023-09-05T00:36:34Z,damaged,471.11
R007711,PAY0102654,O0097415,2024-01-30T10:31:44Z,duplicate,34.29
R007712,PAY0102679,O0097438,2024-03-06T16:51:37Z,customer_return,102.87
R007713,PAY0102686,O0097445,2023-03-09T11:37:07Z,duplicate,400.42
R007714,PAY0102696,O0097454,2023-11-11T04:13:10Z,customer_return,1631.39
R007715,PAY0102711,O0097469,2023-09-04T02:58:52Z,late_delivery,996.40
R007716,PAY0102726,O0097483,2024-04-02T07:01:57Z,damaged,1569.29
R007717,PAY0102734,O0097490,2024-06-06T14:22:11Z,duplicate,220.40
R007718,PAY0102735,O0097491,2024-07-02T20:39:11Z,damaged,582.45
R007719,PAY0102766,O0097519,2025-07-18T08:44:46Z,duplicate,1020.34
R007720,PAY0102794,O0097545,2024-02-07T13:52:03Z,customer_return,108.52
R007721,PAY0102795,O0097546,2023-08-19T07:43:17Z,customer_return,199.99
R007722,PAY0102815,O0097566,2024-07-13T03:53:20Z,damaged,679.10
R007723,PAY0102842,O0097592,2024-12-06T10:35:15Z,late_delivery,105.58
R007724,PAY0102887,O0097635,2024-12-04T13:49:45Z,customer_return,85.06
R007725,PAY0102898,O0097646,2023-07-28T05:02:16Z,customer_return,567.28
R007726,PAY0102911,O0097657,2024-01-05T06:21:12Z,damaged,341.40
R007727,PAY0102920,O0097665,2025-01-31T13:09:34Z,late_delivery,833.80
R007728,PAY0102922,O0097667,2025-02-23T18:44:56Z,damaged,313.34
R007729,PAY0102928,O0097673,2024-11-26T11:42:21Z,customer_return,129.31
R007730,PAY0102986,O0097731,2024-10-26T20:03:20Z,late_delivery,411.47
R007731,PAY0102990,O0097734,2023-02-27T09:19:24Z,late_delivery,397.00
R007732,PAY0103000,O0097744,2023-07-25T18:48:49Z,customer_return,178.77
R007733,PAY0103007,O0097750,2025-04-27T16:37:58Z,customer_return,503.85
R007734,PAY0103065,O0097806,2023-10-23T03:52:04Z,damaged,119.23
R007735,PAY0103122,O0097860,2025-12-22T20:47:34Z,damaged,915.95
R007736,PAY0103128,O0097865,2024-10-12T10:12:24Z,duplicate,163.18
R007737,PAY0103129,O0097866,2025-02-13T04:22:57Z,damaged,180.41
R007738,PAY0103132,O0097869,2024-03-23T21:24:50Z,customer_return,1549.84
R007739,PAY0103169,O0097904,2025-03-30T12:01:10Z,duplicate,197.00
R007740,PAY0103183,O0097917,2025-01-12T11:21:13Z,late_delivery,166.01
R007741,PAY0103220,O0097954,2023-01-13T05:18:54Z,customer_return,854.68
R007742,PAY0103262,O0097994,2025-04-13T13:02:50Z,duplicate,877.12
R007743,PAY0103273,O0098005,2024-04-02T06:44:39Z,duplicate,138.59
R007744,PAY0103276,O0098007,2023-06-24T12:48:54Z,damaged,1282.62
R007745,PAY0103286,O0098017,2025-12-31T20:08:47Z,late_delivery,697.16
R007746,PAY0103320,O0098048,2024-12-07T07:32:14Z,duplicate,239.58
R007747,PAY0103328,O0098056,2025-07-02T16:25:33Z,customer_return,1229.34
R007748,PAY0103335,O0098063,2024-01-20T02:50:55Z,late_delivery,86.77
R007749,PAY0103341,O0098069,2025-12-31T03:37:52Z,late_delivery,121.86
R007750,PAY0103351,O0098079,2025-04-16T19:50:13Z,damaged,81.10
R007751,PAY0103353,O0098081,2024-07-06T16:39:09Z,late_delivery,1123.52
R007752,PAY0103358,O0098086,2025-04-13T12:26:42Z,late_delivery,217.22
R007753,PAY0103359,O0098087,2023-02-03T23:01:08Z,customer_return,2152.94
R007754,PAY0103392,O0098120,2025-01-01T15:28:58Z,duplicate,345.22
R007755,PAY0103393,O0098121,2024-02-12T20:48:55Z,damaged,177.29
R007756,PAY0103401,O0098129,2025-10-10T07:04:10Z,duplicate,527.68
R007757,PAY0103405,O0098133,2025-11-03T15:40:32Z,late_delivery,1354.44
R007758,PAY0103427,O0098154,2023-09-05T09:58:03Z,customer_return,539.33
R007759,PAY0103432,O0098158,2024-05-12T22:20:16Z,customer_return,166.92
R007760,PAY0103438,O0098164,2024-07-31T08:42:58Z,customer_return,82.90
R007761,PAY0103445,O0098171,2024-01-12T20:15:38Z,duplicate,168.83
R007762,PAY0103496,O0098217,2025-06-14T14:41:37Z,damaged,438.12
R007763,PAY0103507,O0098228,2023-08-21T00:22:50Z,duplicate,223.55
R007764,PAY0103519,O0098240,2025-02-11T22:09:23Z,late_delivery,399.69
R007765,PAY0103523,O0098244,2025-12-03T11:12:57Z,customer_return,429.28
R007766,PAY0103524,O0098245,2023-08-27T03:49:19Z,damaged,204.09
R007767,PAY0103546,O0098267,2024-12-23T22:38:21Z,late_delivery,39.56
R007768,PAY0103548,O0098269,2023-01-29T15:53:15Z,duplicate,922.76
R007769,PAY0103580,O0098299,2024-08-30T14:59:24Z,duplicate,443.87
R007770,PAY0103586,O0098305,2024-12-08T18:15:39Z,damaged,2307.34
R007771,PAY0103593,O0098311,2023-05-14T06:19:28Z,customer_return,693.35
R007772,PAY0103600,O0098318,2024-04-30T20:35:30Z,duplicate,173.47
R007773,PAY0103619,O0098335,2024-08-16T19:35:43Z,late_delivery,424.49
R007774,PAY0103631,O0098346,2024-02-27T10:03:59Z,damaged,371.64
R007775,PAY0103638,O0098353,2025-07-16T11:56:03Z,duplicate,795.93
R007776,PAY0103639,O0098354,2025-09-04T12:25:19Z,duplicate,307.34
R007777,PAY0103659,O0098372,2024-09-16T01:16:45Z,late_delivery,514.68
R007778,PAY0103692,O0098403,2023-04-02T08:25:46Z,customer_return,32.92
R007779,PAY0103700,O0098411,2023-12-10T19:38:30Z,damaged,940.24
R007780,PAY0103707,O0098417,2023-09-27T19:56:32Z,customer_return,497.45
R007781,PAY0103718,O0098428,2023-12-14T17:46:11Z,duplicate,14.05
R007782,PAY0103732,O0098441,2023-12-19T14:31:28Z,customer_return,882.33
R007783,PAY0103737,O0098446,2024-03-19T21:45:38Z,late_delivery,793.02
R007784,PAY0103754,O0098462,2023-08-17T02:22:09Z,damaged,449.73
R007785,PAY0103769,O0098476,2023-09-14T01:37:00Z,customer_return,1250.90
R007786,PAY0103798,O0098503,2024-12-28T05:25:36Z,damaged,255.83
R007787,PAY0103805,O0098509,2024-12-20T16:49:54Z,customer_return,160.01
R007788,PAY0103809,O0098513,2024-01-14T08:17:25Z,late_delivery,47.28
R007789,PAY0103811,O0098515,2023-11-01T13:50:23Z,duplicate,202.10
R007790,PAY0103823,O0098527,2025-07-06T21:06:57Z,customer_return,492.03
R007791,PAY0103828,O0098532,2023-05-29T02:13:36Z,late_delivery,153.13
R007792,PAY0103838,O0098540,2025-08-26T08:34:42Z,duplicate,630.55
R007793,PAY0103841,O0098543,2023-05-09T18:20:55Z,damaged,15.82
R007794,PAY0103845,O0098547,2023-12-20T04:07:56Z,customer_return,109.66
R007795,PAY0103867,O0098567,2023-09-20T00:15:12Z,late_delivery,287.18
R007796,PAY0103877,O0098576,2023-02-16T04:05:03Z,late_delivery,308.56
R007797,PAY0103883,O0098582,2024-02-23T23:04:26Z,customer_return,180.80
R007798,PAY0103888,O0098587,2023-11-22T06:49:54Z,duplicate,791.50
R007799,PAY0103919,O0098616,2023-04-19T15:35:32Z,damaged,352.39
R007800,PAY0103929,O0098625,2025-08-23T08:59:27Z,duplicate,1490.18
R007801,PAY0103932,O0098628,2024-04-28T05:14:34Z,customer_return,57.90
R007802,PAY0103938,O0098633,2024-12-21T10:03:15Z,duplicate,100.66
R007803,PAY0103944,O0098639,2025-06-21T04:25:09Z,damaged,420.88
R007804,PAY0103954,O0098649,2024-12-03T16:49:53Z,duplicate,541.32
R007805,PAY0103957,O0098652,2023-03-31T08:15:43Z,damaged,142.65
R007806,PAY0103961,O0098655,2023-03-15T00:33:17Z,damaged,168.16
R007807,PAY0103997,O0098688,2025-03-06T16:22:01Z,duplicate,100.73
R007808,PAY0104056,O0098742,2024-08-13T08:03:35Z,damaged,656.80
R007809,PAY0104067,O0098753,2024-01-05T06:22:06Z,duplicate,819.39
R007810,PAY0104073,O0098759,2025-06-25T04:10:05Z,customer_return,415.96
R007811,PAY0104076,O0098762,2024-03-01T06:38:24Z,late_delivery,151.63
R007812,PAY0104081,O0098766,2023-10-26T04:49:25Z,damaged,849.82
R007813,PAY0104100,O0098784,2024-04-28T22:36:48Z,duplicate,23.87
R007814,PAY0104101,O0098785,2023-11-10T12:37:30Z,damaged,336.95
R007815,PAY0104107,O0098791,2025-09-06T13:58:38Z,damaged,426.28
R007816,PAY0104119,O0098803,2023-07-23T02:53:07Z,customer_return,72.30
R007817,PAY0104124,O0098808,2025-03-14T02:47:27Z,customer_return,169.20
R007818,PAY0104131,O0098814,2023-11-07T08:38:26Z,duplicate,131.05
R007819,PAY0104141,O0098824,2023-08-28T20:26:37Z,late_delivery,421.04
R007820,PAY0104151,O0098832,2023-12-04T05:48:27Z,customer_return,916.86
R007821,PAY0104169,O0098850,2024-08-06T13:39:31Z,late_delivery,198.80
R007822,PAY0104172,O0098853,2024-01-22T22:23:01Z,late_delivery,39.01
R007823,PAY0104177,O0098857,2025-08-12T23:22:28Z,damaged,1342.27
R007824,PAY0104184,O0098864,2023-05-30T21:14:08Z,duplicate,829.85
R007825,PAY0104194,O0098873,2023-04-15T12:16:07Z,damaged,159.29
R007826,PAY0104211,O0098889,2023-02-25T00:50:37Z,late_delivery,257.71
R007827,PAY0104218,O0098896,2023-03-08T13:34:04Z,customer_return,756.08
R007828,PAY0104233,O0098911,2024-12-14T21:43:51Z,customer_return,28.80
R007829,PAY0104235,O0098913,2023-09-23T21:04:16Z,customer_return,273.00
R007830,PAY0104237,O0098915,2024-12-27T21:42:46Z,damaged,189.81
R007831,PAY0104248,O0098926,2025-08-31T21:30:37Z,damaged,139.73
R007832,PAY0104281,O0098956,2023-11-02T10:39:58Z,customer_return,1.63
R007833,PAY0104290,O0098965,2025-04-24T10:24:06Z,late_delivery,78.74
R007834,PAY0104299,O0098974,2024-08-14T21:36:08Z,customer_return,291.23
R007835,PAY0104303,O0098978,2024-09-20T01:35:41Z,late_delivery,375.48
R007836,PAY0104339,O0099009,2025-10-11T21:18:17Z,damaged,73.89
R007837,PAY0104345,O0099015,2025-12-26T17:17:51Z,damaged,205.77
R007838,PAY0104386,O0099053,2025-04-22T17:15:26Z,customer_return,14.46
R007839,PAY0104407,O0099072,2023-08-27T04:49:19Z,damaged,6.61
R007840,PAY0104421,O0099085,2025-12-30T05:51:21Z,late_delivery,376.79
R007841,PAY0104422,O0099086,2023-09-30T07:53:33Z,damaged,201.40
R007842,PAY0104437,O0099100,2023-10-31T02:37:14Z,customer_return,455.30
R007843,PAY0104441,O0099104,2025-03-21T04:02:06Z,duplicate,580.25
R007844,PAY0104444,O0099107,2023-12-19T10:58:37Z,late_delivery,85.90
R007845,PAY0104466,O0099125,2023-09-13T14:01:47Z,late_delivery,181.91
R007846,PAY0104473,O0099131,2025-07-15T03:17:29Z,late_delivery,38.47
R007847,PAY0104476,O0099134,2024-11-12T17:57:11Z,customer_return,279.90
R007848,PAY0104483,O0099141,2024-04-12T15:59:14Z,damaged,263.65
R007849,PAY0104486,O0099144,2024-03-07T01:10:21Z,duplicate,539.43
R007850,PAY0104492,O0099150,2023-08-27T22:38:05Z,customer_return,923.05
R007851,PAY0104496,O0099153,2025-02-17T17:37:21Z,damaged,638.01
R007852,PAY0104513,O0099169,2024-01-16T23:13:06Z,late_delivery,24.06
R007853,PAY0104537,O0099193,2024-05-02T09:29:39Z,customer_return,168.82
R007854,PAY0104549,O0099205,2023-12-29T21:30:43Z,duplicate,371.55
R007855,PAY0104572,O0099227,2025-06-15T00:15:53Z,customer_return,57.26
R007856,PAY0104575,O0099230,2024-09-22T04:51:12Z,customer_return,429.07
R007857,PAY0104588,O0099240,2023-12-20T18:51:26Z,damaged,60.00
R007858,PAY0104593,O0099245,2025-12-31T22:31:51Z,damaged,349.10
R007859,PAY0104597,O0099249,2025-01-18T06:06:56Z,customer_return,384.21
R007860,PAY0104657,O0099306,2025-12-20T08:14:29Z,customer_return,78.58
R007861,PAY0104695,O0099343,2023-02-20T00:57:25Z,customer_return,339.10
R007862,PAY0104703,O0099351,2023-07-20T15:40:12Z,duplicate,268.92
R007863,PAY0104714,O0099361,2024-04-18T01:27:08Z,duplicate,95.35
R007864,PAY0104723,O0099370,2025-05-08T10:33:08Z,duplicate,2329.84
R007865,PAY0104766,O0099409,2024-10-20T15:38:46Z,customer_return,349.55
R007866,PAY0104772,O0099415,2023-08-15T03:40:50Z,damaged,9.45
R007867,PAY0104778,O0099421,2024-02-10T16:41:58Z,damaged,428.69
R007868,PAY0104789,O0099432,2025-12-31T19:20:38Z,damaged,107.69
R007869,PAY0104794,O0099437,2025-08-18T19:14:13Z,duplicate,573.74
R007870,PAY0104816,O0099456,2025-02-09T21:02:18Z,customer_return,87.04
R007871,PAY0104826,O0099465,2025-12-21T19:18:34Z,customer_return,394.61
R007872,PAY0104852,O0099491,2024-05-05T04:37:49Z,customer_return,355.26
R007873,PAY0104875,O0099514,2023-01-14T09:30:09Z,customer_return,579.20
R007874,PAY0104889,O0099527,2025-06-05T11:45:23Z,customer_return,478.56
R007875,PAY0104912,O0099550,2023-07-24T20:38:06Z,customer_return,1009.00
R007876,PAY0104921,O0099558,2024-10-08T00:23:33Z,customer_return,596.04
R007877,PAY0104926,O0099563,2024-11-27T12:57:33Z,late_delivery,34.24
R007878,PAY0104942,O0099578,2023-11-03T22:23:46Z,damaged,252.09
R007879,PAY0104951,O0099587,2023-12-07T06:42:03Z,duplicate,96.62
R007880,PAY0104973,O0099608,2025-06-05T00:58:40Z,late_delivery,1051.47
R007881,PAY0104978,O0099613,2025-05-31T04:16:32Z,damaged,46.81
R007882,PAY0104982,O0099617,2023-11-06T01:25:54Z,late_delivery,1135.51
R007883,PAY0105002,O0099637,2024-09-11T15:53:48Z,damaged,27.07
R007884,PAY0105010,O0099644,2023-06-18T10:54:35Z,late_delivery,1026.12
R007885,PAY0105013,O0099647,2025-02-14T04:56:57Z,damaged,225.31
R007886,PAY0105019,O0099653,2025-06-11T10:55:17Z,late_delivery,79.61
R007887,PAY0105038,O0099670,2025-11-27T15:45:04Z,damaged,356.23
R007888,PAY0105041,O0099673,2025-10-01T00:30:45Z,duplicate,201.85
R007889,PAY0105061,O0099691,2023-09-06T10:09:30Z,customer_return,733.99
R007890,PAY0105067,O0099696,2025-01-24T23:37:02Z,customer_return,886.69
R007891,PAY0105087,O0099716,2023-08-09T23:22:42Z,late_delivery,1693.31
R007892,PAY0105089,O0099718,2024-11-19T09:21:18Z,customer_return,53.25
R007893,PAY0105145,O0099770,2025-05-24T04:55:41Z,damaged,411.79
R007894,PAY0105146,O0099771,2024-01-23T16:07:23Z,damaged,1121.41
R007895,PAY0105151,O0099776,2025-02-20T10:31:51Z,customer_return,420.29
R007896,PAY0105161,O0099786,2024-05-05T09:24:25Z,duplicate,1035.75
R007897,PAY0105162,O0099787,2023-08-08T13:33:09Z,damaged,365.32
R007898,PAY0105184,O0099806,2024-07-05T18:31:37Z,damaged,407.04
R007899,PAY0105201,O0099823,2025-10-28T15:38:09Z,duplicate,752.18
R007900,PAY0105208,O0099829,2023-04-10T00:34:05Z,customer_return,229.32
R007901,PAY0105222,O0099843,2024-05-21T20:01:38Z,late_delivery,47.18
R007902,PAY0105223,O0099844,2023-05-04T04:27:47Z,late_delivery,326.44
R007903,PAY0105259,O0099879,2025-10-22T16:07:52Z,late_delivery,777.07
R007904,PAY0105268,O0099888,2025-04-10T06:57:28Z,customer_return,446.42
R007905,PAY0105294,O0099910,2023-05-11T06:00:24Z,damaged,142.97
R007906,PAY0105323,O0099937,2025-03-18T22:47:45Z,late_delivery,406.87
R007907,PAY0105334,O0099948,2025-07-10T09:10:12Z,duplicate,2517.59
R007908,PAY0105337,O0099951,2023-10-19T09:32:11Z,late_delivery,660.80
R007909,PAY0105356,O0099970,2024-12-28T06:50:09Z,late_delivery,122.08
R007910,PAY0105362,O0099976,2023-12-21T10:00:13Z,damaged,387.88
